datetime_hour,actual,predicted,error,abs_error,iteration
2024-01-12 05:00:00,90.94,116.08737,25.147371826171877,25.147371826171877,1
2024-01-12 06:00:00,118.47,125.03087,6.560868530273439,6.560868530273439,1
2024-01-12 07:00:00,140.74,130.8752,-9.864801635742197,9.864801635742197,1
2024-01-12 08:00:00,134.96,129.43752,-5.5224847412109455,5.5224847412109455,1
2024-01-12 09:00:00,122.01,125.20106,3.191057434082026,3.191057434082026,1
2024-01-12 10:00:00,114.73,119.447266,4.717265624999996,4.717265624999996,1
2024-01-12 11:00:00,106.98,114.76178,7.781779785156246,7.781779785156246,1
2024-01-12 12:00:00,103.08,112.9536,9.87359802246094,9.87359802246094,1
2024-01-12 13:00:00,104.54,114.62456,10.084557495117181,10.084557495117181,1
2024-01-12 14:00:00,110.0,120.78919,10.789192199707031,10.789192199707031,1
2024-01-12 15:00:00,120.0,127.34828,7.3482818603515625,7.3482818603515625,1
2024-01-12 16:00:00,127.5,134.86998,7.3699798583984375,7.3699798583984375,1
2024-01-12 17:00:00,126.0,141.21829,15.218292236328125,15.218292236328125,1
2024-01-12 18:00:00,119.47,143.14572,23.675721435546876,23.675721435546876,1
2024-01-12 19:00:00,110.0,139.96198,29.96197509765625,29.96197509765625,1
2024-01-12 20:00:00,102.26,130.67982,28.419824829101557,28.419824829101557,1
2024-01-12 21:00:00,98.0,123.71779,25.717788696289062,25.717788696289062,1
2024-01-12 22:00:00,95.49,119.3041,23.8141000366211,23.8141000366211,1
2024-01-12 23:00:00,90.0,114.00638,24.006378173828125,24.006378173828125,1
2024-01-13 00:00:00,87.48,110.42008,22.940082092285152,22.940082092285152,1
2024-01-13 01:00:00,82.0,104.77931,22.779312133789062,22.779312133789062,1
2024-01-13 02:00:00,78.47,101.52809,23.058091430664064,23.058091430664064,1
2024-01-13 03:00:00,75.0,100.95165,25.95165252685547,25.95165252685547,1
2024-01-13 05:00:00,78.3,105.57593,27.275927734375003,27.275927734375003,1
2024-01-13 06:00:00,85.59,118.060455,32.47045532226562,32.47045532226562,2
2024-01-13 07:00:00,92.71,121.00042,28.290419616699225,28.290419616699225,2
2024-01-13 08:00:00,94.83,122.23919,27.40918914794922,27.40918914794922,2
2024-01-13 09:00:00,90.93,120.28578,29.355781860351556,29.355781860351556,2
2024-01-13 10:00:00,88.4,118.975204,30.575204467773432,30.575204467773432,2
2024-01-13 11:00:00,73.96,117.28807,43.328070678710944,43.328070678710944,2
2024-01-13 12:00:00,71.45,116.51026,45.06026153564453,45.06026153564453,2
2024-01-13 13:00:00,74.51,117.01461,42.50461029052734,42.50461029052734,2
2024-01-13 14:00:00,80.4,119.47813,39.0781265258789,39.0781265258789,2
2024-01-13 15:00:00,91.23,124.41806,33.18806030273437,33.18806030273437,2
2024-01-13 16:00:00,99.3,127.741295,28.441294860839847,28.441294860839847,2
2024-01-13 17:00:00,107.99,130.48386,22.49385620117188,22.49385620117188,2
2024-01-13 18:00:00,103.14,132.39444,29.254439697265624,29.254439697265624,2
2024-01-13 19:00:00,100.0,132.34302,32.343017578125,32.343017578125,2
2024-01-13 20:00:00,96.63,131.43823,34.808232421875005,34.808232421875005,2
2024-01-13 21:00:00,93.12,127.77712,34.65712249755859,34.65712249755859,2
2024-01-13 22:00:00,90.0,124.53343,34.53343200683594,34.53343200683594,2
2024-01-13 23:00:00,86.1,121.1641,35.06410064697266,35.06410064697266,2
2024-01-14 00:00:00,82.78,115.92025,33.14024993896484,33.14024993896484,2
2024-01-14 01:00:00,78.66,111.96878,33.30878051757813,33.30878051757813,2
2024-01-14 02:00:00,72.53,107.34747,34.81747314453125,34.81747314453125,2
2024-01-14 03:00:00,70.7,105.0498,34.349797058105466,34.349797058105466,2
2024-01-14 04:00:00,73.13,104.714806,31.58480560302735,31.58480560302735,2
2024-01-14 05:00:00,69.71,107.11569,37.40569213867188,37.40569213867188,2
2024-01-14 06:00:00,74.4,112.97984,38.57984313964843,38.57984313964843,3
2024-01-14 07:00:00,77.9,112.895775,34.99577484130859,34.99577484130859,3
2024-01-14 08:00:00,86.81,111.405426,24.595426025390623,24.595426025390623,3
2024-01-14 09:00:00,88.77,108.60999,19.839992980957035,19.839992980957035,3
2024-01-14 10:00:00,89.77,106.70095,16.930950622558598,16.930950622558598,3
2024-01-14 11:00:00,84.7,104.7003,20.000302124023435,20.000302124023435,3
2024-01-14 12:00:00,77.04,105.28261,28.242608032226556,28.242608032226556,3
2024-01-14 13:00:00,79.15,107.97279,28.822793579101557,28.822793579101557,3
2024-01-14 14:00:00,82.32,113.16395,30.843948059082038,30.843948059082038,3
2024-01-14 15:00:00,86.62,121.30047,34.680468444824214,34.680468444824214,3
2024-01-14 16:00:00,91.86,127.67212,35.812119140625,35.812119140625,3
2024-01-14 17:00:00,99.94,131.18599,31.245989379882815,31.245989379882815,3
2024-01-14 18:00:00,92.01,131.055,39.044992675781245,39.044992675781245,3
2024-01-14 19:00:00,86.03,127.87731,41.84731170654297,41.84731170654297,3
2024-01-14 20:00:00,84.49,124.92609,40.436086425781255,40.436086425781255,3
2024-01-14 21:00:00,82.97,120.55266,37.58265808105469,37.58265808105469,3
2024-01-14 22:00:00,72.52,116.526306,44.006306152343754,44.006306152343754,3
2024-01-14 23:00:00,77.7,112.43828,34.738278198242185,34.738278198242185,3
2024-01-15 00:00:00,72.07,106.1367,34.066703491210944,34.066703491210944,3
2024-01-15 01:00:00,66.82,101.5726,34.75260131835938,34.75260131835938,3
2024-01-15 02:00:00,62.04,98.75501,36.71501251220703,36.71501251220703,3
2024-01-15 03:00:00,62.1,100.15542,38.05541839599609,38.05541839599609,3
2024-01-15 04:00:00,69.46,104.31305,34.853049316406256,34.853049316406256,3
2024-01-15 05:00:00,81.1,108.44963,27.349630737304693,27.349630737304693,3
2024-01-15 06:00:00,86.74,127.6868,40.94679809570313,40.94679809570313,4
2024-01-15 07:00:00,99.52,127.84709,28.32709167480469,28.32709167480469,4
2024-01-15 08:00:00,100.33,122.48107,22.15107147216797,22.15107147216797,4
2024-01-15 09:00:00,94.92,114.67541,19.755407409667967,19.755407409667967,4
2024-01-15 10:00:00,90.3,108.05881,17.758807373046878,17.758807373046878,4
2024-01-15 11:00:00,85.7,101.883446,16.18344573974609,16.18344573974609,4
2024-01-15 12:00:00,82.41,98.694954,16.284953918457035,16.284953918457035,4
2024-01-15 13:00:00,84.99,99.067986,14.077985534667974,14.077985534667974,4
2024-01-15 14:00:00,90.1,106.11872,16.018721008300787,16.018721008300787,4
2024-01-15 15:00:00,98.03,120.62318,22.59317657470703,22.59317657470703,4
2024-01-15 16:00:00,106.7,134.42781,27.72781066894531,27.72781066894531,4
2024-01-15 17:00:00,112.85,142.27138,29.421377563476568,29.421377563476568,4
2024-01-15 18:00:00,113.9,141.83005,27.93004760742187,27.93004760742187,4
2024-01-15 19:00:00,107.58,134.48978,26.909776611328127,26.909776611328127,4
2024-01-15 20:00:00,100.0,125.48173,25.481727600097656,25.481727600097656,4
2024-01-15 21:00:00,97.21,115.97328,18.76328186035157,18.76328186035157,4
2024-01-15 22:00:00,91.0,109.39819,18.398193359375,18.398193359375,4
2024-01-15 23:00:00,86.59,104.83356,18.243557128906247,18.243557128906247,4
2024-01-16 00:00:00,83.33,97.35578,14.025781555175783,14.025781555175783,4
2024-01-16 01:00:00,80.94,91.44503,10.505030212402346,10.505030212402346,4
2024-01-16 02:00:00,78.65,89.21901,10.569009399414057,10.569009399414057,4
2024-01-16 03:00:00,78.35,95.04432,16.694319152832037,16.694319152832037,4
2024-01-16 04:00:00,84.96,106.67652,21.716521301269538,21.716521301269538,4
2024-01-16 05:00:00,96.1,117.5131,21.413099670410162,21.413099670410162,4
2024-01-16 06:00:00,117.0,143.64682,26.646820068359375,26.646820068359375,5
2024-01-16 07:00:00,144.11,145.49373,1.3837286376952989,1.3837286376952989,5
2024-01-16 08:00:00,138.6,140.53871,1.9387115478515682,1.9387115478515682,5
2024-01-16 09:00:00,122.0,131.4535,9.453506469726562,9.453506469726562,5
2024-01-16 10:00:00,110.0,123.697754,13.69775390625,13.69775390625,5
2024-01-16 11:00:00,102.62,117.098175,14.47817504882812,14.47817504882812,5
2024-01-16 12:00:00,95.47,114.37318,18.903176574707032,18.903176574707032,5
2024-01-16 13:00:00,100.95,115.01362,14.063618469238278,14.063618469238278,5
2024-01-16 14:00:00,111.85,122.63634,10.786337280273443,10.786337280273443,5
2024-01-16 15:00:00,113.56,136.70583,23.14582580566406,23.14582580566406,5
2024-01-16 16:00:00,129.34,148.0909,18.75089660644531,18.75089660644531,5
2024-01-16 17:00:00,129.98,152.39462,22.414622802734385,22.414622802734385,5
2024-01-16 18:00:00,116.92,148.69313,31.77313049316406,31.77313049316406,5
2024-01-16 19:00:00,99.78,139.22105,39.441054077148436,39.441054077148436,5
2024-01-16 20:00:00,88.75,128.46971,39.71971130371094,39.71971130371094,5
2024-01-16 21:00:00,83.49,116.829865,33.33986450195313,33.33986450195313,5
2024-01-16 22:00:00,79.87,108.89407,29.02407348632812,29.02407348632812,5
2024-01-16 23:00:00,72.79,103.69679,30.906792602539056,30.906792602539056,5
2024-01-17 00:00:00,72.33,96.649635,24.319635314941408,24.319635314941408,5
2024-01-17 01:00:00,71.02,91.52254,20.502537231445316,20.502537231445316,5
2024-01-17 02:00:00,70.07,89.85533,19.785331420898444,19.785331420898444,5
2024-01-17 03:00:00,69.9,96.38964,26.489640808105463,26.489640808105463,5
2024-01-17 04:00:00,72.67,108.20036,35.530363159179686,35.530363159179686,5
2024-01-17 05:00:00,77.67,120.573006,42.90300567626953,42.90300567626953,5
2024-01-17 06:00:00,87.0,125.22781,38.227813720703125,38.227813720703125,6
2024-01-17 07:00:00,97.72,127.65817,29.938172607421876,29.938172607421876,6
2024-01-17 08:00:00,106.24,124.787476,18.547475585937505,18.547475585937505,6
2024-01-17 09:00:00,110.33,118.66441,8.33441345214844,8.33441345214844,6
2024-01-17 10:00:00,111.1,113.552025,2.4520248413085994,2.4520248413085994,6
2024-01-17 11:00:00,90.12,109.193275,19.07327545166015,19.07327545166015,6
2024-01-17 12:00:00,83.05,107.512764,24.462763977050784,24.462763977050784,6
2024-01-17 13:00:00,85.38,108.21678,22.836781616210942,22.836781616210942,6
2024-01-17 14:00:00,70.98,113.862755,42.88275482177734,42.88275482177734,6
2024-01-17 15:00:00,70.45,123.83762,53.3876235961914,53.3876235961914,6
2024-01-17 16:00:00,79.72,130.37198,50.651978759765626,50.651978759765626,6
2024-01-17 17:00:00,105.49,131.12772,25.63771606445313,25.63771606445313,6
2024-01-17 18:00:00,107.73,125.99271,18.26270629882812,18.26270629882812,6
2024-01-17 19:00:00,93.82,117.81573,23.995727233886726,23.995727233886726,6
2024-01-17 20:00:00,83.96,109.08251,25.122511901855475,25.122511901855475,6
2024-01-17 21:00:00,79.25,100.40942,21.15941619873047,21.15941619873047,6
2024-01-17 22:00:00,76.92,93.55988,16.63988311767578,16.63988311767578,6
2024-01-17 23:00:00,71.3,88.80741,17.50741119384766,17.50741119384766,6
2024-01-18 00:00:00,75.71,83.85908,8.149077453613288,8.149077453613288,6
2024-01-18 01:00:00,70.54,80.10983,9.569832763671869,9.569832763671869,6
2024-01-18 02:00:00,68.71,79.81582,11.1058187866211,11.1058187866211,6
2024-01-18 03:00:00,63.81,84.809166,20.99916595458984,20.99916595458984,6
2024-01-18 04:00:00,65.73,93.28103,27.55102874755859,27.55102874755859,6
2024-01-18 05:00:00,73.05,102.46196,29.41195983886719,29.41195983886719,6
2024-01-18 06:00:00,88.34,114.55298,26.212978515624997,26.212978515624997,7
2024-01-18 07:00:00,97.64,117.169685,19.52968536376953,19.52968536376953,7
2024-01-18 08:00:00,100.57,116.28994,15.7199398803711,15.7199398803711,7
2024-01-18 09:00:00,106.54,112.74735,6.20735260009765,6.20735260009765,7
2024-01-18 10:00:00,100.85,109.20414,8.354139709472662,8.354139709472662,7
2024-01-18 11:00:00,92.5,106.13524,13.635238647460938,13.635238647460938,7
2024-01-18 12:00:00,84.28,104.86359,20.58358642578125,20.58358642578125,7
2024-01-18 13:00:00,87.43,105.84892,18.41892272949218,18.41892272949218,7
2024-01-18 14:00:00,92.41,110.129456,17.719455566406253,17.719455566406253,7
2024-01-18 15:00:00,90.77,117.51354,26.743542175292973,26.743542175292973,7
2024-01-18 16:00:00,96.02,122.83689,26.81689117431641,26.81689117431641,7
2024-01-18 17:00:00,103.71,124.81376,21.103758850097663,21.103758850097663,7
2024-01-18 18:00:00,99.6,123.13609,23.536093139648443,23.536093139648443,7
2024-01-18 19:00:00,91.76,118.94137,27.18136810302734,27.18136810302734,7
2024-01-18 20:00:00,83.23,113.77474,30.54474212646484,30.54474212646484,7
2024-01-18 21:00:00,83.16,107.62266,24.46265777587891,24.46265777587891,7
2024-01-18 22:00:00,73.61,102.74801,29.138008728027344,29.138008728027344,7
2024-01-18 23:00:00,71.82,99.49194,27.671943359375007,27.671943359375007,7
2024-01-19 00:00:00,67.44,95.3024,27.862398681640627,27.862398681640627,7
2024-01-19 01:00:00,67.17,92.37067,25.20066650390625,25.20066650390625,7
2024-01-19 02:00:00,62.76,90.75494,27.99493621826172,27.99493621826172,7
2024-01-19 03:00:00,63.32,93.07732,29.757316284179687,29.757316284179687,7
2024-01-19 04:00:00,67.71,98.445984,30.735983886718756,30.735983886718756,7
2024-01-19 05:00:00,79.18,104.426155,25.246155090332024,25.246155090332024,7
2024-01-19 06:00:00,88.15,107.87921,19.729211425781244,19.729211425781244,8
2024-01-19 07:00:00,104.27,112.45372,8.183720092773441,8.183720092773441,8
2024-01-19 08:00:00,108.3,114.47831,6.178309631347659,6.178309631347659,8
2024-01-19 09:00:00,100.51,112.9034,12.393396606445307,12.393396606445307,8
2024-01-19 10:00:00,88.0,110.44477,22.44477081298828,22.44477081298828,8
2024-01-19 11:00:00,80.12,106.932556,26.812556152343745,26.812556152343745,8
2024-01-19 12:00:00,73.41,104.243546,30.833545532226566,30.833545532226566,8
2024-01-19 13:00:00,75.27,103.689,28.41900299072266,28.41900299072266,8
2024-01-19 14:00:00,80.53,106.73826,26.208258361816405,26.208258361816405,8
2024-01-19 15:00:00,85.84,113.93101,28.091007385253903,28.091007385253903,8
2024-01-19 16:00:00,94.42,120.21411,25.794111328125,25.794111328125,8
2024-01-19 17:00:00,95.62,124.09373,28.4737271118164,28.4737271118164,8
2024-01-19 18:00:00,93.52,124.743675,31.223675231933598,31.223675231933598,8
2024-01-19 19:00:00,82.88,122.31794,39.437939758300786,39.437939758300786,8
2024-01-19 20:00:00,80.5,117.83093,37.3309326171875,37.3309326171875,8
2024-01-19 21:00:00,82.03,111.21554,29.185538024902343,29.185538024902343,8
2024-01-19 22:00:00,75.28,105.88586,30.605856628417968,30.605856628417968,8
2024-01-19 23:00:00,78.97,102.07806,23.10805633544922,23.10805633544922,8
2024-01-20 00:00:00,66.79,97.00236,30.21235748291015,30.21235748291015,8
2024-01-20 01:00:00,70.58,92.87311,22.29310791015625,22.29310791015625,8
2024-01-20 02:00:00,66.09,88.91841,22.82841125488281,22.82841125488281,8
2024-01-20 03:00:00,63.68,88.12652,24.44651824951172,24.44651824951172,8
2024-01-20 04:00:00,66.1,90.22839,24.128393554687506,24.128393554687506,8
2024-01-20 05:00:00,70.3,94.68935,24.389346313476565,24.389346313476565,8
2024-01-20 06:00:00,75.93,101.51429,25.584289855957024,25.584289855957024,9
2024-01-20 07:00:00,84.09,106.14884,22.058841857910153,22.058841857910153,9
2024-01-20 08:00:00,88.31,107.57473,19.26472991943359,19.26472991943359,9
2024-01-20 09:00:00,82.85,105.26399,22.413992309570318,22.413992309570318,9
2024-01-20 10:00:00,76.64,102.54647,25.906470642089843,25.906470642089843,9
2024-01-20 11:00:00,74.65,99.58514,24.935136413574213,24.935136413574213,9
2024-01-20 12:00:00,69.84,97.854065,28.014064941406247,28.014064941406247,9
2024-01-20 13:00:00,73.41,97.559006,24.14900573730469,24.14900573730469,9
2024-01-20 14:00:00,79.21,100.019455,20.809454956054694,20.809454956054694,9
2024-01-20 15:00:00,87.97,105.49546,17.525460510253907,17.525460510253907,9
2024-01-20 16:00:00,95.07,109.87031,14.800307922363288,14.800307922363288,9
2024-01-20 17:00:00,99.94,111.94687,12.006868896484377,12.006868896484377,9
2024-01-20 18:00:00,91.75,110.93565,19.185653686523438,19.185653686523438,9
2024-01-20 19:00:00,83.93,107.57537,23.645370788574212,23.645370788574212,9
2024-01-20 20:00:00,75.8,102.05849,26.258486938476565,26.258486938476565,9
2024-01-20 21:00:00,77.88,95.58088,17.700879211425786,17.700879211425786,9
2024-01-20 22:00:00,69.13,89.23272,20.102719421386723,20.102719421386723,9
2024-01-20 23:00:00,69.07,84.67426,15.604263000488288,15.604263000488288,9
2024-01-21 00:00:00,57.88,79.98715,22.107152099609372,22.107152099609372,9
2024-01-21 01:00:00,55.15,75.313225,20.16322479248047,20.16322479248047,9
2024-01-21 02:00:00,50.89,71.75231,20.862311706542968,20.862311706542968,9
2024-01-21 03:00:00,48.91,71.127914,22.21791442871094,22.21791442871094,9
2024-01-21 04:00:00,48.51,73.83449,25.324487915039064,25.324487915039064,9
2024-01-21 05:00:00,46.81,79.39072,32.58071655273437,32.58071655273437,9
2024-01-21 06:00:00,48.52,78.68414,30.164143066406247,30.164143066406247,10
2024-01-21 07:00:00,54.23,79.923195,25.69319488525391,25.69319488525391,10
2024-01-21 08:00:00,59.0,80.41352,21.41352081298828,21.41352081298828,10
2024-01-21 09:00:00,58.64,81.5649,22.924903259277343,22.924903259277343,10
2024-01-21 10:00:00,56.8,84.057365,27.25736541748047,27.25736541748047,10
2024-01-21 11:00:00,56.36,85.43761,29.077606811523438,29.077606811523438,10
2024-01-21 12:00:00,47.42,89.23638,41.81638153076172,41.81638153076172,10
2024-01-21 13:00:00,52.67,92.46827,39.79826934814453,39.79826934814453,10
2024-01-21 14:00:00,53.75,96.633606,42.88360595703125,42.88360595703125,10
2024-01-21 15:00:00,56.89,101.514885,44.62488494873047,44.62488494873047,10
2024-01-21 16:00:00,64.89,104.788445,39.89844451904297,39.89844451904297,10
2024-01-21 17:00:00,77.19,104.596245,27.40624481201172,27.40624481201172,10
2024-01-21 18:00:00,78.7,98.892235,20.19223480224609,20.19223480224609,10
2024-01-21 19:00:00,73.91,89.94017,16.03017028808594,16.03017028808594,10
2024-01-21 20:00:00,56.44,79.95701,23.51700836181641,23.51700836181641,10
2024-01-21 21:00:00,63.75,71.63686,7.886863708496094,7.886863708496094,10
2024-01-21 22:00:00,57.39,61.510044,4.12004409790039,4.12004409790039,10
2024-01-21 23:00:00,40.66,53.804657,13.144656982421878,13.144656982421878,10
2024-01-22 00:00:00,33.09,47.397545,14.30754486083984,14.30754486083984,10
2024-01-22 01:00:00,28.34,41.359264,13.019264373779297,13.019264373779297,10
2024-01-22 02:00:00,15.08,41.79386,26.713861389160158,26.713861389160158,10
2024-01-22 03:00:00,13.34,46.87606,33.53606048583984,33.53606048583984,10
2024-01-22 04:00:00,25.31,56.798336,31.488336029052736,31.488336029052736,10
2024-01-22 05:00:00,49.01,66.37391,17.363908996582033,17.363908996582033,10
2024-01-22 06:00:00,69.99,94.328316,24.338315734863286,24.338315734863286,11
2024-01-22 07:00:00,85.22,93.681335,8.461335449218751,8.461335449218751,11
2024-01-22 08:00:00,86.66,90.17668,3.516681518554691,3.516681518554691,11
2024-01-22 09:00:00,71.08,86.98831,15.908311767578127,15.908311767578127,11
2024-01-22 10:00:00,61.99,85.245,23.25500274658203,23.25500274658203,11
2024-01-22 11:00:00,57.67,83.79702,26.127019958496092,26.127019958496092,11
2024-01-22 12:00:00,58.48,85.76548,27.28548004150391,27.28548004150391,11
2024-01-22 13:00:00,61.06,90.05576,28.995763244628904,28.995763244628904,11
2024-01-22 14:00:00,62.99,98.587944,35.59794403076172,35.59794403076172,11
2024-01-22 15:00:00,66.07,110.25689,44.186889343261726,44.186889343261726,11
2024-01-22 16:00:00,79.09,118.11563,39.02563110351562,39.02563110351562,11
2024-01-22 17:00:00,89.87,119.05293,29.182932739257808,29.182932739257808,11
2024-01-22 18:00:00,81.79,112.95171,31.161713562011712,31.161713562011712,11
2024-01-22 19:00:00,70.09,103.92545,33.83545318603515,33.83545318603515,11
2024-01-22 20:00:00,60.87,96.00171,35.131708984375,35.131708984375,11
2024-01-22 21:00:00,58.76,89.644875,30.88487457275391,30.88487457275391,11
2024-01-22 22:00:00,52.55,82.880325,30.330325317382815,30.330325317382815,11
2024-01-22 23:00:00,20.45,77.680725,57.23072509765625,57.23072509765625,11
2024-01-23 00:00:00,15.33,71.62647,56.29647247314453,56.29647247314453,11
2024-01-23 01:00:00,14.55,66.86494,52.314936828613284,52.314936828613284,11
2024-01-23 02:00:00,9.66,68.57833,58.91833099365235,58.91833099365235,11
2024-01-23 03:00:00,15.14,76.72152,61.58151947021484,61.58151947021484,11
2024-01-23 04:00:00,42.16,88.55222,46.39222320556641,46.39222320556641,11
2024-01-23 05:00:00,65.55,97.81353,32.26352996826172,32.26352996826172,11
2024-01-23 06:00:00,83.14,113.39191,30.25190673828125,30.25190673828125,12
2024-01-23 07:00:00,86.5,112.50478,26.004783630371094,26.004783630371094,12
2024-01-23 08:00:00,83.36,107.213455,23.853455200195313,23.853455200195313,12
2024-01-23 09:00:00,81.0,101.30099,20.300987243652344,20.300987243652344,12
2024-01-23 10:00:00,66.65,97.5519,30.901902770996088,30.901902770996088,12
2024-01-23 11:00:00,61.91,95.44357,33.53357299804688,33.53357299804688,12
2024-01-23 12:00:00,61.03,97.21403,36.184027404785155,36.184027404785155,12
2024-01-23 13:00:00,65.61,101.56761,35.95761169433594,35.95761169433594,12
2024-01-23 14:00:00,71.96,109.19276,37.23275665283204,37.23275665283204,12
2024-01-23 15:00:00,66.62,118.413826,51.79382598876953,51.79382598876953,12
2024-01-23 16:00:00,81.21,123.62904,42.41904357910157,42.41904357910157,12
2024-01-23 17:00:00,85.89,122.154816,36.264815673828124,36.264815673828124,12
2024-01-23 18:00:00,77.18,114.487335,37.30733520507812,37.30733520507812,12
2024-01-23 19:00:00,66.64,104.8956,38.255599365234374,38.255599365234374,12
2024-01-23 20:00:00,59.66,96.138855,36.47885498046875,36.47885498046875,12
2024-01-23 21:00:00,49.92,89.281235,39.361234741210936,39.361234741210936,12
2024-01-23 22:00:00,36.49,82.11103,45.62103057861328,45.62103057861328,12
2024-01-23 23:00:00,10.74,75.698364,64.9583642578125,64.9583642578125,12
2024-01-24 00:00:00,8.35,68.85386,60.503858947753905,60.503858947753905,12
2024-01-24 01:00:00,6.69,63.26175,56.57174926757813,56.57174926757813,12
2024-01-24 02:00:00,2.27,63.714603,61.44460342407226,61.44460342407226,12
2024-01-24 03:00:00,0.2,71.03896,70.83896331787109,70.83896331787109,12
2024-01-24 04:00:00,5.43,83.16613,77.73613006591796,77.73613006591796,12
2024-01-24 05:00:00,24.52,93.51418,68.9941830444336,68.9941830444336,12
2024-01-24 06:00:00,55.41,103.38851,47.97851165771485,47.97851165771485,13
2024-01-24 07:00:00,67.58,103.59412,36.0141162109375,36.0141162109375,13
2024-01-24 08:00:00,65.89,100.67149,34.78149353027344,34.78149353027344,13
2024-01-24 09:00:00,59.84,96.78323,36.94323364257812,36.94323364257812,13
2024-01-24 10:00:00,56.65,93.85241,37.20240936279297,37.20240936279297,13
2024-01-24 11:00:00,47.21,91.39687,44.18687347412109,44.18687347412109,13
2024-01-24 12:00:00,44.3,92.028786,47.72878570556641,47.72878570556641,13
2024-01-24 13:00:00,51.63,95.068924,43.43892395019531,43.43892395019531,13
2024-01-24 14:00:00,60.5,101.65051,41.1505126953125,41.1505126953125,13
2024-01-24 15:00:00,64.0,111.847565,47.847564697265625,47.847564697265625,13
2024-01-24 16:00:00,71.09,120.052536,48.962536010742184,48.962536010742184,13
2024-01-24 17:00:00,83.14,123.26684,40.12683807373047,40.12683807373047,13
2024-01-24 18:00:00,83.46,120.25812,36.798117675781256,36.798117675781256,13
2024-01-24 19:00:00,77.81,113.18064,35.370641174316404,35.370641174316404,13
2024-01-24 20:00:00,68.8,105.92101,37.12101287841797,37.12101287841797,13
2024-01-24 21:00:00,70.88,99.251656,28.371655578613286,28.371655578613286,13
2024-01-24 22:00:00,73.14,93.34626,20.20626007080078,20.20626007080078,13
2024-01-24 23:00:00,62.78,89.00132,26.221319885253905,26.221319885253905,13
2024-01-25 00:00:00,59.64,83.31848,23.6784814453125,23.6784814453125,13
2024-01-25 01:00:00,60.0,78.42712,18.42711639404297,18.42711639404297,13
2024-01-25 02:00:00,55.36,76.68246,21.322456970214844,21.322456970214844,13
2024-01-25 03:00:00,57.26,80.249954,22.989954223632814,22.989954223632814,13
2024-01-25 04:00:00,63.29,87.90402,24.614022216796876,24.614022216796876,13
2024-01-25 05:00:00,72.45,95.3021,22.852101135253903,22.852101135253903,13
2024-01-25 06:00:00,83.5,94.01819,10.5181884765625,10.5181884765625,14
2024-01-25 07:00:00,95.53,96.78453,1.2545306396484364,1.2545306396484364,14
2024-01-25 08:00:00,89.84,97.18381,7.343807373046872,7.343807373046872,14
2024-01-25 09:00:00,83.95,95.2481,11.298100280761716,11.298100280761716,14
2024-01-25 10:00:00,78.66,93.124275,14.464275207519535,14.464275207519535,14
2024-01-25 11:00:00,74.95,91.23939,16.28938751220703,16.28938751220703,14
2024-01-25 12:00:00,69.76,91.73114,21.971140136718745,21.971140136718745,14
2024-01-25 13:00:00,66.17,93.55292,27.38291748046875,27.38291748046875,14
2024-01-25 14:00:00,61.85,97.11565,35.265646362304686,35.265646362304686,14
2024-01-25 15:00:00,67.67,102.88466,35.21465881347656,35.21465881347656,14
2024-01-25 16:00:00,75.59,107.59262,32.00262084960937,32.00262084960937,14
2024-01-25 17:00:00,94.72,110.2347,15.514703063964845,15.514703063964845,14
2024-01-25 18:00:00,96.11,109.218475,13.108475341796876,13.108475341796876,14
2024-01-25 19:00:00,79.83,105.07179,25.241792602539064,25.241792602539064,14
2024-01-25 20:00:00,72.14,99.212746,27.072745666503906,27.072745666503906,14
2024-01-25 21:00:00,71.39,92.927345,21.537345275878906,21.537345275878906,14
2024-01-25 22:00:00,67.34,86.29991,18.959911499023434,18.959911499023434,14
2024-01-25 23:00:00,62.8,81.64986,18.849856567382815,18.849856567382815,14
2024-01-26 00:00:00,62.0,76.85662,14.856620788574219,14.856620788574219,14
2024-01-26 01:00:00,58.49,72.279526,13.789525756835936,13.789525756835936,14
2024-01-26 02:00:00,52.99,69.592285,16.602285156249998,16.602285156249998,14
2024-01-26 03:00:00,39.82,70.03093,30.210929565429687,30.210929565429687,14
2024-01-26 04:00:00,50.3,74.26091,23.96091003417969,23.96091003417969,14
2024-01-26 05:00:00,61.53,80.3896,18.85960266113281,18.85960266113281,14
2024-01-26 06:00:00,74.25,87.76567,13.515670776367188,13.515670776367188,15
2024-01-26 07:00:00,80.45,89.81352,9.363522338867185,9.363522338867185,15
2024-01-26 08:00:00,75.34,90.94411,15.604107055664059,15.604107055664059,15
2024-01-26 09:00:00,66.19,90.96053,24.770533142089846,24.770533142089846,15
2024-01-26 10:00:00,62.39,91.33382,28.943816528320312,28.943816528320312,15
2024-01-26 11:00:00,55.78,91.36038,35.580382080078124,35.580382080078124,15
2024-01-26 12:00:00,50.7,93.003235,42.30323486328125,42.30323486328125,15
2024-01-26 13:00:00,53.61,95.644295,42.03429473876953,42.03429473876953,15
2024-01-26 14:00:00,55.52,99.682335,44.16233489990234,44.16233489990234,15
2024-01-26 15:00:00,63.38,105.71493,42.33492767333984,42.33492767333984,15
2024-01-26 16:00:00,73.74,110.46443,36.72443176269532,36.72443176269532,15
2024-01-26 17:00:00,89.62,113.16496,23.544962768554683,23.544962768554683,15
2024-01-26 18:00:00,89.8,112.83395,23.033946228027347,23.033946228027347,15
2024-01-26 19:00:00,84.53,109.82736,25.297362060546874,25.297362060546874,15
2024-01-26 20:00:00,71.13,105.598694,34.468693847656255,34.468693847656255,15
2024-01-26 21:00:00,74.98,100.74437,25.764369506835934,25.764369506835934,15
2024-01-26 22:00:00,70.45,96.06831,25.61831359863281,25.61831359863281,15
2024-01-26 23:00:00,64.97,93.437355,28.467355041503907,28.467355041503907,15
2024-01-27 00:00:00,61.06,90.24333,29.183331909179685,29.183331909179685,15
2024-01-27 01:00:00,59.05,87.642456,28.592456054687503,28.592456054687503,15
2024-01-27 02:00:00,55.9,85.32597,29.42597351074219,29.42597351074219,15
2024-01-27 04:00:00,57.22,84.24252,27.022523193359376,27.022523193359376,15
2024-01-27 05:00:00,59.36,84.7639,25.403900756835938,25.403900756835938,15
2024-01-27 06:00:00,66.19,86.78141,20.59141021728516,20.59141021728516,15
2024-01-27 07:00:00,78.09,81.776,3.6860009765624966,3.6860009765624966,16
2024-01-27 08:00:00,75.7,84.61367,8.913670349121091,8.913670349121091,16
2024-01-27 09:00:00,64.6,86.91357,22.313566589355474,22.313566589355474,16
2024-01-27 10:00:00,57.6,87.55858,29.958578491210936,29.958578491210936,16
2024-01-27 11:00:00,55.84,88.25396,32.413959655761715,32.413959655761715,16
2024-01-27 12:00:00,53.88,87.90428,34.024281616210935,34.024281616210935,16
2024-01-27 13:00:00,59.75,88.70708,28.957077026367188,28.957077026367188,16
2024-01-27 14:00:00,72.63,89.59473,16.964726562500005,16.964726562500005,16
2024-01-27 15:00:00,72.17,91.819016,19.649015502929686,19.649015502929686,16
2024-01-27 16:00:00,74.43,96.46658,22.036583251953118,22.036583251953118,16
2024-01-27 17:00:00,95.97,100.78476,4.814759521484376,4.814759521484376,16
2024-01-27 18:00:00,92.51,104.081085,11.57108520507812,11.57108520507812,16
2024-01-27 19:00:00,84.47,105.02305,20.553048400878907,20.553048400878907,16
2024-01-27 20:00:00,76.36,103.738556,27.378555908203126,27.378555908203126,16
2024-01-27 21:00:00,75.97,100.74855,24.778550415039064,24.778550415039064,16
2024-01-27 22:00:00,72.7,96.69614,23.996136474609372,23.996136474609372,16
2024-01-27 23:00:00,66.77,91.2835,24.513500671386723,24.513500671386723,16
2024-01-28 00:00:00,58.2,87.35851,29.158512878417966,29.158512878417966,16
2024-01-28 01:00:00,52.9,83.13135,30.23134765625,30.23134765625,16
2024-01-28 02:00:00,47.21,78.8381,31.628096618652343,31.628096618652343,16
2024-01-28 03:00:00,44.0,74.84426,30.844261169433594,30.844261169433594,16
2024-01-28 04:00:00,43.2,71.73732,28.53731994628906,28.53731994628906,16
2024-01-28 05:00:00,47.05,70.381516,23.33151550292969,23.33151550292969,16
2024-01-28 06:00:00,51.4,72.14741,20.747407531738283,20.747407531738283,16
2024-01-28 07:00:00,55.29,82.57025,27.28025146484375,27.28025146484375,17
2024-01-28 08:00:00,55.8,81.65746,25.85746307373047,25.85746307373047,17
2024-01-28 09:00:00,52.29,80.022316,27.732315979003907,27.732315979003907,17
2024-01-28 10:00:00,47.53,79.66314,32.13313934326172,32.13313934326172,17
2024-01-28 11:00:00,42.49,80.748726,38.25872589111328,38.25872589111328,17
2024-01-28 12:00:00,40.53,82.11768,41.58768341064453,41.58768341064453,17
2024-01-28 13:00:00,40.09,85.89295,45.80295196533203,45.80295196533203,17
2024-01-28 14:00:00,38.03,90.38442,52.35442230224609,52.35442230224609,17
2024-01-28 15:00:00,43.12,95.6469,52.52689636230469,52.52689636230469,17
2024-01-28 16:00:00,60.8,101.45243,40.65243072509766,40.65243072509766,17
2024-01-28 17:00:00,73.34,104.997086,31.65708557128906,31.65708557128906,17
2024-01-28 18:00:00,71.55,105.9006,34.35059661865235,34.35059661865235,17
2024-01-28 19:00:00,69.87,103.035095,33.165095214843745,33.165095214843745,17
2024-01-28 20:00:00,58.86,97.89346,39.033463134765626,39.033463134765626,17
2024-01-28 21:00:00,60.34,93.08972,32.7497216796875,32.7497216796875,17
2024-01-28 22:00:00,56.0,89.84072,33.840721130371094,33.840721130371094,17
2024-01-28 23:00:00,49.97,85.755226,35.78522613525391,35.78522613525391,17
2024-01-29 00:00:00,47.26,83.313095,36.05309509277344,36.05309509277344,17
2024-01-29 01:00:00,48.12,80.94579,32.82579315185547,32.82579315185547,17
2024-01-29 02:00:00,47.97,79.57754,31.607537536621095,31.607537536621095,17
2024-01-29 03:00:00,51.58,80.714676,29.134675903320314,29.134675903320314,17
2024-01-29 04:00:00,60.06,83.30879,23.24879211425781,23.24879211425781,17
2024-01-29 05:00:00,80.66,86.975464,6.315463867187503,6.315463867187503,17
2024-01-29 06:00:00,88.7,89.856476,1.1564758300781222,1.1564758300781222,17
2024-01-29 07:00:00,99.26,99.96771,0.7077124023437449,0.7077124023437449,18
2024-01-29 08:00:00,88.39,98.11041,9.72041259765625,9.72041259765625,18
2024-01-29 09:00:00,78.9,93.74341,14.843408203124994,14.843408203124994,18
2024-01-29 10:00:00,71.27,89.91777,18.64777038574219,18.64777038574219,18
2024-01-29 11:00:00,70.24,87.86777,17.62776733398438,17.62776733398438,18
2024-01-29 12:00:00,73.81,87.37484,13.564839782714841,13.564839782714841,18
2024-01-29 13:00:00,78.03,90.46749,12.437491149902343,12.437491149902343,18
2024-01-29 14:00:00,78.78,95.77776,16.997763366699218,16.997763366699218,18
2024-01-29 15:00:00,82.87,102.58612,19.716120605468745,19.716120605468745,18
2024-01-29 16:00:00,89.86,110.04118,20.181183471679688,20.181183471679688,18
2024-01-29 17:00:00,110.0,114.57763,4.577629089355469,4.577629089355469,18
2024-01-29 18:00:00,107.52,114.68747,7.167469482421879,7.167469482421879,18
2024-01-29 19:00:00,86.29,109.84954,23.559540710449212,23.559540710449212,18
2024-01-29 20:00:00,81.09,102.74715,21.65714660644531,21.65714660644531,18
2024-01-29 21:00:00,82.55,96.31156,13.761561584472659,13.761561584472659,18
2024-01-29 22:00:00,80.29,91.64388,11.353882751464837,11.353882751464837,18
2024-01-29 23:00:00,71.94,86.511,14.571001586914065,14.571001586914065,18
2024-01-30 00:00:00,68.64,82.38914,13.749137268066406,13.749137268066406,18
2024-01-30 01:00:00,69.37,78.039696,8.66969573974609,8.66969573974609,18
2024-01-30 02:00:00,65.1,74.9841,9.88410034179688,9.88410034179688,18
2024-01-30 03:00:00,64.0,75.5883,11.588302612304688,11.588302612304688,18
2024-01-30 04:00:00,69.37,80.010056,10.640055541992183,10.640055541992183,18
2024-01-30 05:00:00,79.02,87.13111,8.111111145019535,8.111111145019535,18
2024-01-30 06:00:00,91.04,92.7313,1.6913003540039,1.6913003540039,18
2024-01-30 07:00:00,95.95,115.183525,19.233525085449216,19.233525085449216,19
2024-01-30 08:00:00,84.93,112.84182,27.911819763183587,27.911819763183587,19
2024-01-30 09:00:00,77.15,106.53718,29.387178039550776,29.387178039550776,19
2024-01-30 10:00:00,70.1,100.262405,30.162405395507818,30.162405395507818,19
2024-01-30 11:00:00,68.1,96.4254,28.325399780273443,28.325399780273443,19
2024-01-30 12:00:00,68.23,94.98786,26.757861633300777,26.757861633300777,19
2024-01-30 13:00:00,71.93,98.00925,26.079246826171868,26.079246826171868,19
2024-01-30 14:00:00,71.95,104.20227,32.2522705078125,32.2522705078125,19
2024-01-30 15:00:00,78.89,112.93096,34.04096160888672,34.04096160888672,19
2024-01-30 16:00:00,88.83,121.95718,33.127176208496095,33.127176208496095,19
2024-01-30 17:00:00,99.76,126.368744,26.60874389648437,26.60874389648437,19
2024-01-30 18:00:00,98.44,124.19302,25.753023681640627,25.753023681640627,19
2024-01-30 19:00:00,88.32,116.39684,28.076842956542976,28.076842956542976,19
2024-01-30 20:00:00,78.99,107.33787,28.34786773681641,28.34786773681641,19
2024-01-30 21:00:00,78.24,99.643585,21.40358520507813,21.40358520507813,19
2024-01-30 22:00:00,74.46,93.93558,19.47557739257813,19.47557739257813,19
2024-01-30 23:00:00,74.09,88.20162,14.11162200927734,14.11162200927734,19
2024-01-31 00:00:00,71.48,83.03532,11.555316467285152,11.555316467285152,19
2024-01-31 01:00:00,70.89,77.39835,6.508353576660156,6.508353576660156,19
2024-01-31 02:00:00,69.82,73.48439,3.6643902587890693,3.6643902587890693,19
2024-01-31 03:00:00,69.25,74.53973,5.289726257324219,5.289726257324219,19
2024-01-31 04:00:00,74.01,81.37873,7.368730773925776,7.368730773925776,19
2024-01-31 05:00:00,84.44,91.69522,7.255220947265627,7.255220947265627,19
2024-01-31 06:00:00,93.29,99.65831,6.368309936523431,6.368309936523431,19
2024-01-31 07:00:00,120.23,109.15128,-11.078716735839848,11.078716735839848,20
2024-01-31 08:00:00,93.23,108.25416,15.024158020019527,15.024158020019527,20
2024-01-31 09:00:00,82.98,104.42843,21.44842864990234,21.44842864990234,20
2024-01-31 10:00:00,77.09,100.418976,23.32897583007812,23.32897583007812,20
2024-01-31 11:00:00,74.91,98.18298,23.272983398437503,23.272983398437503,20
2024-01-31 12:00:00,66.5,97.884125,31.384124755859375,31.384124755859375,20
2024-01-31 13:00:00,65.8,101.58421,35.78421325683594,35.78421325683594,20
2024-01-31 14:00:00,64.95,107.21739,42.267391967773435,42.267391967773435,20
2024-01-31 15:00:00,66.26,113.6005,47.34050201416015,47.34050201416015,20
2024-01-31 16:00:00,77.0,118.85892,41.858917236328125,41.858917236328125,20
2024-01-31 17:00:00,90.16,120.2519,30.091899719238285,30.091899719238285,20
2024-01-31 18:00:00,80.72,117.03263,36.31263092041016,36.31263092041016,20
2024-01-31 19:00:00,73.02,109.69332,36.67332122802735,36.67332122802735,20
2024-01-31 20:00:00,61.67,101.642914,39.97291381835937,39.97291381835937,20
2024-01-31 21:00:00,58.81,94.17994,35.36993927001953,35.36993927001953,20
2024-01-31 22:00:00,44.31,88.12373,43.81373352050781,43.81373352050781,20
2024-01-31 23:00:00,51.9,81.197914,29.297914123535158,29.297914123535158,20
2024-02-01 00:00:00,46.99,75.16753,28.177526245117186,28.177526245117186,20
2024-02-01 01:00:00,46.66,69.82455,23.164546813964847,23.164546813964847,20
2024-02-01 02:00:00,47.04,66.03421,18.994210205078126,18.994210205078126,20
2024-02-01 03:00:00,51.06,67.06992,16.009923400878904,16.009923400878904,20
2024-02-01 04:00:00,59.82,73.04426,13.224258117675781,13.224258117675781,20
2024-02-01 05:00:00,72.42,82.79032,10.370321350097655,10.370321350097655,20
2024-02-01 06:00:00,88.76,90.8624,2.10239624023437,2.10239624023437,20
2024-02-01 07:00:00,95.76,105.860245,10.100244750976557,10.100244750976557,21
2024-02-01 08:00:00,88.77,105.51515,16.745151977539066,16.745151977539066,21
2024-02-01 09:00:00,83.9,102.28708,18.38707885742187,18.38707885742187,21
2024-02-01 10:00:00,79.29,98.62739,19.337388000488275,19.337388000488275,21
2024-02-01 11:00:00,69.75,96.24226,26.492263793945312,26.492263793945312,21
2024-02-01 12:00:00,62.23,95.10553,32.87552978515625,32.87552978515625,21
2024-02-01 13:00:00,71.62,96.73588,25.11587799072265,25.11587799072265,21
2024-02-01 14:00:00,80.6,100.118614,19.51861419677735,19.51861419677735,21
2024-02-01 15:00:00,80.69,105.07941,24.389406738281252,24.389406738281252,21
2024-02-01 16:00:00,94.1,110.87661,16.7766098022461,16.7766098022461,21
2024-02-01 17:00:00,101.89,114.036415,12.146415100097656,12.146415100097656,21
2024-02-01 18:00:00,99.05,113.895805,14.845805358886722,14.845805358886722,21
2024-02-01 19:00:00,91.84,109.70764,17.867641601562497,17.867641601562497,21
2024-02-01 20:00:00,83.66,103.521576,19.86157592773438,19.86157592773438,21
2024-02-01 21:00:00,82.13,97.741104,15.611104125976567,15.611104125976567,21
2024-02-01 22:00:00,73.69,93.38832,19.698320922851565,19.698320922851565,21
2024-02-01 23:00:00,64.62,89.00787,24.387873535156245,24.387873535156245,21
2024-02-02 00:00:00,60.05,85.65752,25.60751647949219,25.60751647949219,21
2024-02-02 01:00:00,58.0,82.52264,24.52263641357422,24.52263641357422,21
2024-02-02 02:00:00,54.69,80.55176,25.861757812500002,25.861757812500002,21
2024-02-02 03:00:00,52.41,81.24166,28.831661071777347,28.831661071777347,21
2024-02-02 04:00:00,55.0,84.7903,29.790298461914062,29.790298461914062,21
2024-02-02 05:00:00,63.27,90.50177,27.231770019531247,27.231770019531247,21
2024-02-02 06:00:00,80.34,95.59447,15.254467163085934,15.254467163085934,21
2024-02-02 07:00:00,90.75,98.0929,7.342903137207031,7.342903137207031,22
2024-02-02 08:00:00,86.39,98.05551,11.665511474609374,11.665511474609374,22
2024-02-02 09:00:00,80.89,95.71957,14.829566345214843,14.829566345214843,22
2024-02-02 10:00:00,75.25,92.89034,17.640342712402344,17.640342712402344,22
2024-02-02 11:00:00,65.25,91.14356,25.89356231689453,25.89356231689453,22
2024-02-02 12:00:00,59.77,90.75732,30.987316589355466,30.987316589355466,22
2024-02-02 13:00:00,59.82,93.21919,33.39919250488281,33.39919250488281,22
2024-02-02 14:00:00,58.3,97.091095,38.79109497070313,38.79109497070313,22
2024-02-02 15:00:00,63.2,101.613396,38.413395690917966,38.413395690917966,22
2024-02-02 16:00:00,70.95,105.92643,34.97642974853515,34.97642974853515,22
2024-02-02 17:00:00,80.16,107.47065,27.310649719238285,27.310649719238285,22
2024-02-02 18:00:00,81.4,106.46145,25.061448669433588,25.061448669433588,22
2024-02-02 19:00:00,73.06,102.58457,29.524571838378904,29.524571838378904,22
2024-02-02 20:00:00,62.27,97.53654,35.26653717041015,35.26653717041015,22
2024-02-02 21:00:00,62.6,92.646996,30.046995544433592,30.046995544433592,22
2024-02-02 22:00:00,53.51,89.09719,35.587190856933596,35.587190856933596,22
2024-02-02 23:00:00,39.99,84.92062,44.93062377929687,44.93062377929687,22
2024-02-03 00:00:00,38.77,82.02616,43.25616119384765,43.25616119384765,22
2024-02-03 01:00:00,32.83,79.847694,47.01769439697266,47.01769439697266,22
2024-02-03 02:00:00,20.22,78.559166,58.339165954589845,58.339165954589845,22
2024-02-03 03:00:00,15.45,79.369225,63.91922454833984,63.91922454833984,22
2024-02-03 04:00:00,16.58,81.8205,65.24050323486328,65.24050323486328,22
2024-02-03 05:00:00,26.33,85.80975,59.47975341796875,59.47975341796875,22
2024-02-03 06:00:00,42.87,89.61676,46.74676025390625,46.74676025390625,22
2024-02-03 07:00:00,52.09,92.22642,40.1364175415039,40.1364175415039,23
2024-02-03 08:00:00,59.1,92.73248,33.63248291015625,33.63248291015625,23
2024-02-03 09:00:00,53.28,91.15655,37.87654754638672,37.87654754638672,23
2024-02-03 10:00:00,45.27,88.99892,43.72891662597656,43.72891662597656,23
2024-02-03 11:00:00,41.58,87.71015,46.13015167236328,46.13015167236328,23
2024-02-03 12:00:00,39.81,86.93794,47.12794250488281,47.12794250488281,23
2024-02-03 13:00:00,41.76,88.47523,46.71522735595703,46.71522735595703,23
2024-02-03 14:00:00,46.44,91.09865,44.658648071289065,44.658648071289065,23
2024-02-03 15:00:00,53.0,94.97116,41.971160888671875,41.971160888671875,23
2024-02-03 16:00:00,64.87,99.579796,34.70979583740234,34.70979583740234,23
2024-02-03 17:00:00,81.43,101.87018,20.440178222656243,20.440178222656243,23
2024-02-03 18:00:00,77.05,101.53245,24.48244781494141,24.48244781494141,23
2024-02-03 19:00:00,63.57,97.9681,34.39810150146484,34.39810150146484,23
2024-02-03 20:00:00,59.08,92.67,33.589998168945314,33.589998168945314,23
2024-02-03 21:00:00,52.42,87.2002,34.78020294189453,34.78020294189453,23
2024-02-03 22:00:00,42.6,83.33397,40.733969116210936,40.733969116210936,23
2024-02-03 23:00:00,39.91,78.647316,38.73731597900391,38.73731597900391,23
2024-02-04 00:00:00,24.29,75.53231,51.242310485839845,51.242310485839845,23
2024-02-04 01:00:00,11.35,73.2981,61.94810333251953,61.94810333251953,23
2024-02-04 02:00:00,3.47,71.57,68.09999969482422,68.09999969482422,23
2024-02-04 03:00:00,1.55,72.27048,70.72047729492188,70.72047729492188,23
2024-02-04 04:00:00,6.16,74.38883,68.22883209228516,68.22883209228516,23
2024-02-04 05:00:00,7.04,78.13127,71.09127136230468,71.09127136230468,23
2024-02-04 06:00:00,12.68,82.05116,69.37116271972656,69.37116271972656,23
2024-02-04 07:00:00,20.39,86.87763,66.48763214111328,66.48763214111328,24
2024-02-04 08:00:00,24.16,86.28829,62.12829193115235,62.12829193115235,24
2024-02-04 09:00:00,26.47,84.4864,58.01639678955078,58.01639678955078,24
2024-02-04 10:00:00,19.5,82.991455,63.491455078125,63.491455078125,24
2024-02-04 11:00:00,16.68,82.13078,65.45078308105468,65.45078308105468,24
2024-02-04 12:00:00,6.16,81.60259,75.44259246826172,75.44259246826172,24
2024-02-04 13:00:00,13.07,83.537994,70.46799438476563,70.46799438476563,24
2024-02-04 14:00:00,24.69,86.673035,61.98303466796875,61.98303466796875,24
2024-02-04 15:00:00,34.72,91.25247,56.532471923828126,56.532471923828126,24
2024-02-04 16:00:00,54.93,96.664375,41.73437530517578,41.73437530517578,24
2024-02-04 17:00:00,65.25,99.26294,34.012939453125,34.012939453125,24
2024-02-04 18:00:00,69.99,98.91047,28.920469055175786,28.920469055175786,24
2024-02-04 19:00:00,51.73,95.368996,43.63899566650391,43.63899566650391,24
2024-02-04 20:00:00,50.06,90.13219,40.072186889648435,40.072186889648435,24
2024-02-04 21:00:00,48.4,85.10502,36.70501861572266,36.70501861572266,24
2024-02-04 22:00:00,38.08,81.49069,43.41069213867188,43.41069213867188,24
2024-02-04 23:00:00,11.28,76.93756,65.65756103515625,65.65756103515625,24
2024-02-05 00:00:00,15.85,74.34867,58.498670959472655,58.498670959472655,24
2024-02-05 01:00:00,8.91,72.79167,63.88167175292969,63.88167175292969,24
2024-02-05 02:00:00,2.71,72.21399,69.5039892578125,69.5039892578125,24
2024-02-05 03:00:00,1.25,74.74311,73.49311065673828,73.49311065673828,24
2024-02-05 04:00:00,7.53,78.645096,71.11509582519531,71.11509582519531,24
2024-02-05 05:00:00,48.09,83.44026,35.35026184082031,35.35026184082031,24
2024-02-05 06:00:00,83.15,87.01412,3.864122009277338,3.864122009277338,24
2024-02-05 07:00:00,90.36,97.19465,6.834648742675782,6.834648742675782,25
2024-02-05 08:00:00,87.36,94.39232,7.032318725585938,7.032318725585938,25
2024-02-05 09:00:00,76.68,89.60134,12.921341247558587,12.921341247558587,25
2024-02-05 10:00:00,69.74,86.13895,16.39894653320313,16.39894653320313,25
2024-02-05 11:00:00,60.0,84.28004,24.28003692626953,24.28003692626953,25
2024-02-05 12:00:00,42.86,83.96175,41.10174621582031,41.10174621582031,25
2024-02-05 13:00:00,51.0,87.17505,36.175048828125,36.175048828125,25
2024-02-05 14:00:00,59.71,92.4323,32.72229675292969,32.72229675292969,25
2024-02-05 15:00:00,64.49,99.3633,34.87329650878907,34.87329650878907,25
2024-02-05 16:00:00,76.44,105.81034,29.37034088134766,29.37034088134766,25
2024-02-05 17:00:00,89.13,107.30654,18.1765414428711,18.1765414428711,25
2024-02-05 18:00:00,86.67,103.67251,17.002508239746092,17.002508239746092,25
2024-02-05 19:00:00,80.04,96.071915,16.031914672851556,16.031914672851556,25
2024-02-05 20:00:00,65.69,88.107,22.417002258300784,22.417002258300784,25
2024-02-05 21:00:00,57.11,81.05709,23.947090759277344,23.947090759277344,25
2024-02-05 22:00:00,48.19,76.069626,27.87962585449219,27.87962585449219,25
2024-02-05 23:00:00,36.8,69.80859,33.00859375,33.00859375,25
2024-02-06 00:00:00,30.13,65.6111,35.48109924316407,35.48109924316407,25
2024-02-06 01:00:00,20.41,63.74432,43.33431991577149,43.33431991577149,25
2024-02-06 02:00:00,11.83,64.36021,52.53020660400391,52.53020660400391,25
2024-02-06 03:00:00,7.1,71.20215,64.1021484375,64.1021484375,25
2024-02-06 04:00:00,23.4,80.82732,57.42731628417969,57.42731628417969,25
2024-02-06 05:00:00,54.26,91.18575,36.925752868652346,36.925752868652346,25
2024-02-06 06:00:00,71.91,97.222664,25.312663879394535,25.312663879394535,25
2024-02-06 07:00:00,80.87,86.04036,5.170359497070308,5.170359497070308,26
2024-02-06 08:00:00,78.68,84.071,5.390999145507806,5.390999145507806,26
2024-02-06 09:00:00,74.72,80.93406,6.214059143066407,6.214059143066407,26
2024-02-06 10:00:00,60.64,78.78738,18.147376403808593,18.147376403808593,26
2024-02-06 11:00:00,51.08,77.792366,26.712366027832033,26.712366027832033,26
2024-02-06 12:00:00,48.62,77.936264,29.31626403808594,29.31626403808594,26
2024-02-06 13:00:00,49.79,82.065926,32.27592559814453,32.27592559814453,26
2024-02-06 14:00:00,56.44,87.978134,31.53813415527344,31.53813415527344,26
2024-02-06 15:00:00,61.33,95.01254,33.68254272460938,33.68254272460938,26
2024-02-06 16:00:00,71.0,100.73478,29.734779357910156,29.734779357910156,26
2024-02-06 17:00:00,78.77,101.30971,22.539707641601566,22.539707641601566,26
2024-02-06 18:00:00,80.36,97.228165,16.868164672851563,16.868164672851563,26
2024-02-06 19:00:00,65.16,89.963104,24.80310424804688,24.80310424804688,26
2024-02-06 20:00:00,60.17,82.39172,22.2217236328125,22.2217236328125,26
2024-02-06 21:00:00,57.09,75.431656,18.34165588378906,18.34165588378906,26
2024-02-06 22:00:00,52.76,70.14414,17.38414215087891,17.38414215087891,26
2024-02-06 23:00:00,41.7,63.058243,21.35824279785156,21.35824279785156,26
2024-02-07 00:00:00,39.0,58.653614,19.653614044189453,19.653614044189453,26
2024-02-07 01:00:00,37.45,57.2367,19.786698150634763,19.786698150634763,26
2024-02-07 02:00:00,33.21,58.106445,24.8964453125,24.8964453125,26
2024-02-07 03:00:00,16.02,64.7431,48.723103027343754,48.723103027343754,26
2024-02-07 04:00:00,38.0,73.07189,35.07189178466797,35.07189178466797,26
2024-02-07 05:00:00,47.28,81.79095,34.51094696044922,34.51094696044922,26
2024-02-07 06:00:00,69.99,87.138336,17.14833618164063,17.14833618164063,26
2024-02-07 07:00:00,74.49,93.79106,19.301061401367193,19.301061401367193,27
2024-02-07 08:00:00,68.61,93.785645,25.17564453125,25.17564453125,27
2024-02-07 09:00:00,66.04,92.175186,26.135186157226556,26.135186157226556,27
2024-02-07 10:00:00,64.03,90.72855,26.698553771972655,26.698553771972655,27
2024-02-07 11:00:00,58.87,89.821815,30.95181549072266,30.95181549072266,27
2024-02-07 12:00:00,50.67,89.56005,38.89005096435547,38.89005096435547,27
2024-02-07 13:00:00,61.13,91.224976,30.094975585937497,30.094975585937497,27
2024-02-07 14:00:00,56.65,93.59513,36.94513092041016,36.94513092041016,27
2024-02-07 15:00:00,57.61,96.63158,39.02157653808594,39.02157653808594,27
2024-02-07 16:00:00,58.96,99.52894,40.56893829345703,40.56893829345703,27
2024-02-07 17:00:00,79.34,99.79595,20.455951843261715,20.455951843261715,27
2024-02-07 18:00:00,92.09,98.16791,6.077907714843747,6.077907714843747,27
2024-02-07 19:00:00,76.89,94.20697,17.31697021484375,17.31697021484375,27
2024-02-07 20:00:00,67.72,89.427124,21.7071240234375,21.7071240234375,27
2024-02-07 21:00:00,62.03,84.62891,22.59890625,22.59890625,27
2024-02-07 22:00:00,63.48,81.20225,17.72224761962891,17.72224761962891,27
2024-02-07 23:00:00,73.7,76.561195,2.8611953735351534,2.8611953735351534,27
2024-02-08 00:00:00,73.2,73.65363,0.4536331176757784,0.4536331176757784,27
2024-02-08 01:00:00,72.15,72.31409,0.16408691406249432,0.16408691406249432,27
2024-02-08 02:00:00,54.34,72.33958,17.999576721191403,17.999576721191403,27
2024-02-08 03:00:00,45.75,76.1324,30.382400512695312,30.382400512695312,27
2024-02-08 04:00:00,47.49,81.46103,33.97102905273437,33.97102905273437,27
2024-02-08 05:00:00,65.24,88.119354,22.87935424804688,22.87935424804688,27
2024-02-08 06:00:00,72.26,92.94493,20.684931030273432,20.684931030273432,27
2024-02-08 07:00:00,73.09,90.3542,17.26420227050781,17.26420227050781,28
2024-02-08 08:00:00,60.17,91.29682,31.12682159423828,31.12682159423828,28
2024-02-08 09:00:00,50.01,91.02925,41.019251098632814,41.019251098632814,28
2024-02-08 10:00:00,44.69,90.3139,45.62390380859375,45.62390380859375,28
2024-02-08 11:00:00,38.0,89.85261,51.85260772705078,51.85260772705078,28
2024-02-08 12:00:00,31.7,89.981316,58.281315612792966,58.281315612792966,28
2024-02-08 13:00:00,33.8,92.13842,58.33842010498047,58.33842010498047,28
2024-02-08 14:00:00,33.08,94.82412,61.744119567871095,61.744119567871095,28
2024-02-08 15:00:00,39.4,97.48147,58.081468200683595,58.081468200683595,28
2024-02-08 16:00:00,41.5,99.048515,57.54851531982422,57.54851531982422,28
2024-02-08 17:00:00,45.5,97.827675,52.327674865722656,52.327674865722656,28
2024-02-08 18:00:00,61.09,95.2649,34.17490020751953,34.17490020751953,28
2024-02-08 19:00:00,53.34,91.29995,37.95994964599609,37.95994964599609,28
2024-02-08 20:00:00,46.21,87.03152,40.82151702880859,40.82151702880859,28
2024-02-08 21:00:00,43.83,82.482155,38.65215484619141,38.65215484619141,28
2024-02-08 22:00:00,40.46,79.127686,38.667685546875,38.667685546875,28
2024-02-08 23:00:00,22.04,74.224686,52.18468566894531,52.18468566894531,28
2024-02-09 00:00:00,11.17,71.11957,59.94956787109375,59.94956787109375,28
2024-02-09 01:00:00,5.0,70.073105,65.07310485839844,65.07310485839844,28
2024-02-09 02:00:00,3.2,70.02906,66.82906036376953,66.82906036376953,28
2024-02-09 04:00:00,11.14,72.66244,61.52243743896484,61.52243743896484,28
2024-02-09 05:00:00,29.62,75.673,46.05299652099609,46.05299652099609,28
2024-02-09 06:00:00,54.1,79.799736,25.699736022949217,25.699736022949217,28
2024-02-09 07:00:00,59.23,83.51858,24.288577575683597,24.288577575683597,28
2024-02-09 08:00:00,66.9,92.739716,25.83971557617187,25.83971557617187,29
2024-02-09 09:00:00,66.35,92.40964,26.05963745117188,26.05963745117188,29
2024-02-09 10:00:00,57.84,90.34644,32.50644317626953,32.50644317626953,29
2024-02-09 11:00:00,50.56,88.211426,37.65142578125,37.65142578125,29
2024-02-09 12:00:00,46.73,86.937195,40.20719482421875,40.20719482421875,29
2024-02-09 13:00:00,47.99,86.63061,38.64060760498047,38.64060760498047,29
2024-02-09 14:00:00,46.73,88.778206,42.048205871582034,42.048205871582034,29
2024-02-09 15:00:00,44.99,91.98176,46.99175811767578,46.99175811767578,29
2024-02-09 16:00:00,72.22,95.83668,23.616677551269532,23.616677551269532,29
2024-02-09 17:00:00,86.46,99.66532,13.205321350097663,13.205321350097663,29
2024-02-09 18:00:00,87.32,100.91244,13.59243743896485,13.59243743896485,29
2024-02-09 19:00:00,81.01,100.092026,19.082025756835932,19.082025756835932,29
2024-02-09 20:00:00,75.33,96.80758,21.477579040527345,21.477579040527345,29
2024-02-09 21:00:00,74.91,92.32858,17.41858276367188,17.41858276367188,29
2024-02-09 22:00:00,70.94,87.9295,16.98949676513672,16.98949676513672,29
2024-02-09 23:00:00,63.1,84.94389,21.843893432617186,21.843893432617186,29
2024-02-10 00:00:00,64.08,81.00751,16.92750732421875,16.92750732421875,29
2024-02-10 01:00:00,64.4,78.590515,14.190515136718744,14.190515136718744,29
2024-02-10 02:00:00,64.39,77.102066,12.712066040039062,12.712066040039062,29
2024-02-10 03:00:00,64.41,76.577805,12.167804565429691,12.167804565429691,29
2024-02-10 04:00:00,65.82,78.468445,12.648444824218757,12.648444824218757,29
2024-02-10 05:00:00,70.91,81.4466,10.536601867675785,10.536601867675785,29
2024-02-10 06:00:00,74.86,85.56451,10.70450653076172,10.70450653076172,29
2024-02-10 07:00:00,77.7,89.05097,11.350971984863278,11.350971984863278,29
2024-02-10 08:00:00,80.38,88.39861,8.018612976074223,8.018612976074223,30
2024-02-10 09:00:00,74.83,89.091805,14.261804504394533,14.261804504394533,30
2024-02-10 10:00:00,69.7,88.53594,18.835942077636716,18.835942077636716,30
2024-02-10 11:00:00,68.36,87.28348,18.923477783203126,18.923477783203126,30
2024-02-10 12:00:00,66.72,86.46806,19.74806335449219,19.74806335449219,30
2024-02-10 13:00:00,69.53,86.24509,16.715086669921874,16.715086669921874,30
2024-02-10 14:00:00,77.17,88.29333,11.123327331542967,11.123327331542967,30
2024-02-10 15:00:00,78.99,90.93259,11.94258666992188,11.94258666992188,30
2024-02-10 16:00:00,82.9,93.65282,10.752816772460932,10.752816772460932,30
2024-02-10 17:00:00,89.85,95.51953,5.669531250000006,5.669531250000006,30
2024-02-10 18:00:00,82.46,94.70168,12.2416830444336,12.2416830444336,30
2024-02-10 19:00:00,74.4,92.480286,18.080285644531244,18.080285644531244,30
2024-02-10 20:00:00,68.54,88.95371,20.4137124633789,20.4137124633789,30
2024-02-10 21:00:00,69.54,84.96468,15.424683532714837,15.424683532714837,30
2024-02-10 22:00:00,63.82,80.67016,16.85015838623047,16.85015838623047,30
2024-02-10 23:00:00,60.48,77.713974,17.23397399902344,17.23397399902344,30
2024-02-11 00:00:00,55.66,73.30769,17.647693481445316,17.647693481445316,30
2024-02-11 01:00:00,52.6,70.7062,18.106199645996092,18.106199645996092,30
2024-02-11 02:00:00,46.83,70.003265,23.173265380859377,23.173265380859377,30
2024-02-11 03:00:00,39.23,69.89661,30.666606445312503,30.666606445312503,30
2024-02-11 04:00:00,44.88,71.63477,26.75477325439453,26.75477325439453,30
2024-02-11 05:00:00,45.47,73.13244,27.66243865966797,27.66243865966797,30
2024-02-11 06:00:00,48.34,75.260025,26.92002502441406,26.92002502441406,30
2024-02-11 07:00:00,57.13,77.79368,20.663678283691404,20.663678283691404,30
2024-02-11 08:00:00,58.82,34.27827,-24.541729278564453,24.541729278564453,31
2024-02-11 09:00:00,61.77,30.393358,-31.376641769409183,31.376641769409183,31
2024-02-11 10:00:00,65.01,27.064268,-37.94573188781739,37.94573188781739,31
2024-02-11 11:00:00,62.63,24.140707,-38.48929298400879,38.48929298400879,31
2024-02-11 12:00:00,44.47,24.935392,-19.534607620239257,19.534607620239257,31
2024-02-11 13:00:00,39.98,24.508932,-15.471067886352536,15.471067886352536,31
2024-02-11 14:00:00,39.99,28.760328,-11.229671707153322,11.229671707153322,31
2024-02-11 15:00:00,46.73,40.05563,-6.6743702697753875,6.6743702697753875,31
2024-02-11 16:00:00,61.94,54.456837,-7.483163299560545,7.483163299560545,31
2024-02-11 17:00:00,83.56,64.63652,-18.923479614257815,18.923479614257815,31
2024-02-11 18:00:00,83.98,67.67062,-16.30937622070313,16.30937622070313,31
2024-02-11 19:00:00,76.82,62.575474,-14.244526214599603,14.244526214599603,31
2024-02-11 20:00:00,70.72,54.583908,-16.13609191894531,16.13609191894531,31
2024-02-11 21:00:00,68.39,46.812515,-21.577484741210938,21.577484741210938,31
2024-02-11 22:00:00,64.01,41.398285,-22.61171508789063,22.61171508789063,31
2024-02-11 23:00:00,64.35,38.472073,-25.877927398681635,25.877927398681635,31
2024-02-12 00:00:00,61.87,32.46122,-29.40878021240234,29.40878021240234,31
2024-02-12 01:00:00,61.01,29.905226,-31.10477424621582,31.10477424621582,31
2024-02-12 02:00:00,59.75,33.51872,-26.231281280517578,26.231281280517578,31
2024-02-12 03:00:00,59.21,45.987125,-13.222874603271485,13.222874603271485,31
2024-02-12 04:00:00,65.0,67.72937,2.7293701171875,2.7293701171875,31
2024-02-12 05:00:00,76.0,86.62606,10.626060485839844,10.626060485839844,31
2024-02-12 06:00:00,85.41,96.124664,10.714664306640628,10.714664306640628,31
2024-02-12 07:00:00,104.0,95.19653,-8.803466796875,8.803466796875,31
2024-02-12 08:00:00,96.5,85.36994,-11.130058288574219,11.130058288574219,32
2024-02-12 09:00:00,85.47,80.76333,-4.706671447753905,4.706671447753905,32
2024-02-12 10:00:00,78.96,75.76267,-3.1973275756835875,3.1973275756835875,32
2024-02-12 11:00:00,67.64,72.40496,4.764960632324218,4.764960632324218,32
2024-02-12 12:00:00,64.41,71.777435,7.367435302734378,7.367435302734378,32
2024-02-12 13:00:00,64.93,72.92531,7.995308227539056,7.995308227539056,32
2024-02-12 14:00:00,67.25,77.671875,10.421875,10.421875,32
2024-02-12 15:00:00,69.83,85.98347,16.153467102050783,16.153467102050783,32
2024-02-12 16:00:00,67.07,95.7035,28.633498840332038,28.633498840332038,32
2024-02-12 17:00:00,96.0,102.74409,6.744087219238281,6.744087219238281,32
2024-02-12 18:00:00,89.08,104.626656,15.546655578613283,15.546655578613283,32
2024-02-12 19:00:00,79.15,100.36465,21.214646911621088,21.214646911621088,32
2024-02-12 20:00:00,71.54,92.23864,20.698639831542962,20.698639831542962,32
2024-02-12 21:00:00,65.87,84.98897,19.118967895507808,19.118967895507808,32
2024-02-12 22:00:00,61.9,79.492455,17.592454528808595,17.592454528808595,32
2024-02-12 23:00:00,68.59,74.97878,6.38878265380859,6.38878265380859,32
2024-02-13 00:00:00,65.37,69.59513,4.225130920410152,4.225130920410152,32
2024-02-13 01:00:00,63.41,65.4065,1.9965017700195347,1.9965017700195347,32
2024-02-13 02:00:00,60.49,64.48715,3.997152099609373,3.997152099609373,32
2024-02-13 03:00:00,60.06,69.25649,9.196492614746091,9.196492614746091,32
2024-02-13 04:00:00,63.59,79.44695,15.856952819824215,15.856952819824215,32
2024-02-13 05:00:00,70.74,89.95761,19.21761108398438,19.21761108398438,32
2024-02-13 06:00:00,82.84,96.398506,13.558506164550778,13.558506164550778,32
2024-02-13 07:00:00,89.12,96.70946,7.589457397460933,7.589457397460933,32
2024-02-13 08:00:00,75.12,82.37092,7.250918273925777,7.250918273925777,33
2024-02-13 09:00:00,69.21,78.80021,9.590209045410163,9.590209045410163,33
2024-02-13 10:00:00,63.87,73.19379,9.323786621093753,9.323786621093753,33
2024-02-13 11:00:00,60.53,68.658195,8.128195495605468,8.128195495605468,33
2024-02-13 12:00:00,60.26,66.586006,6.326006164550783,6.326006164550783,33
2024-02-13 13:00:00,63.1,63.98312,0.883119964599608,0.883119964599608,33
2024-02-13 14:00:00,70.7,64.04685,-6.653147888183597,6.653147888183597,33
2024-02-13 15:00:00,74.51,68.82106,-5.688939819335943,5.688939819335943,33
2024-02-13 16:00:00,69.95,75.8505,5.900502014160153,5.900502014160153,33
2024-02-13 17:00:00,94.53,80.39807,-14.131928710937501,14.131928710937501,33
2024-02-13 18:00:00,91.81,80.67886,-11.131136474609377,11.131136474609377,33
2024-02-13 19:00:00,79.23,76.61837,-2.6116299438476602,2.6116299438476602,33
2024-02-13 20:00:00,73.17,70.178116,-2.991884155273439,2.991884155273439,33
2024-02-13 21:00:00,69.18,63.322655,-5.857345275878913,5.857345275878913,33
2024-02-13 22:00:00,65.0,57.614773,-7.385227203369141,7.385227203369141,33
2024-02-13 23:00:00,60.63,54.251606,-6.378394012451174,6.378394012451174,33
2024-02-14 00:00:00,59.34,49.123142,-10.216857757568363,10.216857757568363,33
2024-02-14 01:00:00,55.76,46.071384,-9.688615570068357,9.688615570068357,33
2024-02-14 02:00:00,54.79,45.44802,-9.341979064941405,9.341979064941405,33
2024-02-14 03:00:00,55.06,51.99234,-3.0676599121093773,3.0676599121093773,33
2024-02-14 04:00:00,59.21,64.287674,5.077673950195312,5.077673950195312,33
2024-02-14 05:00:00,64.95,76.29263,11.342633056640622,11.342633056640622,33
2024-02-14 06:00:00,74.28,84.16739,9.887388916015624,9.887388916015624,33
2024-02-14 07:00:00,80.56,86.720924,6.160924377441404,6.160924377441404,33
2024-02-14 08:00:00,69.65,81.23721,11.58721313476562,11.58721313476562,34
2024-02-14 09:00:00,63.86,79.25624,15.396240844726563,15.396240844726563,34
2024-02-14 10:00:00,63.29,75.18698,11.896981201171876,11.896981201171876,34
2024-02-14 11:00:00,58.41,72.16439,13.754390563964847,13.754390563964847,34
2024-02-14 12:00:00,46.65,70.70807,24.05806884765625,24.05806884765625,34
2024-02-14 13:00:00,53.33,68.970245,15.640245361328127,15.640245361328127,34
2024-02-14 14:00:00,58.89,69.31546,10.425460205078124,10.425460205078124,34
2024-02-14 15:00:00,58.06,72.90392,14.843923034667966,14.843923034667966,34
2024-02-14 16:00:00,71.66,77.99464,6.334636535644535,6.334636535644535,34
2024-02-14 17:00:00,88.11,81.43881,-6.671187744140624,6.671187744140624,34
2024-02-14 18:00:00,85.16,82.23855,-2.921451721191403,2.921451721191403,34
2024-02-14 19:00:00,77.1,79.893,2.7929977416992244,2.7929977416992244,34
2024-02-14 20:00:00,69.59,75.47229,5.882290039062497,5.882290039062497,34
2024-02-14 21:00:00,68.2,70.61725,2.417248535156247,2.417248535156247,34
2024-02-14 22:00:00,63.8,66.5367,2.7366973876953153,2.7366973876953153,34
2024-02-14 23:00:00,61.52,63.64069,2.1206898498535125,2.1206898498535125,34
2024-02-15 00:00:00,54.9,59.156525,4.256524658203126,4.256524658203126,34
2024-02-15 01:00:00,50.42,55.82999,5.409990386962889,5.409990386962889,34
2024-02-15 02:00:00,43.77,53.425648,9.6556477355957,9.6556477355957,34
2024-02-15 03:00:00,38.25,55.1046,16.854598999023438,16.854598999023438,34
2024-02-15 04:00:00,43.79,59.943817,16.153817138671876,16.153817138671876,34
2024-02-15 05:00:00,58.08,65.08009,7.000093383789064,7.000093383789064,34
2024-02-15 06:00:00,67.2,69.522484,2.322483825683591,2.322483825683591,34
2024-02-15 07:00:00,77.18,72.15865,-5.021346740722663,5.021346740722663,34
2024-02-15 08:00:00,72.32,76.131676,3.8116757202148506,3.8116757202148506,35
2024-02-15 09:00:00,68.64,72.177666,3.537665710449218,3.537665710449218,35
2024-02-15 10:00:00,58.98,65.036064,6.056064147949222,6.056064147949222,35
2024-02-15 11:00:00,52.65,59.574883,6.92488250732422,6.92488250732422,35
2024-02-15 12:00:00,48.01,56.834743,8.824743499755861,8.824743499755861,35
2024-02-15 13:00:00,45.56,52.624905,7.064904632568357,7.064904632568357,35
2024-02-15 14:00:00,46.89,51.784164,4.894164428710937,4.894164428710937,35
2024-02-15 15:00:00,45.39,57.144142,11.754142150878906,11.754142150878906,35
2024-02-15 16:00:00,53.24,66.32527,13.08527160644531,13.08527160644531,35
2024-02-15 17:00:00,69.13,73.39572,4.2657214355468795,4.2657214355468795,35
2024-02-15 18:00:00,71.32,74.99687,3.6768719482421943,3.6768719482421943,35
2024-02-15 19:00:00,63.29,69.8733,6.583298645019532,6.583298645019532,35
2024-02-15 20:00:00,60.0,60.065395,0.06539535522460938,0.06539535522460938,35
2024-02-15 21:00:00,59.5,48.694706,-10.805294036865234,10.805294036865234,35
2024-02-15 22:00:00,55.68,38.998,-16.681998901367187,16.681998901367187,35
2024-02-15 23:00:00,51.76,31.835432,-19.924567947387693,19.924567947387693,35
2024-02-16 00:00:00,51.08,21.43682,-29.643180923461912,29.643180923461912,35
2024-02-16 01:00:00,49.92,14.188292,-35.731708450317385,35.731708450317385,35
2024-02-16 02:00:00,47.06,9.646978,-37.413021621704104,37.413021621704104,35
2024-02-16 03:00:00,42.0,16.919233,-25.080766677856445,25.080766677856445,35
2024-02-16 04:00:00,46.0,32.997784,-13.002216339111328,13.002216339111328,35
2024-02-16 05:00:00,53.48,50.948685,-2.5313153076171844,2.5313153076171844,35
2024-02-16 06:00:00,69.81,64.94981,-4.860193786621096,4.860193786621096,35
2024-02-16 07:00:00,70.5,72.33561,1.8356094360351562,1.8356094360351562,35
2024-02-16 08:00:00,65.52,56.266266,-9.253734130859371,9.253734130859371,36
2024-02-16 09:00:00,56.43,53.53949,-2.8905102539062497,2.8905102539062497,36
2024-02-16 10:00:00,56.99,49.94181,-7.048189392089846,7.048189392089846,36
2024-02-16 11:00:00,55.56,47.204403,-8.355597076416018,8.355597076416018,36
2024-02-16 12:00:00,54.27,46.99481,-7.275191802978519,7.275191802978519,36
2024-02-16 13:00:00,55.57,47.619568,-7.95043212890625,7.95043212890625,36
2024-02-16 14:00:00,62.58,53.303555,-9.276445465087889,9.276445465087889,36
2024-02-16 15:00:00,70.03,64.02292,-6.007081298828126,6.007081298828126,36
2024-02-16 16:00:00,70.6,75.797844,5.197843933105474,5.197843933105474,36
2024-02-16 17:00:00,78.13,82.96688,4.836880798339848,4.836880798339848,36
2024-02-16 18:00:00,77.93,84.04475,6.114746398925774,6.114746398925774,36
2024-02-16 19:00:00,73.09,78.38037,5.290371093749997,5.290371093749997,36
2024-02-16 20:00:00,69.66,70.35753,0.6975286865234409,0.6975286865234409,36
2024-02-16 21:00:00,68.49,62.375797,-6.114202728271479,6.114202728271479,36
2024-02-16 22:00:00,61.6,56.457695,-5.142304992675783,5.142304992675783,36
2024-02-16 23:00:00,59.94,52.05454,-7.885461273193357,7.885461273193357,36
2024-02-17 00:00:00,58.74,45.45914,-13.280859222412111,13.280859222412111,36
2024-02-17 01:00:00,58.43,41.64443,-16.78557174682617,16.78557174682617,36
2024-02-17 02:00:00,54.66,40.7138,-13.946201477050778,13.946201477050778,36
2024-02-17 03:00:00,53.96,45.76178,-8.19822021484375,8.19822021484375,36
2024-02-17 04:00:00,56.26,54.86598,-1.3940217590332011,1.3940217590332011,36
2024-02-17 05:00:00,56.46,62.154922,5.694922485351562,5.694922485351562,36
2024-02-17 06:00:00,59.68,65.69445,6.014450378417969,6.014450378417969,36
2024-02-17 07:00:00,67.31,66.15875,-1.1512475585937523,1.1512475585937523,36
2024-02-17 08:00:00,67.08,34.201748,-32.87825210571289,32.87825210571289,37
2024-02-17 09:00:00,63.08,32.246,-30.83400161743164,30.83400161743164,37
2024-02-17 10:00:00,60.61,30.109983,-30.500016555786132,30.500016555786132,37
2024-02-17 11:00:00,58.18,29.561537,-28.61846321105957,28.61846321105957,37
2024-02-17 12:00:00,55.24,31.466501,-23.773498764038088,23.773498764038088,37
2024-02-17 13:00:00,58.96,34.21587,-24.744130096435548,24.744130096435548,37
2024-02-17 14:00:00,52.44,42.931957,-9.50804275512695,9.50804275512695,37
2024-02-17 15:00:00,49.27,56.27337,7.003368835449216,7.003368835449216,37
2024-02-17 16:00:00,66.66,69.18839,2.5283926391601597,2.5283926391601597,37
2024-02-17 17:00:00,67.45,76.39142,8.941418457031247,8.941418457031247,37
2024-02-17 18:00:00,82.93,77.189095,-5.740905456542976,5.740905456542976,37
2024-02-17 19:00:00,75.03,70.63464,-4.395356445312501,4.395356445312501,37
2024-02-17 20:00:00,70.75,61.38867,-9.361328125,9.361328125,37
2024-02-17 21:00:00,68.2,51.309406,-16.890593719482425,16.890593719482425,37
2024-02-17 22:00:00,69.11,43.766914,-25.343085632324218,25.343085632324218,37
2024-02-17 23:00:00,59.98,37.21988,-22.760120849609372,22.760120849609372,37
2024-02-18 00:00:00,54.81,27.25376,-27.55624061584473,27.55624061584473,37
2024-02-18 01:00:00,51.05,20.094221,-30.955778884887692,30.955778884887692,37
2024-02-18 02:00:00,49.16,15.217169,-33.9428311920166,33.9428311920166,37
2024-02-18 03:00:00,47.72,17.466856,-30.25314399719238,30.25314399719238,37
2024-02-18 04:00:00,48.47,24.720503,-23.749497146606444,23.749497146606444,37
2024-02-18 05:00:00,46.02,32.38664,-13.633361358642581,13.633361358642581,37
2024-02-18 06:00:00,48.97,37.51302,-11.45698043823242,11.45698043823242,37
2024-02-18 07:00:00,47.28,39.76476,-7.515240936279298,7.515240936279298,37
2024-02-18 08:00:00,43.03,24.937887,-18.09211280822754,18.09211280822754,38
2024-02-18 09:00:00,40.45,21.595022,-18.854977798461917,18.854977798461917,38
2024-02-18 10:00:00,41.0,18.355932,-22.644067764282227,22.644067764282227,38
2024-02-18 11:00:00,34.8,16.476675,-18.32332496643066,18.32332496643066,38
2024-02-18 12:00:00,33.5,18.683958,-14.816041946411133,14.816041946411133,38
2024-02-18 13:00:00,33.2,19.537321,-13.66267890930176,13.66267890930176,38
2024-02-18 14:00:00,30.18,25.309294,-4.8707062530517575,4.8707062530517575,38
2024-02-18 15:00:00,32.2,37.327927,5.127926635742185,5.127926635742185,38
2024-02-18 16:00:00,41.2,51.56053,10.360531616210935,10.360531616210935,38
2024-02-18 17:00:00,51.96,60.5676,8.60760025024414,8.60760025024414,38
2024-02-18 18:00:00,66.99,62.40722,-4.582781066894526,4.582781066894526,38
2024-02-18 19:00:00,64.71,55.64033,-9.069668731689447,9.069668731689447,38
2024-02-18 20:00:00,59.83,46.01974,-13.810258941650389,13.810258941650389,38
2024-02-18 21:00:00,57.33,35.7043,-21.625700073242186,21.625700073242186,38
2024-02-18 22:00:00,53.94,28.167822,-25.772178115844724,25.772178115844724,38
2024-02-18 23:00:00,44.0,23.955946,-20.04405403137207,20.04405403137207,38
2024-02-19 00:00:00,44.33,16.418516,-27.91148384094238,27.91148384094238,38
2024-02-19 01:00:00,44.63,13.163084,-31.466915969848635,31.466915969848635,38
2024-02-19 02:00:00,43.91,14.456717,-29.45328346252441,29.45328346252441,38
2024-02-19 03:00:00,44.92,25.037405,-19.882594985961916,19.882594985961916,38
2024-02-19 04:00:00,51.57,44.191082,-7.378917999267578,7.378917999267578,38
2024-02-19 05:00:00,68.87,61.58173,-7.288270111083989,7.288270111083989,38
2024-02-19 06:00:00,79.26,71.110695,-8.149305114746099,8.149305114746099,38
2024-02-19 07:00:00,83.97,72.09693,-11.873068542480468,11.873068542480468,38
2024-02-19 08:00:00,75.14,46.157295,-28.98270477294922,28.98270477294922,39
2024-02-19 09:00:00,71.05,42.335117,-28.714882659912107,28.714882659912107,39
2024-02-19 10:00:00,69.5,38.31152,-31.188480377197266,31.188480377197266,39
2024-02-19 11:00:00,60.55,35.324146,-25.225853729248044,25.225853729248044,39
2024-02-19 12:00:00,50.65,36.520935,-14.129064941406249,14.129064941406249,39
2024-02-19 13:00:00,46.73,38.84666,-7.883339385986325,7.883339385986325,39
2024-02-19 14:00:00,49.08,46.57672,-2.5032788085937483,2.5032788085937483,39
2024-02-19 15:00:00,56.9,59.42067,2.520669555664064,2.520669555664064,39
2024-02-19 16:00:00,64.07,72.005585,7.935584716796882,7.935584716796882,39
2024-02-19 17:00:00,76.13,78.38061,2.2506076049804733,2.2506076049804733,39
2024-02-19 18:00:00,80.24,77.88236,-2.3576376342773386,2.3576376342773386,39
2024-02-19 19:00:00,72.26,70.88269,-1.3773095703125051,1.3773095703125051,39
2024-02-19 20:00:00,67.57,62.144356,-5.425644226074212,5.425644226074212,39
2024-02-19 21:00:00,66.27,53.501114,-12.768886108398434,12.768886108398434,39
2024-02-19 22:00:00,59.07,46.73066,-12.339340515136719,12.339340515136719,39
2024-02-19 23:00:00,58.06,42.097897,-15.962103424072268,15.962103424072268,39
2024-02-20 00:00:00,54.32,35.02196,-19.298038787841797,19.298038787841797,39
2024-02-20 01:00:00,53.96,31.971601,-21.988398513793946,21.988398513793946,39
2024-02-20 02:00:00,53.66,34.756157,-18.903843078613278,18.903843078613278,39
2024-02-20 03:00:00,53.05,46.406925,-6.6430747985839815,6.6430747985839815,39
2024-02-20 04:00:00,54.98,64.6003,9.620303649902347,9.620303649902347,39
2024-02-20 05:00:00,66.58,79.2004,12.620401306152345,12.620401306152345,39
2024-02-20 06:00:00,72.64,85.72351,13.0835107421875,13.0835107421875,39
2024-02-20 07:00:00,81.47,84.96164,3.491639404296876,3.491639404296876,39
2024-02-20 08:00:00,76.88,85.36037,8.480366821289067,8.480366821289067,40
2024-02-20 09:00:00,69.89,80.859825,10.969825134277343,10.969825134277343,40
2024-02-20 10:00:00,61.11,74.73199,13.62198699951172,13.62198699951172,40
2024-02-20 11:00:00,53.81,69.9816,16.171597900390623,16.171597900390623,40
2024-02-20 12:00:00,51.92,67.7337,15.813703613281248,15.813703613281248,40
2024-02-20 13:00:00,52.34,64.92248,12.582477722167965,12.582477722167965,40
2024-02-20 14:00:00,56.86,64.66549,7.805489196777344,7.805489196777344,40
2024-02-20 15:00:00,61.0,69.50858,8.508583068847656,8.508583068847656,40
2024-02-20 16:00:00,63.6,77.99446,14.394461059570311,14.394461059570311,40
2024-02-20 17:00:00,72.64,85.01924,12.379241333007812,12.379241333007812,40
2024-02-20 18:00:00,75.44,87.489296,12.049295959472659,12.049295959472659,40
2024-02-20 19:00:00,69.36,84.14188,14.781876220703126,14.781876220703126,40
2024-02-20 20:00:00,64.7,77.07117,12.371166992187497,12.371166992187497,40
2024-02-20 21:00:00,63.16,70.06671,6.906711425781253,6.906711425781253,40
2024-02-20 22:00:00,54.76,64.7067,9.946703186035158,9.946703186035158,40
2024-02-20 23:00:00,52.84,61.347042,8.507042083740231,8.507042083740231,40
2024-02-21 00:00:00,49.5,56.262264,6.762264251708984,6.762264251708984,40
2024-02-21 01:00:00,46.99,52.46348,5.47348190307617,5.47348190307617,40
2024-02-21 02:00:00,44.95,50.82832,5.878319549560544,5.878319549560544,40
2024-02-21 03:00:00,45.68,56.13546,10.455459899902344,10.455459899902344,40
2024-02-21 04:00:00,50.35,67.98557,17.635572814941405,17.635572814941405,40
2024-02-21 05:00:00,61.69,80.60026,18.91025787353516,18.91025787353516,40
2024-02-21 06:00:00,69.6,89.24577,19.645773315429693,19.645773315429693,40
2024-02-21 07:00:00,76.7,91.83757,15.137570190429685,15.137570190429685,40
2024-02-21 08:00:00,65.61,80.22089,14.61088623046875,14.61088623046875,41
2024-02-21 09:00:00,64.1,77.31555,13.215551757812506,13.215551757812506,41
2024-02-21 10:00:00,60.39,71.73531,11.345313415527343,11.345313415527343,41
2024-02-21 11:00:00,53.01,67.51508,14.505083312988283,14.505083312988283,41
2024-02-21 12:00:00,51.22,65.11237,13.892373352050782,13.892373352050782,41
2024-02-21 13:00:00,53.79,61.96152,8.171521148681641,8.171521148681641,41
2024-02-21 14:00:00,55.94,61.28867,5.348669586181643,5.348669586181643,41
2024-02-21 15:00:00,50.59,65.00665,14.416652832031247,14.416652832031247,41
2024-02-21 16:00:00,55.08,71.27452,16.19452087402344,16.19452087402344,41
2024-02-21 17:00:00,66.19,76.22463,10.034632263183596,10.034632263183596,41
2024-02-21 18:00:00,63.47,78.028946,14.558945922851564,14.558945922851564,41
2024-02-21 19:00:00,54.76,75.64461,20.884607543945314,20.884607543945314,41
2024-02-21 20:00:00,47.91,70.07712,22.16711791992188,22.16711791992188,41
2024-02-21 21:00:00,43.76,63.6252,19.865198364257814,19.865198364257814,41
2024-02-21 22:00:00,37.14,58.428967,21.288966522216796,21.288966522216796,41
2024-02-21 23:00:00,32.79,54.291893,21.501893005371095,21.501893005371095,41
2024-02-22 00:00:00,29.51,47.778652,18.268652191162108,18.268652191162108,41
2024-02-22 02:00:00,26.78,42.77042,15.99042007446289,15.99042007446289,41
2024-02-22 03:00:00,15.17,38.780384,23.6103840637207,23.6103840637207,41
2024-02-22 04:00:00,36.02,40.47866,4.458660583496091,4.458660583496091,41
2024-02-22 05:00:00,51.57,46.22463,-5.345371551513672,5.345371551513672,41
2024-02-22 06:00:00,62.69,52.82973,-9.86026901245117,9.86026901245117,41
2024-02-22 07:00:00,65.43,59.06684,-6.363158874511726,6.363158874511726,41
2024-02-22 08:00:00,59.14,63.223248,4.083247528076171,4.083247528076171,41
2024-02-22 09:00:00,46.5,57.609264,11.109264373779297,11.109264373779297,42
2024-02-22 10:00:00,52.06,52.870644,0.810643615722654,0.810643615722654,42
2024-02-22 11:00:00,44.25,46.53975,2.2897491455078125,2.2897491455078125,42
2024-02-22 12:00:00,34.96,41.648033,6.688033142089843,6.688033142089843,42
2024-02-22 13:00:00,50.0,40.60771,-9.392288208007812,9.392288208007812,42
2024-02-22 14:00:00,45.36,38.502045,-6.857955322265624,6.857955322265624,42
2024-02-22 15:00:00,36.61,40.48887,3.878868713378907,3.878868713378907,42
2024-02-22 16:00:00,46.45,48.70759,2.2575881958007784,2.2575881958007784,42
2024-02-22 17:00:00,61.42,59.960907,-1.4590930175781267,1.4590930175781267,42
2024-02-22 18:00:00,55.8,67.3236,11.523600769042972,11.523600769042972,42
2024-02-22 19:00:00,44.32,68.39066,24.070663146972656,24.070663146972656,42
2024-02-22 20:00:00,28.9,62.39787,33.49786911010742,33.49786911010742,42
2024-02-22 21:00:00,16.28,53.01616,36.736159057617186,36.736159057617186,42
2024-02-22 22:00:00,5.67,42.525105,36.855104522705076,36.855104522705076,42
2024-02-22 23:00:00,9.57,34.011124,24.441123657226562,24.441123657226562,42
2024-02-23 00:00:00,4.09,29.00109,24.911089096069336,24.911089096069336,42
2024-02-23 01:00:00,3.2,21.418066,18.218066024780274,18.218066024780274,42
2024-02-23 02:00:00,1.83,18.195066,16.36506645202637,16.36506645202637,42
2024-02-23 03:00:00,2.58,18.89054,16.310539169311525,16.310539169311525,42
2024-02-23 04:00:00,7.78,29.489347,21.70934745788574,21.70934745788574,42
2024-02-23 05:00:00,43.84,47.88381,4.043808135986325,4.043808135986325,42
2024-02-23 06:00:00,60.73,65.02412,4.294116516113284,4.294116516113284,42
2024-02-23 07:00:00,62.15,75.48015,13.330148315429689,13.330148315429689,42
2024-02-23 08:00:00,55.21,78.13308,22.923079528808593,22.923079528808593,42
2024-02-23 09:00:00,48.82,56.55322,7.733218841552734,7.733218841552734,43
2024-02-23 10:00:00,44.03,53.95393,9.923929901123046,9.923929901123046,43
2024-02-23 11:00:00,39.96,50.369164,10.409163513183593,10.409163513183593,43
2024-02-23 12:00:00,36.33,47.852894,11.522893829345705,11.522893829345705,43
2024-02-23 13:00:00,41.87,48.56667,6.696669464111331,6.696669464111331,43
2024-02-23 14:00:00,50.97,49.918064,-1.0519358825683582,1.0519358825683582,43
2024-02-23 15:00:00,63.96,55.780373,-8.179627380371095,8.179627380371095,43
2024-02-23 16:00:00,72.61,65.75938,-6.850623474121093,6.850623474121093,43
2024-02-23 17:00:00,86.44,74.317726,-12.122273864746091,12.122273864746091,43
2024-02-23 18:00:00,84.01,77.15667,-6.853330383300786,6.853330383300786,43
2024-02-23 19:00:00,72.97,74.55605,1.5860531616210949,1.5860531616210949,43
2024-02-23 20:00:00,69.26,66.76474,-2.49526000976563,2.49526000976563,43
2024-02-23 21:00:00,67.98,58.121796,-9.858204345703129,9.858204345703129,43
2024-02-23 22:00:00,65.1,49.031277,-16.068723297119135,16.068723297119135,43
2024-02-23 23:00:00,66.47,41.85656,-24.61344024658203,24.61344024658203,43
2024-02-24 00:00:00,63.9,37.377678,-26.52232208251953,26.52232208251953,43
2024-02-24 01:00:00,59.5,30.614016,-28.885984420776367,28.885984420776367,43
2024-02-24 02:00:00,55.2,28.022024,-27.177975845336917,27.177975845336917,43
2024-02-24 03:00:00,55.39,29.796133,-25.593866958618165,25.593866958618165,43
2024-02-24 04:00:00,57.1,40.329662,-16.770337677001955,16.770337677001955,43
2024-02-24 05:00:00,61.67,56.118916,-5.551084442138674,5.551084442138674,43
2024-02-24 06:00:00,66.11,68.64428,2.5342794799804693,2.5342794799804693,43
2024-02-24 07:00:00,64.4,74.43973,10.03972778320312,10.03972778320312,43
2024-02-24 08:00:00,57.6,74.5496,16.949598693847655,16.949598693847655,43
2024-02-24 09:00:00,49.11,37.606285,-11.503714904785156,11.503714904785156,44
2024-02-24 10:00:00,45.71,37.153477,-8.55652328491211,8.55652328491211,44
2024-02-24 11:00:00,40.3,36.90472,-3.395279693603513,3.395279693603513,44
2024-02-24 12:00:00,32.22,38.443516,6.223515777587892,6.223515777587892,44
2024-02-24 13:00:00,37.6,41.576977,3.9769767761230455,3.9769767761230455,44
2024-02-24 14:00:00,45.0,45.06031,0.06031036376953125,0.06031036376953125,44
2024-02-24 15:00:00,55.94,52.96326,-2.976739349365232,2.976739349365232,44
2024-02-24 16:00:00,63.83,63.621227,-0.20877273559570142,0.20877273559570142,44
2024-02-24 17:00:00,68.16,69.99228,1.8322790527343784,1.8322790527343784,44
2024-02-24 18:00:00,74.13,70.24422,-3.885783081054683,3.885783081054683,44
2024-02-24 19:00:00,65.17,66.05378,0.8837796020507795,0.8837796020507795,44
2024-02-24 20:00:00,59.94,56.73822,-3.2017797851562477,3.2017797851562477,44
2024-02-24 21:00:00,58.03,47.360798,-10.669202117919923,10.669202117919923,44
2024-02-24 22:00:00,54.98,36.933674,-18.04632614135742,18.04632614135742,44
2024-02-24 23:00:00,56.57,29.256964,-27.313036270141602,27.313036270141602,44
2024-02-25 00:00:00,55.44,23.891806,-31.548194351196287,31.548194351196287,44
2024-02-25 01:00:00,55.39,14.958212,-40.43178810119629,40.43178810119629,44
2024-02-25 02:00:00,54.9,10.039564,-44.86043586730957,44.86043586730957,44
2024-02-25 03:00:00,55.2,8.416258,-46.783742141723636,46.783742141723636,44
2024-02-25 04:00:00,55.07,15.621016,-39.448984451293946,39.448984451293946,44
2024-02-25 05:00:00,57.02,26.9317,-30.088300247192386,30.088300247192386,44
2024-02-25 06:00:00,59.92,34.9897,-24.93029968261719,24.93029968261719,44
2024-02-25 07:00:00,63.82,37.70592,-26.114078826904297,26.114078826904297,44
2024-02-25 08:00:00,63.42,36.661667,-26.758333129882814,26.758333129882814,44
2024-02-25 09:00:00,56.69,34.36933,-22.320668640136716,22.320668640136716,45
2024-02-25 10:00:00,54.37,33.091553,-21.278447265624997,21.278447265624997,45
2024-02-25 11:00:00,50.0,30.680807,-19.31919288635254,19.31919288635254,45
2024-02-25 12:00:00,46.03,28.73812,-17.29188087463379,17.29188087463379,45
2024-02-25 13:00:00,49.84,31.02049,-18.8195093536377,18.8195093536377,45
2024-02-25 14:00:00,55.0,33.39742,-21.602581024169922,21.602581024169922,45
2024-02-25 15:00:00,60.61,40.613167,-19.996833190917968,19.996833190917968,45
2024-02-25 16:00:00,58.85,51.988125,-6.861875152587892,6.861875152587892,45
2024-02-25 17:00:00,67.75,61.174103,-6.575897216796875,6.575897216796875,45
2024-02-25 18:00:00,76.28,62.95333,-13.326669006347657,13.326669006347657,45
2024-02-25 19:00:00,69.62,58.916172,-10.703827972412114,10.703827972412114,45
2024-02-25 20:00:00,64.49,49.809547,-14.680452575683589,14.680452575683589,45
2024-02-25 21:00:00,65.23,41.607693,-23.622307281494145,23.622307281494145,45
2024-02-25 22:00:00,58.38,32.994793,-25.38520706176758,25.38520706176758,45
2024-02-25 23:00:00,57.83,26.712614,-31.117385940551756,31.117385940551756,45
2024-02-26 00:00:00,56.82,23.665289,-33.1547110748291,33.1547110748291,45
2024-02-26 01:00:00,55.68,19.02374,-36.65625923156738,36.65625923156738,45
2024-02-26 02:00:00,51.8,21.15782,-30.642180252075192,30.642180252075192,45
2024-02-26 03:00:00,52.46,29.4456,-23.014399490356446,23.014399490356446,45
2024-02-26 04:00:00,57.92,45.022446,-12.897554321289064,12.897554321289064,45
2024-02-26 05:00:00,64.85,63.51405,-1.3359504699706974,1.3359504699706974,45
2024-02-26 06:00:00,74.25,74.45736,0.20735931396484375,0.20735931396484375,45
2024-02-26 07:00:00,81.6,77.32027,-4.279733276367182,4.279733276367182,45
2024-02-26 08:00:00,73.83,75.22574,1.3957385253906267,1.3957385253906267,45
2024-02-26 09:00:00,66.65,55.50846,-11.14153900146485,11.14153900146485,46
2024-02-26 10:00:00,65.03,53.462234,-11.567765502929689,11.567765502929689,46
2024-02-26 11:00:00,58.42,49.802708,-8.617292327880861,8.617292327880861,46
2024-02-26 12:00:00,58.19,47.0769,-11.113099517822263,11.113099517822263,46
2024-02-26 13:00:00,61.29,47.728912,-13.561087646484374,13.561087646484374,46
2024-02-26 14:00:00,64.95,47.969097,-16.98090286254883,16.98090286254883,46
2024-02-26 15:00:00,69.41,52.04078,-17.369220886230465,17.369220886230465,46
2024-02-26 16:00:00,77.0,59.99065,-17.009349822998047,17.009349822998047,46
2024-02-26 17:00:00,85.48,66.65987,-18.82013366699219,18.82013366699219,46
2024-02-26 18:00:00,81.55,67.29312,-14.256878662109372,14.256878662109372,46
2024-02-26 19:00:00,73.13,62.35181,-10.77818954467773,10.77818954467773,46
2024-02-26 20:00:00,66.12,52.132458,-13.987542266845708,13.987542266845708,46
2024-02-26 21:00:00,65.21,41.792812,-23.417187652587884,23.417187652587884,46
2024-02-26 22:00:00,60.76,30.322588,-30.437412033081053,30.437412033081053,46
2024-02-26 23:00:00,57.62,20.9652,-36.65479957580566,36.65479957580566,46
2024-02-27 00:00:00,57.55,16.00633,-41.54366950988769,41.54366950988769,46
2024-02-27 01:00:00,57.35,10.047834,-47.3021656036377,47.3021656036377,46
2024-02-27 02:00:00,56.87,11.579321,-45.290679092407224,45.290679092407224,46
2024-02-27 03:00:00,57.35,18.152037,-39.197963333129884,39.197963333129884,46
2024-02-27 04:00:00,61.16,34.2927,-26.86729827880859,26.86729827880859,46
2024-02-27 05:00:00,65.76,54.762882,-10.99711776733399,10.99711776733399,46
2024-02-27 06:00:00,69.24,69.735695,0.49569488525391137,0.49569488525391137,46
2024-02-27 07:00:00,90.77,76.3598,-14.410197753906246,14.410197753906246,46
2024-02-27 08:00:00,80.81,76.024414,-4.785585937500002,4.785585937500002,46
2024-02-27 09:00:00,68.71,72.69235,3.9823522949218813,3.9823522949218813,47
2024-02-27 10:00:00,63.86,69.90465,6.044647827148438,6.044647827148438,47
2024-02-27 11:00:00,58.19,66.808914,8.618914184570315,8.618914184570315,47
2024-02-27 12:00:00,58.22,64.17744,5.957436828613282,5.957436828613282,47
2024-02-27 13:00:00,62.3,64.775925,2.4759246826171903,2.4759246826171903,47
2024-02-27 14:00:00,65.97,67.88313,1.9131329345703136,1.9131329345703136,47
2024-02-27 15:00:00,58.29,74.81494,16.52494140625,16.52494140625,47
2024-02-27 16:00:00,59.74,83.74472,24.004720458984373,24.004720458984373,47
2024-02-27 17:00:00,96.67,88.87525,-7.7947482299804705,7.7947482299804705,47
2024-02-27 18:00:00,105.17,88.13909,-17.030908508300783,17.030908508300783,47
2024-02-27 19:00:00,84.69,83.48069,-1.2093099975585915,1.2093099975585915,47
2024-02-27 20:00:00,73.05,76.60159,3.551593017578128,3.551593017578128,47
2024-02-27 21:00:00,70.45,70.74317,0.2931716918945284,0.2931716918945284,47
2024-02-27 22:00:00,64.97,65.49312,0.5231182861328136,0.5231182861328136,47
2024-02-27 23:00:00,60.36,61.410805,1.0508047485351568,1.0508047485351568,47
2024-02-28 00:00:00,59.4,58.82927,-0.5707305908203111,0.5707305908203111,47
2024-02-28 01:00:00,61.34,55.961723,-5.378276672363285,5.378276672363285,47
2024-02-28 02:00:00,63.46,57.456516,-6.00348373413086,6.00348373413086,47
2024-02-28 03:00:00,63.87,64.381744,0.5117443847656276,0.5117443847656276,47
2024-02-28 04:00:00,67.63,76.00766,8.37765991210938,8.37765991210938,47
2024-02-28 05:00:00,71.04,89.05645,18.016449890136712,18.016449890136712,47
2024-02-28 06:00:00,80.1,96.005646,15.90564575195313,15.90564575195313,47
2024-02-28 07:00:00,104.49,96.41647,-8.07352661132812,8.07352661132812,47
2024-02-28 08:00:00,85.46,92.03223,6.572226562500006,6.572226562500006,47
2024-02-28 09:00:00,73.99,79.8029,5.812902221679693,5.812902221679693,48
2024-02-28 10:00:00,67.55,77.65745,10.107447814941409,10.107447814941409,48
2024-02-28 11:00:00,63.93,73.7277,9.797699279785157,9.797699279785157,48
2024-02-28 12:00:00,56.78,70.81284,14.032843322753905,14.032843322753905,48
2024-02-28 13:00:00,56.38,70.1033,13.723302001953122,13.723302001953122,48
2024-02-28 14:00:00,53.64,70.3812,16.741202697753906,16.741202697753906,48
2024-02-28 15:00:00,49.65,73.60089,23.95089111328125,23.95089111328125,48
2024-02-28 16:00:00,60.25,79.2187,18.96869659423828,18.96869659423828,48
2024-02-28 17:00:00,75.86,83.04963,7.189629211425782,7.189629211425782,48
2024-02-28 18:00:00,79.0,82.89357,3.8935699462890625,3.8935699462890625,48
2024-02-28 19:00:00,66.96,79.539925,12.579924621582038,12.579924621582038,48
2024-02-28 20:00:00,64.07,73.76504,9.6950375366211,9.6950375366211,48
2024-02-28 21:00:00,64.77,67.621895,2.8518948364257852,2.8518948364257852,48
2024-02-28 22:00:00,55.68,60.977367,5.297367401123047,5.297367401123047,48
2024-02-28 23:00:00,55.78,55.29666,-0.48333862304687614,0.48333862304687614,48
2024-02-29 00:00:00,54.03,51.29625,-2.7337506103515636,2.7337506103515636,48
2024-02-29 01:00:00,50.87,45.978233,-4.891766662597654,4.891766662597654,48
2024-02-29 02:00:00,47.97,43.919785,-4.050215454101561,4.050215454101561,48
2024-02-29 03:00:00,47.1,44.587242,-2.5127578735351577,2.5127578735351577,48
2024-02-29 04:00:00,52.71,51.268852,-1.441147766113282,1.441147766113282,48
2024-02-29 05:00:00,63.5,60.55339,-2.9466094970703125,2.9466094970703125,48
2024-02-29 06:00:00,74.85,67.52134,-7.328660583496088,7.328660583496088,48
2024-02-29 07:00:00,74.95,71.17156,-3.778437805175784,3.778437805175784,48
2024-02-29 08:00:00,70.71,71.69584,0.9858389282226625,0.9858389282226625,48
2024-02-29 09:00:00,64.43,71.35323,6.923233337402337,6.923233337402337,49
2024-02-29 10:00:00,62.96,68.49784,5.537840881347655,5.537840881347655,49
2024-02-29 11:00:00,57.36,64.32744,6.967438354492188,6.967438354492188,49
2024-02-29 12:00:00,56.34,61.225544,4.885543975830075,4.885543975830075,49
2024-02-29 13:00:00,58.18,60.83535,2.655350036621094,2.655350036621094,49
2024-02-29 14:00:00,65.39,61.619907,-3.77009262084961,3.77009262084961,49
2024-02-29 15:00:00,66.5,66.05984,-0.44016265869140625,0.44016265869140625,49
2024-02-29 16:00:00,69.34,73.44193,4.101932678222653,4.101932678222653,49
2024-02-29 17:00:00,86.26,78.99925,-7.260747680664068,7.260747680664068,49
2024-02-29 18:00:00,80.99,79.8309,-1.1590979003906199,1.1590979003906199,49
2024-02-29 19:00:00,72.77,76.76035,3.9903530883789102,3.9903530883789102,49
2024-02-29 20:00:00,67.25,70.42523,3.17523193359375,3.17523193359375,49
2024-02-29 21:00:00,64.9,63.745056,-1.1549438476562557,1.1549438476562557,49
2024-02-29 22:00:00,60.9,56.62245,-4.277548217773436,4.277548217773436,49
2024-02-29 23:00:00,62.04,50.949356,-11.090643920898437,11.090643920898437,49
2024-03-01 00:00:00,61.42,47.240883,-14.179117126464845,14.179117126464845,49
2024-03-01 01:00:00,58.14,42.056145,-16.083855285644532,16.083855285644532,49
2024-03-01 02:00:00,57.83,40.618732,-17.21126754760742,17.21126754760742,49
2024-03-01 03:00:00,58.3,42.308388,-15.991612243652341,15.991612243652341,49
2024-03-01 04:00:00,62.49,49.82068,-12.669321289062502,12.669321289062502,49
2024-03-01 05:00:00,71.58,59.620674,-11.959325866699217,11.959325866699217,49
2024-03-01 06:00:00,79.36,65.929756,-13.430243835449218,13.430243835449218,49
2024-03-01 07:00:00,79.07,68.117935,-10.95206481933593,10.95206481933593,49
2024-03-01 08:00:00,71.34,67.16108,-4.178920593261722,4.178920593261722,49
2024-03-01 09:00:00,66.55,48.128513,-18.421486663818357,18.421486663818357,50
2024-03-01 10:00:00,65.24,45.69353,-19.54646896362304,19.54646896362304,50
2024-03-01 11:00:00,63.87,42.884125,-20.985875244140622,20.985875244140622,50
2024-03-01 12:00:00,59.7,41.30488,-18.39512176513672,18.39512176513672,50
2024-03-01 13:00:00,64.9,42.659935,-22.240065002441412,22.240065002441412,50
2024-03-01 14:00:00,59.83,44.741795,-15.088205413818358,15.088205413818358,50
2024-03-01 15:00:00,55.55,51.69406,-3.855938720703122,3.855938720703122,50
2024-03-01 16:00:00,60.71,62.49898,1.7889814758300773,1.7889814758300773,50
2024-03-01 17:00:00,82.45,71.05804,-11.391963195800784,11.391963195800784,50
2024-03-01 18:00:00,87.19,73.16615,-14.023847045898435,14.023847045898435,50
2024-03-01 19:00:00,77.49,69.54397,-7.946031799316401,7.946031799316401,50
2024-03-01 20:00:00,71.62,60.30989,-11.310109252929692,11.310109252929692,50
2024-03-01 21:00:00,70.06,50.859184,-19.200815734863284,19.200815734863284,50
2024-03-01 22:00:00,66.39,40.837296,-25.552704467773438,25.552704467773438,50
2024-03-01 23:00:00,59.95,33.425602,-26.524398040771487,26.524398040771487,50
2024-03-02 00:00:00,56.03,28.981009,-27.048991470336915,27.048991470336915,50
2024-03-02 01:00:00,56.02,22.344671,-33.675328750610355,33.675328750610355,50
2024-03-02 02:00:00,55.48,20.801237,-34.678762893676755,34.678762893676755,50
2024-03-02 03:00:00,54.88,23.240522,-31.639477615356448,31.639477615356448,50
2024-03-02 04:00:00,55.99,33.479588,-22.51041244506836,22.51041244506836,50
2024-03-02 05:00:00,56.58,47.25086,-9.329141693115233,9.329141693115233,50
2024-03-02 06:00:00,60.67,56.44122,-4.228780670166017,4.228780670166017,50
2024-03-02 07:00:00,63.76,59.096806,-4.663194427490232,4.663194427490232,50
2024-03-02 08:00:00,65.75,57.17745,-8.572551727294922,8.572551727294922,50
2024-03-02 09:00:00,60.44,50.450348,-9.989652099609373,9.989652099609373,51
2024-03-02 10:00:00,61.61,49.280632,-12.32936798095703,12.32936798095703,51
2024-03-02 11:00:00,57.66,48.141953,-9.518047485351559,9.518047485351559,51
2024-03-02 12:00:00,54.9,48.729317,-6.170683288574217,6.170683288574217,51
2024-03-02 13:00:00,59.86,52.01987,-7.840129241943359,7.840129241943359,51
2024-03-02 14:00:00,66.08,58.154503,-7.9254971313476545,7.9254971313476545,51
2024-03-02 15:00:00,73.0,68.13761,-4.862388610839844,4.862388610839844,51
2024-03-02 16:00:00,79.55,78.40516,-1.144841003417966,1.144841003417966,51
2024-03-02 17:00:00,93.6,83.366425,-10.23357543945312,10.23357543945312,51
2024-03-02 18:00:00,89.9,82.99241,-6.907591247558599,6.907591247558599,51
2024-03-02 19:00:00,76.98,80.28479,3.304790039062496,3.304790039062496,51
2024-03-02 20:00:00,72.28,75.02362,2.743620605468749,2.743620605468749,51
2024-03-02 21:00:00,79.63,69.96694,-9.663058166503902,9.663058166503902,51
2024-03-02 22:00:00,74.41,64.756615,-9.653385314941403,9.653385314941403,51
2024-03-02 23:00:00,59.74,61.41204,1.6720407104492168,1.6720407104492168,51
2024-03-03 00:00:00,61.28,58.294018,-2.9859822082519543,2.9859822082519543,51
2024-03-03 01:00:00,61.14,53.104076,-8.035923614501954,8.035923614501954,51
2024-03-03 02:00:00,56.91,49.577797,-7.33220306396484,7.33220306396484,51
2024-03-03 03:00:00,55.41,47.530495,-7.87950531005859,7.87950531005859,51
2024-03-03 04:00:00,57.57,47.65291,-9.917091674804688,9.917091674804688,51
2024-03-03 05:00:00,61.13,48.39279,-12.737208251953128,12.737208251953128,51
2024-03-03 06:00:00,63.71,47.439964,-16.270035705566407,16.270035705566407,51
2024-03-03 07:00:00,63.35,45.88942,-17.46058044433594,17.46058044433594,51
2024-03-03 08:00:00,63.01,44.396378,-18.613622436523436,18.613622436523436,51
2024-03-03 09:00:00,62.41,44.237476,-18.172523651123043,18.172523651123043,52
2024-03-03 10:00:00,60.53,40.965343,-19.564656524658204,19.564656524658204,52
2024-03-03 11:00:00,50.96,37.953747,-13.006253204345704,13.006253204345704,52
2024-03-03 12:00:00,42.51,35.38104,-7.128961334228514,7.128961334228514,52
2024-03-03 13:00:00,46.84,37.195423,-9.6445768737793,9.6445768737793,52
2024-03-03 14:00:00,54.93,41.535557,-13.394443206787109,13.394443206787109,52
2024-03-03 15:00:00,60.28,52.019238,-8.260762481689454,8.260762481689454,52
2024-03-03 16:00:00,71.86,67.03347,-4.826529846191406,4.826529846191406,52
2024-03-03 17:00:00,78.53,79.339226,0.8092257690429676,0.8092257690429676,52
2024-03-03 18:00:00,86.96,84.03098,-2.9290170288085875,2.9290170288085875,52
2024-03-03 19:00:00,81.8,81.87919,0.07918853759765909,0.07918853759765909,52
2024-03-03 20:00:00,75.0,74.23512,-0.7648773193359375,0.7648773193359375,52
2024-03-03 21:00:00,72.18,66.40962,-5.770377807617194,5.770377807617194,52
2024-03-03 22:00:00,72.42,59.514,-12.906000061035158,12.906000061035158,52
2024-03-03 23:00:00,69.13,54.47251,-14.65748870849609,14.65748870849609,52
2024-03-04 00:00:00,67.9,50.48356,-17.41644134521485,17.41644134521485,52
2024-03-04 01:00:00,67.41,44.26107,-23.148929748535153,23.148929748535153,52
2024-03-04 02:00:00,66.22,42.327805,-23.89219543457031,23.89219543457031,52
2024-03-04 03:00:00,65.59,48.086533,-17.503467407226566,17.503467407226566,52
2024-03-04 04:00:00,70.83,61.892235,-8.937765197753905,8.937765197753905,52
2024-03-04 05:00:00,81.18,80.527725,-0.6522747802734443,0.6522747802734443,52
2024-03-04 06:00:00,96.67,92.60835,-4.061647338867189,4.061647338867189,52
2024-03-04 07:00:00,102.97,95.49284,-7.477156372070311,7.477156372070311,52
2024-03-04 08:00:00,85.02,91.7442,6.724201660156254,6.724201660156254,52
2024-03-04 09:00:00,73.56,76.29821,2.7382101440429665,2.7382101440429665,53
2024-03-04 10:00:00,66.02,73.880066,7.860065917968754,7.860065917968754,53
2024-03-04 11:00:00,64.69,70.34137,5.651369628906252,5.651369628906252,53
2024-03-04 12:00:00,61.29,67.38611,6.096108398437501,6.096108398437501,53
2024-03-04 13:00:00,62.5,67.388054,4.888053894042969,4.888053894042969,53
2024-03-04 14:00:00,69.86,69.62475,-0.23525177001953068,0.23525177001953068,53
2024-03-04 15:00:00,68.31,75.93941,7.62940734863281,7.62940734863281,53
2024-03-04 16:00:00,68.04,84.673676,16.63367553710937,16.63367553710937,53
2024-03-04 17:00:00,105.18,89.75725,-15.42275207519532,15.42275207519532,53
2024-03-04 18:00:00,99.13,88.465225,-10.664774780273433,10.664774780273433,53
2024-03-04 19:00:00,80.52,82.56647,2.046467285156254,2.046467285156254,53
2024-03-04 20:00:00,71.39,73.96032,2.570319519042968,2.570319519042968,53
2024-03-04 21:00:00,67.49,66.3624,-1.1276037597656199,1.1276037597656199,53
2024-03-04 22:00:00,63.93,58.90727,-5.022731475830078,5.022731475830078,53
2024-03-04 23:00:00,61.96,52.748196,-9.211804351806641,9.211804351806641,53
2024-03-05 00:00:00,61.67,48.812206,-12.857793731689455,12.857793731689455,53
2024-03-05 01:00:00,61.33,44.704323,-16.625677185058592,16.625677185058592,53
2024-03-05 02:00:00,59.86,46.075195,-13.7848046875,13.7848046875,53
2024-03-05 03:00:00,60.56,52.78099,-7.779009399414065,7.779009399414065,53
2024-03-05 04:00:00,61.67,65.79935,4.129346923828123,4.129346923828123,53
2024-03-05 05:00:00,71.53,80.08279,8.552786560058593,8.552786560058593,53
2024-03-05 06:00:00,79.28,87.88844,8.608442993164061,8.608442993164061,53
2024-03-05 07:00:00,83.02,88.96286,5.942860107421879,5.942860107421879,53
2024-03-05 08:00:00,77.0,85.73729,8.737289428710938,8.737289428710938,53
2024-03-05 09:00:00,71.15,80.886505,9.73650512695312,9.73650512695312,54
2024-03-05 10:00:00,69.72,78.50817,8.78817108154297,8.78817108154297,54
2024-03-05 11:00:00,66.17,75.765854,9.595853881835936,9.595853881835936,54
2024-03-05 12:00:00,66.07,73.877815,7.807815246582038,7.807815246582038,54
2024-03-05 13:00:00,69.85,74.26306,4.413061523437506,4.413061523437506,54
2024-03-05 14:00:00,71.15,76.84506,5.695062255859369,5.695062255859369,54
2024-03-05 15:00:00,76.39,82.45308,6.063079223632812,6.063079223632812,54
2024-03-05 16:00:00,83.15,89.70619,6.556192016601557,6.556192016601557,54
2024-03-05 17:00:00,104.66,95.20516,-9.454837951660153,9.454837951660153,54
2024-03-05 18:00:00,125.17,96.99494,-28.17505828857422,28.17505828857422,54
2024-03-05 19:00:00,104.29,95.5342,-8.755797424316413,8.755797424316413,54
2024-03-05 20:00:00,90.11,91.42133,1.3113333129882818,1.3113333129882818,54
2024-03-05 21:00:00,85.41,86.666084,1.2560842895507847,1.2560842895507847,54
2024-03-05 22:00:00,72.86,82.81357,9.953568115234376,9.953568115234376,54
2024-03-05 23:00:00,71.0,79.70209,8.70208740234375,8.70208740234375,54
2024-03-06 00:00:00,70.7,77.305435,6.60543518066406,6.60543518066406,54
2024-03-06 01:00:00,70.46,74.10347,3.6434698486328188,3.6434698486328188,54
2024-03-06 02:00:00,69.74,72.18067,2.4406716918945364,2.4406716918945364,54
2024-03-06 03:00:00,70.46,73.246605,2.7866049194336,2.7866049194336,54
2024-03-06 04:00:00,73.91,77.77207,3.8620718383789097,3.8620718383789097,54
2024-03-06 05:00:00,83.98,84.83518,0.8551821899414023,0.8551821899414023,54
2024-03-06 06:00:00,106.64,89.84626,-16.79373992919922,16.79373992919922,54
2024-03-06 07:00:00,108.7,91.34377,-17.35622711181641,17.35622711181641,54
2024-03-06 08:00:00,87.21,89.50755,2.2975531005859438,2.2975531005859438,54
2024-03-06 09:00:00,76.82,85.76302,8.94302337646485,8.94302337646485,55
2024-03-06 10:00:00,72.74,83.53754,10.797536621093755,10.797536621093755,55
2024-03-06 11:00:00,69.37,80.63437,11.26436889648437,11.26436889648437,55
2024-03-06 12:00:00,69.29,78.45019,9.160187683105462,9.160187683105462,55
2024-03-06 13:00:00,70.64,78.30348,7.663482055664062,7.663482055664062,55
2024-03-06 14:00:00,72.35,80.18027,7.830267333984381,7.830267333984381,55
2024-03-06 15:00:00,74.51,84.94928,10.439279785156245,10.439279785156245,55
2024-03-06 16:00:00,79.47,91.394875,11.924874572753907,11.924874572753907,55
2024-03-06 17:00:00,116.74,95.53791,-21.202089538574214,21.202089538574214,55
2024-03-06 18:00:00,119.27,95.82421,-23.445788879394527,23.445788879394527,55
2024-03-06 19:00:00,93.48,93.15571,-0.32429168701172273,0.32429168701172273,55
2024-03-06 20:00:00,80.15,88.57998,8.429978942871088,8.429978942871088,55
2024-03-06 21:00:00,77.98,83.783806,5.803805847167965,5.803805847167965,55
2024-03-06 22:00:00,74.34,79.8559,5.515903625488278,5.515903625488278,55
2024-03-06 23:00:00,73.33,76.59094,3.2609423828125017,3.2609423828125017,55
2024-03-07 00:00:00,72.32,74.274704,1.9547039794921943,1.9547039794921943,55
2024-03-07 01:00:00,70.34,71.17723,0.8372308349609341,0.8372308349609341,55
2024-03-07 02:00:00,68.71,69.75285,1.0428533935546938,1.0428533935546938,55
2024-03-07 03:00:00,69.89,71.6142,1.7241967773437494,1.7241967773437494,55
2024-03-07 04:00:00,73.13,77.58956,4.459561462402348,4.459561462402348,55
2024-03-07 05:00:00,84.27,86.054695,1.7846951293945352,1.7846951293945352,55
2024-03-07 06:00:00,103.2,92.04712,-11.152880859375003,11.152880859375003,55
2024-03-07 07:00:00,96.7,94.04148,-2.6585189819335966,2.6585189819335966,55
2024-03-07 08:00:00,79.09,92.27375,13.183750305175778,13.183750305175778,55
2024-03-07 09:00:00,71.31,78.41801,7.108006896972654,7.108006896972654,56
2024-03-07 10:00:00,66.16,75.006134,8.846134033203128,8.846134033203128,56
2024-03-07 11:00:00,61.58,70.24012,8.660119934082033,8.660119934082033,56
2024-03-07 12:00:00,59.82,66.29093,6.470931701660156,6.470931701660156,56
2024-03-07 13:00:00,63.19,65.31969,2.1296868896484398,2.1296868896484398,56
2024-03-07 14:00:00,60.97,65.711174,4.74117401123047,4.74117401123047,56
2024-03-07 15:00:00,57.7,69.53568,11.835682678222653,11.835682678222653,56
2024-03-07 16:00:00,69.07,76.46967,7.399673156738288,7.399673156738288,56
2024-03-07 17:00:00,78.06,82.596924,4.536923828124998,4.536923828124998,56
2024-03-07 18:00:00,89.57,84.4178,-5.152199096679681,5.152199096679681,56
2024-03-07 19:00:00,74.06,82.25582,8.195821228027341,8.195821228027341,56
2024-03-07 20:00:00,73.78,77.036316,3.256315917968749,3.256315917968749,56
2024-03-07 21:00:00,73.56,71.25664,-2.3033624267578148,2.3033624267578148,56
2024-03-07 22:00:00,68.02,65.547775,-2.4722247314453085,2.4722247314453085,56
2024-03-07 23:00:00,68.69,60.844322,-7.845677795410154,7.845677795410154,56
2024-03-08 00:00:00,66.96,58.00916,-8.950840911865228,8.950840911865228,56
2024-03-08 01:00:00,67.01,54.27954,-12.730458984375005,12.730458984375005,56
2024-03-08 02:00:00,65.99,53.738514,-12.251486053466792,12.251486053466792,56
2024-03-08 03:00:00,62.91,56.456406,-6.453594360351559,6.453594360351559,56
2024-03-08 04:00:00,67.42,64.09508,-3.324922485351564,3.324922485351564,56
2024-03-08 05:00:00,76.72,74.34129,-2.3787066650390614,2.3787066650390614,56
2024-03-08 06:00:00,94.66,81.528694,-13.131305847167965,13.131305847167965,56
2024-03-08 07:00:00,88.89,84.38598,-4.504021301269532,4.504021301269532,56
2024-03-08 08:00:00,74.36,83.359024,8.999024047851563,8.999024047851563,56
2024-03-08 09:00:00,59.02,60.79101,1.7710118103027312,1.7710118103027312,57
2024-03-08 10:00:00,52.52,57.878834,5.35883377075195,5.35883377075195,57
2024-03-08 11:00:00,42.33,54.372726,12.04272644042969,12.04272644042969,57
2024-03-08 12:00:00,29.07,52.14873,23.078731231689453,23.078731231689453,57
2024-03-08 13:00:00,42.96,52.596756,9.636755981445312,9.636755981445312,57
2024-03-08 14:00:00,48.91,54.446697,5.536697235107425,5.536697235107425,57
2024-03-08 15:00:00,58.06,60.950554,2.8905538940429665,2.8905538940429665,57
2024-03-08 16:00:00,73.96,70.74795,-3.2120523071289,3.2120523071289,57
2024-03-08 17:00:00,85.55,77.83028,-7.719723510742185,7.719723510742185,57
2024-03-08 18:00:00,81.96,78.763084,-3.1969155883789,3.1969155883789,57
2024-03-08 19:00:00,73.13,74.41295,1.282948608398442,1.282948608398442,57
2024-03-08 20:00:00,66.03,65.25754,-0.7724621582031261,0.7724621582031261,57
2024-03-08 21:00:00,65.68,55.80262,-9.877380065917976,9.877380065917976,57
2024-03-08 22:00:00,60.54,45.64563,-14.8943701171875,14.8943701171875,57
2024-03-08 23:00:00,57.31,37.840763,-19.469236907958987,19.469236907958987,57
2024-03-09 00:00:00,55.64,32.886612,-22.753388061523438,22.753388061523438,57
2024-03-09 01:00:00,54.47,26.519033,-27.950966567993163,27.950966567993163,57
2024-03-09 02:00:00,53.25,25.592619,-27.657381057739258,27.657381057739258,57
2024-03-09 03:00:00,49.47,28.487844,-20.982155532836913,20.982155532836913,57
2024-03-09 04:00:00,48.75,38.32705,-10.422950744628906,10.422950744628906,57
2024-03-09 05:00:00,51.34,50.36139,-0.9786108398437534,0.9786108398437534,57
2024-03-09 06:00:00,53.06,57.744778,4.684777679443357,4.684777679443357,57
2024-03-09 08:00:00,48.12,59.659496,11.53949630737305,11.53949630737305,57
2024-03-09 09:00:00,36.42,57.587543,21.167543487548826,21.167543487548826,57
2024-03-09 10:00:00,18.45,44.832973,26.38297348022461,26.38297348022461,58
2024-03-09 11:00:00,9.22,43.969025,34.749024658203126,34.749024658203126,58
2024-03-09 12:00:00,7.88,42.79385,34.91384994506836,34.91384994506836,58
2024-03-09 13:00:00,17.85,43.075363,25.225363159179686,25.225363159179686,58
2024-03-09 14:00:00,28.9,46.168575,17.268575286865236,17.268575286865236,58
2024-03-09 15:00:00,52.67,51.19223,-1.4777697753906267,1.4777697753906267,58
2024-03-09 16:00:00,69.82,60.809998,-9.010002441406243,9.010002441406243,58
2024-03-09 17:00:00,78.32,72.12709,-6.192909545898431,6.192909545898431,58
2024-03-09 18:00:00,77.5,78.38133,0.8813323974609375,0.8813323974609375,58
2024-03-09 19:00:00,68.85,78.07788,9.227880859375006,9.227880859375006,58
2024-03-09 20:00:00,60.47,74.30802,13.838021545410157,13.838021545410157,58
2024-03-09 21:00:00,64.79,67.27188,2.4818811035156187,2.4818811035156187,58
2024-03-09 22:00:00,63.64,60.62082,-3.0191809082031256,3.0191809082031256,58
2024-03-09 23:00:00,48.65,53.512924,4.862924194335939,4.862924194335939,58
2024-03-10 00:00:00,46.06,48.29757,2.2375692749023415,2.2375692749023415,58
2024-03-10 01:00:00,40.98,44.421173,3.441173095703128,3.441173095703128,58
2024-03-10 02:00:00,35.55,38.444588,2.894587707519534,2.894587707519534,58
2024-03-10 03:00:00,32.39,36.348915,3.9589151000976557,3.9589151000976557,58
2024-03-10 04:00:00,32.28,38.029842,5.749842376708983,5.749842376708983,58
2024-03-10 05:00:00,33.91,44.512585,10.6025846862793,10.6025846862793,58
2024-03-10 06:00:00,39.49,51.881264,12.391263732910154,12.391263732910154,58
2024-03-10 07:00:00,47.34,54.776203,7.436203155517575,7.436203155517575,58
2024-03-10 08:00:00,52.11,54.20593,2.095928802490235,2.095928802490235,58
2024-03-10 09:00:00,44.88,52.44976,7.569760437011716,7.569760437011716,58
2024-03-10 10:00:00,49.22,50.83036,1.6103604125976574,1.6103604125976574,59
2024-03-10 11:00:00,52.04,48.999966,-3.0400343322753898,3.0400343322753898,59
2024-03-10 12:00:00,45.26,46.70627,1.446268310546877,1.446268310546877,59
2024-03-10 13:00:00,39.58,45.585583,6.005582733154299,6.005582733154299,59
2024-03-10 14:00:00,45.81,49.412502,3.602502288818357,3.602502288818357,59
2024-03-10 15:00:00,61.44,56.53443,-4.9055685424804665,4.9055685424804665,59
2024-03-10 16:00:00,74.13,68.51986,-5.610140686035152,5.610140686035152,59
2024-03-10 17:00:00,79.54,81.908195,2.3681954956054625,2.3681954956054625,59
2024-03-10 18:00:00,89.63,89.33009,-0.29990661621093295,0.29990661621093295,59
2024-03-10 19:00:00,80.97,88.00041,7.030411987304689,7.030411987304689,59
2024-03-10 20:00:00,74.72,81.84998,7.129983215332032,7.129983215332032,59
2024-03-10 21:00:00,73.78,73.03051,-0.7494900512695324,0.7494900512695324,59
2024-03-10 22:00:00,70.04,65.94847,-4.091528930664069,4.091528930664069,59
2024-03-10 23:00:00,58.59,59.37511,0.7851106262206997,0.7851106262206997,59
2024-03-11 00:00:00,58.03,54.15864,-3.8713581848144543,3.8713581848144543,59
2024-03-11 01:00:00,54.19,50.13513,-4.054868164062498,4.054868164062498,59
2024-03-11 02:00:00,52.69,46.533497,-6.156503143310545,6.156503143310545,59
2024-03-11 03:00:00,52.22,49.967243,-2.2527568054199207,2.2527568054199207,59
2024-03-11 04:00:00,56.77,60.818623,4.048622589111325,4.048622589111325,59
2024-03-11 05:00:00,76.75,75.68894,-1.0610580444335938,1.0610580444335938,59
2024-03-11 06:00:00,82.95,88.96562,6.015621948242185,6.015621948242185,59
2024-03-11 07:00:00,85.86,92.69591,6.835907592773438,6.835907592773438,59
2024-03-11 08:00:00,81.92,90.2077,8.287702636718748,8.287702636718748,59
2024-03-11 09:00:00,74.75,85.572624,10.822624206542969,10.822624206542969,59
2024-03-11 10:00:00,67.34,63.202286,-4.137714233398441,4.137714233398441,60
2024-03-11 11:00:00,68.42,61.368492,-7.051507873535158,7.051507873535158,60
2024-03-11 12:00:00,66.72,57.858345,-8.861654968261718,8.861654968261718,60
2024-03-11 13:00:00,67.0,55.044987,-11.955013275146484,11.955013275146484,60
2024-03-11 14:00:00,73.17,56.663815,-16.506185455322267,16.506185455322267,60
2024-03-11 15:00:00,67.96,61.78068,-6.179318389892572,6.179318389892572,60
2024-03-11 16:00:00,78.55,71.88989,-6.660107421874997,6.660107421874997,60
2024-03-11 17:00:00,94.53,83.27558,-11.25441864013672,11.25441864013672,60
2024-03-11 18:00:00,107.93,88.55144,-19.37856262207032,19.37856262207032,60
2024-03-11 19:00:00,87.97,85.25134,-2.718657226562499,2.718657226562499,60
2024-03-11 20:00:00,76.64,77.686356,1.046355590820312,1.046355590820312,60
2024-03-11 21:00:00,75.0,68.25726,-6.74273681640625,6.74273681640625,60
2024-03-11 22:00:00,67.08,61.017437,-6.062563018798826,6.062563018798826,60
2024-03-11 23:00:00,69.16,53.686604,-15.473396453857418,15.473396453857418,60
2024-03-12 00:00:00,65.56,47.67877,-17.881231842041018,17.881231842041018,60
2024-03-12 01:00:00,66.51,43.735622,-22.774377593994146,22.774377593994146,60
2024-03-12 02:00:00,65.2,40.77213,-24.427870941162112,24.427870941162112,60
2024-03-12 03:00:00,61.85,45.753082,-16.096917724609376,16.096917724609376,60
2024-03-12 04:00:00,67.37,57.053673,-10.31632720947266,10.31632720947266,60
2024-03-12 05:00:00,70.53,71.942444,1.4124438476562489,1.4124438476562489,60
2024-03-12 06:00:00,89.8,83.79429,-6.005711364746091,6.005711364746091,60
2024-03-12 07:00:00,99.44,85.97074,-13.469258728027341,13.469258728027341,60
2024-03-12 08:00:00,93.57,82.834984,-10.7350161743164,10.7350161743164,60
2024-03-12 09:00:00,79.58,78.55387,-1.026128845214842,1.026128845214842,60
2024-03-12 10:00:00,68.84,71.637,2.797001037597653,2.797001037597653,61
2024-03-12 11:00:00,69.17,68.09696,-1.0730380249023455,1.0730380249023455,61
2024-03-12 12:00:00,64.03,66.27145,2.2414462280273426,2.2414462280273426,61
2024-03-12 13:00:00,64.35,65.127144,0.7771438598632869,0.7771438598632869,61
2024-03-12 14:00:00,68.03,66.31793,-1.7120678710937511,1.7120678710937511,61
2024-03-12 15:00:00,57.42,70.056946,12.636945800781248,12.636945800781248,61
2024-03-12 16:00:00,65.2,76.96113,11.761128234863278,11.761128234863278,61
2024-03-12 17:00:00,71.32,81.94367,10.623672180175788,10.623672180175788,61
2024-03-12 18:00:00,98.99,85.40484,-13.585161437988276,13.585161437988276,61
2024-03-12 19:00:00,77.6,84.367874,6.767874145507818,6.767874145507818,61
2024-03-12 20:00:00,70.12,80.62205,10.502047424316402,10.502047424316402,61
2024-03-12 21:00:00,70.54,76.523224,5.983223876953119,5.983223876953119,61
2024-03-12 22:00:00,61.99,71.59561,9.605611572265623,9.605611572265623,61
2024-03-12 23:00:00,55.09,67.993034,12.903034362792965,12.903034362792965,61
2024-03-13 00:00:00,50.5,66.06511,15.565109252929688,15.565109252929688,61
2024-03-13 01:00:00,48.09,65.02908,16.93908325195312,16.93908325195312,61
2024-03-13 02:00:00,45.97,62.909718,16.939717559814454,16.939717559814454,61
2024-03-13 03:00:00,44.49,64.015564,19.525563964843748,19.525563964843748,61
2024-03-13 04:00:00,52.1,69.216286,17.116285705566405,17.116285705566405,61
2024-03-13 05:00:00,65.68,74.783905,9.103905029296868,9.103905029296868,61
2024-03-13 06:00:00,88.03,79.24364,-8.786362915039064,8.786362915039064,61
2024-03-13 07:00:00,88.66,80.17002,-8.48997894287109,8.48997894287109,61
2024-03-13 08:00:00,70.07,78.600945,8.530944519042976,8.530944519042976,61
2024-03-13 09:00:00,61.85,74.95702,13.107023620605467,13.107023620605467,61
2024-03-13 10:00:00,56.15,68.75101,12.601007080078126,12.601007080078126,62
2024-03-13 11:00:00,50.16,65.23754,15.077541198730472,15.077541198730472,62
2024-03-13 12:00:00,40.24,63.90893,23.668931732177732,23.668931732177732,62
2024-03-13 13:00:00,43.08,63.842102,20.76210205078125,20.76210205078125,62
2024-03-13 14:00:00,46.93,66.888954,19.958954162597657,19.958954162597657,62
2024-03-13 15:00:00,49.98,73.23685,23.256846923828128,23.256846923828128,62
2024-03-13 16:00:00,62.14,82.830536,20.690535888671874,20.690535888671874,62
2024-03-13 17:00:00,79.09,89.61238,10.522380981445309,10.522380981445309,62
2024-03-13 18:00:00,98.78,93.21259,-5.56740692138672,5.56740692138672,62
2024-03-13 19:00:00,82.75,90.9654,8.215400695800781,8.215400695800781,62
2024-03-13 20:00:00,67.44,86.31526,18.875261840820315,18.875261840820315,62
2024-03-13 21:00:00,68.26,82.102646,13.842645874023432,13.842645874023432,62
2024-03-13 22:00:00,63.88,77.51209,13.632092590332029,13.632092590332029,62
2024-03-13 23:00:00,63.29,73.72669,10.436692199707032,10.436692199707032,62
2024-03-14 00:00:00,56.9,71.01824,14.11824188232422,14.11824188232422,62
2024-03-14 01:00:00,57.52,68.99557,11.47556732177734,11.47556732177734,62
2024-03-14 02:00:00,57.0,66.60282,9.602821350097656,9.602821350097656,62
2024-03-14 03:00:00,48.53,68.322136,19.792135925292968,19.792135925292968,62
2024-03-14 04:00:00,56.6,74.61604,18.01604309082031,18.01604309082031,62
2024-03-14 05:00:00,69.26,81.2825,12.02250122070312,12.02250122070312,62
2024-03-14 06:00:00,87.85,85.92826,-1.921739196777338,1.921739196777338,62
2024-03-14 07:00:00,81.99,86.12384,4.133840332031255,4.133840332031255,62
2024-03-14 08:00:00,65.71,83.109665,17.399664916992194,17.399664916992194,62
2024-03-14 09:00:00,54.32,78.16752,23.847518615722656,23.847518615722656,62
2024-03-14 10:00:00,48.68,56.29923,7.619228668212891,7.619228668212891,63
2024-03-14 11:00:00,40.73,52.889355,12.15935470581055,12.15935470581055,63
2024-03-14 12:00:00,42.6,51.874725,9.274725341796874,9.274725341796874,63
2024-03-14 13:00:00,42.63,51.29131,8.66130935668945,8.66130935668945,63
2024-03-14 14:00:00,41.56,54.00011,12.4401106262207,12.4401106262207,63
2024-03-14 15:00:00,39.42,60.104786,20.68478591918945,20.68478591918945,63
2024-03-14 16:00:00,59.81,70.1636,10.353597106933591,10.353597106933591,63
2024-03-14 17:00:00,62.91,76.554855,13.644855346679691,13.644855346679691,63
2024-03-14 18:00:00,85.82,79.71326,-6.106743164062493,6.106743164062493,63
2024-03-14 19:00:00,74.87,77.52947,2.659472351074214,2.659472351074214,63
2024-03-14 20:00:00,62.8,73.33112,10.531123352050784,10.531123352050784,63
2024-03-14 21:00:00,59.91,70.37411,10.464107360839847,10.464107360839847,63
2024-03-14 22:00:00,49.55,66.17651,16.626513671875003,16.626513671875003,63
2024-03-14 23:00:00,45.97,62.454258,16.48425796508789,16.48425796508789,63
2024-03-15 00:00:00,39.66,59.89511,20.23511108398438,20.23511108398438,63
2024-03-15 01:00:00,38.68,58.047516,19.367515869140625,19.367515869140625,63
2024-03-15 02:00:00,33.93,55.442493,21.512493438720703,21.512493438720703,63
2024-03-15 03:00:00,21.96,57.20688,35.246878662109374,35.246878662109374,63
2024-03-15 04:00:00,33.17,63.66438,30.494379119873045,30.494379119873045,63
2024-03-15 05:00:00,40.36,69.46149,29.10148681640625,29.10148681640625,63
2024-03-15 06:00:00,51.92,72.35231,20.43231018066406,20.43231018066406,63
2024-03-15 07:00:00,62.42,70.61162,8.191618041992186,8.191618041992186,63
2024-03-15 08:00:00,53.8,66.69792,12.89792175292969,12.89792175292969,63
2024-03-15 09:00:00,43.34,62.0236,18.68360153198242,18.68360153198242,63
2024-03-15 10:00:00,37.11,51.82594,14.715939178466797,14.715939178466797,64
2024-03-15 11:00:00,30.56,48.999912,18.439912261962892,18.439912261962892,64
2024-03-15 12:00:00,26.5,48.89807,22.3980712890625,22.3980712890625,64
2024-03-15 13:00:00,15.81,48.874184,33.064183654785154,33.064183654785154,64
2024-03-15 14:00:00,10.55,52.00812,41.45812149047852,41.45812149047852,64
2024-03-15 15:00:00,25.46,57.376945,31.916945495605468,31.916945495605468,64
2024-03-15 16:00:00,39.48,65.79086,26.310863037109378,26.310863037109378,64
2024-03-15 17:00:00,57.52,70.16087,12.640873413085934,12.640873413085934,64
2024-03-15 18:00:00,88.01,72.75721,-15.252790222167974,15.252790222167974,64
2024-03-15 19:00:00,65.02,71.84402,6.824017028808598,6.824017028808598,64
2024-03-15 20:00:00,56.28,69.43611,13.156111450195311,13.156111450195311,64
2024-03-15 21:00:00,57.03,67.75378,10.723776550292968,10.723776550292968,64
2024-03-15 22:00:00,49.59,63.888073,14.298072967529293,14.298072967529293,64
2024-03-15 23:00:00,45.18,60.23778,15.057781524658203,15.057781524658203,64
2024-03-16 00:00:00,42.31,57.49622,15.186219635009763,15.186219635009763,64
2024-03-16 01:00:00,40.69,55.57078,14.880781707763674,14.880781707763674,64
2024-03-16 02:00:00,39.03,52.427532,13.39753219604492,13.39753219604492,64
2024-03-16 03:00:00,39.0,52.31018,13.3101806640625,13.3101806640625,64
2024-03-16 04:00:00,41.17,55.716106,14.54610641479492,14.54610641479492,64
2024-03-16 05:00:00,48.28,57.945847,9.665846557617186,9.665846557617186,64
2024-03-16 06:00:00,53.47,58.91391,5.443909912109376,5.443909912109376,64
2024-03-16 07:00:00,52.8,56.87037,4.070368957519534,4.070368957519534,64
2024-03-16 08:00:00,47.01,53.50348,6.493479003906252,6.493479003906252,64
2024-03-16 09:00:00,44.88,49.612152,4.732152099609372,4.732152099609372,64
2024-03-16 10:00:00,41.72,27.121208,-14.59879180908203,14.59879180908203,65
2024-03-16 11:00:00,37.0,25.364037,-11.635963439941406,11.635963439941406,65
2024-03-16 12:00:00,22.3,28.447083,6.147082519531249,6.147082519531249,65
2024-03-16 13:00:00,15.9,32.36926,16.469258880615236,16.469258880615236,65
2024-03-16 14:00:00,33.81,39.91533,6.105328979492185,6.105328979492185,65
2024-03-16 15:00:00,50.8,48.841236,-1.958763885498044,1.958763885498044,65
2024-03-16 16:00:00,72.84,59.547394,-13.292606201171878,13.292606201171878,65
2024-03-16 17:00:00,83.02,63.46875,-19.551249999999996,19.551249999999996,65
2024-03-16 18:00:00,92.37,64.11561,-28.254391784667973,28.254391784667973,65
2024-03-16 19:00:00,82.61,61.24138,-21.368621215820312,21.368621215820312,65
2024-03-16 20:00:00,73.35,58.4392,-14.910798645019526,14.910798645019526,65
2024-03-16 21:00:00,72.47,58.505123,-13.964876861572264,13.964876861572264,65
2024-03-16 22:00:00,67.1,55.47764,-11.622361755371088,11.622361755371088,65
2024-03-16 23:00:00,64.99,52.10854,-12.881460418701167,12.881460418701167,65
2024-03-17 00:00:00,54.68,49.466652,-5.2133480834960935,5.2133480834960935,65
2024-03-17 01:00:00,54.45,47.876263,-6.573737335205081,6.573737335205081,65
2024-03-17 02:00:00,43.72,44.956963,1.2369625854492199,1.2369625854492199,65
2024-03-17 03:00:00,38.42,45.581257,7.161256866455076,7.161256866455076,65
2024-03-17 04:00:00,37.6,49.75068,12.15067901611328,12.15067901611328,65
2024-03-17 05:00:00,36.17,52.856476,16.686475830078123,16.686475830078123,65
2024-03-17 06:00:00,37.74,54.272545,16.53254486083984,16.53254486083984,65
2024-03-17 07:00:00,35.67,52.57082,16.900819854736326,16.900819854736326,65
2024-03-17 08:00:00,40.59,50.039032,9.449031982421872,9.449031982421872,65
2024-03-17 09:00:00,30.95,46.52221,15.57220916748047,15.57220916748047,65
2024-03-17 10:00:00,34.78,39.582394,4.802393646240233,4.802393646240233,66
2024-03-17 11:00:00,37.71,35.86443,-1.8455705261230477,1.8455705261230477,66
2024-03-17 12:00:00,29.15,35.551598,6.401597595214845,6.401597595214845,66
2024-03-17 13:00:00,25.76,36.54594,10.78594039916992,10.78594039916992,66
2024-03-17 14:00:00,28.24,41.3355,13.095498809814455,13.095498809814455,66
2024-03-17 15:00:00,36.17,49.12378,12.953779296874998,12.953779296874998,66
2024-03-17 16:00:00,37.56,61.13693,23.576928558349607,23.576928558349607,66
2024-03-17 17:00:00,49.26,69.8305,20.57049774169922,20.57049774169922,66
2024-03-17 18:00:00,79.96,76.38522,-3.5747766113281187,3.5747766113281187,66
2024-03-17 19:00:00,77.89,77.11076,-0.7792364501953131,0.7792364501953131,66
2024-03-17 20:00:00,72.33,74.23079,1.9007891845703142,1.9007891845703142,66
2024-03-17 21:00:00,72.1,71.51928,-0.5807205200195256,0.5807205200195256,66
2024-03-17 22:00:00,65.91,67.15943,1.2494314575195347,1.2494314575195347,66
2024-03-17 23:00:00,64.12,63.934998,-0.18500244140625455,0.18500244140625455,66
2024-03-18 00:00:00,57.14,61.66586,4.525859222412109,4.525859222412109,66
2024-03-18 01:00:00,58.31,60.014496,1.7044958496093727,1.7044958496093727,66
2024-03-18 02:00:00,49.93,57.390533,7.460533447265625,7.460533447265625,66
2024-03-18 03:00:00,46.03,59.76346,13.733458251953124,13.733458251953124,66
2024-03-18 04:00:00,44.28,67.24207,22.96207305908203,22.96207305908203,66
2024-03-18 05:00:00,61.71,75.05003,13.340033569335937,13.340033569335937,66
2024-03-18 06:00:00,94.68,81.03431,-13.645690612792976,13.645690612792976,66
2024-03-18 07:00:00,94.45,82.00325,-12.44674987792969,12.44674987792969,66
2024-03-18 08:00:00,82.8,79.60103,-3.1989715576171847,3.1989715576171847,66
2024-03-18 09:00:00,72.81,74.7473,1.9372991943359352,1.9372991943359352,66
2024-03-18 10:00:00,66.63,69.77895,3.1489535522460983,3.1489535522460983,67
2024-03-18 11:00:00,62.52,66.47603,3.9560284423828094,3.9560284423828094,67
2024-03-18 12:00:00,49.98,64.71738,14.737376708984378,14.737376708984378,67
2024-03-18 13:00:00,35.0,63.447674,28.447673797607422,28.447673797607422,67
2024-03-18 14:00:00,35.85,64.316246,28.466246032714842,28.466246032714842,67
2024-03-18 15:00:00,43.86,67.75307,23.893067016601563,23.893067016601563,67
2024-03-18 16:00:00,47.7,74.60077,26.900769042968747,26.900769042968747,67
2024-03-18 17:00:00,73.45,80.187256,6.737255859374997,6.737255859374997,67
2024-03-18 18:00:00,125.16,84.78886,-40.37114349365234,40.37114349365234,67
2024-03-18 19:00:00,102.86,84.79338,-18.066619262695312,18.066619262695312,67
2024-03-18 20:00:00,79.42,81.5278,2.1078015136718733,2.1078015136718733,67
2024-03-18 21:00:00,77.8,77.65076,-0.14924316406249716,0.14924316406249716,67
2024-03-18 22:00:00,70.51,73.09,2.57999633789062,2.57999633789062,67
2024-03-18 23:00:00,69.14,70.20782,1.0678170776367182,1.0678170776367182,67
2024-03-19 00:00:00,65.06,68.81546,3.7554602050781227,3.7554602050781227,67
2024-03-19 01:00:00,59.62,68.198524,8.578524475097659,8.578524475097659,67
2024-03-19 02:00:00,56.18,66.50598,10.3259814453125,10.3259814453125,67
2024-03-19 03:00:00,53.0,68.099106,15.099105834960938,15.099105834960938,67
2024-03-19 04:00:00,58.76,73.703094,14.943094482421877,14.943094482421877,67
2024-03-19 05:00:00,76.18,79.52837,3.348373718261712,3.348373718261712,67
2024-03-19 06:00:00,101.64,83.93374,-17.706261291503907,17.706261291503907,67
2024-03-19 07:00:00,95.87,84.43397,-11.436032409667973,11.436032409667973,67
2024-03-19 08:00:00,71.75,82.35183,10.601829528808594,10.601829528808594,67
2024-03-19 09:00:00,51.67,78.53733,26.867330627441405,26.867330627441405,67
2024-03-19 10:00:00,50.57,69.4126,18.84259765625,18.84259765625,68
2024-03-19 11:00:00,47.82,66.3327,18.51270263671875,18.51270263671875,68
2024-03-19 12:00:00,38.66,64.913864,26.25386413574219,26.25386413574219,68
2024-03-19 13:00:00,37.34,64.165245,26.82524505615234,26.82524505615234,68
2024-03-19 14:00:00,38.07,65.841515,27.771514587402343,27.771514587402343,68
2024-03-19 15:00:00,45.59,70.27697,24.686969909667965,24.686969909667965,68
2024-03-19 16:00:00,62.94,77.82885,14.888849792480471,14.888849792480471,68
2024-03-19 17:00:00,76.62,83.46423,6.8442333984374955,6.8442333984374955,68
2024-03-19 18:00:00,128.96,87.288376,-41.67162414550782,41.67162414550782,68
2024-03-19 19:00:00,110.0,86.34198,-23.65802001953125,23.65802001953125,68
2024-03-19 20:00:00,89.11,82.795555,-6.314444885253906,6.314444885253906,68
2024-03-19 21:00:00,81.75,79.360306,-2.3896942138671875,2.3896942138671875,68
2024-03-19 22:00:00,76.1,75.50344,-0.5965591430664006,0.5965591430664006,68
2024-03-19 23:00:00,76.01,73.05874,-2.9512612915039114,2.9512612915039114,68
2024-03-20 00:00:00,69.0,71.69477,2.6947708129882812,2.6947708129882812,68
2024-03-20 01:00:00,61.27,70.91102,9.641018371582028,9.641018371582028,68
2024-03-20 02:00:00,50.53,69.257744,18.727743835449218,18.727743835449218,68
2024-03-20 03:00:00,42.84,70.968994,28.128994140624997,28.128994140624997,68
2024-03-20 04:00:00,59.84,76.61645,16.776447448730465,16.776447448730465,68
2024-03-20 05:00:00,68.0,82.363014,14.363014221191406,14.363014221191406,68
2024-03-20 06:00:00,88.38,86.37286,-2.0071362304687455,2.0071362304687455,68
2024-03-20 07:00:00,85.25,86.47275,1.222747802734375,1.222747802734375,68
2024-03-20 08:00:00,61.76,83.96782,22.20781921386719,22.20781921386719,68
2024-03-20 09:00:00,39.72,79.9052,40.18519714355469,40.18519714355469,68
2024-03-20 10:00:00,35.0,69.481445,34.4814453125,34.4814453125,69
2024-03-20 11:00:00,33.26,66.63879,33.37878631591797,33.37878631591797,69
2024-03-20 12:00:00,27.0,65.548546,38.548545837402344,38.548545837402344,69
2024-03-20 13:00:00,27.28,64.898865,37.61886474609375,37.61886474609375,69
2024-03-20 14:00:00,28.69,66.74857,38.05857330322266,38.05857330322266,69
2024-03-20 15:00:00,34.15,71.4449,37.294900512695314,37.294900512695314,69
2024-03-20 16:00:00,43.07,79.23476,36.16475646972656,36.16475646972656,69
2024-03-20 17:00:00,66.87,85.07209,18.202090148925777,18.202090148925777,69
2024-03-20 18:00:00,124.69,88.80775,-35.88225311279297,35.88225311279297,69
2024-03-20 19:00:00,100.76,87.61498,-13.145017395019536,13.145017395019536,69
2024-03-20 20:00:00,79.25,83.860794,4.6107940673828125,4.6107940673828125,69
2024-03-20 21:00:00,68.0,80.257614,12.257614135742188,12.257614135742188,69
2024-03-20 22:00:00,62.48,76.21113,13.731128234863284,13.731128234863284,69
2024-03-20 23:00:00,65.6,73.18586,7.585859680175787,7.585859680175787,69
2024-03-21 00:00:00,43.08,71.0909,28.010896606445314,28.010896606445314,69
2024-03-21 01:00:00,48.64,69.68378,21.04377685546875,21.04377685546875,69
2024-03-21 02:00:00,40.4,67.801926,27.40192565917969,27.40192565917969,69
2024-03-21 03:00:00,35.14,69.58087,34.44087158203125,34.44087158203125,69
2024-03-21 04:00:00,35.56,75.309906,39.74990600585937,39.74990600585937,69
2024-03-21 05:00:00,52.71,80.510056,27.800055541992187,27.800055541992187,69
2024-03-21 06:00:00,80.38,83.2057,2.825703735351567,2.825703735351567,69
2024-03-21 07:00:00,73.35,81.6452,8.295202636718756,8.295202636718756,69
2024-03-21 08:00:00,69.71,77.8902,8.180197753906256,8.180197753906256,69
2024-03-21 09:00:00,50.91,73.2837,22.373699035644535,22.373699035644535,69
2024-03-21 10:00:00,47.82,71.12836,23.30835693359375,23.30835693359375,70
2024-03-21 11:00:00,43.08,67.66651,24.586511535644533,24.586511535644533,70
2024-03-21 12:00:00,44.99,66.24188,21.251882324218748,21.251882324218748,70
2024-03-21 13:00:00,31.69,66.082275,34.392275390625,34.392275390625,70
2024-03-21 14:00:00,34.81,68.80213,33.99213165283203,33.99213165283203,70
2024-03-21 15:00:00,35.37,74.536026,39.166026000976565,39.166026000976565,70
2024-03-21 16:00:00,39.8,83.16462,43.364619445800784,43.364619445800784,70
2024-03-21 17:00:00,61.45,89.18819,27.73818664550781,27.73818664550781,70
2024-03-21 18:00:00,108.7,92.46643,-16.233569335937503,16.233569335937503,70
2024-03-21 19:00:00,89.33,90.4449,1.1149005126953142,1.1149005126953142,70
2024-03-21 20:00:00,65.86,86.27698,20.4169775390625,20.4169775390625,70
2024-03-21 21:00:00,54.76,82.83287,28.07287048339844,28.07287048339844,70
2024-03-21 22:00:00,44.21,79.30981,35.09980682373047,35.09980682373047,70
2024-03-21 23:00:00,39.6,76.72918,37.12917938232422,37.12917938232422,70
2024-03-22 00:00:00,37.92,74.91713,36.99712951660156,36.99712951660156,70
2024-03-22 01:00:00,34.8,73.590614,38.79061431884766,38.79061431884766,70
2024-03-22 02:00:00,26.95,71.7814,44.83140258789062,44.83140258789062,70
2024-03-22 03:00:00,20.97,73.6907,52.720696716308595,52.720696716308595,70
2024-03-22 04:00:00,25.0,79.87319,54.873191833496094,54.873191833496094,70
2024-03-22 05:00:00,35.0,86.438644,51.43864440917969,51.43864440917969,70
2024-03-22 06:00:00,59.46,91.087814,31.627814331054687,31.627814331054687,70
2024-03-22 07:00:00,60.96,91.41626,30.456259765625,30.456259765625,70
2024-03-22 08:00:00,32.87,88.43123,55.561228637695315,55.561228637695315,70
2024-03-22 09:00:00,21.99,83.49824,61.508237609863286,61.508237609863286,70
2024-03-22 10:00:00,24.43,57.78302,33.35302001953125,33.35302001953125,71
2024-03-22 11:00:00,25.84,55.271507,29.431507263183594,29.431507263183594,71
2024-03-22 12:00:00,30.68,55.28266,24.60266143798828,24.60266143798828,71
2024-03-22 13:00:00,32.37,55.209606,22.8396061706543,22.8396061706543,71
2024-03-22 14:00:00,25.58,58.08512,32.50512115478516,32.50512115478516,71
2024-03-22 15:00:00,27.2,62.735725,35.53572540283203,35.53572540283203,71
2024-03-22 16:00:00,37.84,69.308525,31.468525085449215,31.468525085449215,71
2024-03-22 17:00:00,48.78,72.14437,23.364371032714843,23.364371032714843,71
2024-03-22 18:00:00,74.73,73.64588,-1.0841183471679727,1.0841183471679727,71
2024-03-22 19:00:00,53.92,72.535164,18.61516387939453,18.61516387939453,71
2024-03-22 20:00:00,35.0,70.41629,35.416290283203125,35.416290283203125,71
2024-03-22 21:00:00,29.16,69.4713,40.31129821777344,40.31129821777344,71
2024-03-22 22:00:00,24.13,67.02267,42.89266693115235,42.89266693115235,71
2024-03-22 23:00:00,14.7,65.055916,50.35591583251953,50.35591583251953,71
2024-03-23 00:00:00,14.22,63.5969,49.37690093994141,49.37690093994141,71
2024-03-23 01:00:00,7.93,62.887295,54.95729476928711,54.95729476928711,71
2024-03-23 02:00:00,3.04,61.17705,58.137051544189454,58.137051544189454,71
2024-03-23 03:00:00,2.05,61.58425,59.5342514038086,59.5342514038086,71
2024-03-23 04:00:00,2.03,64.036415,62.006415100097655,62.006415100097655,71
2024-03-23 05:00:00,5.36,64.4035,59.04350341796875,59.04350341796875,71
2024-03-23 06:00:00,7.57,63.2766,55.7065998840332,55.7065998840332,71
2024-03-23 07:00:00,9.64,59.56659,49.92658935546875,49.92658935546875,71
2024-03-23 08:00:00,1.58,55.341484,53.76148406982422,53.76148406982422,71
2024-03-23 09:00:00,0.02,51.197506,51.17750595092773,51.17750595092773,71
2024-03-23 10:00:00,-0.03,29.961662,29.99166229248047,29.99166229248047,72
2024-03-23 11:00:00,-0.08,24.76146,24.841459350585936,24.841459350585936,72
2024-03-23 12:00:00,-1.88,24.093925,25.973925476074218,25.973925476074218,72
2024-03-23 13:00:00,-7.1,25.694687,32.79468688964844,32.79468688964844,72
2024-03-23 14:00:00,-0.07,33.358967,33.42896682739258,33.42896682739258,72
2024-03-23 15:00:00,0.0,44.454876,44.45487594604492,44.45487594604492,72
2024-03-23 16:00:00,4.39,57.791645,53.40164505004883,53.40164505004883,72
2024-03-23 17:00:00,14.8,64.06967,49.26967163085938,49.26967163085938,72
2024-03-23 18:00:00,37.01,66.89444,29.884439697265627,29.884439697265627,72
2024-03-23 19:00:00,37.06,65.26192,28.20191711425781,28.20191711425781,72
2024-03-23 20:00:00,27.07,62.09517,35.02516906738281,35.02516906738281,72
2024-03-23 21:00:00,29.6,61.149673,31.54967346191406,31.54967346191406,72
2024-03-23 22:00:00,22.24,57.86297,35.622968444824224,35.622968444824224,72
2024-03-23 23:00:00,6.98,54.763107,47.78310729980468,47.78310729980468,72
2024-03-24 00:00:00,2.36,53.26541,50.905411376953126,50.905411376953126,72
2024-03-24 01:00:00,5.19,53.821396,48.63139587402344,48.63139587402344,72
2024-03-24 02:00:00,0.0,54.10744,54.10744094848633,54.10744094848633,72
2024-03-24 05:00:00,0.23,57.61977,57.38977005004883,57.38977005004883,72
2024-03-24 06:00:00,1.19,61.42011,60.23010879516602,60.23010879516602,72
2024-03-24 07:00:00,0.0,61.92058,61.92058181762695,61.92058181762695,72
2024-03-24 15:00:00,0.1,60.389633,60.289633178710936,60.289633178710936,72
2024-03-24 16:00:00,11.27,56.21852,44.94852111816407,44.94852111816407,72
2024-03-24 17:00:00,46.54,51.74919,5.209191284179688,5.209191284179688,72
2024-03-24 18:00:00,74.46,46.77147,-27.688530883789056,27.688530883789056,72
2024-03-24 19:00:00,66.47,26.638145,-39.831854553222655,39.831854553222655,73
2024-03-24 20:00:00,48.72,24.999016,-23.72098419189453,23.72098419189453,73
2024-03-24 21:00:00,60.6,29.321789,-31.278211212158205,31.278211212158205,73
2024-03-24 22:00:00,63.05,36.93716,-26.112839508056638,26.112839508056638,73
2024-03-24 23:00:00,62.51,49.016834,-13.493165740966795,13.493165740966795,73
2024-03-25 00:00:00,42.85,60.67079,17.82079162597656,17.82079162597656,73
2024-03-25 01:00:00,40.64,69.4538,28.81379638671875,28.81379638671875,73
2024-03-25 02:00:00,38.7,69.881775,31.181774902343747,31.181774902343747,73
2024-03-25 03:00:00,33.19,68.10848,34.918482360839846,34.918482360839846,73
2024-03-25 04:00:00,52.41,64.928894,12.518894042968753,12.518894042968753,73
2024-03-25 05:00:00,84.91,62.75971,-22.15029159545898,22.15029159545898,73
2024-03-25 06:00:00,113.87,64.46109,-49.40890991210938,49.40890991210938,73
2024-03-25 07:00:00,99.68,65.03175,-34.648246459960944,34.648246459960944,73
2024-03-25 08:00:00,49.65,67.36238,17.712380981445314,17.712380981445314,73
2024-03-25 09:00:00,37.27,70.23049,32.96049163818359,32.96049163818359,73
2024-03-25 10:00:00,32.87,73.75428,40.884280090332034,40.884280090332034,73
2024-03-25 11:00:00,32.85,76.13014,43.28014221191406,43.28014221191406,73
2024-03-25 12:00:00,26.07,79.5101,53.440101318359375,53.440101318359375,73
2024-03-25 13:00:00,27.92,81.540405,53.6204052734375,53.6204052734375,73
2024-03-25 14:00:00,27.54,80.99816,53.45816131591797,53.45816131591797,73
2024-03-25 15:00:00,21.14,79.92468,58.7846826171875,58.7846826171875,73
2024-03-25 16:00:00,19.25,78.11802,58.868019104003906,58.868019104003906,73
2024-03-25 17:00:00,48.74,76.30862,27.56861663818359,27.56861663818359,73
2024-03-25 18:00:00,106.19,72.721985,-33.46801513671875,33.46801513671875,73
2024-03-25 19:00:00,40.26,79.43219,39.17218994140625,39.17218994140625,74
2024-03-25 20:00:00,29.11,77.50312,48.39312042236328,48.39312042236328,74
2024-03-25 21:00:00,31.56,74.68339,43.123387756347654,43.123387756347654,74
2024-03-25 22:00:00,44.07,71.2335,27.163497619628906,27.163497619628906,74
2024-03-25 23:00:00,16.44,68.92857,52.48857360839844,52.48857360839844,74
2024-03-26 00:00:00,26.86,66.7756,39.915596618652344,39.915596618652344,74
2024-03-26 01:00:00,26.14,65.79948,39.659476623535156,39.659476623535156,74
2024-03-26 02:00:00,19.57,64.341354,44.77135437011719,44.77135437011719,74
2024-03-26 03:00:00,24.49,66.72549,42.2354867553711,42.2354867553711,74
2024-03-26 04:00:00,29.04,71.370964,42.33096405029297,42.33096405029297,74
2024-03-26 05:00:00,62.4,76.74801,14.348008728027345,14.348008728027345,74
2024-03-26 06:00:00,79.19,81.047615,1.8576150512695335,1.8576150512695335,74
2024-03-26 07:00:00,72.05,80.72522,8.675219726562503,8.675219726562503,74
2024-03-26 08:00:00,62.0,77.74883,15.748832702636719,15.748832702636719,74
2024-03-26 09:00:00,49.5,74.185165,24.685165405273438,24.685165405273438,74
2024-03-26 10:00:00,37.03,71.66998,34.63998291015625,34.63998291015625,74
2024-03-26 11:00:00,29.31,68.382126,39.072125854492185,39.072125854492185,74
2024-03-26 12:00:00,29.76,66.482635,36.72263549804687,36.72263549804687,74
2024-03-26 13:00:00,37.1,66.446785,29.34678497314453,29.34678497314453,74
2024-03-26 14:00:00,43.08,66.95874,23.878740234375,23.878740234375,74
2024-03-26 15:00:00,33.57,70.716866,37.14686553955078,37.14686553955078,74
2024-03-26 16:00:00,36.81,75.01393,38.20393127441406,38.20393127441406,74
2024-03-26 17:00:00,92.45,79.937836,-12.512164306640628,12.512164306640628,74
2024-03-26 18:00:00,100.3,82.93194,-17.36806182861328,17.36806182861328,74
2024-03-26 19:00:00,75.72,81.80117,6.081170349121095,6.081170349121095,75
2024-03-26 20:00:00,37.57,79.829994,42.259994201660156,42.259994201660156,75
2024-03-26 21:00:00,46.99,76.886925,29.89692474365234,29.89692474365234,75
2024-03-26 22:00:00,51.35,73.439674,22.089674377441405,22.089674377441405,75
2024-03-26 23:00:00,58.35,71.04711,12.697111511230467,12.697111511230467,75
2024-03-27 00:00:00,57.09,68.71216,11.622158203124997,11.622158203124997,75
2024-03-27 01:00:00,57.28,67.59357,10.313566894531249,10.313566894531249,75
2024-03-27 02:00:00,48.13,66.022095,17.892094726562497,17.892094726562497,75
2024-03-27 03:00:00,46.15,68.50909,22.35908660888672,22.35908660888672,75
2024-03-27 04:00:00,32.09,72.861595,40.77159515380859,40.77159515380859,75
2024-03-27 05:00:00,68.21,77.423386,9.213385620117194,9.213385620117194,75
2024-03-27 06:00:00,82.78,80.23671,-2.5432904052734386,2.5432904052734386,75
2024-03-27 07:00:00,79.99,78.45157,-1.5384313964843699,1.5384313964843699,75
2024-03-27 08:00:00,67.73,74.413376,6.6833758544921835,6.6833758544921835,75
2024-03-27 09:00:00,63.52,70.00577,6.485767822265622,6.485767822265622,75
2024-03-27 10:00:00,43.78,66.79204,23.012037963867186,23.012037963867186,75
2024-03-27 11:00:00,41.02,62.90592,21.885918121337887,21.885918121337887,75
2024-03-27 12:00:00,38.1,60.685043,22.585043334960936,22.585043334960936,75
2024-03-27 13:00:00,21.07,60.898594,39.82859390258789,39.82859390258789,75
2024-03-27 14:00:00,19.41,62.1574,42.74739822387696,42.74739822387696,75
2024-03-27 15:00:00,29.6,67.33119,37.73119201660156,37.73119201660156,75
2024-03-27 16:00:00,29.96,73.34435,43.38435272216797,43.38435272216797,75
2024-03-27 17:00:00,47.35,79.664536,32.314535522460936,32.314535522460936,75
2024-03-27 18:00:00,95.41,83.363495,-12.046505126953122,12.046505126953122,75
2024-03-27 19:00:00,60.95,73.06447,12.11446838378906,12.11446838378906,76
2024-03-27 20:00:00,49.5,69.01234,19.51233673095703,19.51233673095703,76
2024-03-27 21:00:00,46.21,65.54445,19.33444885253906,19.33444885253906,76
2024-03-27 22:00:00,32.66,62.0582,29.398200836181644,29.398200836181644,76
2024-03-27 23:00:00,21.24,59.685074,38.44507385253907,38.44507385253907,76
2024-03-28 00:00:00,12.82,56.7779,43.95790069580078,43.95790069580078,76
2024-03-28 01:00:00,11.19,56.188747,44.99874740600586,44.99874740600586,76
2024-03-28 02:00:00,10.37,54.15753,43.78753173828125,43.78753173828125,76
2024-03-28 03:00:00,5.16,56.991962,51.83196243286133,51.83196243286133,76
2024-03-28 04:00:00,12.43,61.673397,49.243397064208985,49.243397064208985,76
2024-03-28 05:00:00,17.92,66.04158,48.12158020019531,48.12158020019531,76
2024-03-28 06:00:00,28.62,67.337425,38.71742523193359,38.71742523193359,76
2024-03-28 07:00:00,19.39,61.520657,42.13065658569336,42.13065658569336,76
2024-03-28 08:00:00,22.91,53.00261,30.092609252929687,30.092609252929687,76
2024-03-28 09:00:00,8.98,45.80909,36.82908966064453,36.82908966064453,76
2024-03-28 10:00:00,3.68,41.01804,37.33803970336914,37.33803970336914,76
2024-03-28 11:00:00,6.71,35.387978,28.677977600097655,28.677977600097655,76
2024-03-28 12:00:00,0.05,32.737026,32.68702621459961,32.68702621459961,76
2024-03-28 13:00:00,0.15,34.533592,34.383592224121095,34.383592224121095,76
2024-03-28 14:00:00,5.57,39.011505,33.441505126953125,33.441505126953125,76
2024-03-28 15:00:00,7.89,49.052643,41.162642822265624,41.162642822265624,76
2024-03-28 16:00:00,15.03,59.406715,44.376715393066405,44.376715393066405,76
2024-03-28 17:00:00,26.64,67.85514,41.215140686035156,41.215140686035156,76
2024-03-28 18:00:00,59.87,71.21842,11.348421936035159,11.348421936035159,76
2024-03-28 19:00:00,34.46,77.2567,42.79669860839844,42.79669860839844,77
2024-03-28 20:00:00,18.71,74.52826,55.81825927734375,55.81825927734375,77
2024-03-28 21:00:00,32.06,71.76638,39.70638031005859,39.70638031005859,77
2024-03-28 22:00:00,25.0,68.91568,43.915679931640625,43.915679931640625,77
2024-03-28 23:00:00,20.6,67.114044,46.514044189453124,46.514044189453124,77
2024-03-29 00:00:00,18.83,65.28146,46.45146362304688,46.45146362304688,77
2024-03-29 01:00:00,12.43,64.868095,52.43809539794922,52.43809539794922,77
2024-03-29 02:00:00,10.24,63.94106,53.701059112548826,53.701059112548826,77
2024-03-29 03:00:00,12.59,66.896164,54.306163940429684,54.306163940429684,77
2024-03-29 04:00:00,14.32,71.23161,56.91161315917969,56.91161315917969,77
2024-03-29 05:00:00,22.02,75.0626,53.04259918212891,53.04259918212891,77
2024-03-29 06:00:00,28.65,77.01527,48.36526641845703,48.36526641845703,77
2024-03-29 07:00:00,29.09,74.60208,45.51208129882812,45.51208129882812,77
2024-03-29 08:00:00,27.25,70.876755,43.62675476074219,43.62675476074219,77
2024-03-29 09:00:00,20.9,67.61881,46.71881256103516,46.71881256103516,77
2024-03-29 10:00:00,18.75,65.67872,46.92871856689453,46.92871856689453,77
2024-03-29 11:00:00,12.96,62.583927,49.623927154541015,49.623927154541015,77
2024-03-29 12:00:00,9.86,61.063026,51.20302642822266,51.20302642822266,77
2024-03-29 13:00:00,13.44,62.118748,48.67874771118164,48.67874771118164,77
2024-03-29 14:00:00,19.61,64.38884,44.77883972167969,44.77883972167969,77
2024-03-29 15:00:00,23.45,70.13998,46.68997650146484,46.68997650146484,77
2024-03-29 16:00:00,44.46,76.09464,31.634642639160155,31.634642639160155,77
2024-03-29 17:00:00,74.71,81.436104,6.7261038208007875,6.7261038208007875,77
2024-03-29 18:00:00,105.5,83.550095,-21.949905395507812,21.949905395507812,77
2024-03-29 19:00:00,87.4,81.753845,-5.646154785156256,5.646154785156256,78
2024-03-29 20:00:00,59.64,79.80506,20.16506134033203,20.16506134033203,78
2024-03-29 21:00:00,75.89,76.85734,0.9673379516601557,0.9673379516601557,78
2024-03-29 22:00:00,70.0,73.73703,3.737030029296875,3.737030029296875,78
2024-03-29 23:00:00,69.3,71.90091,2.600909423828128,2.600909423828128,78
2024-03-30 00:00:00,58.16,70.18458,12.024577941894535,12.024577941894535,78
2024-03-30 01:00:00,48.54,69.528946,20.988945922851563,20.988945922851563,78
2024-03-30 02:00:00,59.09,67.574524,8.484523925781247,8.484523925781247,78
2024-03-30 03:00:00,59.74,68.68073,8.94073272705078,8.94073272705078,78
2024-03-30 04:00:00,65.05,70.843445,5.793444824218753,5.793444824218753,78
2024-03-30 05:00:00,52.81,73.353226,20.54322570800781,20.54322570800781,78
2024-03-30 06:00:00,45.85,75.45897,29.608969116210936,29.608969116210936,78
2024-03-30 07:00:00,38.47,74.50388,36.03388336181641,36.03388336181641,78
2024-03-30 08:00:00,43.38,72.22043,28.840428466796872,28.840428466796872,78
2024-03-30 09:00:00,35.74,69.16268,33.42268157958984,33.42268157958984,78
2024-03-30 10:00:00,24.48,66.758484,42.278483886718746,42.278483886718746,78
2024-03-30 11:00:00,20.26,63.066402,42.80640243530273,42.80640243530273,78
2024-03-30 12:00:00,9.93,60.65705,50.72705108642578,50.72705108642578,78
2024-03-30 13:00:00,15.93,60.722244,44.79224426269531,44.79224426269531,78
2024-03-30 14:00:00,28.91,62.4079,33.49790176391602,33.49790176391602,78
2024-03-30 15:00:00,52.52,68.17805,15.658047180175778,15.658047180175778,78
2024-03-30 16:00:00,59.64,75.2365,15.596503601074218,15.596503601074218,78
2024-03-30 17:00:00,76.23,82.38083,6.150828857421871,6.150828857421871,78
2024-03-30 18:00:00,94.24,86.37531,-7.864687194824214,7.864687194824214,78
2024-03-30 19:00:00,82.4,82.775444,0.37544403076171307,0.37544403076171307,79
2024-03-30 20:00:00,71.61,80.814125,9.204125061035157,9.204125061035157,79
2024-03-30 21:00:00,70.83,78.61932,7.789323730468752,7.789323730468752,79
2024-03-30 22:00:00,65.74,75.97217,10.232167968750005,10.232167968750005,79
2024-03-30 23:00:00,60.13,74.08957,13.959569091796872,13.959569091796872,79
2024-03-31 00:00:00,48.46,71.617065,23.1570654296875,23.1570654296875,79
2024-03-31 01:00:00,17.66,69.88228,52.222278442382816,52.222278442382816,79
2024-03-31 02:00:00,15.96,65.50478,49.54478363037109,49.54478363037109,79
2024-03-31 03:00:00,29.91,63.74582,33.83581909179688,33.83581909179688,79
2024-03-31 04:00:00,23.52,62.82863,39.30862854003907,39.30862854003907,79
2024-03-31 05:00:00,33.29,62.31505,29.02504821777344,29.02504821777344,79
2024-03-31 06:00:00,29.83,60.948536,31.118535919189455,31.118535919189455,79
2024-03-31 07:00:00,24.53,56.286293,31.756293029785155,31.756293029785155,79
2024-03-31 08:00:00,31.25,52.126755,20.876754760742188,20.876754760742188,79
2024-03-31 09:00:00,29.25,48.62468,19.374679565429688,19.374679565429688,79
2024-03-31 10:00:00,20.47,46.33116,25.86116149902344,25.86116149902344,79
2024-03-31 11:00:00,3.2,42.62596,39.425961303710935,39.425961303710935,79
2024-03-31 12:00:00,1.03,40.5513,39.521300048828124,39.521300048828124,79
2024-03-31 13:00:00,10.88,42.294735,31.414734954833982,31.414734954833982,79
2024-03-31 14:00:00,8.19,46.0336,37.84359985351563,37.84359985351563,79
2024-03-31 15:00:00,10.15,54.337925,44.18792495727539,44.18792495727539,79
2024-03-31 16:00:00,14.41,63.810158,49.40015777587891,49.40015777587891,79
2024-03-31 17:00:00,21.76,71.58542,49.82541870117187,49.82541870117187,79
2024-03-31 18:00:00,31.62,75.10964,43.48964202880859,43.48964202880859,79
2024-03-31 19:00:00,26.12,76.42925,50.309252624511714,50.309252624511714,80
2024-03-31 20:00:00,24.53,74.333466,49.803465576171874,49.803465576171874,80
2024-03-31 21:00:00,32.35,72.025955,39.67595520019531,39.67595520019531,80
2024-03-31 22:00:00,40.7,69.56552,28.865521240234372,28.865521240234372,80
2024-03-31 23:00:00,32.1,68.072914,35.972914123535155,35.972914123535155,80
2024-04-01 00:00:00,29.36,66.29417,36.93416656494141,36.93416656494141,80
2024-04-01 01:00:00,21.19,65.57732,44.38731628417969,44.38731628417969,80
2024-04-01 02:00:00,11.84,64.00714,52.16714111328125,52.16714111328125,80
2024-04-01 03:00:00,17.04,66.28285,49.24285217285156,49.24285217285156,80
2024-04-01 04:00:00,17.65,70.040665,52.390664672851564,52.390664672851564,80
2024-04-01 05:00:00,15.39,73.63207,58.24207244873047,58.24207244873047,80
2024-04-01 06:00:00,19.64,75.74006,56.10005889892578,56.10005889892578,80
2024-04-01 07:00:00,13.69,73.751976,60.061976013183596,60.061976013183596,80
2024-04-01 08:00:00,10.44,70.611275,60.17127471923828,60.17127471923828,80
2024-04-01 09:00:00,7.67,67.54718,59.87718017578125,59.87718017578125,80
2024-04-01 10:00:00,6.9,65.65707,58.757066345214845,58.757066345214845,80
2024-04-01 11:00:00,0.03,62.502983,62.47298309326172,62.47298309326172,80
2024-04-01 12:00:00,-0.01,60.667118,60.677118072509764,60.677118072509764,80
2024-04-01 15:00:00,5.8,61.19036,55.39036102294922,55.39036102294922,80
2024-04-01 16:00:00,14.94,63.096287,48.15628677368164,48.15628677368164,80
2024-04-01 17:00:00,42.93,68.91209,25.982086486816407,25.982086486816407,80
2024-04-01 18:00:00,40.14,75.43571,35.295707092285156,35.295707092285156,80
2024-04-01 19:00:00,31.23,81.51054,50.28053619384765,50.28053619384765,80
2024-04-01 20:00:00,26.72,84.358116,57.638116149902345,57.638116149902345,80
2024-04-01 21:00:00,12.58,75.41203,62.83203308105469,62.83203308105469,81
2024-04-01 22:00:00,10.07,70.75236,60.682357482910156,60.682357482910156,81
2024-04-01 23:00:00,3.77,65.47914,61.70914123535156,61.70914123535156,81
2024-04-02 00:00:00,3.25,59.610588,56.36058807373047,56.36058807373047,81
2024-04-02 01:00:00,1.63,54.774788,53.14478790283203,53.14478790283203,81
2024-04-02 02:00:00,2.0,50.063705,48.06370544433594,48.06370544433594,81
2024-04-02 03:00:00,7.29,48.175602,40.88560195922852,40.88560195922852,81
2024-04-02 04:00:00,25.98,47.24829,21.268291015625,21.268291015625,81
2024-04-02 05:00:00,47.42,52.151405,4.7314053344726545,4.7314053344726545,81
2024-04-02 06:00:00,35.0,60.01268,25.012680053710938,25.012680053710938,81
2024-04-02 07:00:00,10.02,66.7987,56.77869842529297,56.77869842529297,81
2024-04-02 08:00:00,1.63,70.46575,68.83575164794922,68.83575164794922,81
2024-04-02 09:00:00,1.42,68.218605,66.7986050415039,66.7986050415039,81
2024-04-02 10:00:00,0.93,64.71676,63.786758728027344,63.786758728027344,81
2024-04-02 11:00:00,0.01,62.576656,62.566656341552736,62.566656341552736,81
2024-04-02 12:00:00,0.0,61.73165,61.731651306152344,61.731651306152344,81
2024-04-02 14:00:00,4.31,59.26056,54.95055908203125,54.95055908203125,81
2024-04-02 15:00:00,11.37,58.832996,47.462996368408206,47.462996368408206,81
2024-04-02 16:00:00,43.7,61.871063,18.171063232421872,18.171063232421872,81
2024-04-02 17:00:00,52.03,66.56104,14.53104278564453,14.53104278564453,81
2024-04-02 18:00:00,81.45,75.447556,-6.002444458007815,6.002444458007815,81
2024-04-02 19:00:00,39.6,83.567635,43.96763458251953,43.96763458251953,81
2024-04-02 20:00:00,43.54,89.869385,46.329384765625,46.329384765625,81
2024-04-02 21:00:00,43.58,91.751884,48.17188446044922,48.17188446044922,81
2024-04-02 22:00:00,7.36,67.549965,60.18996490478516,60.18996490478516,82
2024-04-02 23:00:00,9.43,64.86954,55.439537353515625,55.439537353515625,82
2024-04-03 00:00:00,8.95,62.758614,53.80861358642578,53.80861358642578,82
2024-04-03 01:00:00,2.88,58.85894,55.978940124511716,55.978940124511716,82
2024-04-03 02:00:00,0.09,55.6069,55.516899261474606,55.516899261474606,82
2024-04-03 03:00:00,1.0,53.689747,52.68974685668945,52.68974685668945,82
2024-04-03 04:00:00,8.49,55.331272,46.84127212524414,46.84127212524414,82
2024-04-03 05:00:00,28.07,57.227802,29.157802276611328,29.157802276611328,82
2024-04-03 06:00:00,37.38,61.06588,23.68587982177734,23.68587982177734,82
2024-04-03 07:00:00,24.37,63.304405,38.93440521240234,38.93440521240234,82
2024-04-03 08:00:00,16.95,62.80168,45.851681518554685,45.851681518554685,82
2024-04-03 09:00:00,9.37,61.481236,52.11123550415039,52.11123550415039,82
2024-04-03 10:00:00,9.12,58.05761,48.93760955810547,48.93760955810547,82
2024-04-03 11:00:00,5.08,56.667686,51.587686462402345,51.587686462402345,82
2024-04-03 12:00:00,3.99,56.606583,52.61658264160156,52.61658264160156,82
2024-04-03 13:00:00,0.01,57.3606,57.35059951782227,57.35059951782227,82
2024-04-03 14:00:00,0.0,57.260216,57.260215759277344,57.260215759277344,82
2024-04-03 15:00:00,0.02,60.99146,60.97145889282226,60.97145889282226,82
2024-04-03 16:00:00,9.97,69.33729,59.36728790283203,59.36728790283203,82
2024-04-03 17:00:00,15.08,76.45493,61.37493316650391,61.37493316650391,82
2024-04-03 18:00:00,35.0,80.610214,45.61021423339844,45.61021423339844,82
2024-04-03 20:00:00,31.62,79.877174,48.2571743774414,48.2571743774414,82
2024-04-03 21:00:00,25.43,76.813,51.38300354003906,51.38300354003906,82
2024-04-03 22:00:00,2.6,73.121864,70.52186431884766,70.52186431884766,82
2024-04-03 23:00:00,0.44,67.457985,67.01798492431641,67.01798492431641,83
2024-04-04 00:00:00,4.42,64.00953,59.58952911376953,59.58952911376953,83
2024-04-04 01:00:00,4.99,62.209507,57.21950698852539,57.21950698852539,83
2024-04-04 02:00:00,3.25,59.558964,56.308963775634766,56.308963775634766,83
2024-04-04 03:00:00,5.87,58.21779,52.347788696289065,52.347788696289065,83
2024-04-04 04:00:00,3.25,58.967934,55.717933654785156,55.717933654785156,83
2024-04-04 05:00:00,11.19,63.141064,51.95106369018555,51.95106369018555,83
2024-04-04 06:00:00,13.47,65.50203,52.032029418945314,52.032029418945314,83
2024-04-04 07:00:00,3.74,67.64006,63.900060424804686,63.900060424804686,83
2024-04-04 08:00:00,1.91,66.18997,64.27997192382813,64.27997192382813,83
2024-04-04 09:00:00,0.0,61.995525,61.99552536010742,61.99552536010742,83
2024-04-04 15:00:00,0.02,57.22354,57.20354125976562,57.20354125976562,83
2024-04-04 16:00:00,19.14,50.202553,31.062552795410156,31.062552795410156,83
2024-04-04 17:00:00,36.77,45.360462,8.5904621887207,8.5904621887207,83
2024-04-04 18:00:00,42.3,43.140636,0.8406364440917997,0.8406364440917997,83
2024-04-04 19:00:00,28.97,42.923714,13.953713684082032,13.953713684082032,83
2024-04-04 20:00:00,27.85,42.98129,15.131288909912108,15.131288909912108,83
2024-04-04 21:00:00,18.78,48.247025,29.46702453613281,29.46702453613281,83
2024-04-04 22:00:00,11.2,58.90733,47.70732955932617,47.70732955932617,83
2024-04-04 23:00:00,7.37,68.023026,60.653025512695315,60.653025512695315,83
2024-04-05 00:00:00,8.35,73.14738,64.79737701416016,64.79737701416016,83
2024-04-05 01:00:00,4.77,72.83929,68.06928680419922,68.06928680419922,83
2024-04-05 02:00:00,2.42,69.23951,66.81950958251953,66.81950958251953,83
2024-04-05 03:00:00,3.71,64.72594,61.01593688964844,61.01593688964844,83
2024-04-05 04:00:00,9.34,74.92261,65.582607421875,65.582607421875,84
2024-04-05 05:00:00,5.15,75.32743,70.17743072509765,70.17743072509765,84
2024-04-05 06:00:00,12.65,75.36733,62.717332458496095,62.717332458496095,84
2024-04-05 07:00:00,3.86,73.0007,69.14070190429688,69.14070190429688,84
2024-04-05 08:00:00,3.4,70.9869,67.58690032958984,67.58690032958984,84
2024-04-05 09:00:00,2.0,68.700874,66.70087432861328,66.70087432861328,84
2024-04-05 10:00:00,2.09,67.71358,65.62357727050781,65.62357727050781,84
2024-04-05 11:00:00,0.0,65.376595,65.37659454345703,65.37659454345703,84
2024-04-05 12:00:00,-0.02,64.97001,64.99000885009765,64.99000885009765,84
2024-04-05 13:00:00,-0.05,66.09476,66.14475708007812,66.14475708007812,84
2024-04-05 14:00:00,0.0,68.8588,68.85880279541016,68.85880279541016,84
2024-04-05 15:00:00,0.08,73.478485,73.39848510742188,73.39848510742188,84
2024-04-05 16:00:00,7.54,76.25,68.71,68.71,84
2024-04-05 17:00:00,11.3,77.96605,66.66604919433594,66.66604919433594,84
2024-04-05 18:00:00,14.4,77.922714,63.52271423339844,63.52271423339844,84
2024-04-05 19:00:00,5.14,77.10687,71.96687255859375,71.96687255859375,84
2024-04-05 20:00:00,14.75,74.09501,59.345008850097656,59.345008850097656,84
2024-04-05 21:00:00,15.78,71.53383,55.75382873535156,55.75382873535156,84
2024-04-05 22:00:00,5.35,70.40702,65.05702056884766,65.05702056884766,84
2024-04-05 23:00:00,0.0,68.30897,68.30896759033203,68.30896759033203,84
2024-04-06 08:00:00,-0.01,66.981544,66.99154449462891,66.99154449462891,84
2024-04-06 09:00:00,-5.55,64.91608,70.46607666015625,70.46607666015625,84
2024-04-06 10:00:00,-5.48,64.27364,69.75364349365235,69.75364349365235,84
2024-04-06 11:00:00,-4.81,64.40157,69.21157318115235,69.21157318115235,84
2024-04-06 12:00:00,-13.78,49.36976,63.14975860595703,63.14975860595703,85
2024-04-06 13:00:00,-18.58,48.87863,67.45863159179687,67.45863159179687,85
2024-04-06 14:00:00,-1.68,49.629642,51.309642486572265,51.309642486572265,85
2024-04-06 15:00:00,-0.01,46.353077,46.36307693481445,46.36307693481445,85
2024-04-06 16:00:00,0.0,43.327675,43.327674865722656,43.327674865722656,85
2024-04-06 17:00:00,3.03,38.836834,35.80683395385742,35.80683395385742,85
2024-04-06 18:00:00,4.23,37.29518,33.06518127441406,33.06518127441406,85
2024-04-06 19:00:00,8.0,33.048695,25.048694610595703,25.048694610595703,85
2024-04-06 20:00:00,7.97,30.867615,22.89761474609375,22.89761474609375,85
2024-04-06 21:00:00,4.27,31.603107,27.33310745239258,27.33310745239258,85
2024-04-06 22:00:00,0.97,34.386127,33.41612747192383,33.41612747192383,85
2024-04-06 23:00:00,0.15,41.171043,41.021043395996095,41.021043395996095,85
2024-04-07 00:00:00,0.0,46.194496,46.194496154785156,46.194496154785156,85
2024-04-07 07:00:00,-0.01,52.458614,52.46861434936523,52.46861434936523,85
2024-04-07 08:00:00,-0.16,57.520515,57.68051544189453,57.68051544189453,85
2024-04-07 09:00:00,-3.25,59.92644,63.17644119262695,63.17644119262695,85
2024-04-07 10:00:00,-0.07,56.405685,56.47568542480469,56.47568542480469,85
2024-04-07 11:00:00,-1.69,52.517876,54.20787567138672,54.20787567138672,85
2024-04-07 12:00:00,-19.25,50.933975,70.18397521972656,70.18397521972656,85
2024-04-07 13:00:00,-5.04,48.743256,53.783255615234374,53.783255615234374,85
2024-04-07 14:00:00,-0.15,48.022556,48.17255630493164,48.17255630493164,85
2024-04-07 15:00:00,2.66,45.67871,43.0187109375,43.0187109375,85
2024-04-07 16:00:00,3.87,44.5789,40.708899383544924,40.708899383544924,85
2024-04-07 17:00:00,16.14,43.560295,27.420295104980468,27.420295104980468,85
2024-04-07 18:00:00,25.0,67.81127,42.81127166748047,42.81127166748047,86
2024-04-07 19:00:00,35.0,67.4086,32.408599853515625,32.408599853515625,86
2024-04-07 20:00:00,25.0,66.69451,41.69451141357422,41.69451141357422,86
2024-04-07 21:00:00,10.66,64.85928,54.19928344726563,54.19928344726563,86
2024-04-07 22:00:00,7.65,64.40303,56.753030395507814,56.753030395507814,86
2024-04-07 23:00:00,8.2,63.974773,55.77477340698242,55.77477340698242,86
2024-04-08 00:00:00,7.26,64.53693,57.27692626953125,57.27692626953125,86
2024-04-08 01:00:00,0.09,63.594738,63.50473800659179,63.50473800659179,86
2024-04-08 02:00:00,0.0,65.558975,65.55897521972656,65.55897521972656,86
2024-04-08 03:00:00,0.41,68.72326,68.31325897216797,68.31325897216797,86
2024-04-08 04:00:00,11.53,72.3194,60.78939697265625,60.78939697265625,86
2024-04-08 05:00:00,17.17,76.124504,58.95450408935547,58.95450408935547,86
2024-04-08 06:00:00,22.72,76.447174,53.727174072265626,53.727174072265626,86
2024-04-08 07:00:00,17.14,75.13424,57.99423919677734,57.99423919677734,86
2024-04-08 08:00:00,0.09,72.36292,72.27292266845703,72.27292266845703,86
2024-04-08 09:00:00,0.0,69.93003,69.9300308227539,69.9300308227539,86
2024-04-08 10:00:00,0.08,66.22635,66.14634887695313,66.14634887695313,86
2024-04-08 11:00:00,0.0,63.630775,63.630775451660156,63.630775451660156,86
2024-04-08 14:00:00,-0.01,62.687836,62.69783569335937,62.69783569335937,86
2024-04-08 15:00:00,0.0,61.64829,61.64828872680664,61.64828872680664,86
2024-04-08 17:00:00,1.04,63.064915,62.02491470336914,62.02491470336914,86
2024-04-08 18:00:00,18.26,64.97234,46.712343444824214,46.712343444824214,86
2024-04-08 19:00:00,14.4,68.62628,54.22628173828125,54.22628173828125,86
2024-04-08 20:00:00,2.36,71.6233,69.26329864501953,69.26329864501953,86
2024-04-08 21:00:00,0.0,77.0602,77.0602035522461,77.0602035522461,87
2024-04-08 22:00:00,0.0,75.29113,75.29113006591797,75.29113006591797,87
2024-04-09 00:00:00,-0.02,73.396255,73.41625549316406,73.41625549316406,87
2024-04-09 01:00:00,-2.94,70.407364,73.34736389160156,73.34736389160156,87
2024-04-09 02:00:00,-1.06,68.09858,69.15857940673828,69.15857940673828,87
2024-04-09 03:00:00,-0.01,65.714584,65.72458435058594,65.72458435058594,87
2024-04-09 04:00:00,0.0,64.497345,64.49734497070312,64.49734497070312,87
2024-04-09 09:00:00,-0.01,62.371967,62.381967315673826,62.381967315673826,87
2024-04-09 10:00:00,-0.02,63.365776,63.38577606201172,63.38577606201172,87
2024-04-09 11:00:00,-0.05,65.969475,66.01947479248047,66.01947479248047,87
2024-04-09 12:00:00,-0.07,68.991844,69.06184417724609,69.06184417724609,87
2024-04-09 15:00:00,-0.02,71.447014,71.46701385498046,71.46701385498046,87
2024-04-09 16:00:00,0.0,70.152565,70.1525650024414,70.1525650024414,87
2024-04-09 17:00:00,11.74,68.10103,56.36102844238281,56.36102844238281,87
2024-04-09 18:00:00,5.0,66.22425,61.22425079345703,61.22425079345703,87
2024-04-09 19:00:00,14.72,65.19075,50.470750122070314,50.470750122070314,87
2024-04-09 20:00:00,6.35,63.011284,56.66128387451172,56.66128387451172,87
2024-04-09 21:00:00,7.15,62.45758,55.30758056640625,55.30758056640625,87
2024-04-09 22:00:00,20.98,64.47154,43.49154235839843,43.49154235839843,87
2024-04-09 23:00:00,6.69,66.6641,59.97410064697266,59.97410064697266,87
2024-04-10 00:00:00,6.7,70.68368,63.98367767333984,63.98367767333984,87
2024-04-10 01:00:00,9.06,74.081154,65.0211538696289,65.0211538696289,87
2024-04-10 02:00:00,9.76,77.061615,67.30161499023437,67.30161499023437,87
2024-04-10 03:00:00,18.71,78.14546,59.43546203613281,59.43546203613281,87
2024-04-10 04:00:00,46.16,78.56826,32.4082601928711,32.4082601928711,88
2024-04-10 05:00:00,99.63,80.63846,-18.99154174804687,18.99154174804687,88
2024-04-10 06:00:00,108.69,82.49322,-26.19678253173828,26.19678253173828,88
2024-04-10 07:00:00,83.56,81.7417,-1.8183007812500023,1.8183007812500023,88
2024-04-10 08:00:00,67.5,80.15049,12.650489807128906,12.650489807128906,88
2024-04-10 09:00:00,49.03,77.28387,28.253866882324218,28.253866882324218,88
2024-04-10 10:00:00,35.86,74.85395,38.99395050048828,38.99395050048828,88
2024-04-10 11:00:00,27.96,71.16197,43.20197204589844,43.20197204589844,88
2024-04-10 12:00:00,23.37,69.24725,45.877253417968745,45.877253417968745,88
2024-04-10 13:00:00,21.84,68.77491,46.93490997314453,46.93490997314453,88
2024-04-10 14:00:00,17.93,70.381454,52.45145446777344,52.45145446777344,88
2024-04-10 15:00:00,52.7,74.12178,21.42178039550781,21.42178039550781,88
2024-04-10 16:00:00,31.85,76.59687,44.74687042236328,44.74687042236328,88
2024-04-10 17:00:00,46.49,78.89648,32.40647674560547,32.40647674560547,88
2024-04-10 18:00:00,35.71,79.80366,44.09365753173828,44.09365753173828,88
2024-04-10 19:00:00,34.45,80.15996,45.709957885742185,45.709957885742185,88
2024-04-10 20:00:00,48.22,78.30791,30.08790710449219,30.08790710449219,88
2024-04-10 21:00:00,27.59,76.33748,48.74747863769531,48.74747863769531,88
2024-04-10 22:00:00,3.25,75.45821,72.20821380615234,72.20821380615234,88
2024-04-10 23:00:00,1.0,73.71385,72.71385192871094,72.71385192871094,88
2024-04-11 00:00:00,0.04,72.418076,72.37807556152343,72.37807556152343,88
2024-04-11 01:00:00,0.0,70.59866,70.59866333007812,70.59866333007812,88
2024-04-11 03:00:00,1.47,70.3886,68.91860321044922,68.91860321044922,88
2024-04-11 04:00:00,13.21,71.09648,57.88648132324219,57.88648132324219,88
2024-04-11 05:00:00,22.42,78.52399,56.10398681640625,56.10398681640625,89
2024-04-11 06:00:00,52.2,79.453064,27.253063964843747,27.253063964843747,89
2024-04-11 07:00:00,19.66,80.27157,60.61156829833985,60.61156829833985,89
2024-04-11 08:00:00,0.03,78.7891,78.75910064697266,78.75910064697266,89
2024-04-11 09:00:00,0.0,77.037224,77.03722381591797,77.03722381591797,89
2024-04-11 10:00:00,1.81,74.429306,72.61930603027344,72.61930603027344,89
2024-04-11 11:00:00,1.73,72.32757,70.59756805419921,70.59756805419921,89
2024-04-11 12:00:00,0.09,68.91943,68.82943359375,68.82943359375,89
2024-04-11 13:00:00,0.02,67.220024,67.20002410888672,67.20002410888672,89
2024-04-11 14:00:00,0.77,67.08664,66.31663940429688,66.31663940429688,89
2024-04-11 15:00:00,6.42,68.809875,62.38987548828125,62.38987548828125,89
2024-04-11 16:00:00,8.76,72.54621,63.78621124267578,63.78621124267578,89
2024-04-11 17:00:00,24.22,74.80953,50.589532165527345,50.589532165527345,89
2024-04-11 18:00:00,60.0,76.96116,16.961158752441406,16.961158752441406,89
2024-04-11 19:00:00,70.95,78.13039,7.18038635253906,7.18038635253906,89
2024-04-11 20:00:00,70.01,79.17756,9.167558898925776,9.167558898925776,89
2024-04-11 21:00:00,34.08,78.31905,44.239053649902345,44.239053649902345,89
2024-04-11 22:00:00,23.77,77.21471,53.44470642089844,53.44470642089844,89
2024-04-11 23:00:00,15.37,76.85504,61.48504150390625,61.48504150390625,89
2024-04-12 00:00:00,12.5,75.35729,62.85729217529297,62.85729217529297,89
2024-04-12 01:00:00,11.94,74.14745,62.20745330810547,62.20745330810547,89
2024-04-12 02:00:00,12.49,72.3668,59.876798400878904,59.876798400878904,89
2024-04-12 03:00:00,16.93,71.950615,55.02061492919922,55.02061492919922,89
2024-04-12 04:00:00,33.47,72.136215,38.66621520996094,38.66621520996094,89
2024-04-12 05:00:00,78.44,81.334496,2.894495544433596,2.894495544433596,90
2024-04-12 06:00:00,74.04,80.18898,6.148980102539056,6.148980102539056,90
2024-04-12 07:00:00,14.86,78.534355,63.67435516357422,63.67435516357422,90
2024-04-12 08:00:00,11.8,75.34603,63.54603118896485,63.54603118896485,90
2024-04-12 09:00:00,18.7,73.08476,54.384762573242185,54.384762573242185,90
2024-04-12 10:00:00,0.0,71.17248,71.17247772216797,71.17247772216797,90
2024-04-12 11:00:00,-0.06,70.54487,70.60486846923828,70.60486846923828,90
2024-04-12 12:00:00,-0.09,69.35126,69.44125732421875,69.44125732421875,90
2024-04-12 13:00:00,-0.37,70.55407,70.92406951904297,70.92406951904297,90
2024-04-12 14:00:00,-0.03,73.12973,73.15973022460938,73.15973022460938,90
2024-04-12 15:00:00,4.69,76.23663,71.54663330078125,71.54663330078125,90
2024-04-12 16:00:00,8.46,79.45751,70.99751190185546,70.99751190185546,90
2024-04-12 17:00:00,25.61,80.19832,54.58831848144531,54.58831848144531,90
2024-04-12 18:00:00,39.35,79.875206,40.52520599365234,40.52520599365234,90
2024-04-12 19:00:00,38.47,78.879036,40.40903594970703,40.40903594970703,90
2024-04-12 20:00:00,38.05,78.28569,40.23569030761719,40.23569030761719,90
2024-04-12 21:00:00,26.67,76.48582,49.815816955566405,49.815816955566405,90
2024-04-12 22:00:00,24.15,75.13631,50.986306762695314,50.986306762695314,90
2024-04-12 23:00:00,17.73,74.75237,57.022372741699215,57.022372741699215,90
2024-04-13 00:00:00,17.15,73.21212,56.062120056152345,56.062120056152345,90
2024-04-13 01:00:00,11.13,72.59264,61.462643737792966,61.462643737792966,90
2024-04-13 02:00:00,7.74,71.41737,63.67737365722656,63.67737365722656,90
2024-04-13 03:00:00,6.79,71.0434,64.25340362548827,64.25340362548827,90
2024-04-13 04:00:00,10.39,70.85666,60.466658935546874,60.466658935546874,90
2024-04-13 05:00:00,11.76,22.706276,10.946275939941406,10.946275939941406,91
2024-04-13 06:00:00,13.26,25.415688,12.155687561035156,12.155687561035156,91
2024-04-13 07:00:00,8.8,19.709343,10.909342956542968,10.909342956542968,91
2024-04-13 08:00:00,-0.02,12.891641,12.911640663146972,12.911640663146972,91
2024-04-13 09:00:00,-9.79,11.338311,21.128311195373534,21.128311195373534,91
2024-04-13 10:00:00,-20.64,6.986794,27.626793994903565,27.626793994903565,91
2024-04-13 11:00:00,-50.0,5.505997,55.50599718093872,55.50599718093872,91
2024-04-13 12:00:00,-55.01,4.8415074,59.85150743484497,59.85150743484497,91
2024-04-13 13:00:00,-49.91,3.6226585,53.53265849113464,53.53265849113464,91
2024-04-13 14:00:00,-19.0,3.2073905,22.207390546798706,22.207390546798706,91
2024-04-13 15:00:00,-0.08,5.7734838,5.853483753204346,5.853483753204346,91
2024-04-13 16:00:00,1.2,13.348161,12.14816074371338,12.14816074371338,91
2024-04-13 17:00:00,11.66,18.89766,7.237659301757812,7.237659301757812,91
2024-04-13 18:00:00,24.96,23.74237,-1.2176293945312509,1.2176293945312509,91
2024-04-13 19:00:00,33.82,26.672997,-7.1470034790039065,7.1470034790039065,91
2024-04-13 20:00:00,24.26,26.93246,2.672460784912108,2.672460784912108,91
2024-04-13 21:00:00,13.83,22.680862,8.850862426757812,8.850862426757812,91
2024-04-13 22:00:00,5.79,20.62938,14.839379272460938,14.839379272460938,91
2024-04-13 23:00:00,2.74,14.970498,12.230498085021972,12.230498085021972,91
2024-04-14 00:00:00,1.69,11.663316,9.973315773010254,9.973315773010254,91
2024-04-14 01:00:00,1.51,9.135278,7.62527774810791,7.62527774810791,91
2024-04-14 02:00:00,3.25,5.2174,1.967400074005127,1.967400074005127,91
2024-04-14 03:00:00,6.35,3.4438407,-2.9061592578887936,2.9061592578887936,91
2024-04-14 04:00:00,12.86,8.789704,-4.070295677185058,4.070295677185058,91
2024-04-14 05:00:00,13.0,15.713571,2.7135705947875977,2.7135705947875977,92
2024-04-14 06:00:00,7.65,17.960892,10.310891723632812,10.310891723632812,92
2024-04-14 07:00:00,0.0,14.279756,14.279755592346191,14.279755592346191,92
2024-04-14 08:00:00,-0.53,11.288209,11.818208961486816,11.818208961486816,92
2024-04-14 09:00:00,-7.37,13.834237,21.20423709869385,21.20423709869385,92
2024-04-14 10:00:00,-2.16,12.149552,14.309552345275879,14.309552345275879,92
2024-04-14 11:00:00,-10.58,12.466012,23.046012001037596,23.046012001037596,92
2024-04-14 12:00:00,-23.62,12.807542,36.42754184722901,36.42754184722901,92
2024-04-14 13:00:00,-39.89,12.274339,52.164338722229004,52.164338722229004,92
2024-04-14 14:00:00,-6.25,10.922746,17.17274570465088,17.17274570465088,92
2024-04-14 15:00:00,1.57,10.387734,8.817734413146972,8.817734413146972,92
2024-04-14 16:00:00,7.96,12.303384,4.343383827209473,4.343383827209473,92
2024-04-14 17:00:00,2.5,12.118325,9.618325233459473,9.618325233459473,92
2024-04-14 18:00:00,18.41,13.32718,-5.082820091247559,5.082820091247559,92
2024-04-14 19:00:00,30.77,14.666039,-16.10396053314209,16.10396053314209,92
2024-04-14 20:00:00,19.72,15.075219,-4.644780845642089,4.644780845642089,92
2024-04-14 21:00:00,17.0,12.365106,-4.634894371032715,4.634894371032715,92
2024-04-14 22:00:00,7.3,11.99347,4.693470191955567,4.693470191955567,92
2024-04-14 23:00:00,3.25,7.9269567,4.676956653594971,4.676956653594971,92
2024-04-15 00:00:00,1.77,5.926003,4.156002979278565,4.156002979278565,92
2024-04-15 01:00:00,0.44,4.979424,4.539423999786377,4.539423999786377,92
2024-04-15 02:00:00,0.03,2.6759956,2.6459955883026125,2.6459955883026125,92
2024-04-15 03:00:00,0.07,1.2282493,1.1582493114471435,1.1582493114471435,92
2024-04-15 04:00:00,1.0,5.822724,4.822723865509033,4.822723865509033,92
2024-04-15 05:00:00,10.75,10.915742,0.1657419204711914,0.1657419204711914,93
2024-04-15 06:00:00,18.7,12.5133295,-6.186670494079589,6.186670494079589,93
2024-04-15 07:00:00,13.65,8.803681,-4.846318626403809,4.846318626403809,93
2024-04-15 08:00:00,0.0,6.1297917,6.129791736602783,6.129791736602783,93
2024-04-15 10:00:00,-0.01,8.744042,8.75404239654541,8.75404239654541,93
2024-04-15 11:00:00,-0.04,6.567147,6.6071467781066895,6.6071467781066895,93
2024-04-15 12:00:00,-0.1,6.199532,6.299532032012939,6.299532032012939,93
2024-04-15 13:00:00,-0.32,6.5753713,6.895371265411377,6.895371265411377,93
2024-04-15 14:00:00,-1.0,6.837662,7.837662220001221,7.837662220001221,93
2024-04-15 15:00:00,-0.09,7.050141,7.140140857696533,7.140140857696533,93
2024-04-15 16:00:00,0.0,8.025666,8.025666236877441,8.025666236877441,93
2024-04-15 17:00:00,0.44,10.950822,10.51082187652588,10.51082187652588,93
2024-04-15 18:00:00,10.0,10.092896,0.0928964614868164,0.0928964614868164,93
2024-04-15 19:00:00,19.72,10.050561,-9.669439048767089,9.669439048767089,93
2024-04-15 20:00:00,6.0,9.63012,3.630120277404785,3.630120277404785,93
2024-04-15 21:00:00,4.2,9.253045,5.053045082092285,5.053045082092285,93
2024-04-15 22:00:00,0.44,6.7736516,6.333651599884033,6.333651599884033,93
2024-04-15 23:00:00,0.0,7.524018,7.524017810821533,7.524017810821533,93
2024-04-16 01:00:00,-0.01,5.6132283,5.623228321075439,5.623228321075439,93
2024-04-16 02:00:00,0.0,6.2116094,6.211609363555908,6.211609363555908,93
2024-04-16 04:00:00,0.08,8.216714,8.136713905334473,8.136713905334473,93
2024-04-16 05:00:00,6.0,8.257104,2.25710391998291,2.25710391998291,93
2024-04-16 06:00:00,4.47,7.765595,3.2955949592590335,3.2955949592590335,93
2024-04-16 07:00:00,0.0,12.237298,12.237298011779785,12.237298011779785,93
2024-04-16 08:00:00,-0.01,16.927849,16.93784881591797,16.93784881591797,94
2024-04-16 09:00:00,0.0,15.840592,15.840592384338379,15.840592384338379,94
2024-04-16 12:00:00,-0.02,13.652284,13.672283668518066,13.672283668518066,94
2024-04-16 13:00:00,-0.04,12.301057,12.34105686187744,12.34105686187744,94
2024-04-16 14:00:00,-0.05,14.831964,14.881963539123536,14.881963539123536,94
2024-04-16 15:00:00,-0.04,12.93982,12.979820289611816,12.979820289611816,94
2024-04-16 16:00:00,0.13,11.404893,11.274892921447753,11.274892921447753,94
2024-04-16 17:00:00,4.78,12.073609,7.293609352111816,7.293609352111816,94
2024-04-16 18:00:00,6.67,13.215043,6.545043067932129,6.545043067932129,94
2024-04-16 19:00:00,10.01,15.18406,5.174060096740723,5.174060096740723,94
2024-04-16 20:00:00,18.59,16.87371,-1.716289367675781,1.716289367675781,94
2024-04-16 21:00:00,25.71,20.291527,-5.418473205566407,5.418473205566407,94
2024-04-16 22:00:00,7.57,19.41481,11.844810180664062,11.844810180664062,94
2024-04-16 23:00:00,12.38,21.299385,8.91938507080078,8.91938507080078,94
2024-04-17 00:00:00,9.62,23.504799,13.884798889160157,13.884798889160157,94
2024-04-17 01:00:00,4.84,29.685013,24.845012817382813,24.845012817382813,94
2024-04-17 02:00:00,8.03,34.991016,26.961016387939452,26.961016387939452,94
2024-04-17 03:00:00,22.03,43.299324,21.26932403564453,21.26932403564453,94
2024-04-17 04:00:00,65.62,47.688187,-17.931813354492192,17.931813354492192,94
2024-04-17 05:00:00,140.0,50.79324,-89.20676040649414,89.20676040649414,94
2024-04-17 06:00:00,101.53,52.758076,-48.77192428588867,48.77192428588867,94
2024-04-17 07:00:00,48.78,51.3108,2.53079864501953,2.53079864501953,94
2024-04-17 08:00:00,15.68,47.505054,31.825054473876953,31.825054473876953,94
2024-04-17 09:00:00,1.15,47.213417,46.06341705322266,46.06341705322266,94
2024-04-17 10:00:00,0.0,21.821884,21.821884155273438,21.821884155273438,95
2024-04-17 11:00:00,0.04,13.39644,13.35643955230713,13.35643955230713,95
2024-04-17 12:00:00,6.7,5.9124,-0.7876002311706545,0.7876002311706545,95
2024-04-17 13:00:00,6.36,0.12191839,-6.238081612288952,6.238081612288952,95
2024-04-17 14:00:00,0.96,2.589814,1.6298139476776123,1.6298139476776123,95
2024-04-17 15:00:00,18.91,7.8159566,-11.094043407440186,11.094043407440186,95
2024-04-17 16:00:00,35.8,22.996368,-12.803631591796872,12.803631591796872,95
2024-04-17 17:00:00,96.46,40.879288,-55.58071228027343,55.58071228027343,95
2024-04-17 18:00:00,113.9,53.481052,-60.418947601318365,60.418947601318365,95
2024-04-17 19:00:00,115.63,54.691483,-60.93851745605468,60.93851745605468,95
2024-04-17 20:00:00,52.63,49.30968,-3.3203190612792994,3.3203190612792994,95
2024-04-17 21:00:00,54.83,43.1364,-11.69360168457031,11.69360168457031,95
2024-04-17 22:00:00,89.04,33.68845,-55.351550140380866,55.351550140380866,95
2024-04-17 23:00:00,74.94,27.014862,-47.92513793945312,47.92513793945312,95
2024-04-18 00:00:00,52.58,21.960266,-30.61973388671875,30.61973388671875,95
2024-04-18 01:00:00,25.27,21.318161,-3.951838989257812,3.951838989257812,95
2024-04-18 02:00:00,38.86,24.656841,-14.203158721923828,14.203158721923828,95
2024-04-18 03:00:00,19.22,38.80912,19.589120178222657,19.589120178222657,95
2024-04-18 04:00:00,62.47,54.59925,-7.870749206542968,7.870749206542968,95
2024-04-18 05:00:00,114.87,67.49659,-47.37341033935547,47.37341033935547,95
2024-04-18 06:00:00,131.19,68.51952,-62.67047637939453,62.67047637939453,95
2024-04-18 07:00:00,101.12,59.25057,-41.869431610107426,41.869431610107426,95
2024-04-18 08:00:00,49.74,43.549347,-6.190653076171877,6.190653076171877,95
2024-04-18 09:00:00,21.72,31.22575,9.505749969482423,9.505749969482423,95
2024-04-18 10:00:00,23.17,17.202263,-5.967737121582033,5.967737121582033,96
2024-04-18 11:00:00,33.29,11.34308,-21.946920433044433,21.946920433044433,96
2024-04-18 12:00:00,26.02,5.4066854,-20.61331464767456,20.61331464767456,96
2024-04-18 13:00:00,12.23,3.0219886,-9.2080113697052,9.2080113697052,96
2024-04-18 14:00:00,13.21,8.393807,-4.816192588806153,4.816192588806153,96
2024-04-18 15:00:00,13.27,13.470902,0.20090244293212933,0.20090244293212933,96
2024-04-18 16:00:00,29.08,26.837051,-2.242948608398436,2.242948608398436,96
2024-04-18 17:00:00,112.33,42.572105,-69.75789459228515,69.75789459228515,96
2024-04-18 18:00:00,115.6,55.696884,-59.90311584472656,59.90311584472656,96
2024-04-18 19:00:00,95.07,57.817368,-37.252632446289056,37.252632446289056,96
2024-04-18 20:00:00,89.68,52.92384,-36.75616043090821,36.75616043090821,96
2024-04-18 21:00:00,75.67,45.08003,-30.589971466064455,30.589971466064455,96
2024-04-18 22:00:00,36.21,34.680443,-1.529557189941407,1.529557189941407,96
2024-04-18 23:00:00,15.82,26.674263,10.854263000488281,10.854263000488281,96
2024-04-19 00:00:00,23.11,21.742844,-1.367156372070312,1.367156372070312,96
2024-04-19 01:00:00,21.65,17.31247,-4.337530517578124,4.337530517578124,96
2024-04-19 02:00:00,9.02,12.943185,3.923184852600098,3.923184852600098,96
2024-04-19 03:00:00,17.59,14.460824,-3.129175987243652,3.129175987243652,96
2024-04-19 04:00:00,25.73,17.171715,-8.558285217285157,8.558285217285157,96
2024-04-19 05:00:00,35.07,23.551636,-11.5183642578125,11.5183642578125,96
2024-04-19 06:00:00,38.43,26.81253,-11.617469482421875,11.617469482421875,96
2024-04-19 07:00:00,14.09,24.700096,10.610096130371094,10.610096130371094,96
2024-04-19 08:00:00,21.16,17.659317,-3.5006829833984376,3.5006829833984376,96
2024-04-19 09:00:00,7.95,11.386491,3.4364908218383787,3.4364908218383787,96
2024-04-19 10:00:00,0.6,14.034905,13.434905433654786,13.434905433654786,97
2024-04-19 11:00:00,0.04,11.908883,11.868883094787599,11.868883094787599,97
2024-04-19 12:00:00,0.02,8.130616,8.110616188049317,8.110616188049317,97
2024-04-19 13:00:00,0.0,6.458245,6.458244800567627,6.458244800567627,97
2024-04-19 15:00:00,2.5,11.434724,8.934723854064941,8.934723854064941,97
2024-04-19 16:00:00,8.11,15.129365,7.019364967346192,7.019364967346192,97
2024-04-19 17:00:00,21.96,23.813416,1.8534155273437491,1.8534155273437491,97
2024-04-19 18:00:00,34.96,33.719963,-1.240036926269532,1.240036926269532,97
2024-04-19 19:00:00,37.52,40.24299,2.722988586425778,2.722988586425778,97
2024-04-19 20:00:00,35.0,39.982758,4.982757568359375,4.982757568359375,97
2024-04-19 22:00:00,24.69,37.46023,12.770231781005858,12.770231781005858,97
2024-04-19 23:00:00,10.0,36.22161,26.22161102294922,26.22161102294922,97
2024-04-20 00:00:00,11.39,32.022446,20.632445678710937,20.632445678710937,97
2024-04-20 01:00:00,10.0,28.77916,18.779159545898438,18.779159545898438,97
2024-04-20 02:00:00,9.57,26.291706,16.721706085205078,16.721706085205078,97
2024-04-20 03:00:00,7.0,25.396206,18.39620590209961,18.39620590209961,97
2024-04-20 04:00:00,7.54,24.964848,17.424847564697266,17.424847564697266,97
2024-04-20 05:00:00,8.43,30.295494,21.865494079589844,21.865494079589844,97
2024-04-20 06:00:00,13.31,33.729664,20.41966384887695,20.41966384887695,97
2024-04-20 07:00:00,6.27,36.41861,30.148609619140625,30.148609619140625,97
2024-04-20 08:00:00,3.45,33.49498,30.044979858398438,30.044979858398438,97
2024-04-20 09:00:00,0.05,26.725815,26.675814819335937,26.675814819335937,97
2024-04-20 10:00:00,0.79,18.74791,17.95790954589844,17.95790954589844,97
2024-04-20 11:00:00,0.0,16.073563,16.073562622070312,16.073562622070312,97
2024-04-20 13:00:00,-0.04,6.801026,6.841025867462158,6.841025867462158,98
2024-04-20 14:00:00,-0.07,7.7006307,7.77063066482544,7.77063066482544,98
2024-04-20 15:00:00,-0.01,6.4165273,6.426527271270752,6.426527271270752,98
2024-04-20 16:00:00,0.04,9.349153,9.309152565002442,9.309152565002442,98
2024-04-20 17:00:00,10.47,19.886154,9.416154174804687,9.416154174804687,98
2024-04-20 18:00:00,15.3,26.39886,11.098860931396484,11.098860931396484,98
2024-04-20 19:00:00,10.0,33.142036,23.14203643798828,23.14203643798828,98
2024-04-20 20:00:00,14.5,36.652233,22.152233123779297,22.152233123779297,98
2024-04-20 21:00:00,39.32,36.542973,-2.7770274353027347,2.7770274353027347,98
2024-04-20 22:00:00,36.93,32.16839,-4.761611633300781,4.761611633300781,98
2024-04-20 23:00:00,30.65,28.544956,-2.105043792724608,2.105043792724608,98
2024-04-21 00:00:00,44.07,28.053246,-16.016754455566407,16.016754455566407,98
2024-04-21 01:00:00,44.88,25.078686,-19.801314239501956,19.801314239501956,98
2024-04-21 02:00:00,30.0,21.214195,-8.785804748535156,8.785804748535156,98
2024-04-21 03:00:00,17.14,18.314629,1.1746286010742182,1.1746286010742182,98
2024-04-21 04:00:00,18.93,15.461404,-3.468596153259277,3.468596153259277,98
2024-04-21 05:00:00,9.36,12.180627,2.8206268692016607,2.8206268692016607,98
2024-04-21 06:00:00,9.72,13.348275,3.628275184631347,3.628275184631347,98
2024-04-21 07:00:00,6.22,12.129441,5.909441261291504,5.909441261291504,98
2024-04-21 08:00:00,0.0,12.003152,12.003151893615723,12.003151893615723,98
2024-04-21 09:00:00,-0.01,9.464921,9.474920997619629,9.474920997619629,98
2024-04-21 10:00:00,-0.07,4.15918,4.2291801643371585,4.2291801643371585,98
2024-04-21 11:00:00,-1.21,-1.5369179,-0.3269179248809815,0.3269179248809815,98
2024-04-21 12:00:00,-1.49,-1.4689476,0.021052350997924796,0.021052350997924796,98
2024-04-21 13:00:00,-1.5,10.917718,12.417717933654785,12.417717933654785,99
2024-04-21 14:00:00,-1.32,14.091012,15.411012001037598,15.411012001037598,99
2024-04-21 15:00:00,-0.19,14.963586,15.15358585357666,15.15358585357666,99
2024-04-21 16:00:00,3.88,18.346802,14.466801757812501,14.466801757812501,99
2024-04-21 17:00:00,42.05,25.878757,-16.171242523193357,16.171242523193357,99
2024-04-21 18:00:00,31.74,27.038467,-4.701532592773436,4.701532592773436,99
2024-04-21 19:00:00,35.88,27.101768,-8.778231506347659,8.778231506347659,99
2024-04-21 20:00:00,34.18,26.869328,-7.310672454833984,7.310672454833984,99
2024-04-21 21:00:00,27.65,26.882023,-0.767977142333983,0.767977142333983,99
2024-04-21 22:00:00,32.08,26.326233,-5.753767089843748,5.753767089843748,99
2024-04-21 23:00:00,78.05,26.092201,-51.95779876708984,51.95779876708984,99
2024-04-22 00:00:00,78.44,27.63776,-50.80223983764648,50.80223983764648,99
2024-04-22 01:00:00,26.29,26.135899,-0.15410140991210852,0.15410140991210852,99
2024-04-22 02:00:00,10.78,25.092937,14.312937469482423,14.312937469482423,99
2024-04-22 03:00:00,36.17,25.252945,-10.91705505371094,10.91705505371094,99
2024-04-22 04:00:00,90.5,26.279945,-64.22005462646484,64.22005462646484,99
2024-04-22 05:00:00,125.48,25.180252,-100.29974792480469,100.29974792480469,99
2024-04-22 06:00:00,117.46,25.591377,-91.86862274169921,91.86862274169921,99
2024-04-22 07:00:00,97.05,22.0402,-75.00980072021484,75.00980072021484,99
2024-04-22 08:00:00,48.22,19.864845,-28.355154724121093,28.355154724121093,99
2024-04-22 09:00:00,14.64,18.629982,3.9899819946289057,3.9899819946289057,99
2024-04-22 10:00:00,33.07,16.002144,-17.06785614013672,17.06785614013672,99
2024-04-22 11:00:00,44.17,13.296594,-30.87340633392334,30.87340633392334,99
2024-04-22 12:00:00,18.99,15.670983,-3.3190166854858383,3.3190166854858383,99
2024-04-22 13:00:00,11.88,12.206658,0.3266583633422844,0.3266583633422844,100
2024-04-22 14:00:00,13.73,14.797196,1.0671963882446285,1.0671963882446285,100
2024-04-22 15:00:00,40.05,25.168499,-14.881501007080075,14.881501007080075,100
2024-04-22 16:00:00,56.81,44.593918,-12.216082153320315,12.216082153320315,100
2024-04-22 17:00:00,73.78,65.80815,-7.971848754882814,7.971848754882814,100
2024-04-22 18:00:00,93.48,76.73803,-16.741970520019535,16.741970520019535,100
2024-04-22 19:00:00,100.33,79.43428,-20.895719604492186,20.895719604492186,100
2024-04-22 20:00:00,95.67,77.45327,-18.216730041503908,18.216730041503908,100
2024-04-22 21:00:00,93.45,74.4997,-18.95029754638672,18.95029754638672,100
2024-04-22 22:00:00,88.32,69.79372,-18.52628356933593,18.52628356933593,100
2024-04-22 23:00:00,86.69,65.976974,-20.71302551269531,20.71302551269531,100
2024-04-23 00:00:00,85.95,63.63267,-22.31732864379883,22.31732864379883,100
2024-04-23 01:00:00,77.99,61.06645,-16.923551788330073,16.923551788330073,100
2024-04-23 02:00:00,69.73,62.92061,-6.8093914794921915,6.8093914794921915,100
2024-04-23 03:00:00,62.56,70.64891,8.088910522460935,8.088910522460935,100
2024-04-23 04:00:00,99.92,82.74392,-17.176080627441408,17.176080627441408,100
2024-04-23 05:00:00,131.47,87.929794,-43.54020568847656,43.54020568847656,100
2024-04-23 06:00:00,136.28,86.15917,-50.12082794189453,50.12082794189453,100
2024-04-23 07:00:00,98.42,74.45734,-23.96266357421875,23.96266357421875,100
2024-04-23 08:00:00,82.9,61.449173,-21.450827026367193,21.450827026367193,100
2024-04-23 09:00:00,78.03,49.604786,-28.425214080810548,28.425214080810548,100
2024-04-23 10:00:00,76.5,39.55891,-36.94108963012695,36.94108963012695,100
2024-04-23 11:00:00,67.84,29.955608,-37.88439163208008,37.88439163208008,100
2024-04-23 12:00:00,78.62,24.091698,-54.52830230712891,54.52830230712891,100
2024-04-23 13:00:00,66.4,19.39618,-47.003820800781256,47.003820800781256,101
2024-04-23 14:00:00,65.39,21.114693,-44.27530731201172,44.27530731201172,101
2024-04-23 15:00:00,75.12,29.87791,-45.24208938598633,45.24208938598633,101
2024-04-23 16:00:00,79.08,47.768093,-31.31190689086914,31.31190689086914,101
2024-04-23 17:00:00,80.16,69.36869,-10.79130950927734,10.79130950927734,101
2024-04-23 18:00:00,81.0,82.48559,1.4855880737304688,1.4855880737304688,101
2024-04-23 19:00:00,86.69,86.85966,0.16965728759765852,0.16965728759765852,101
2024-04-23 20:00:00,95.37,85.07313,-10.296872253417973,10.296872253417973,101
2024-04-23 21:00:00,81.58,79.31172,-2.268278198242186,2.268278198242186,101
2024-04-23 22:00:00,68.73,71.67226,2.9422564697265585,2.9422564697265585,101
2024-04-23 23:00:00,60.47,65.93127,5.46126678466797,5.46126678466797,101
2024-04-24 00:00:00,64.94,63.472355,-1.467645111083982,1.467645111083982,101
2024-04-24 01:00:00,51.73,59.993324,8.26332427978516,8.26332427978516,101
2024-04-24 02:00:00,49.32,58.347504,9.027503662109375,9.027503662109375,101
2024-04-24 03:00:00,62.35,62.434414,0.08441390991210795,0.08441390991210795,101
2024-04-24 04:00:00,74.67,73.80198,-0.8680209350585955,0.8680209350585955,101
2024-04-24 05:00:00,98.86,83.33656,-15.523436889648437,15.523436889648437,101
2024-04-24 06:00:00,107.62,88.12722,-19.49277984619141,19.49277984619141,101
2024-04-24 07:00:00,89.1,84.5241,-4.575898742675776,4.575898742675776,101
2024-04-24 08:00:00,61.53,77.401505,15.871504516601561,15.871504516601561,101
2024-04-24 09:00:00,68.62,68.3576,-0.2624026489257858,0.2624026489257858,101
2024-04-24 10:00:00,79.01,59.740746,-19.26925445556641,19.26925445556641,101
2024-04-24 11:00:00,44.72,51.53882,6.818818359375001,6.818818359375001,101
2024-04-24 12:00:00,39.81,46.960026,7.150025787353513,7.150025787353513,101
2024-04-24 13:00:00,34.24,33.754852,-0.485147705078127,0.485147705078127,102
2024-04-24 14:00:00,14.8,31.584717,16.784716796875,16.784716796875,102
2024-04-24 15:00:00,42.88,34.3977,-8.482298736572268,8.482298736572268,102
2024-04-24 16:00:00,52.38,46.49176,-5.888239746093753,5.888239746093753,102
2024-04-24 17:00:00,74.7,64.08061,-10.619387817382815,10.619387817382815,102
2024-04-24 18:00:00,92.45,74.299355,-18.150645446777347,18.150645446777347,102
2024-04-24 19:00:00,101.48,77.604485,-23.875515441894535,23.875515441894535,102
2024-04-24 20:00:00,93.06,76.881966,-16.17803436279297,16.17803436279297,102
2024-04-24 21:00:00,88.28,74.379814,-13.900185852050782,13.900185852050782,102
2024-04-24 22:00:00,83.5,69.82754,-13.672462463378906,13.672462463378906,102
2024-04-24 23:00:00,80.0,65.31758,-14.682418823242188,14.682418823242188,102
2024-04-25 00:00:00,77.39,60.720974,-16.66902603149414,16.66902603149414,102
2024-04-25 01:00:00,69.18,54.20277,-14.97722976684571,14.97722976684571,102
2024-04-25 02:00:00,64.31,50.061848,-14.248152313232424,14.248152313232424,102
2024-04-25 03:00:00,79.97,54.341167,-25.628832550048827,25.628832550048827,102
2024-04-25 04:00:00,77.13,68.10349,-9.02650726318359,9.02650726318359,102
2024-04-25 05:00:00,102.24,81.408264,-20.831735839843745,20.831735839843745,102
2024-04-25 06:00:00,105.05,88.781845,-16.26815490722656,16.26815490722656,102
2024-04-25 07:00:00,92.1,84.2539,-7.846101379394526,7.846101379394526,102
2024-04-25 08:00:00,80.01,73.534645,-6.475354919433599,6.475354919433599,102
2024-04-25 09:00:00,78.2,60.94443,-17.255568695068362,17.255568695068362,102
2024-04-25 10:00:00,73.92,49.86219,-24.05780975341797,24.05780975341797,102
2024-04-25 11:00:00,61.32,40.979225,-20.340774841308594,20.340774841308594,102
2024-04-25 12:00:00,57.04,36.1011,-20.93889907836914,20.93889907836914,102
2024-04-25 13:00:00,60.0,42.85199,-17.14801025390625,17.14801025390625,103
2024-04-25 14:00:00,61.19,44.062492,-17.12750762939453,17.12750762939453,103
2024-04-25 15:00:00,66.64,49.989254,-16.650746002197266,16.650746002197266,103
2024-04-25 16:00:00,88.59,63.690456,-24.899543609619144,24.899543609619144,103
2024-04-25 17:00:00,71.86,81.037415,9.17741455078125,9.17741455078125,103
2024-04-25 18:00:00,88.61,90.96525,2.355248107910157,2.355248107910157,103
2024-04-25 19:00:00,109.9,93.10128,-16.798719787597662,16.798719787597662,103
2024-04-25 20:00:00,91.35,89.13118,-2.218820190429682,2.218820190429682,103
2024-04-25 21:00:00,79.74,82.05765,2.31764770507813,2.31764770507813,103
2024-04-25 22:00:00,79.87,73.38111,-6.488888854980473,6.488888854980473,103
2024-04-25 23:00:00,74.0,66.95605,-7.043952941894531,7.043952941894531,103
2024-04-26 00:00:00,67.81,62.94135,-4.868650970458987,4.868650970458987,103
2024-04-26 01:00:00,74.07,57.938667,-16.131332702636712,16.131332702636712,103
2024-04-26 02:00:00,77.1,52.831642,-24.268357849121088,24.268357849121088,103
2024-04-26 03:00:00,73.88,53.787613,-20.092387084960933,20.092387084960933,103
2024-04-26 04:00:00,91.82,61.49412,-30.32587844848632,30.32587844848632,103
2024-04-26 05:00:00,104.06,70.239624,-33.8203759765625,33.8203759765625,103
2024-04-26 06:00:00,96.06,76.65162,-19.40838104248047,19.40838104248047,103
2024-04-26 07:00:00,81.08,76.04331,-5.036687927246092,5.036687927246092,103
2024-04-26 08:00:00,79.11,70.71032,-8.39968048095703,8.39968048095703,103
2024-04-26 09:00:00,72.95,62.447742,-10.5022575378418,10.5022575378418,103
2024-04-26 10:00:00,70.35,53.788303,-16.561696624755854,16.561696624755854,103
2024-04-26 11:00:00,68.74,46.758297,-21.98170303344726,21.98170303344726,103
2024-04-26 12:00:00,65.37,43.38505,-21.984948272705083,21.984948272705083,103
2024-04-26 13:00:00,69.92,36.600536,-33.319463653564455,33.319463653564455,104
2024-04-26 14:00:00,69.86,42.8842,-26.975798950195312,26.975798950195312,104
2024-04-26 15:00:00,76.07,53.06354,-23.006458587646478,23.006458587646478,104
2024-04-26 16:00:00,81.36,68.545204,-12.814795837402343,12.814795837402343,104
2024-04-26 17:00:00,101.16,84.455124,-16.70487609863281,16.70487609863281,104
2024-04-26 18:00:00,95.09,90.5294,-4.560596313476566,4.560596313476566,104
2024-04-26 19:00:00,96.06,89.75437,-6.305628356933596,6.305628356933596,104
2024-04-26 20:00:00,81.49,83.89571,2.405713806152349,2.405713806152349,104
2024-04-26 21:00:00,88.26,75.92005,-12.339948425292974,12.339948425292974,104
2024-04-26 22:00:00,88.04,66.21775,-21.8222494506836,21.8222494506836,104
2024-04-26 23:00:00,72.39,59.603573,-12.786427154541016,12.786427154541016,104
2024-04-27 00:00:00,66.76,56.8716,-9.888398895263677,9.888398895263677,104
2024-04-27 01:00:00,41.66,53.172333,11.512332763671878,11.512332763671878,104
2024-04-27 02:00:00,38.0,48.493744,10.493743896484375,10.493743896484375,104
2024-04-27 03:00:00,40.41,47.361637,6.951637115478519,6.951637115478519,104
2024-04-27 04:00:00,36.82,49.16529,12.345290832519531,12.345290832519531,104
2024-04-27 05:00:00,47.45,50.975094,3.5250938415527315,3.5250938415527315,104
2024-04-27 06:00:00,43.36,52.811047,9.451046600341797,9.451046600341797,104
2024-04-27 07:00:00,47.06,51.508793,4.448792877197263,4.448792877197263,104
2024-04-27 08:00:00,36.02,49.19681,13.176811676025387,13.176811676025387,104
2024-04-27 09:00:00,8.43,45.708385,37.2783854675293,37.2783854675293,104
2024-04-27 10:00:00,0.03,40.944897,40.914896697998046,40.914896697998046,104
2024-04-27 11:00:00,0.0,36.848648,36.84864807128906,36.84864807128906,104
2024-04-27 14:00:00,8.51,36.985004,28.47500442504883,28.47500442504883,104
2024-04-27 15:00:00,8.73,40.601746,31.87174560546875,31.87174560546875,105
2024-04-27 16:00:00,38.99,47.14974,8.159738311767576,8.159738311767576,105
2024-04-27 17:00:00,33.47,54.78923,21.31923034667969,21.31923034667969,105
2024-04-27 18:00:00,45.51,67.03544,21.52543853759766,21.52543853759766,105
2024-04-27 19:00:00,65.27,80.37736,15.10735748291016,15.10735748291016,105
2024-04-27 20:00:00,62.78,82.39605,19.616049499511718,19.616049499511718,105
2024-04-27 21:00:00,58.52,79.39897,20.878971557617184,20.878971557617184,105
2024-04-27 22:00:00,56.39,72.41565,16.0256494140625,16.0256494140625,105
2024-04-27 23:00:00,38.96,65.40555,26.445548095703124,26.445548095703124,105
2024-04-28 00:00:00,39.6,55.510212,15.910211944580077,15.910211944580077,105
2024-04-28 01:00:00,20.97,48.165432,27.19543197631836,27.19543197631836,105
2024-04-28 02:00:00,5.7,42.228054,36.52805404663086,36.52805404663086,105
2024-04-28 03:00:00,8.43,35.4087,26.97869903564453,26.97869903564453,105
2024-04-28 04:00:00,9.92,27.949207,18.0292073059082,18.0292073059082,105
2024-04-28 05:00:00,0.1,25.33234,25.232340240478514,25.232340240478514,105
2024-04-28 06:00:00,-0.07,24.260979,24.33097869873047,24.33097869873047,105
2024-04-28 07:00:00,-1.02,22.88166,23.90166046142578,23.90166046142578,105
2024-04-28 08:00:00,-16.64,22.141937,38.781937255859376,38.781937255859376,105
2024-04-28 09:00:00,-36.74,17.953224,54.69322418212891,54.69322418212891,105
2024-04-28 10:00:00,-13.14,13.833695,26.97369541168213,26.97369541168213,105
2024-04-28 11:00:00,-26.98,10.535256,37.51525638580323,37.51525638580323,105
2024-04-28 12:00:00,-65.06,5.753136,70.8131361579895,70.8131361579895,105
2024-04-28 13:00:00,-52.43,2.7889411,55.21894114494324,55.21894114494324,105
2024-04-28 14:00:00,-23.25,5.0495152,28.29951524734497,28.29951524734497,105
2024-04-28 15:00:00,-0.02,39.765675,39.785674591064456,39.785674591064456,106
2024-04-28 16:00:00,20.66,49.682114,29.022113647460937,29.022113647460937,106
2024-04-28 17:00:00,53.18,62.330112,9.150112457275391,9.150112457275391,106
2024-04-28 18:00:00,62.32,77.35683,15.036826782226562,15.036826782226562,106
2024-04-28 19:00:00,78.56,88.321976,9.76197570800781,9.76197570800781,106
2024-04-28 20:00:00,72.21,86.74634,14.536337890625006,14.536337890625006,106
2024-04-28 21:00:00,66.94,79.72997,12.789972839355471,12.789972839355471,106
2024-04-28 22:00:00,63.15,72.53725,9.387246704101564,9.387246704101564,106
2024-04-28 23:00:00,60.05,68.41788,8.367877197265628,8.367877197265628,106
2024-04-29 00:00:00,58.93,63.968227,5.03822738647461,5.03822738647461,106
2024-04-29 01:00:00,58.87,59.982758,1.1127575683593776,1.1127575683593776,106
2024-04-29 02:00:00,56.0,56.63404,0.6340408325195312,0.6340408325195312,106
2024-04-29 03:00:00,58.52,55.142483,-3.3775172424316438,3.3775172424316438,106
2024-04-29 04:00:00,52.25,57.35849,5.108489990234375,5.108489990234375,106
2024-04-29 05:00:00,102.26,65.13548,-37.12451721191407,37.12451721191407,106
2024-04-29 06:00:00,99.96,73.783966,-26.17603393554687,26.17603393554687,106
2024-04-29 07:00:00,74.49,75.8319,1.3419015502929739,1.3419015502929739,106
2024-04-29 08:00:00,59.36,71.929535,12.569534912109376,12.569534912109376,106
2024-04-29 09:00:00,36.73,60.658344,23.92834426879883,23.92834426879883,106
2024-04-29 10:00:00,37.45,48.504536,11.054535675048825,11.054535675048825,106
2024-04-29 11:00:00,42.39,38.80471,-3.585289611816407,3.585289611816407,106
2024-04-29 12:00:00,35.53,30.48413,-5.045869140625001,5.045869140625001,106
2024-04-29 13:00:00,35.45,25.45811,-9.991889190673831,9.991889190673831,106
2024-04-29 14:00:00,47.68,25.599716,-22.080283813476562,22.080283813476562,106
2024-04-29 15:00:00,41.74,45.07498,3.334981689453123,3.334981689453123,107
2024-04-29 16:00:00,49.67,55.175117,5.5051174926757795,5.5051174926757795,107
2024-04-29 17:00:00,60.53,67.32778,6.797781677246093,6.797781677246093,107
2024-04-29 18:00:00,87.21,80.38961,-6.82038970947265,6.82038970947265,107
2024-04-29 19:00:00,97.92,88.63117,-9.28882781982422,9.28882781982422,107
2024-04-29 20:00:00,83.75,84.47867,0.728668212890625,0.728668212890625,107
2024-04-29 21:00:00,69.77,74.44961,4.679607849121098,4.679607849121098,107
2024-04-29 22:00:00,73.73,65.16688,-8.563122253417973,8.563122253417973,107
2024-04-29 23:00:00,57.83,58.791664,0.961664123535158,0.961664123535158,107
2024-04-30 00:00:00,58.99,53.325863,-5.664137115478518,5.664137115478518,107
2024-04-30 01:00:00,68.81,48.6772,-20.13279968261719,20.13279968261719,107
2024-04-30 02:00:00,64.77,47.389793,-17.380206604003902,17.380206604003902,107
2024-04-30 03:00:00,77.13,50.518917,-26.61108291625976,26.61108291625976,107
2024-04-30 04:00:00,85.36,59.665024,-25.694976196289062,25.694976196289062,107
2024-04-30 05:00:00,99.32,74.24634,-25.073662109374993,25.073662109374993,107
2024-04-30 06:00:00,84.41,89.15888,4.748882141113285,4.748882141113285,107
2024-04-30 07:00:00,58.0,94.160484,36.160484313964844,36.160484313964844,107
2024-04-30 08:00:00,61.61,89.345764,27.73576416015625,27.73576416015625,107
2024-04-30 09:00:00,44.89,76.61339,31.723388061523437,31.723388061523437,107
2024-04-30 10:00:00,28.26,64.10211,35.842111816406245,35.842111816406245,107
2024-04-30 11:00:00,15.1,56.438095,41.338095092773436,41.338095092773436,107
2024-04-30 12:00:00,17.5,49.992367,32.492366790771484,32.492366790771484,107
2024-04-30 13:00:00,19.14,46.124546,26.98454605102539,26.98454605102539,107
2024-04-30 14:00:00,27.33,46.50218,19.172178192138674,19.172178192138674,107
2024-04-30 15:00:00,39.07,51.3764,12.306399993896484,12.306399993896484,108
2024-04-30 16:00:00,86.2,63.61394,-22.58605880737305,22.58605880737305,108
2024-04-30 17:00:00,55.2,76.76592,21.565922546386716,21.565922546386716,108
2024-04-30 18:00:00,60.1,88.62644,28.526441955566405,28.526441955566405,108
2024-04-30 19:00:00,83.91,94.626175,10.716174926757816,10.716174926757816,108
2024-04-30 20:00:00,70.98,89.30052,18.320521850585934,18.320521850585934,108
2024-04-30 21:00:00,75.79,80.379295,4.5892953491210875,4.5892953491210875,108
2024-04-30 22:00:00,35.01,72.53817,37.528169860839846,37.528169860839846,108
2024-04-30 23:00:00,34.99,67.36994,32.37994171142578,32.37994171142578,108
2024-05-01 00:00:00,21.07,62.167088,41.09708755493164,41.09708755493164,108
2024-05-01 01:00:00,19.77,57.30969,37.53968856811524,37.53968856811524,108
2024-05-01 02:00:00,17.83,55.010063,37.18006317138672,37.18006317138672,108
2024-05-01 04:00:00,18.97,57.414276,38.444276123046876,38.444276123046876,108
2024-05-01 05:00:00,17.83,65.21962,47.389619750976564,47.389619750976564,108
2024-05-01 06:00:00,10.26,76.83501,66.57500671386718,66.57500671386718,108
2024-05-01 07:00:00,4.32,86.45687,82.13687103271485,82.13687103271485,108
2024-05-01 08:00:00,-0.01,87.15853,87.16853118896485,87.16853118896485,108
2024-05-01 09:00:00,-0.07,81.054825,81.12482482910156,81.12482482910156,108
2024-05-01 10:00:00,-0.06,69.35321,69.41321044921875,69.41321044921875,108
2024-05-01 11:00:00,-1.0,58.647503,59.64750289916992,59.64750289916992,108
2024-05-01 12:00:00,-9.34,51.618484,60.958484497070316,60.958484497070316,108
2024-05-01 13:00:00,-9.62,45.43621,55.056210632324216,55.056210632324216,108
2024-05-01 14:00:00,-11.0,42.48799,53.48799133300781,53.48799133300781,108
2024-05-01 15:00:00,-0.13,44.46551,44.59551132202149,44.59551132202149,108
2024-05-01 16:00:00,16.49,53.81022,37.32021881103516,37.32021881103516,109
2024-05-01 17:00:00,37.24,69.97645,32.73644805908203,32.73644805908203,109
2024-05-01 18:00:00,22.03,77.15453,55.12453338623047,55.12453338623047,109
2024-05-01 19:00:00,35.0,74.97816,39.97815704345703,39.97815704345703,109
2024-05-01 20:00:00,33.4,68.30438,34.90438232421875,34.90438232421875,109
2024-05-01 21:00:00,23.71,56.25846,32.548460998535155,32.548460998535155,109
2024-05-01 22:00:00,14.56,49.471104,34.91110366821289,34.91110366821289,109
2024-05-01 23:00:00,10.94,44.77051,33.83051162719727,33.83051162719727,109
2024-05-02 00:00:00,10.0,40.01721,30.017208099365234,30.017208099365234,109
2024-05-02 01:00:00,7.8,34.318115,26.518115234375,26.518115234375,109
2024-05-02 02:00:00,8.0,30.947224,22.947223663330078,22.947223663330078,109
2024-05-02 03:00:00,10.94,34.880943,23.940943298339846,23.940943298339846,109
2024-05-02 04:00:00,22.9,44.863586,21.96358642578125,21.96358642578125,109
2024-05-02 05:00:00,35.01,57.393307,22.383306732177736,22.383306732177736,109
2024-05-02 06:00:00,35.0,65.35896,30.358963012695312,30.358963012695312,109
2024-05-02 07:00:00,31.45,62.29131,30.841309356689454,30.841309356689454,109
2024-05-02 08:00:00,10.89,49.49682,38.60681854248047,38.60681854248047,109
2024-05-02 09:00:00,7.1,38.403,31.302999877929686,31.302999877929686,109
2024-05-02 10:00:00,7.78,29.16174,21.381739349365233,21.381739349365233,109
2024-05-02 11:00:00,4.46,25.52631,21.066309967041015,21.066309967041015,109
2024-05-02 12:00:00,0.0,24.086143,24.086143493652344,24.086143493652344,109
2024-05-02 13:00:00,0.88,21.013855,20.13385498046875,20.13385498046875,109
2024-05-02 14:00:00,5.17,22.22702,17.057020263671873,17.057020263671873,109
2024-05-02 15:00:00,0.44,31.458263,31.018263397216796,31.018263397216796,109
2024-05-02 16:00:00,5.39,62.314632,56.924632415771484,56.924632415771484,110
2024-05-02 17:00:00,17.6,74.61059,57.01058807373047,57.01058807373047,110
2024-05-02 18:00:00,35.4,74.317154,38.917153930664064,38.917153930664064,110
2024-05-02 19:00:00,59.14,65.074394,5.934394226074218,5.934394226074218,110
2024-05-02 20:00:00,43.9,55.68038,11.780381774902345,11.780381774902345,110
2024-05-02 21:00:00,35.64,43.21108,7.571078643798828,7.571078643798828,110
2024-05-02 22:00:00,17.85,36.945908,19.095907592773436,19.095907592773436,110
2024-05-02 23:00:00,31.2,32.09492,0.8949211120605476,0.8949211120605476,110
2024-05-03 00:00:00,24.96,27.118694,2.158694305419921,2.158694305419921,110
2024-05-03 01:00:00,16.72,21.970947,5.250947265625001,5.250947265625001,110
2024-05-03 02:00:00,4.98,19.93151,14.951510925292968,14.951510925292968,110
2024-05-03 03:00:00,10.28,23.922562,13.642561645507813,13.642561645507813,110
2024-05-03 04:00:00,20.47,31.653606,11.183606414794923,11.183606414794923,110
2024-05-03 05:00:00,41.0,39.640263,-1.3597373962402344,1.3597373962402344,110
2024-05-03 06:00:00,35.0,43.39425,8.394248962402344,8.394248962402344,110
2024-05-03 07:00:00,28.9,39.661377,10.761376953125001,10.761376953125001,110
2024-05-03 08:00:00,16.26,29.927078,13.667078247070311,13.667078247070311,110
2024-05-03 09:00:00,14.21,22.831902,8.621901550292968,8.621901550292968,110
2024-05-03 10:00:00,9.06,17.30893,8.248929443359375,8.248929443359375,110
2024-05-03 11:00:00,11.89,16.387901,4.497901306152343,4.497901306152343,110
2024-05-03 12:00:00,13.39,17.817383,4.427382812499999,4.427382812499999,110
2024-05-03 13:00:00,2.51,16.586021,14.076021423339844,14.076021423339844,110
2024-05-03 14:00:00,10.82,19.11914,8.299140625,8.299140625,110
2024-05-03 15:00:00,16.19,29.813087,13.623087463378905,13.623087463378905,110
2024-05-03 16:00:00,20.4,57.771652,37.37165222167969,37.37165222167969,111
2024-05-03 17:00:00,36.95,70.86769,33.91769104003906,33.91769104003906,111
2024-05-03 18:00:00,40.0,73.76733,33.76732635498047,33.76732635498047,111
2024-05-03 19:00:00,66.52,68.63841,2.1184124755859415,2.1184124755859415,111
2024-05-03 20:00:00,50.02,61.895382,11.875381927490231,11.875381927490231,111
2024-05-03 21:00:00,47.8,51.673107,3.8731071472167997,3.8731071472167997,111
2024-05-03 22:00:00,64.32,46.98804,-17.331959075927728,17.331959075927728,111
2024-05-03 23:00:00,40.06,43.26214,3.2021383666992165,3.2021383666992165,111
2024-05-04 00:00:00,28.59,38.93185,10.34185043334961,10.34185043334961,111
2024-05-04 01:00:00,20.04,34.371056,14.331055603027345,14.331055603027345,111
2024-05-04 02:00:00,16.2,33.385704,17.185704040527344,17.185704040527344,111
2024-05-04 03:00:00,20.65,39.348015,18.69801483154297,18.69801483154297,111
2024-05-04 04:00:00,22.23,49.282448,27.052447814941406,27.052447814941406,111
2024-05-04 05:00:00,26.22,59.510822,33.29082229614258,33.29082229614258,111
2024-05-04 06:00:00,43.4,64.400566,21.00056610107422,21.00056610107422,111
2024-05-04 07:00:00,52.05,58.755943,6.705943298339847,6.705943298339847,111
2024-05-04 08:00:00,41.17,44.988777,3.8187771606445295,3.8187771606445295,111
2024-05-04 09:00:00,30.98,34.185352,3.2053523254394527,3.2053523254394527,111
2024-05-04 10:00:00,24.46,24.728447,0.2684469604492179,0.2684469604492179,111
2024-05-04 11:00:00,14.2,20.827965,6.6279647827148445,6.6279647827148445,111
2024-05-04 12:00:00,13.17,18.896889,5.726888732910156,5.726888732910156,111
2024-05-04 13:00:00,25.22,16.727394,-8.492605895996093,8.492605895996093,111
2024-05-04 14:00:00,32.08,19.753006,-12.326994018554686,12.326994018554686,111
2024-05-04 15:00:00,31.71,30.451927,-1.258072814941407,1.258072814941407,111
2024-05-04 16:00:00,35.19,24.716675,-10.473325195312498,10.473325195312498,112
2024-05-04 17:00:00,28.84,32.442177,3.6021768188476564,3.6021768188476564,112
2024-05-04 18:00:00,30.0,34.52281,4.5228118896484375,4.5228118896484375,112
2024-05-04 19:00:00,35.01,35.284134,0.2741339111328145,0.2741339111328145,112
2024-05-04 20:00:00,35.02,37.453865,2.433865051269528,2.433865051269528,112
2024-05-04 21:00:00,52.51,32.68573,-19.824270019531248,19.824270019531248,112
2024-05-04 22:00:00,45.81,30.139706,-15.670294342041018,15.670294342041018,112
2024-05-04 23:00:00,31.36,27.748009,-3.6119912719726557,3.6119912719726557,112
2024-05-05 00:00:00,40.09,25.038883,-15.051116790771488,15.051116790771488,112
2024-05-05 01:00:00,29.55,20.93814,-8.611859130859376,8.611859130859376,112
2024-05-05 02:00:00,29.06,17.56263,-11.497370300292967,11.497370300292967,112
2024-05-05 03:00:00,30.92,17.311378,-13.608621520996095,13.608621520996095,112
2024-05-05 04:00:00,35.65,17.049637,-18.600363159179686,18.600363159179686,112
2024-05-05 05:00:00,37.98,18.69986,-19.280140380859372,19.280140380859372,112
2024-05-05 06:00:00,33.72,20.1296,-13.590399475097655,13.590399475097655,112
2024-05-05 07:00:00,25.94,18.404198,-7.5358023071289075,7.5358023071289075,112
2024-05-05 08:00:00,8.71,12.701783,3.9917831802368156,3.9917831802368156,112
2024-05-05 09:00:00,0.44,9.371827,8.931827125549317,8.931827125549317,112
2024-05-05 10:00:00,0.0,4.580445,4.580444812774658,4.580444812774658,112
2024-05-05 11:00:00,-0.04,3.0569465,3.0969465160369873,3.0969465160369873,112
2024-05-05 12:00:00,-0.97,3.4545372,4.424537153244018,4.424537153244018,112
2024-05-05 13:00:00,-0.1,2.468003,2.568003034591675,2.568003034591675,112
2024-05-05 14:00:00,0.0,3.2063682,3.2063682079315186,3.2063682079315186,112
2024-05-05 15:00:00,32.0,10.024659,-21.975340843200684,21.975340843200684,112
2024-05-05 16:00:00,45.82,25.808464,-20.01153594970703,20.01153594970703,113
2024-05-05 17:00:00,55.76,40.408405,-15.35159469604492,15.35159469604492,113
2024-05-05 18:00:00,50.55,45.36028,-5.189720916748044,5.189720916748044,113
2024-05-05 19:00:00,54.33,43.072506,-11.257494049072264,11.257494049072264,113
2024-05-05 20:00:00,51.61,39.09626,-12.513739929199218,12.513739929199218,113
2024-05-05 21:00:00,58.48,28.994297,-29.485702972412106,29.485702972412106,113
2024-05-05 22:00:00,82.86,24.482147,-58.377852783203124,58.377852783203124,113
2024-05-05 23:00:00,55.99,21.483002,-34.50699829101563,34.50699829101563,113
2024-05-06 00:00:00,51.91,17.819092,-34.090908203125,34.090908203125,113
2024-05-06 01:00:00,53.96,13.203691,-40.75630947113037,40.75630947113037,113
2024-05-06 02:00:00,51.08,10.681245,-40.39875514984131,40.39875514984131,113
2024-05-06 03:00:00,53.96,14.660188,-39.29981227874756,39.29981227874756,113
2024-05-06 04:00:00,57.1,21.503853,-35.59614715576172,35.59614715576172,113
2024-05-06 05:00:00,84.03,30.27335,-53.75665023803711,53.75665023803711,113
2024-05-06 06:00:00,101.13,34.413986,-66.71601379394531,66.71601379394531,113
2024-05-06 07:00:00,89.0,29.136253,-59.863746643066406,59.863746643066406,113
2024-05-06 08:00:00,71.7,15.916436,-55.78356380462647,55.78356380462647,113
2024-05-06 09:00:00,71.89,6.6961827,-65.19381727218628,65.19381727218628,113
2024-05-06 10:00:00,69.29,-1.1865151,-70.47651509284974,70.47651509284974,113
2024-05-06 11:00:00,58.72,-2.9283211,-61.64832112312317,61.64832112312317,113
2024-05-06 12:00:00,51.95,-2.225814,-54.1758141040802,54.1758141040802,113
2024-05-06 13:00:00,55.03,-3.2812417,-58.31124165534973,58.31124165534973,113
2024-05-06 14:00:00,52.88,-0.96252376,-53.84252375841141,53.84252375841141,113
2024-05-06 15:00:00,43.24,10.102891,-33.13710903167725,33.13710903167725,113
2024-05-06 16:00:00,58.28,56.420933,-1.8590672302246105,1.8590672302246105,114
2024-05-06 17:00:00,79.12,69.113716,-10.006283874511723,10.006283874511723,114
2024-05-06 18:00:00,75.1,72.43715,-2.662850952148432,2.662850952148432,114
2024-05-06 19:00:00,97.69,69.2595,-28.43050140380859,28.43050140380859,114
2024-05-06 20:00:00,93.2,62.626083,-30.573916625976565,30.573916625976565,114
2024-05-06 21:00:00,84.42,51.59026,-32.82974044799805,32.82974044799805,114
2024-05-06 22:00:00,81.73,44.86502,-36.86497924804688,36.86497924804688,114
2024-05-06 23:00:00,77.64,39.644394,-37.99560607910156,37.99560607910156,114
2024-05-07 00:00:00,74.77,36.581333,-38.188666839599605,38.188666839599605,114
2024-05-07 01:00:00,68.24,37.918278,-30.32172225952148,30.32172225952148,114
2024-05-07 02:00:00,66.82,46.578224,-20.241775817871087,20.241775817871087,114
2024-05-07 03:00:00,69.09,61.93028,-7.1597212219238315,7.1597212219238315,114
2024-05-07 04:00:00,75.98,74.12005,-1.8599514770507852,1.8599514770507852,114
2024-05-07 05:00:00,99.87,80.06517,-19.804829711914067,19.804829711914067,114
2024-05-07 06:00:00,112.66,77.658165,-35.00183502197265,35.00183502197265,114
2024-05-07 07:00:00,91.75,66.51888,-25.231117248535156,25.231117248535156,114
2024-05-07 08:00:00,70.36,49.78505,-20.574950561523437,20.574950561523437,114
2024-05-07 09:00:00,46.71,38.78841,-7.921589813232423,7.921589813232423,114
2024-05-07 10:00:00,55.61,29.133091,-26.47690902709961,26.47690902709961,114
2024-05-07 11:00:00,42.05,25.007133,-17.04286651611328,17.04286651611328,114
2024-05-07 12:00:00,32.3,22.424423,-9.87557678222656,9.87557678222656,114
2024-05-07 13:00:00,30.88,21.31688,-9.563120727539062,9.563120727539062,114
2024-05-07 14:00:00,35.28,26.572304,-8.707696228027345,8.707696228027345,114
2024-05-07 15:00:00,40.07,39.215363,-0.8546374511718753,0.8546374511718753,114
2024-05-07 16:00:00,61.83,54.784977,-7.045023040771483,7.045023040771483,115
2024-05-07 17:00:00,61.11,70.58419,9.474190368652344,9.474190368652344,115
2024-05-07 18:00:00,56.18,76.10741,19.927406616210938,19.927406616210938,115
2024-05-07 19:00:00,67.44,72.58526,5.145258483886721,5.145258483886721,115
2024-05-07 20:00:00,62.0,64.27835,2.278350830078125,2.278350830078125,115
2024-05-07 21:00:00,50.01,51.772446,1.7624456787109395,1.7624456787109395,115
2024-05-07 22:00:00,30.0,44.64061,14.640609741210938,14.640609741210938,115
2024-05-07 23:00:00,20.18,39.62349,19.443489379882813,19.443489379882813,115
2024-05-08 00:00:00,19.47,36.11568,16.64568069458008,16.64568069458008,115
2024-05-08 01:00:00,17.27,35.864967,18.594967346191407,18.594967346191407,115
2024-05-08 02:00:00,19.47,41.92615,22.456151275634767,22.456151275634767,115
2024-05-08 03:00:00,18.67,55.806187,37.13618667602539,37.13618667602539,115
2024-05-08 04:00:00,21.07,69.55795,48.487952880859375,48.487952880859375,115
2024-05-08 05:00:00,35.01,79.23956,44.22956298828125,44.22956298828125,115
2024-05-08 06:00:00,30.0,80.28321,50.28321075439453,50.28321075439453,115
2024-05-08 07:00:00,18.67,70.641205,51.97120483398437,51.97120483398437,115
2024-05-08 08:00:00,20.76,53.38479,32.62478851318359,32.62478851318359,115
2024-05-08 09:00:00,13.94,41.145885,27.2058854675293,27.2058854675293,115
2024-05-08 10:00:00,11.68,30.995872,19.315872497558594,19.315872497558594,115
2024-05-08 11:00:00,7.67,26.902252,19.232252197265623,19.232252197265623,115
2024-05-08 12:00:00,6.14,24.395874,18.2558740234375,18.2558740234375,115
2024-05-08 13:00:00,5.05,22.139458,17.089457702636718,17.089457702636718,115
2024-05-08 14:00:00,4.78,26.009422,21.229422302246093,21.229422302246093,115
2024-05-08 15:00:00,3.6,38.430397,34.830397033691405,34.830397033691405,115
2024-05-08 16:00:00,10.0,73.908424,63.908424377441406,63.908424377441406,116
2024-05-08 17:00:00,24.5,83.14098,58.64098358154297,58.64098358154297,116
2024-05-08 18:00:00,39.52,82.55882,43.038822631835934,43.038822631835934,116
2024-05-08 19:00:00,43.8,74.75458,30.954577636718753,30.954577636718753,116
2024-05-08 20:00:00,54.36,66.30936,11.949356689453126,11.949356689453126,116
2024-05-08 21:00:00,51.91,56.017838,4.107837524414066,4.107837524414066,116
2024-05-08 22:00:00,35.01,50.353844,15.343843688964846,15.343843688964846,116
2024-05-08 23:00:00,31.31,45.634666,14.324666442871095,14.324666442871095,116
2024-05-09 00:00:00,32.19,40.811035,8.621035156250002,8.621035156250002,116
2024-05-09 01:00:00,26.24,38.128384,11.888383636474611,11.888383636474611,116
2024-05-09 02:00:00,15.58,40.69044,25.1104411315918,25.1104411315918,116
2024-05-09 03:00:00,16.61,50.60326,33.993260040283204,33.993260040283204,116
2024-05-09 04:00:00,27.51,62.039333,34.529333343505854,34.529333343505854,116
2024-05-09 05:00:00,19.85,71.76859,51.918592834472655,51.918592834472655,116
2024-05-09 06:00:00,21.07,74.596855,53.52685516357422,53.52685516357422,116
2024-05-09 07:00:00,23.77,68.76467,44.9946713256836,44.9946713256836,116
2024-05-09 08:00:00,6.01,56.88546,50.875459899902346,50.875459899902346,116
2024-05-09 09:00:00,0.34,48.043755,47.703754577636715,47.703754577636715,116
2024-05-09 10:00:00,-0.01,40.96812,40.97812057495117,40.97812057495117,116
2024-05-09 11:00:00,-0.53,39.203808,39.73380783081055,39.73380783081055,116
2024-05-09 12:00:00,-1.15,40.219353,41.36935272216797,41.36935272216797,116
2024-05-09 13:00:00,-0.01,42.757298,42.76729751586914,42.76729751586914,116
2024-05-09 14:00:00,1.74,50.465347,48.72534729003906,48.72534729003906,116
2024-05-09 15:00:00,5.89,62.893085,57.00308547973633,57.00308547973633,116
2024-05-09 16:00:00,13.01,54.145138,41.135137786865236,41.135137786865236,117
2024-05-09 17:00:00,27.47,65.14677,37.67676666259766,37.67676666259766,117
2024-05-09 18:00:00,36.72,66.37212,29.65212371826172,29.65212371826172,117
2024-05-09 19:00:00,31.97,61.42955,29.45955017089844,29.45955017089844,117
2024-05-09 20:00:00,32.25,55.732517,23.48251724243164,23.48251724243164,117
2024-05-09 21:00:00,32.12,46.22353,14.10352981567383,14.10352981567383,117
2024-05-09 22:00:00,18.43,41.50504,23.07503921508789,23.07503921508789,117
2024-05-09 23:00:00,9.66,37.64628,27.986278381347656,27.986278381347656,117
2024-05-10 00:00:00,10.09,34.137333,24.047332916259766,24.047332916259766,117
2024-05-10 01:00:00,4.35,31.736382,27.386381530761717,27.386381530761717,117
2024-05-10 02:00:00,11.6,33.60497,22.0049690246582,22.0049690246582,117
2024-05-10 03:00:00,19.04,41.091064,22.051064453125,22.051064453125,117
2024-05-10 04:00:00,19.7,48.913433,29.213433074951173,29.213433074951173,117
2024-05-10 05:00:00,30.13,54.85317,24.72316848754883,24.72316848754883,117
2024-05-10 06:00:00,33.55,55.572716,22.022715759277347,22.022715759277347,117
2024-05-10 07:00:00,22.98,48.60025,25.620250244140625,25.620250244140625,117
2024-05-10 08:00:00,12.1,36.091198,23.991197967529295,23.991197967529295,117
2024-05-10 09:00:00,3.25,27.489681,24.239681243896484,24.239681243896484,117
2024-05-10 10:00:00,0.98,19.748856,18.768855590820312,18.768855590820312,117
2024-05-10 11:00:00,0.44,17.022972,16.582972106933592,16.582972106933592,117
2024-05-10 13:00:00,0.88,16.09742,15.21741973876953,15.21741973876953,117
2024-05-10 14:00:00,3.25,15.013238,11.763237953186035,11.763237953186035,117
2024-05-10 15:00:00,6.31,18.582031,12.272031250000001,12.272031250000001,117
2024-05-10 16:00:00,9.76,29.465805,19.70580505371094,19.70580505371094,117
2024-05-10 17:00:00,14.99,30.084824,15.094823608398437,15.094823608398437,118
2024-05-10 18:00:00,11.76,38.968056,27.20805572509766,27.20805572509766,118
2024-05-10 19:00:00,18.22,39.633854,21.413853912353517,21.413853912353517,118
2024-05-10 20:00:00,33.9,37.122604,3.222604370117189,3.222604370117189,118
2024-05-10 21:00:00,38.28,35.75418,-2.525819091796876,2.525819091796876,118
2024-05-10 22:00:00,15.91,29.048737,13.138736572265625,13.138736572265625,118
2024-05-10 23:00:00,11.86,26.10984,14.249840393066407,14.249840393066407,118
2024-05-11 00:00:00,10.19,23.899063,13.709063110351563,13.709063110351563,118
2024-05-11 01:00:00,9.91,22.007362,12.097362365722656,12.097362365722656,118
2024-05-11 02:00:00,8.34,20.94207,12.602070007324219,12.602070007324219,118
2024-05-11 03:00:00,9.81,22.73088,12.920880737304687,12.920880737304687,118
2024-05-11 04:00:00,21.73,28.103878,6.373878021240234,6.373878021240234,118
2024-05-11 05:00:00,13.07,30.969357,17.899356536865234,17.899356536865234,118
2024-05-11 06:00:00,12.95,32.34147,19.391468811035157,19.391468811035157,118
2024-05-11 07:00:00,6.4,30.323406,23.923406219482423,23.923406219482423,118
2024-05-11 08:00:00,0.0,23.99862,23.998619079589844,23.998619079589844,118
2024-05-11 09:00:00,-10.37,14.381288,24.751287574768064,24.751287574768064,118
2024-05-11 10:00:00,-16.69,9.159318,25.84931797027588,25.84931797027588,118
2024-05-11 11:00:00,-22.76,3.5833442,26.343344221115114,26.343344221115114,118
2024-05-11 12:00:00,-18.79,2.5641944,21.354194440841674,21.354194440841674,118
2024-05-11 13:00:00,-11.64,3.5563743,15.196374311447144,15.196374311447144,118
2024-05-11 14:00:00,-0.41,3.9810264,4.391026411056519,4.391026411056519,118
2024-05-11 15:00:00,0.83,7.3092732,6.479273242950439,6.479273242950439,118
2024-05-11 16:00:00,7.1,17.481796,10.381796264648438,10.381796264648438,118
2024-05-11 17:00:00,11.1,23.2509,12.150900268554688,12.150900268554688,119
2024-05-11 18:00:00,35.0,25.894333,-9.105667114257812,9.105667114257812,119
2024-05-11 19:00:00,26.85,23.751701,-3.0982986450195327,3.0982986450195327,119
2024-05-11 20:00:00,36.92,22.841782,-14.078218383789064,14.078218383789064,119
2024-05-11 21:00:00,41.46,26.540535,-14.91946502685547,14.91946502685547,119
2024-05-11 22:00:00,35.01,24.946499,-10.063501129150389,10.063501129150389,119
2024-05-11 23:00:00,17.85,24.848213,6.99821319580078,6.99821319580078,119
2024-05-12 00:00:00,24.06,24.179169,0.11916870117187628,0.11916870117187628,119
2024-05-12 01:00:00,17.39,23.153297,5.763297424316406,5.763297424316406,119
2024-05-12 02:00:00,11.66,20.94809,9.288089599609375,9.288089599609375,119
2024-05-12 03:00:00,7.55,19.544533,11.994532775878906,11.994532775878906,119
2024-05-12 04:00:00,17.61,20.113014,2.503014221191407,2.503014221191407,119
2024-05-12 05:00:00,4.79,18.0475,13.257500610351563,13.257500610351563,119
2024-05-12 06:00:00,2.35,16.289932,13.939932250976563,13.939932250976563,119
2024-05-12 07:00:00,-2.78,14.698205,17.47820499420166,17.47820499420166,119
2024-05-12 08:00:00,-23.49,11.917787,35.40778659820556,35.40778659820556,119
2024-05-12 09:00:00,-39.97,7.473458,47.44345781326294,47.44345781326294,119
2024-05-12 10:00:00,-27.61,6.3690877,33.97908769607544,33.97908769607544,119
2024-05-12 11:00:00,-66.52,3.7066581,70.2266581249237,70.2266581249237,119
2024-05-12 12:00:00,-87.29,4.2161565,91.50615648269654,91.50615648269654,119
2024-05-12 13:00:00,-64.39,6.264298,70.65429796218872,70.65429796218872,119
2024-05-12 14:00:00,-26.87,6.2911,33.16110002517701,33.16110002517701,119
2024-05-12 15:00:00,0.0,6.3401647,6.340164661407471,6.340164661407471,119
2024-05-12 16:00:00,21.23,10.800088,-10.429912071228028,10.429912071228028,119
2024-05-12 17:00:00,35.0,11.505776,-23.494223594665527,23.494223594665527,120
2024-05-12 18:00:00,39.53,13.919152,-25.61084774017334,25.61084774017334,120
2024-05-12 19:00:00,61.5,10.627572,-50.87242794036865,50.87242794036865,120
2024-05-12 20:00:00,49.18,8.410783,-40.76921718597412,40.76921718597412,120
2024-05-12 21:00:00,39.68,11.529771,-28.150229148864746,28.150229148864746,120
2024-05-12 22:00:00,28.33,9.595147,-18.734852867126463,18.734852867126463,120
2024-05-12 23:00:00,27.11,9.397492,-17.712507591247558,17.712507591247558,120
2024-05-13 00:00:00,26.53,9.216126,-17.313873558044435,17.313873558044435,120
2024-05-13 01:00:00,25.57,8.264985,-17.30501491546631,17.30501491546631,120
2024-05-13 02:00:00,28.22,6.6695104,-21.550489635467528,21.550489635467528,120
2024-05-13 03:00:00,34.0,5.827149,-28.172851085662842,28.172851085662842,120
2024-05-13 04:00:00,32.06,7.7757955,-24.284204540252688,24.284204540252688,120
2024-05-13 05:00:00,49.35,6.756539,-42.59346113204956,42.59346113204956,120
2024-05-13 06:00:00,50.0,6.430535,-43.56946516036987,43.56946516036987,120
2024-05-13 07:00:00,38.03,6.0158544,-32.014145641326905,32.014145641326905,120
2024-05-13 08:00:00,11.7,5.3653874,-6.334612560272216,6.334612560272216,120
2024-05-13 09:00:00,1.52,2.8738182,1.3538181591033935,1.3538181591033935,120
2024-05-13 10:00:00,-0.01,3.557885,3.567884931564331,3.567884931564331,120
2024-05-13 11:00:00,-0.03,1.793122,1.8231220531463623,1.8231220531463623,120
2024-05-13 12:00:00,-0.01,2.4855964,2.495596418380737,2.495596418380737,120
2024-05-13 13:00:00,0.0,4.6213613,4.621361255645752,4.621361255645752,120
2024-05-13 14:00:00,3.08,4.6035237,1.5235237312316894,1.5235237312316894,120
2024-05-13 15:00:00,12.06,4.501534,-7.558466014862061,7.558466014862061,120
2024-05-13 16:00:00,17.93,9.514176,-8.41582363128662,8.41582363128662,120
2024-05-13 17:00:00,32.14,65.205414,33.065413818359374,33.065413818359374,121
2024-05-13 18:00:00,35.0,66.920654,31.920654296875,31.920654296875,121
2024-05-13 19:00:00,38.03,62.816696,24.786696166992186,24.786696166992186,121
2024-05-13 20:00:00,39.68,53.926605,14.246605224609375,14.246605224609375,121
2024-05-13 21:00:00,35.01,46.564053,11.554052581787111,11.554052581787111,121
2024-05-13 22:00:00,11.1,37.26784,26.167841339111327,26.167841339111327,121
2024-05-13 23:00:00,5.0,30.617445,25.61744499206543,25.61744499206543,121
2024-05-14 00:00:00,4.16,23.69732,19.53732093811035,19.53732093811035,121
2024-05-14 01:00:00,2.0,19.613401,17.613401412963867,17.613401412963867,121
2024-05-14 02:00:00,0.01,15.257939,15.247939338684082,15.247939338684082,121
2024-05-14 03:00:00,0.49,21.152723,20.66272331237793,20.66272331237793,121
2024-05-14 04:00:00,0.09,30.521555,30.431554946899414,30.431554946899414,121
2024-05-14 05:00:00,22.0,36.615574,14.61557388305664,14.61557388305664,121
2024-05-14 06:00:00,26.63,39.86931,13.239308471679688,13.239308471679688,121
2024-05-14 07:00:00,7.67,32.975956,25.305955963134764,25.305955963134764,121
2024-05-14 08:00:00,-0.02,23.94945,23.96944953918457,23.96944953918457,121
2024-05-14 09:00:00,-5.47,13.936711,19.40671131134033,19.40671131134033,121
2024-05-14 10:00:00,-26.85,6.7527437,33.6027437210083,33.6027437210083,121
2024-05-14 11:00:00,-29.66,1.6911517,31.35115173816681,31.35115173816681,121
2024-05-14 12:00:00,-29.64,-2.0553157,27.584684267044068,27.584684267044068,121
2024-05-14 13:00:00,-11.42,-1.263934,10.156065983772278,10.156065983772278,121
2024-05-14 14:00:00,-0.01,4.4181337,4.428133735656738,4.428133735656738,121
2024-05-14 15:00:00,5.72,17.052885,11.332885055541993,11.332885055541993,121
2024-05-14 16:00:00,24.64,32.048985,7.40898452758789,7.40898452758789,121
2024-05-14 17:00:00,39.01,64.10463,25.094629516601564,25.094629516601564,122
2024-05-14 18:00:00,21.96,70.14347,48.183470764160155,48.183470764160155,122
2024-05-14 19:00:00,35.0,71.86503,36.865028381347656,36.865028381347656,122
2024-05-14 21:00:00,28.07,66.520386,38.4503857421875,38.4503857421875,122
2024-05-14 22:00:00,17.84,59.116013,41.276012573242184,41.276012573242184,122
2024-05-14 23:00:00,14.99,48.922157,33.932157287597654,33.932157287597654,122
2024-05-15 00:00:00,12.03,41.811417,29.78141662597656,29.78141662597656,122
2024-05-15 01:00:00,10.96,35.133186,24.17318634033203,24.17318634033203,122
2024-05-15 02:00:00,11.0,30.910307,19.910306930541992,19.910306930541992,122
2024-05-15 03:00:00,16.55,24.400858,7.850857925415038,7.850857925415038,122
2024-05-15 04:00:00,17.27,25.149977,7.87997673034668,7.87997673034668,122
2024-05-15 05:00:00,34.56,28.751013,-5.808987197875979,5.808987197875979,122
2024-05-15 06:00:00,30.0,32.069942,2.0699424743652344,2.0699424743652344,122
2024-05-15 07:00:00,16.62,37.431892,20.81189239501953,20.81189239501953,122
2024-05-15 08:00:00,10.44,36.334816,25.89481597900391,25.89481597900391,122
2024-05-15 09:00:00,8.65,32.563786,23.913785552978517,23.913785552978517,122
2024-05-15 10:00:00,3.98,25.551123,21.571122665405273,21.571122665405273,122
2024-05-15 11:00:00,2.65,18.823164,16.173163986206056,16.173163986206056,122
2024-05-15 12:00:00,2.85,13.286778,10.436778450012207,10.436778450012207,122
2024-05-15 13:00:00,6.66,8.195355,1.5353554153442381,1.5353554153442381,122
2024-05-15 14:00:00,9.65,7.0373125,-2.612687492370606,2.612687492370606,122
2024-05-15 15:00:00,5.48,9.500104,4.020103950500488,4.020103950500488,122
2024-05-15 16:00:00,25.3,17.594511,-7.7054889678955085,7.7054889678955085,122
2024-05-15 17:00:00,36.11,29.13939,-6.970609054565429,6.970609054565429,122
2024-05-15 18:00:00,32.79,68.715485,35.925484619140626,35.925484619140626,123
2024-05-15 19:00:00,43.12,68.47384,25.353838806152346,25.353838806152346,123
2024-05-15 20:00:00,51.29,64.45986,13.169861755371095,13.169861755371095,123
2024-05-15 21:00:00,35.01,57.34637,22.336370697021486,22.336370697021486,123
2024-05-15 22:00:00,53.52,51.693317,-1.826682586669925,1.826682586669925,123
2024-05-15 23:00:00,39.52,44.001255,4.4812550354003875,4.4812550354003875,123
2024-05-16 00:00:00,35.5,39.138256,3.638256072998047,3.638256072998047,123
2024-05-16 01:00:00,35.01,33.83215,-1.1778504943847636,1.1778504943847636,123
2024-05-16 02:00:00,12.84,31.429338,18.589338455200195,18.589338455200195,123
2024-05-16 03:00:00,3.55,27.98448,24.434479904174804,24.434479904174804,123
2024-05-16 04:00:00,16.2,32.17193,15.97192840576172,15.97192840576172,123
2024-05-16 05:00:00,35.01,36.750538,1.7405378723144551,1.7405378723144551,123
2024-05-16 06:00:00,44.03,36.954212,-7.075787811279298,7.075787811279298,123
2024-05-16 07:00:00,65.43,35.815857,-29.614143066406257,29.614143066406257,123
2024-05-16 08:00:00,26.75,28.540873,1.790872573852539,1.790872573852539,123
2024-05-16 09:00:00,9.0,21.123156,12.12315559387207,12.12315559387207,123
2024-05-16 10:00:00,5.97,13.919744,7.949743537902832,7.949743537902832,123
2024-05-16 11:00:00,2.95,8.789159,5.839158821105957,5.839158821105957,123
2024-05-16 12:00:00,4.32,5.9888353,1.6688353347778317,1.6688353347778317,123
2024-05-16 13:00:00,6.93,3.9431355,-2.986864500045776,2.986864500045776,123
2024-05-16 14:00:00,8.24,5.9474688,-2.2925312423706057,2.2925312423706057,123
2024-05-16 15:00:00,15.59,11.621274,-3.968726005554199,3.968726005554199,123
2024-05-16 16:00:00,14.52,21.936571,7.416571121215821,7.416571121215821,123
2024-05-16 17:00:00,30.0,33.1403,3.140300750732422,3.140300750732422,123
2024-05-16 18:00:00,39.52,48.5243,9.004299621582028,9.004299621582028,124
2024-05-16 19:00:00,78.66,46.74915,-31.91085067749023,31.91085067749023,124
2024-05-16 20:00:00,82.57,42.108322,-40.461677856445306,40.461677856445306,124
2024-05-16 21:00:00,69.18,35.221863,-33.95813720703126,33.95813720703126,124
2024-05-16 22:00:00,68.85,31.32284,-37.52716026306152,37.52716026306152,124
2024-05-16 23:00:00,24.96,25.659548,0.699547805786132,0.699547805786132,124
2024-05-17 00:00:00,24.91,22.943624,-1.9663755035400392,1.9663755035400392,124
2024-05-17 01:00:00,37.26,19.076239,-18.18376136779785,18.18376136779785,124
2024-05-17 02:00:00,44.49,18.764341,-25.725658645629885,25.725658645629885,124
2024-05-17 03:00:00,27.41,17.591536,-9.818464431762695,9.818464431762695,124
2024-05-17 04:00:00,40.05,24.264166,-15.785834121704099,15.785834121704099,124
2024-05-17 05:00:00,89.92,31.127512,-58.79248802185059,58.79248802185059,124
2024-05-17 06:00:00,89.46,31.542421,-57.91757865905761,57.91757865905761,124
2024-05-17 07:00:00,34.35,29.860544,-4.489455795288087,4.489455795288087,124
2024-05-17 08:00:00,27.79,21.45444,-6.335560836791991,6.335560836791991,124
2024-05-17 09:00:00,33.49,14.106801,-19.383198966979982,19.383198966979982,124
2024-05-17 10:00:00,35.01,7.779561,-27.230438957214353,27.230438957214353,124
2024-05-17 11:00:00,20.39,3.967252,-16.422747983932496,16.422747983932496,124
2024-05-17 12:00:00,16.84,2.317838,-14.522162046432495,14.522162046432495,124
2024-05-17 13:00:00,11.9,1.1610996,-10.738900446891785,10.738900446891785,124
2024-05-17 14:00:00,10.61,3.678899,-6.931100950241088,6.931100950241088,124
2024-05-17 15:00:00,17.74,9.522374,-8.217625846862791,8.217625846862791,124
2024-05-17 16:00:00,29.57,19.51682,-10.053179092407227,10.053179092407227,124
2024-05-17 17:00:00,37.93,30.440256,-7.489743881225586,7.489743881225586,124
2024-05-17 18:00:00,64.8,49.869015,-14.930985260009763,14.930985260009763,125
2024-05-17 19:00:00,84.24,48.02131,-36.218691101074214,36.218691101074214,125
2024-05-17 20:00:00,89.4,44.05146,-45.348539733886724,45.348539733886724,125
2024-05-17 21:00:00,77.18,38.099094,-39.080905609130866,39.080905609130866,125
2024-05-17 22:00:00,71.37,34.33985,-37.03014862060547,37.03014862060547,125
2024-05-17 23:00:00,63.23,27.376776,-35.85322425842285,35.85322425842285,125
2024-05-18 00:00:00,31.13,23.339952,-7.790047531127929,7.790047531127929,125
2024-05-18 01:00:00,32.9,18.352453,-14.547546768188475,14.547546768188475,125
2024-05-18 02:00:00,25.5,17.223623,-8.276376724243164,8.276376724243164,125
2024-05-18 03:00:00,28.09,13.609166,-14.480833854675293,14.480833854675293,125
2024-05-18 04:00:00,31.52,16.665869,-14.854131240844726,14.854131240844726,125
2024-05-18 05:00:00,35.64,18.601873,-17.038126602172852,17.038126602172852,125
2024-05-18 06:00:00,31.96,15.007657,-16.952342948913575,16.952342948913575,125
2024-05-18 07:00:00,20.6,11.806645,-8.79335460662842,8.79335460662842,125
2024-05-18 08:00:00,9.43,3.3753026,-6.05469744682312,6.05469744682312,125
2024-05-18 09:00:00,0.71,-3.243777,-3.95377703666687,3.95377703666687,125
2024-05-18 10:00:00,-0.02,-8.456653,-8.436652641296387,8.436652641296387,125
2024-05-18 11:00:00,-1.27,-11.078982,-9.80898235321045,9.80898235321045,125
2024-05-18 12:00:00,-2.73,-10.518466,-7.788465995788574,7.788465995788574,125
2024-05-18 13:00:00,-1.78,-8.26681,-6.486810417175293,6.486810417175293,125
2024-05-18 14:00:00,0.0,-1.1968564,-1.1968563795089722,1.1968563795089722,125
2024-05-18 15:00:00,4.9,8.734334,3.834333992004394,3.834333992004394,125
2024-05-18 16:00:00,15.25,21.825006,6.575006484985352,6.575006484985352,125
2024-05-18 17:00:00,35.0,32.98805,-2.011951446533203,2.011951446533203,125
2024-05-18 18:00:00,45.42,33.649128,-11.770872039794924,11.770872039794924,126
2024-05-18 19:00:00,35.32,33.861145,-1.4588549804687503,1.4588549804687503,126
2024-05-18 20:00:00,74.46,33.522316,-40.93768402099609,40.93768402099609,126
2024-05-18 21:00:00,66.17,31.187666,-34.98233406066895,34.98233406066895,126
2024-05-18 22:00:00,58.15,30.605398,-27.544601821899413,27.544601821899413,126
2024-05-18 23:00:00,23.94,26.506712,2.566711959838866,2.566711959838866,126
2024-05-19 00:00:00,25.84,25.076826,-0.7631739044189452,0.7631739044189452,126
2024-05-19 01:00:00,21.73,20.999853,-0.730146865844727,0.730146865844727,126
2024-05-19 02:00:00,15.76,19.998388,4.238388290405274,4.238388290405274,126
2024-05-19 03:00:00,18.97,14.220571,-4.749429435729979,4.749429435729979,126
2024-05-19 04:00:00,29.35,13.103528,-16.246471977233888,16.246471977233888,126
2024-05-19 05:00:00,49.19,10.742368,-38.4476322555542,38.4476322555542,126
2024-05-19 06:00:00,35.0,6.2010775,-28.798922538757324,28.798922538757324,126
2024-05-19 07:00:00,6.69,5.586095,-1.1039051437377934,1.1039051437377934,126
2024-05-19 08:00:00,-0.01,0.658704,0.6687039828300476,0.6687039828300476,126
2024-05-19 09:00:00,-12.4,-2.8866374,9.513362550735474,9.513362550735474,126
2024-05-19 10:00:00,-17.34,-5.785342,11.5546577835083,11.5546577835083,126
2024-05-19 11:00:00,-24.95,-7.057437,17.8925630569458,17.8925630569458,126
2024-05-19 12:00:00,-28.27,-6.2201033,22.04989673614502,22.04989673614502,126
2024-05-19 13:00:00,-18.8,-5.636882,13.163118171691895,13.163118171691895,126
2024-05-19 14:00:00,-6.22,-1.484538,4.735462040901184,4.735462040901184,126
2024-05-19 15:00:00,0.0,4.113248,4.113247871398926,4.113247871398926,126
2024-05-19 16:00:00,8.18,10.875279,2.6952794265747073,2.6952794265747073,126
2024-05-19 17:00:00,20.8,17.463865,-3.3361347198486335,3.3361347198486335,126
2024-05-19 18:00:00,31.99,46.731777,14.741777191162111,14.741777191162111,127
2024-05-19 19:00:00,35.03,48.00298,12.972979278564452,12.972979278564452,127
2024-05-19 20:00:00,45.54,45.627304,0.08730407714843835,0.08730407714843835,127
2024-05-19 21:00:00,48.15,40.58737,-7.562628173828124,7.562628173828124,127
2024-05-19 22:00:00,49.12,38.020077,-11.099923248291013,11.099923248291013,127
2024-05-19 23:00:00,21.43,32.632286,11.202286071777344,11.202286071777344,127
2024-05-20 00:00:00,15.26,30.238474,14.978473892211914,14.978473892211914,127
2024-05-20 01:00:00,12.72,27.385283,14.665282516479492,14.665282516479492,127
2024-05-20 02:00:00,13.77,29.007109,15.237108688354493,15.237108688354493,127
2024-05-20 03:00:00,17.23,29.391272,12.161271591186523,12.161271591186523,127
2024-05-20 04:00:00,13.76,35.927197,22.16719650268555,22.16719650268555,127
2024-05-20 05:00:00,18.54,41.347225,22.807225189208985,22.807225189208985,127
2024-05-20 06:00:00,30.16,41.605778,11.445777740478515,11.445777740478515,127
2024-05-20 07:00:00,22.14,39.093227,16.95322738647461,16.95322738647461,127
2024-05-20 08:00:00,13.5,27.972918,14.472917556762695,14.472917556762695,127
2024-05-20 09:00:00,8.33,16.244612,7.914611740112305,7.914611740112305,127
2024-05-20 10:00:00,3.26,6.221875,2.9618751907348635,2.9618751907348635,127
2024-05-20 11:00:00,1.09,-0.26991543,-1.3599154317378999,1.3599154317378999,127
2024-05-20 12:00:00,0.78,-3.1154964,-3.895496397018433,3.895496397018433,127
2024-05-20 13:00:00,0.54,-3.3584774,-3.8984773540496827,3.8984773540496827,127
2024-05-20 14:00:00,7.36,1.0824329,-6.277567133903504,6.277567133903504,127
2024-05-20 15:00:00,8.3,9.779012,1.4790117263793938,1.4790117263793938,127
2024-05-20 16:00:00,15.17,22.03477,6.864769058227539,6.864769058227539,127
2024-05-20 17:00:00,33.8,35.039394,1.2393943786621122,1.2393943786621122,127
2024-05-20 18:00:00,43.67,84.88496,41.21495635986328,41.21495635986328,128
2024-05-20 19:00:00,33.78,82.74912,48.969122619628905,48.969122619628905,128
2024-05-20 20:00:00,36.85,76.11864,39.268637084960936,39.268637084960936,128
2024-05-20 21:00:00,47.34,67.79222,20.452221069335934,20.452221069335934,128
2024-05-20 22:00:00,39.42,61.997177,22.577177124023436,22.577177124023436,128
2024-05-20 23:00:00,21.46,54.902794,33.44279388427734,33.44279388427734,128
2024-05-21 00:00:00,26.47,51.194645,24.724644927978517,24.724644927978517,128
2024-05-21 01:00:00,25.57,51.41437,25.844371490478515,25.844371490478515,128
2024-05-21 02:00:00,21.71,57.677837,35.96783737182617,35.96783737182617,128
2024-05-21 03:00:00,21.67,66.19621,44.526212768554686,44.526212768554686,128
2024-05-21 04:00:00,24.15,78.7309,54.58090362548828,54.58090362548828,128
2024-05-21 05:00:00,67.92,85.87877,17.958768920898436,17.958768920898436,128
2024-05-21 06:00:00,72.87,83.83476,10.964762573242183,10.964762573242183,128
2024-05-21 07:00:00,41.7,74.71318,33.013180541992185,33.013180541992185,128
2024-05-21 08:00:00,30.0,59.049545,29.049545288085938,29.049545288085938,128
2024-05-21 09:00:00,18.82,44.21267,25.392669372558593,25.392669372558593,128
2024-05-21 10:00:00,20.43,32.292595,11.862594909667969,11.862594909667969,128
2024-05-21 11:00:00,14.7,23.968092,9.26809196472168,9.26809196472168,128
2024-05-21 12:00:00,9.66,18.937536,9.277536239624023,9.277536239624023,128
2024-05-21 13:00:00,8.21,18.758558,10.548558273315429,10.548558273315429,128
2024-05-21 14:00:00,7.44,25.30277,17.862770614624022,17.862770614624022,128
2024-05-21 15:00:00,14.7,38.04781,23.34780960083008,23.34780960083008,128
2024-05-21 16:00:00,19.44,53.51692,34.07691818237305,34.07691818237305,128
2024-05-21 17:00:00,34.79,67.15071,32.36071105957031,32.36071105957031,128
2024-05-21 18:00:00,62.73,61.821793,-0.9082073974609344,0.9082073974609344,129
2024-05-21 19:00:00,67.22,58.789577,-8.43042251586914,8.43042251586914,129
2024-05-21 20:00:00,65.07,52.529537,-12.540462799072259,12.540462799072259,129
2024-05-21 21:00:00,34.07,43.83834,9.768340759277343,9.768340759277343,129
2024-05-21 22:00:00,26.85,37.57041,10.720411682128905,10.720411682128905,129
2024-05-21 23:00:00,35.3,28.748266,-6.551733779907224,6.551733779907224,129
2024-05-22 00:00:00,28.25,23.039793,-5.210206985473633,5.210206985473633,129
2024-05-22 01:00:00,17.0,17.181463,0.18146324157714844,0.18146324157714844,129
2024-05-22 02:00:00,19.88,15.331693,-4.548307304382323,4.548307304382323,129
2024-05-22 03:00:00,29.98,12.898076,-17.08192394256592,17.08192394256592,129
2024-05-22 04:00:00,30.1,19.030775,-11.069224929809572,11.069224929809572,129
2024-05-22 05:00:00,61.36,25.305647,-36.054353103637695,36.054353103637695,129
2024-05-22 06:00:00,58.58,24.771044,-33.80895622253418,33.80895622253418,129
2024-05-22 07:00:00,38.65,22.374414,-16.275585556030272,16.275585556030272,129
2024-05-22 08:00:00,24.17,13.579297,-10.590702934265138,10.590702934265138,129
2024-05-22 09:00:00,6.24,6.1390047,-0.10099529266357443,0.10099529266357443,129
2024-05-22 10:00:00,21.76,-0.532687,-22.29268700838089,22.29268700838089,129
2024-05-22 11:00:00,11.72,-4.527438,-16.247438163757323,16.247438163757323,129
2024-05-22 12:00:00,10.23,-5.4871397,-15.717139701843262,15.717139701843262,129
2024-05-22 13:00:00,3.25,-4.362544,-7.612544059753418,7.612544059753418,129
2024-05-22 15:00:00,8.47,1.7478,-6.72220000743866,6.72220000743866,129
2024-05-22 16:00:00,25.1,11.204022,-13.895977592468263,13.895977592468263,129
2024-05-22 17:00:00,41.2,24.994173,-16.205826950073245,16.205826950073245,129
2024-05-22 18:00:00,57.24,37.412884,-19.82711624145508,19.82711624145508,129
2024-05-22 19:00:00,35.55,71.32095,35.77095336914063,35.77095336914063,130
2024-05-22 20:00:00,63.88,67.44846,3.5684634399414037,3.5684634399414037,130
2024-05-22 21:00:00,59.57,59.760334,0.19033401489257784,0.19033401489257784,130
2024-05-22 22:00:00,51.61,50.24118,-1.3688195800781244,1.3688195800781244,130
2024-05-22 23:00:00,34.78,43.642212,8.862211914062499,8.862211914062499,130
2024-05-23 00:00:00,15.99,35.040653,19.050653228759764,19.050653228759764,130
2024-05-23 01:00:00,25.56,29.837828,4.2778276824951185,4.2778276824951185,130
2024-05-23 02:00:00,14.15,25.69332,11.54331932067871,11.54331932067871,130
2024-05-23 03:00:00,27.4,26.3095,-1.0905002593994126,1.0905002593994126,130
2024-05-23 04:00:00,29.15,27.795282,-1.354717636108397,1.354717636108397,130
2024-05-23 05:00:00,76.75,37.370293,-39.37970733642578,39.37970733642578,130
2024-05-23 06:00:00,82.67,45.10832,-37.56168167114258,37.56168167114258,130
2024-05-23 07:00:00,71.74,43.769726,-27.970274200439448,27.970274200439448,130
2024-05-23 08:00:00,49.21,37.841217,-11.368782958984376,11.368782958984376,130
2024-05-23 09:00:00,42.63,25.545465,-17.08453453063965,17.08453453063965,130
2024-05-23 10:00:00,35.01,15.073659,-19.93634105682373,19.93634105682373,130
2024-05-23 11:00:00,35.0,6.8312273,-28.16877269744873,28.16877269744873,130
2024-05-23 12:00:00,30.39,1.7961627,-28.593837275505066,28.593837275505066,130
2024-05-23 13:00:00,26.1,0.27264896,-25.827351039648057,25.827351039648057,130
2024-05-23 14:00:00,26.31,1.5345508,-24.775449213981627,24.775449213981627,130
2024-05-23 15:00:00,35.01,8.009557,-27.00044322967529,27.00044322967529,130
2024-05-23 16:00:00,43.56,18.684057,-24.87594276428223,24.87594276428223,130
2024-05-23 17:00:00,71.12,33.632378,-37.487622375488286,37.487622375488286,130
2024-05-23 18:00:00,68.43,47.041374,-21.388625793457038,21.388625793457038,130
2024-05-23 19:00:00,91.73,56.025623,-35.7043766784668,35.7043766784668,131
2024-05-23 20:00:00,92.3,50.715916,-41.58408432006836,41.58408432006836,131
2024-05-23 21:00:00,85.65,44.69184,-40.958158874511724,40.958158874511724,131
2024-05-23 22:00:00,85.0,37.938408,-47.06159210205078,47.06159210205078,131
2024-05-23 23:00:00,78.34,33.661198,-44.67880233764649,44.67880233764649,131
2024-05-24 00:00:00,77.51,26.367426,-51.142574081420904,51.142574081420904,131
2024-05-24 01:00:00,72.0,22.529009,-49.470991134643555,49.470991134643555,131
2024-05-24 02:00:00,67.5,19.690382,-47.80961799621582,47.80961799621582,131
2024-05-24 03:00:00,81.09,22.53604,-58.55396064758301,58.55396064758301,131
2024-05-24 04:00:00,83.34,23.593702,-59.746297683715824,59.746297683715824,131
2024-05-24 05:00:00,89.72,28.454351,-61.2656485748291,61.2656485748291,131
2024-05-24 06:00:00,86.84,29.467196,-57.372804489135746,57.372804489135746,131
2024-05-24 07:00:00,74.9,23.903666,-50.99633445739747,50.99633445739747,131
2024-05-24 08:00:00,61.22,18.423033,-42.79696723937988,42.79696723937988,131
2024-05-24 09:00:00,48.1,9.245351,-38.85464916229248,38.85464916229248,131
2024-05-24 10:00:00,48.3,2.8604634,-45.4395366191864,45.4395366191864,131
2024-05-24 11:00:00,40.8,-1.9385098,-42.73850982189178,42.73850982189178,131
2024-05-24 12:00:00,36.76,-4.4886045,-41.24860454559326,41.24860454559326,131
2024-05-24 13:00:00,35.01,-2.760493,-37.77049304008484,37.77049304008484,131
2024-05-24 14:00:00,38.5,2.5332997,-35.966700315475464,35.966700315475464,131
2024-05-24 15:00:00,41.1,13.904363,-27.19563732147217,27.19563732147217,131
2024-05-24 16:00:00,68.0,26.640402,-41.35959815979004,41.35959815979004,131
2024-05-24 17:00:00,81.56,38.47304,-43.086958465576174,43.086958465576174,131
2024-05-24 18:00:00,92.76,45.30022,-47.45977951049805,47.45977951049805,131
2024-05-24 19:00:00,115.92,51.851994,-64.06800643920899,64.06800643920899,132
2024-05-24 20:00:00,109.67,48.952717,-60.717283172607424,60.717283172607424,132
2024-05-24 21:00:00,99.84,44.876347,-54.96365341186524,54.96365341186524,132
2024-05-24 22:00:00,94.88,39.142307,-55.737692718505855,55.737692718505855,132
2024-05-24 23:00:00,85.74,35.285187,-50.45481323242187,50.45481323242187,132
2024-05-25 00:00:00,63.95,27.8935,-36.056500625610354,36.056500625610354,132
2024-05-25 01:00:00,48.94,23.379446,-25.560553970336912,25.560553970336912,132
2024-05-25 02:00:00,43.58,18.343977,-25.236023025512694,25.236023025512694,132
2024-05-25 04:00:00,51.01,17.526236,-33.48376441955566,33.48376441955566,132
2024-05-25 05:00:00,48.13,13.609242,-34.52075756072998,34.52075756072998,132
2024-05-25 06:00:00,30.52,15.231114,-15.288885612487793,15.288885612487793,132
2024-05-25 07:00:00,24.44,15.237325,-9.202675285339357,9.202675285339357,132
2024-05-25 08:00:00,16.5,10.452596,-6.0474042892456055,6.0474042892456055,132
2024-05-25 09:00:00,9.32,6.7308702,-2.5891297531127933,2.5891297531127933,132
2024-05-25 10:00:00,3.24,-1.6866254,-4.926625361442566,4.926625361442566,132
2024-05-25 11:00:00,0.04,-7.547221,-7.5872211837768555,7.5872211837768555,132
2024-05-25 12:00:00,0.0,-11.3526945,-11.352694511413574,11.352694511413574,132
2024-05-25 13:00:00,0.02,-12.395534,-12.415533561706543,12.415533561706543,132
2024-05-25 14:00:00,5.54,-9.556331,-15.096330680847167,15.096330680847167,132
2024-05-25 15:00:00,4.96,-4.1546354,-9.114635429382325,9.114635429382325,132
2024-05-25 16:00:00,27.31,6.3988237,-20.911176261901854,20.911176261901854,132
2024-05-25 17:00:00,35.57,18.273642,-17.29635841369629,17.29635841369629,132
2024-05-25 18:00:00,70.99,30.78478,-40.20521949768066,40.20521949768066,132
2024-05-25 19:00:00,80.54,39.1686,-41.37140182495118,41.37140182495118,132
2024-05-25 20:00:00,86.85,53.37242,-33.47757873535156,33.47757873535156,133
2024-05-25 21:00:00,84.68,50.69415,-33.98585098266602,33.98585098266602,133
2024-05-25 22:00:00,37.08,47.43394,10.353940887451174,10.353940887451174,133
2024-05-25 23:00:00,13.52,42.230606,28.710606079101563,28.710606079101563,133
2024-05-26 00:00:00,28.04,38.189457,10.149456939697266,10.149456939697266,133
2024-05-26 01:00:00,25.15,30.146948,4.996947860717775,4.996947860717775,133
2024-05-26 02:00:00,20.02,24.809938,4.789938430786133,4.789938430786133,133
2024-05-26 03:00:00,21.16,18.680517,-2.4794828033447267,2.4794828033447267,133
2024-05-26 04:00:00,17.72,16.425009,-1.294991226196288,1.294991226196288,133
2024-05-26 05:00:00,11.22,10.070218,-1.1497819137573249,1.1497819137573249,133
2024-05-26 06:00:00,13.25,9.002423,-4.247576713562012,4.247576713562012,133
2024-05-26 07:00:00,0.02,6.65524,6.635240058898926,6.635240058898926,133
2024-05-26 08:00:00,0.0,1.3048602,1.304860234260559,1.304860234260559,133
2024-05-26 09:00:00,-0.09,-1.6122235,-1.5222235059738158,1.5222235059738158,133
2024-05-26 10:00:00,-2.11,-9.103671,-6.993671073913575,6.993671073913575,133
2024-05-26 11:00:00,-10.62,-13.7203245,-3.1003245162963875,3.1003245162963875,133
2024-05-26 12:00:00,-23.79,-15.941134,7.848865547180175,7.848865547180175,133
2024-05-26 13:00:00,-9.87,-15.286876,-5.416875724792481,5.416875724792481,133
2024-05-26 14:00:00,-0.6,-10.590632,-9.990632438659668,9.990632438659668,133
2024-05-26 15:00:00,0.0,-3.8979442,-3.897944211959839,3.897944211959839,133
2024-05-26 16:00:00,1.59,7.42999,5.839989814758301,5.839989814758301,133
2024-05-26 17:00:00,16.72,18.71469,1.9946892547607433,1.9946892547607433,133
2024-05-26 18:00:00,35.23,29.23382,-5.996180038452145,5.996180038452145,133
2024-05-26 19:00:00,46.0,34.94125,-11.05875015258789,11.05875015258789,133
2024-05-26 20:00:00,55.52,48.660828,-6.859172363281253,6.859172363281253,134
2024-05-26 21:00:00,35.6,42.761074,7.161074066162108,7.161074066162108,134
2024-05-26 22:00:00,32.3,38.39463,6.094630432128909,6.094630432128909,134
2024-05-26 23:00:00,33.0,34.764748,1.7647476196289062,1.7647476196289062,134
2024-05-27 00:00:00,31.0,33.792324,2.7923240661621094,2.7923240661621094,134
2024-05-27 01:00:00,30.9,30.597242,-0.3027576446533189,0.3027576446533189,134
2024-05-27 02:00:00,28.0,32.071014,4.071014404296875,4.071014404296875,134
2024-05-27 03:00:00,30.8,35.69013,4.890128326416015,4.890128326416015,134
2024-05-27 04:00:00,35.01,44.95576,9.945760955810549,9.945760955810549,134
2024-05-27 05:00:00,43.01,50.221767,7.211767425537111,7.211767425537111,134
2024-05-27 06:00:00,35.0,52.639286,17.639286041259766,17.639286041259766,134
2024-05-27 07:00:00,33.5,47.28007,13.780071258544922,13.780071258544922,134
2024-05-27 08:00:00,31.53,37.771786,6.241785736083983,6.241785736083983,134
2024-05-27 09:00:00,26.12,31.165003,5.045002822875976,5.045002822875976,134
2024-05-27 10:00:00,30.6,23.181684,-7.418315505981447,7.418315505981447,134
2024-05-27 11:00:00,25.0,17.43807,-7.561929702758789,7.561929702758789,134
2024-05-27 12:00:00,22.23,12.704175,-9.525825004577637,9.525825004577637,134
2024-05-27 13:00:00,14.33,9.524938,-4.805062370300293,4.805062370300293,134
2024-05-27 14:00:00,6.0,11.573552,5.573552131652832,5.573552131652832,134
2024-05-27 15:00:00,17.72,19.390287,1.6702873992919933,1.6702873992919933,134
2024-05-27 16:00:00,25.57,34.455,8.885001831054687,8.885001831054687,134
2024-05-27 17:00:00,31.66,49.10456,17.44456085205078,17.44456085205078,134
2024-05-27 18:00:00,35.01,56.512367,21.50236724853516,21.50236724853516,134
2024-05-27 19:00:00,35.8,56.50801,20.708010864257815,20.708010864257815,134
2024-05-27 20:00:00,52.82,46.392666,-6.427334136962891,6.427334136962891,135
2024-05-27 21:00:00,35.05,39.075607,4.02560729980469,4.02560729980469,135
2024-05-27 22:00:00,35.0,33.041016,-1.958984375,1.958984375,135
2024-05-28 00:00:00,29.06,27.346605,-1.7133946990966784,1.7133946990966784,135
2024-05-28 01:00:00,23.28,24.392279,1.1122786712646473,1.1122786712646473,135
2024-05-28 02:00:00,19.24,18.159163,-1.0808374786376937,1.0808374786376937,135
2024-05-28 03:00:00,22.19,16.02931,-6.160689773559572,6.160689773559572,135
2024-05-28 04:00:00,8.87,16.301596,7.431595687866212,7.431595687866212,135
2024-05-28 05:00:00,24.88,24.101332,-0.7786682891845693,0.7786682891845693,135
2024-05-28 06:00:00,40.74,29.382925,-11.357074966430666,11.357074966430666,135
2024-05-28 07:00:00,35.0,34.307438,-0.6925621032714844,0.6925621032714844,135
2024-05-28 08:00:00,28.2,32.43433,4.234329986572266,4.234329986572266,135
2024-05-28 09:00:00,0.07,24.70143,24.63142936706543,24.63142936706543,135
2024-05-28 10:00:00,0.08,18.915274,18.835273666381838,18.835273666381838,135
2024-05-28 11:00:00,0.0,10.802266,10.802266120910645,10.802266120910645,135
2024-05-28 14:00:00,0.01,5.9976625,5.9876625442504885,5.9876625442504885,135
2024-05-28 15:00:00,5.0,2.2740452,-2.72595477104187,2.72595477104187,135
2024-05-28 16:00:00,8.0,0.1835758,-7.816424205899239,7.816424205899239,135
2024-05-28 17:00:00,29.6,3.0590565,-26.540943479537965,26.540943479537965,135
2024-05-28 18:00:00,31.43,10.769422,-20.660578422546386,20.660578422546386,135
2024-05-28 19:00:00,26.69,25.371637,-1.3183626556396497,1.3183626556396497,135
2024-05-28 20:00:00,34.22,39.394024,5.174023895263673,5.174023895263673,135
2024-05-28 21:00:00,26.69,47.50987,20.81986862182617,20.81986862182617,135
2024-05-28 22:00:00,43.66,48.502453,4.8424528503418,4.8424528503418,135
2024-05-28 23:00:00,30.98,52.19248,21.21247817993164,21.21247817993164,136
2024-05-29 00:00:00,23.5,44.843647,21.343647003173828,21.343647003173828,136
2024-05-29 01:00:00,14.6,39.26435,24.66435089111328,24.66435089111328,136
2024-05-29 02:00:00,5.7,33.196224,27.496224212646485,27.496224212646485,136
2024-05-29 03:00:00,24.98,31.035395,6.055394668579101,6.055394668579101,136
2024-05-29 04:00:00,30.5,31.10541,0.6054096221923828,0.6054096221923828,136
2024-05-29 05:00:00,49.22,40.272827,-8.947172851562499,8.947172851562499,136
2024-05-29 06:00:00,52.19,47.751404,-4.438596191406248,4.438596191406248,136
2024-05-29 07:00:00,38.5,51.883675,13.383674621582031,13.383674621582031,136
2024-05-29 08:00:00,29.0,45.124325,16.124324798583984,16.124324798583984,136
2024-05-29 09:00:00,20.5,36.892536,16.392536163330078,16.392536163330078,136
2024-05-29 10:00:00,24.08,26.48701,2.4070090484619158,2.4070090484619158,136
2024-05-29 11:00:00,18.4,15.876752,-2.5232481002807603,2.5232481002807603,136
2024-05-29 12:00:00,17.47,10.178197,-7.291803092956542,7.291803092956542,136
2024-05-29 13:00:00,11.98,5.419446,-6.560554008483887,6.560554008483887,136
2024-05-29 14:00:00,11.0,4.957158,-6.042841911315918,6.042841911315918,136
2024-05-29 15:00:00,19.76,8.928311,-10.831688652038576,10.831688652038576,136
2024-05-29 16:00:00,29.38,20.38661,-8.99338996887207,8.99338996887207,136
2024-05-29 17:00:00,35.01,38.449314,3.4393141174316426,3.4393141174316426,136
2024-05-29 18:00:00,40.94,52.507828,11.567827758789065,11.567827758789065,136
2024-05-29 19:00:00,67.94,57.277287,-10.662713470458982,10.662713470458982,136
2024-05-29 20:00:00,69.87,50.115734,-19.754265899658208,19.754265899658208,136
2024-05-29 21:00:00,63.95,39.274788,-24.67521209716797,24.67521209716797,136
2024-05-29 22:00:00,50.94,29.751097,-21.18890327453613,21.18890327453613,136
2024-05-29 23:00:00,28.97,34.594727,5.624726562500001,5.624726562500001,137
2024-05-30 00:00:00,27.06,27.654585,0.594584884643556,0.594584884643556,137
2024-05-30 01:00:00,20.2,24.718718,4.518717575073243,4.518717575073243,137
2024-05-30 02:00:00,9.72,24.270617,14.55061653137207,14.55061653137207,137
2024-05-30 03:00:00,2.36,30.509512,28.149511947631837,28.149511947631837,137
2024-05-30 04:00:00,21.59,38.730247,17.140247497558594,17.140247497558594,137
2024-05-30 05:00:00,44.68,51.911316,7.23131591796875,7.23131591796875,137
2024-05-30 06:00:00,38.64,56.872658,18.232657775878906,18.232657775878906,137
2024-05-30 07:00:00,27.42,53.97056,26.550558166503905,26.550558166503905,137
2024-05-30 08:00:00,10.27,39.804844,29.53484390258789,29.53484390258789,137
2024-05-30 09:00:00,3.82,27.094343,23.274343185424804,23.274343185424804,137
2024-05-30 10:00:00,3.25,14.462934,11.212933540344238,11.212933540344238,137
2024-05-30 11:00:00,0.44,2.5994236,2.15942364692688,2.15942364692688,137
2024-05-30 12:00:00,0.0,-3.2051342,-3.205134153366089,3.205134153366089,137
2024-05-30 16:00:00,11.1,-7.158168,-18.258167839050294,18.258167839050294,137
2024-05-30 17:00:00,28.86,-3.8096874,-32.66968737602234,32.66968737602234,137
2024-05-30 18:00:00,37.5,6.740018,-30.759982109069824,30.759982109069824,137
2024-05-30 19:00:00,35.01,26.88212,-8.127879867553709,8.127879867553709,137
2024-05-30 20:00:00,37.92,48.97726,11.057260589599608,11.057260589599608,137
2024-05-30 21:00:00,30.33,61.644375,31.31437484741211,31.31437484741211,137
2024-05-30 22:00:00,10.0,61.582348,51.58234786987305,51.58234786987305,137
2024-05-30 23:00:00,5.5,49.782547,44.28254699707031,44.28254699707031,137
2024-05-31 00:00:00,4.77,37.062992,32.29299209594727,32.29299209594727,137
2024-05-31 01:00:00,3.25,26.995665,23.745664596557617,23.745664596557617,137
2024-05-31 03:00:00,4.37,19.087645,14.717644577026366,14.717644577026366,138
2024-05-31 04:00:00,6.67,14.852002,8.182002143859863,8.182002143859863,138
2024-05-31 05:00:00,5.0,14.480992,9.480992317199707,9.480992317199707,138
2024-05-31 06:00:00,2.47,15.629849,13.159849433898925,13.159849433898925,138
2024-05-31 07:00:00,0.0,20.349798,20.34979820251465,20.34979820251465,138
2024-05-31 08:00:00,7.04,21.260244,14.220244369506837,14.220244369506837,138
2024-05-31 09:00:00,18.43,22.05604,3.6260398101806643,3.6260398101806643,138
2024-05-31 10:00:00,3.51,18.170225,14.660225143432617,14.660225143432617,138
2024-05-31 11:00:00,0.01,16.41525,16.40525077819824,16.40525077819824,138
2024-05-31 12:00:00,-0.01,10.410611,10.420611152648926,10.420611152648926,138
2024-05-31 16:00:00,12.48,7.35851,-5.121489982604981,5.121489982604981,138
2024-05-31 17:00:00,22.24,3.9988682,-18.241131772994994,18.241131772994994,138
2024-05-31 18:00:00,3.25,-0.28627285,-3.5362728536129,3.5362728536129,138
2024-05-31 19:00:00,7.3,2.626508,-4.673492002487182,4.673492002487182,138
2024-05-31 20:00:00,23.44,6.120534,-17.31946605682373,17.31946605682373,138
2024-05-31 21:00:00,16.89,14.709722,-2.1802784347534185,2.1802784347534185,138
2024-05-31 22:00:00,4.99,22.002905,17.01290489196777,17.01290489196777,138
2024-05-31 23:00:00,3.25,28.620695,25.370695114135742,25.370695114135742,138
2024-06-01 01:00:00,1.23,33.12107,31.891070861816406,31.891070861816406,138
2024-06-01 02:00:00,0.09,31.721724,31.631723556518555,31.631723556518555,138
2024-06-01 03:00:00,3.25,28.72524,25.47524070739746,25.47524070739746,138
2024-06-01 05:00:00,9.07,22.294226,13.224225692749023,13.224225692749023,138
2024-06-01 06:00:00,8.35,15.504354,7.154353523254395,7.154353523254395,138
2024-06-01 07:00:00,7.19,11.5587435,4.368743476867675,4.368743476867675,138
2024-06-01 08:00:00,-0.01,9.623792,9.633791694641113,9.633791694641113,139
2024-06-01 09:00:00,-0.02,8.087888,8.10788776397705,8.10788776397705,139
2024-06-01 10:00:00,0.0,6.384259,6.384259223937988,6.384259223937988,139
2024-06-01 11:00:00,-0.07,3.2789128,3.3489127826690672,3.3489127826690672,139
2024-06-01 12:00:00,-0.1,3.967458,4.067458009719848,4.067458009719848,139
2024-06-01 13:00:00,-0.62,3.2903492,3.9103492450714112,3.9103492450714112,139
2024-06-01 14:00:00,-0.66,5.5231447,6.183144721984863,6.183144721984863,139
2024-06-01 15:00:00,-0.07,4.659528,4.729527778625489,4.729527778625489,139
2024-06-01 16:00:00,1.24,6.7757998,5.535799751281738,5.535799751281738,139
2024-06-01 17:00:00,0.01,6.1015368,6.091536750793457,6.091536750793457,139
2024-06-01 18:00:00,7.55,10.125501,2.5755006790161135,2.5755006790161135,139
2024-06-01 19:00:00,7.2,15.023877,7.823877143859863,7.823877143859863,139
2024-06-01 20:00:00,8.44,16.012777,7.572777328491211,7.572777328491211,139
2024-06-01 21:00:00,19.36,19.842672,0.4826723480224615,0.4826723480224615,139
2024-06-01 22:00:00,19.42,18.656507,-0.763492507934572,0.763492507934572,139
2024-06-01 23:00:00,6.43,18.237196,11.80719596862793,11.80719596862793,139
2024-06-02 00:00:00,6.15,15.721356,9.571356391906738,9.571356391906738,139
2024-06-02 01:00:00,4.78,13.734441,8.954440803527831,8.954440803527831,139
2024-06-02 02:00:00,5.22,12.070294,6.8502943801879885,6.8502943801879885,139
2024-06-02 03:00:00,5.3,8.154149,2.854149055480957,2.854149055480957,139
2024-06-02 04:00:00,4.91,6.2846346,1.3746345901489256,1.3746345901489256,139
2024-06-02 05:00:00,4.11,5.59937,1.4893700027465817,1.4893700027465817,139
2024-06-02 06:00:00,0.97,6.8079348,5.8379347610473635,5.8379347610473635,139
2024-06-02 07:00:00,-0.01,11.500905,11.51090503692627,11.51090503692627,139
2024-06-02 08:00:00,-1.05,12.230405,13.280404853820801,13.280404853820801,140
2024-06-02 09:00:00,-4.0,6.268262,10.268261909484863,10.268261909484863,140
2024-06-02 10:00:00,-3.58,2.7386143,6.318614320755005,6.318614320755005,140
2024-06-02 11:00:00,-16.82,0.04425542,16.864255420565605,16.864255420565605,140
2024-06-02 12:00:00,-29.26,2.037595,31.29759503364563,31.29759503364563,140
2024-06-02 13:00:00,-40.74,4.8846483,45.624648323059084,45.624648323059084,140
2024-06-02 14:00:00,-14.64,14.137311,28.77731098175049,28.77731098175049,140
2024-06-02 15:00:00,-1.0,22.82313,23.823129653930664,23.823129653930664,140
2024-06-02 16:00:00,0.03,31.893827,31.86382743835449,31.86382743835449,140
2024-06-02 17:00:00,7.27,33.82917,26.55917022705078,26.55917022705078,140
2024-06-02 18:00:00,11.35,33.31161,21.961611175537108,21.961611175537108,140
2024-06-02 19:00:00,25.01,29.716959,4.7069589996337875,4.7069589996337875,140
2024-06-02 20:00:00,28.87,24.145716,-4.724284286499024,4.724284286499024,140
2024-06-02 21:00:00,17.34,23.687376,6.347376022338867,6.347376022338867,140
2024-06-02 22:00:00,9.16,21.884481,12.72448143005371,12.72448143005371,140
2024-06-02 23:00:00,14.1,22.358057,8.258057022094727,8.258057022094727,140
2024-06-03 01:00:00,12.5,22.044638,9.544637680053711,9.544637680053711,140
2024-06-03 02:00:00,14.32,23.945478,9.625478439331054,9.625478439331054,140
2024-06-03 03:00:00,10.15,30.084593,19.93459281921387,19.93459281921387,140
2024-06-03 04:00:00,35.01,37.22911,2.2191107177734395,2.2191107177734395,140
2024-06-03 05:00:00,37.94,45.139732,7.199732360839846,7.199732360839846,140
2024-06-03 06:00:00,41.93,48.46137,6.531368560791016,6.531368560791016,140
2024-06-03 07:00:00,35.0,46.167435,11.167434692382812,11.167434692382812,140
2024-06-03 08:00:00,16.9,42.351963,25.451963043212892,25.451963043212892,140
2024-06-03 09:00:00,5.44,20.830809,15.390808639526366,15.390808639526366,141
2024-06-03 10:00:00,12.22,15.818944,3.5989439773559564,3.5989439773559564,141
2024-06-03 11:00:00,8.3,12.369054,4.069053840637206,4.069053840637206,141
2024-06-03 12:00:00,3.25,9.64903,6.399029731750488,6.399029731750488,141
2024-06-03 13:00:00,1.31,11.829251,10.519251289367675,10.519251289367675,141
2024-06-03 14:00:00,3.25,16.837065,13.587064743041992,13.587064743041992,141
2024-06-03 15:00:00,11.86,29.315119,17.455118789672852,17.455118789672852,141
2024-06-03 16:00:00,35.0,40.42337,5.423370361328125,5.423370361328125,141
2024-06-03 17:00:00,49.22,49.204967,-0.015032501220701988,0.015032501220701988,141
2024-06-03 18:00:00,75.37,49.591976,-25.77802383422852,25.77802383422852,141
2024-06-03 19:00:00,74.94,47.329525,-27.610475006103513,27.610475006103513,141
2024-06-03 20:00:00,81.31,42.37922,-38.93078094482422,38.93078094482422,141
2024-06-03 21:00:00,63.3,36.536255,-26.763745117187497,26.763745117187497,141
2024-06-03 22:00:00,99.2,35.93693,-63.26306838989258,63.26306838989258,141
2024-06-03 23:00:00,87.99,34.80699,-53.18300842285156,53.18300842285156,141
2024-06-04 00:00:00,75.92,34.94824,-40.97176162719727,40.97176162719727,141
2024-06-04 01:00:00,36.8,34.100574,-2.699425506591794,2.699425506591794,141
2024-06-04 02:00:00,27.82,35.568897,7.748897247314453,7.748897247314453,141
2024-06-04 03:00:00,48.69,40.991238,-7.698762359619138,7.698762359619138,141
2024-06-04 04:00:00,90.41,45.09617,-45.31383148193359,45.31383148193359,141
2024-06-04 05:00:00,96.64,46.847824,-49.79217590332031,49.79217590332031,141
2024-06-04 06:00:00,113.22,43.362804,-69.8571955871582,69.8571955871582,141
2024-06-04 07:00:00,81.82,36.021896,-45.798103637695306,45.798103637695306,141
2024-06-04 08:00:00,70.0,30.877474,-39.12252616882324,39.12252616882324,141
2024-06-04 09:00:00,37.3,33.60414,-3.6958587646484347,3.6958587646484347,142
2024-06-04 10:00:00,35.01,28.365232,-6.644767532348631,6.644767532348631,142
2024-06-04 11:00:00,14.84,24.31513,9.475130233764649,9.475130233764649,142
2024-06-04 12:00:00,1.17,21.185888,20.01588829040527,20.01588829040527,142
2024-06-04 13:00:00,-0.01,22.766459,22.77645851135254,22.77645851135254,142
2024-06-04 14:00:00,0.0,27.493826,27.493825912475586,27.493825912475586,142
2024-06-04 15:00:00,10.62,39.437107,28.817107086181643,28.817107086181643,142
2024-06-04 16:00:00,31.78,49.85192,18.071921081542968,18.071921081542968,142
2024-06-04 17:00:00,45.71,57.79622,12.086218872070312,12.086218872070312,142
2024-06-04 18:00:00,40.05,57.350376,17.300376129150393,17.300376129150393,142
2024-06-04 19:00:00,39.47,55.251072,15.781071929931642,15.781071929931642,142
2024-06-04 20:00:00,55.95,49.119953,-6.830046844482425,6.830046844482425,142
2024-06-04 21:00:00,49.51,41.920994,-7.589006195068357,7.589006195068357,142
2024-06-04 22:00:00,57.02,39.322857,-17.69714309692383,17.69714309692383,142
2024-06-04 23:00:00,46.6,35.78822,-10.811780548095705,10.811780548095705,142
2024-06-05 00:00:00,47.14,32.85205,-14.28794921875,14.28794921875,142
2024-06-05 01:00:00,39.65,28.981012,-10.668987655639647,10.668987655639647,142
2024-06-05 02:00:00,48.23,27.194456,-21.03554389953613,21.03554389953613,142
2024-06-05 03:00:00,46.94,29.72367,-17.216330947875974,17.216330947875974,142
2024-06-05 04:00:00,48.9,31.823141,-17.076858901977538,17.076858901977538,142
2024-06-05 05:00:00,35.13,33.85747,-1.2725285339355494,1.2725285339355494,142
2024-06-05 06:00:00,43.72,32.343704,-11.376295776367186,11.376295776367186,142
2024-06-05 07:00:00,29.19,26.324064,-2.865935745239259,2.865935745239259,142
2024-06-05 08:00:00,4.4,21.20144,16.801440811157228,16.801440811157228,142
2024-06-05 09:00:00,3.63,30.012938,26.382937545776368,26.382937545776368,143
2024-06-05 10:00:00,0.06,26.138227,26.078227462768556,26.078227462768556,143
2024-06-05 11:00:00,1.48,23.663408,22.183408279418945,22.183408279418945,143
2024-06-05 12:00:00,-0.01,22.701036,22.711036453247072,22.711036453247072,143
2024-06-05 13:00:00,0.0,26.613379,26.613378524780273,26.613378524780273,143
2024-06-05 14:00:00,-0.01,32.52569,32.53568817138672,32.53568817138672,143
2024-06-05 15:00:00,15.51,43.2243,27.714300384521486,27.714300384521486,143
2024-06-05 16:00:00,44.32,50.715263,6.3952633666992185,6.3952633666992185,143
2024-06-05 17:00:00,76.06,55.72124,-20.33875900268555,20.33875900268555,143
2024-06-05 18:00:00,79.26,53.673943,-25.586057434082036,25.586057434082036,143
2024-06-05 19:00:00,87.0,51.47508,-35.52492141723633,35.52492141723633,143
2024-06-05 20:00:00,90.56,47.079647,-43.48035293579102,43.48035293579102,143
2024-06-05 21:00:00,93.25,41.87983,-51.37017059326172,51.37017059326172,143
2024-06-05 22:00:00,59.59,41.07617,-18.513828125000003,18.513828125000003,143
2024-06-05 23:00:00,38.76,38.977924,0.21792434692383011,0.21792434692383011,143
2024-06-06 00:00:00,35.35,37.75337,2.4033683776855455,2.4033683776855455,143
2024-06-06 01:00:00,27.95,35.48642,7.536419677734376,7.536419677734376,143
2024-06-06 02:00:00,27.83,34.125183,6.295183105468752,6.295183105468752,143
2024-06-06 03:00:00,32.37,34.898308,2.5283078002929713,2.5283078002929713,143
2024-06-06 04:00:00,59.76,34.232803,-25.527196655273436,25.527196655273436,143
2024-06-06 05:00:00,74.13,33.412857,-40.71714294433593,40.71714294433593,143
2024-06-06 06:00:00,79.12,30.291105,-48.82889472961426,48.82889472961426,143
2024-06-06 07:00:00,68.55,24.349012,-44.20098762512207,44.20098762512207,143
2024-06-06 08:00:00,57.8,20.570051,-37.22994880676269,37.22994880676269,143
2024-06-06 09:00:00,30.42,52.977528,22.5575276184082,22.5575276184082,144
2024-06-06 10:00:00,26.35,49.448784,23.098783874511717,23.098783874511717,144
2024-06-06 11:00:00,20.08,46.530605,26.45060531616211,26.45060531616211,144
2024-06-06 12:00:00,7.68,44.73443,37.05442840576172,37.05442840576172,144
2024-06-06 13:00:00,4.97,46.15068,41.18068054199219,41.18068054199219,144
2024-06-06 14:00:00,19.32,49.78749,30.467490844726562,30.467490844726562,144
2024-06-06 15:00:00,47.44,57.647434,10.207434234619143,10.207434234619143,144
2024-06-06 16:00:00,81.59,65.10305,-16.48694976806641,16.48694976806641,144
2024-06-06 17:00:00,92.53,71.615295,-20.91470458984375,20.91470458984375,144
2024-06-06 18:00:00,88.01,73.42461,-14.585393676757818,14.585393676757818,144
2024-06-06 19:00:00,84.05,73.11015,-10.93984680175781,10.93984680175781,144
2024-06-06 20:00:00,88.98,69.0304,-19.949596862792973,19.949596862792973,144
2024-06-06 21:00:00,83.19,63.82794,-19.362058105468748,19.362058105468748,144
2024-06-06 22:00:00,84.92,61.600883,-23.319116516113283,23.319116516113283,144
2024-06-06 23:00:00,81.68,59.135345,-22.544654541015632,22.544654541015632,144
2024-06-07 00:00:00,64.92,57.220184,-7.699815673828127,7.699815673828127,144
2024-06-07 01:00:00,48.11,54.177925,6.067925109863282,6.067925109863282,144
2024-06-07 02:00:00,41.04,51.87893,10.838929138183595,10.838929138183595,144
2024-06-07 03:00:00,62.59,51.755627,-10.834373321533207,10.834373321533207,144
2024-06-07 04:00:00,71.49,50.913063,-20.57693695068359,20.57693695068359,144
2024-06-07 05:00:00,71.52,50.584408,-20.93559219360351,20.93559219360351,144
2024-06-07 06:00:00,82.56,48.842934,-33.717066345214846,33.717066345214846,144
2024-06-07 07:00:00,72.04,43.919094,-28.120905914306647,28.120905914306647,144
2024-06-07 08:00:00,48.98,39.913113,-9.066887359619137,9.066887359619137,144
2024-06-07 09:00:00,41.39,27.43817,-13.951830520629883,13.951830520629883,145
2024-06-07 10:00:00,33.91,22.376402,-11.53359809875488,11.53359809875488,145
2024-06-07 11:00:00,25.36,18.511992,-6.848008499145507,6.848008499145507,145
2024-06-07 12:00:00,18.34,15.555882,-2.784117546081543,2.784117546081543,145
2024-06-07 13:00:00,19.58,16.936117,-2.6438828277587874,2.6438828277587874,145
2024-06-07 14:00:00,27.08,19.958662,-7.121337966918944,7.121337966918944,145
2024-06-07 15:00:00,37.54,28.517824,-9.022175827026366,9.022175827026366,145
2024-06-07 16:00:00,56.2,36.290283,-19.909716796875003,19.909716796875003,145
2024-06-07 17:00:00,82.84,45.184357,-37.65564331054688,37.65564331054688,145
2024-06-07 18:00:00,69.29,48.895496,-20.394503631591803,20.394503631591803,145
2024-06-07 19:00:00,61.33,51.28442,-10.045579986572264,10.045579986572264,145
2024-06-07 20:00:00,78.62,48.818382,-29.80161773681641,29.80161773681641,145
2024-06-07 21:00:00,84.29,43.589718,-40.70028213500977,40.70028213500977,145
2024-06-07 22:00:00,72.52,42.578514,-29.941485900878902,29.941485900878902,145
2024-06-07 23:00:00,41.36,40.62076,-0.7392381286621088,0.7392381286621088,145
2024-06-08 00:00:00,32.24,39.387043,7.147042999267576,7.147042999267576,145
2024-06-08 01:00:00,23.3,35.903854,12.603854370117187,12.603854370117187,145
2024-06-08 02:00:00,11.25,32.605854,21.355854034423828,21.355854034423828,145
2024-06-08 03:00:00,10.53,31.693434,21.16343376159668,21.16343376159668,145
2024-06-08 04:00:00,17.57,29.31626,11.746259384155273,11.746259384155273,145
2024-06-08 05:00:00,12.7,28.384504,15.684504318237305,15.684504318237305,145
2024-06-08 06:00:00,21.84,26.23604,4.3960401153564455,4.3960401153564455,145
2024-06-08 07:00:00,12.82,20.510244,7.690244369506836,7.690244369506836,145
2024-06-08 08:00:00,0.23,16.57636,16.346360702514648,16.346360702514648,145
2024-06-08 09:00:00,-2.2,13.195867,15.395866584777831,15.395866584777831,146
2024-06-08 10:00:00,-9.46,6.0289583,15.488958320617677,15.488958320617677,146
2024-06-08 11:00:00,-22.13,0.468053,22.598053013086318,22.598053013086318,146
2024-06-08 12:00:00,-28.4,-3.2926052,25.10739483833313,25.10739483833313,146
2024-06-08 13:00:00,-19.22,-1.1376065,18.082393498420714,18.082393498420714,146
2024-06-08 14:00:00,-6.5,4.4419756,10.941975593566895,10.941975593566895,146
2024-06-08 15:00:00,4.13,17.501013,13.371012802124024,13.371012802124024,146
2024-06-08 16:00:00,31.23,31.085638,-0.144361953735352,0.144361953735352,146
2024-06-08 17:00:00,47.7,45.126545,-2.5734550476074247,2.5734550476074247,146
2024-06-08 18:00:00,58.07,52.595,-5.474998779296875,5.474998779296875,146
2024-06-08 19:00:00,60.09,56.746075,-3.3439253234863315,3.3439253234863315,146
2024-06-08 20:00:00,59.09,53.401726,-5.688274230957035,5.688274230957035,146
2024-06-08 21:00:00,56.59,46.208694,-10.381305541992191,10.381305541992191,146
2024-06-08 22:00:00,43.48,43.35259,-0.12741134643554375,0.12741134643554375,146
2024-06-08 23:00:00,22.41,39.532753,17.122752990722656,17.122752990722656,146
2024-06-09 00:00:00,12.76,37.067295,24.307295074462893,24.307295074462893,146
2024-06-09 01:00:00,8.46,31.498251,23.03825096130371,23.03825096130371,146
2024-06-09 02:00:00,8.94,26.94509,18.005089340209963,18.005089340209963,146
2024-06-09 03:00:00,9.8,25.08632,15.286320877075195,15.286320877075195,146
2024-06-09 04:00:00,7.32,20.875082,13.55508201599121,13.55508201599121,146
2024-06-09 05:00:00,4.4,18.507788,14.107787704467773,14.107787704467773,146
2024-06-09 06:00:00,0.22,14.444753,14.224752693176269,14.224752693176269,146
2024-06-09 07:00:00,-1.88,5.6947756,7.574775581359863,7.574775581359863,146
2024-06-09 08:00:00,-7.27,-0.30706295,6.9629370462894435,6.9629370462894435,146
2024-06-09 09:00:00,-14.35,3.701337,18.05133709907532,18.05133709907532,147
2024-06-09 10:00:00,-8.91,-7.1147566,1.7952434158325197,1.7952434158325197,147
2024-06-09 11:00:00,-14.35,-14.148921,0.20107898712158168,0.20107898712158168,147
2024-06-09 12:00:00,-25.4,-17.711504,7.688496017456053,7.688496017456053,147
2024-06-09 13:00:00,-28.52,-14.60657,13.91342975616455,13.91342975616455,147
2024-06-09 14:00:00,-4.84,-7.8959837,-3.055983695983887,3.055983695983887,147
2024-06-09 15:00:00,2.07,9.872159,7.8021590042114255,7.8021590042114255,147
2024-06-09 16:00:00,23.74,32.450226,8.710225830078127,8.710225830078127,147
2024-06-09 17:00:00,47.2,56.374924,9.174923706054685,9.174923706054685,147
2024-06-09 18:00:00,41.8,71.85786,30.057856750488284,30.057856750488284,147
2024-06-09 19:00:00,58.76,75.1146,16.35460113525391,16.35460113525391,147
2024-06-09 20:00:00,69.64,66.97166,-2.6683432006835943,2.6683432006835943,147
2024-06-09 21:00:00,56.9,56.007675,-0.8923248291015611,0.8923248291015611,147
2024-06-09 22:00:00,69.41,51.070103,-18.339897308349606,18.339897308349606,147
2024-06-09 23:00:00,35.5,46.850002,11.35000228881836,11.35000228881836,147
2024-06-10 00:00:00,38.2,44.62553,6.425530242919919,6.425530242919919,147
2024-06-10 01:00:00,30.86,40.18354,9.323540344238282,9.323540344238282,147
2024-06-10 02:00:00,17.74,38.473026,20.733026275634767,20.733026275634767,147
2024-06-10 03:00:00,35.01,44.737526,9.727525939941408,9.727525939941408,147
2024-06-10 04:00:00,31.98,56.554516,24.574515838623046,24.574515838623046,147
2024-06-10 05:00:00,55.05,71.56797,16.51797027587891,16.51797027587891,147
2024-06-10 06:00:00,35.5,79.70804,44.208038330078125,44.208038330078125,147
2024-06-10 07:00:00,38.3,74.34334,36.043338012695315,36.043338012695315,147
2024-06-10 08:00:00,18.08,63.82084,45.74083892822266,45.74083892822266,147
2024-06-10 09:00:00,8.04,52.04174,44.00174041748047,44.00174041748047,148
2024-06-10 10:00:00,10.6,46.95377,36.35376968383789,36.35376968383789,148
2024-06-10 11:00:00,3.36,42.415382,39.05538238525391,39.05538238525391,148
2024-06-10 12:00:00,0.03,38.98116,38.95115921020508,38.95115921020508,148
2024-06-10 13:00:00,0.0,39.507595,39.50759506225586,39.50759506225586,148
2024-06-10 14:00:00,-0.01,44.310604,44.32060409545898,44.32060409545898,148
2024-06-10 15:00:00,0.09,57.37855,57.28855148315429,57.28855148315429,148
2024-06-10 16:00:00,21.06,71.541855,50.481854858398435,50.481854858398435,148
2024-06-10 17:00:00,40.56,81.85429,41.294286193847654,41.294286193847654,148
2024-06-10 18:00:00,25.34,83.906166,58.56616607666015,58.56616607666015,148
2024-06-10 19:00:00,28.78,80.225716,51.44571563720703,51.44571563720703,148
2024-06-10 20:00:00,68.01,72.64795,4.637949218749995,4.637949218749995,148
2024-06-10 21:00:00,70.06,65.674866,-4.385134277343752,4.385134277343752,148
2024-06-10 22:00:00,62.28,62.53133,0.251330108642577,0.251330108642577,148
2024-06-10 23:00:00,58.69,59.37314,0.6831384277343773,0.6831384277343773,148
2024-06-11 00:00:00,51.85,56.762146,4.912145996093749,4.912145996093749,148
2024-06-11 01:00:00,37.03,54.33099,17.300989837646483,17.300989837646483,148
2024-06-11 02:00:00,22.74,55.50574,32.76574111938477,32.76574111938477,148
2024-06-11 03:00:00,55.02,62.482037,7.462036590576169,7.462036590576169,148
2024-06-11 04:00:00,44.81,70.91707,26.10706848144531,26.10706848144531,148
2024-06-11 05:00:00,68.77,76.6261,7.856098632812504,7.856098632812504,148
2024-06-11 06:00:00,70.0,75.77802,5.778022766113281,5.778022766113281,148
2024-06-11 07:00:00,66.84,69.08627,2.2462731933593716,2.2462731933593716,148
2024-06-11 08:00:00,42.39,62.10778,19.717780456542968,19.717780456542968,148
2024-06-11 09:00:00,37.05,73.992065,36.9420654296875,36.9420654296875,149
2024-06-11 10:00:00,19.51,69.569435,50.0594351196289,50.0594351196289,149
2024-06-11 11:00:00,7.65,64.75939,57.10939178466797,57.10939178466797,149
2024-06-11 12:00:00,6.62,60.22786,53.607859497070315,53.607859497070315,149
2024-06-11 13:00:00,9.26,58.445534,49.18553375244141,49.18553375244141,149
2024-06-11 14:00:00,13.89,61.046257,47.15625701904297,47.15625701904297,149
2024-06-11 15:00:00,35.13,71.151405,36.021405334472654,36.021405334472654,149
2024-06-11 16:00:00,46.0,83.15723,37.1572265625,37.1572265625,149
2024-06-11 17:00:00,66.05,91.726425,25.67642517089844,25.67642517089844,149
2024-06-11 18:00:00,71.12,93.314,22.19400299072265,22.19400299072265,149
2024-06-11 19:00:00,85.41,89.64266,4.232662048339847,4.232662048339847,149
2024-06-11 20:00:00,77.29,82.36373,5.0737313842773375,5.0737313842773375,149
2024-06-11 21:00:00,70.13,75.564766,5.434765930175786,5.434765930175786,149
2024-06-11 22:00:00,27.82,71.37323,43.55322998046875,43.55322998046875,149
2024-06-11 23:00:00,30.13,67.794136,37.664136047363286,37.664136047363286,149
2024-06-12 00:00:00,30.31,65.00295,34.69295257568359,34.69295257568359,149
2024-06-12 01:00:00,24.89,63.05186,38.16186080932617,38.16186080932617,149
2024-06-12 02:00:00,19.98,65.18605,45.20605041503906,45.20605041503906,149
2024-06-12 03:00:00,30.48,72.31283,41.83282806396484,41.83282806396484,149
2024-06-12 04:00:00,40.08,79.17494,39.094942016601564,39.094942016601564,149
2024-06-12 05:00:00,44.88,81.33125,36.45125305175781,36.45125305175781,149
2024-06-12 06:00:00,44.45,76.9493,32.49930267333984,32.49930267333984,149
2024-06-12 07:00:00,29.93,68.78649,38.85649139404297,38.85649139404297,149
2024-06-12 08:00:00,15.29,61.697826,46.40782638549805,46.40782638549805,149
2024-06-12 09:00:00,11.68,71.89428,60.21427947998047,60.21427947998047,150
2024-06-12 10:00:00,20.06,67.53263,47.472630920410154,47.472630920410154,150
2024-06-12 11:00:00,25.97,63.23396,37.26395919799805,37.26395919799805,150
2024-06-12 12:00:00,24.35,59.775326,35.42532577514648,35.42532577514648,150
2024-06-12 13:00:00,12.25,58.659996,46.409996032714844,46.409996032714844,150
2024-06-12 14:00:00,10.43,60.733116,50.303116149902344,50.303116149902344,150
2024-06-12 15:00:00,25.73,68.67369,42.94369079589843,42.94369079589843,150
2024-06-12 16:00:00,40.0,79.419304,39.41930389404297,39.41930389404297,150
2024-06-12 17:00:00,55.1,89.3393,34.23930206298828,34.23930206298828,150
2024-06-12 18:00:00,52.77,94.56678,41.79678009033203,41.79678009033203,150
2024-06-12 19:00:00,45.59,93.879776,48.28977600097656,48.28977600097656,150
2024-06-12 20:00:00,66.09,88.123405,22.033405456542965,22.033405456542965,150
2024-06-12 21:00:00,70.4,81.94086,11.540856933593744,11.540856933593744,150
2024-06-12 22:00:00,65.68,78.132645,12.452644653320306,12.452644653320306,150
2024-06-12 23:00:00,34.24,74.917336,40.677335510253904,40.677335510253904,150
2024-06-13 00:00:00,27.01,72.22498,45.214983215332026,45.214983215332026,150
2024-06-13 01:00:00,10.35,69.21746,58.86746063232422,58.86746063232422,150
2024-06-13 02:00:00,1.18,68.357834,67.17783386230468,67.17783386230468,150
2024-06-13 03:00:00,10.52,71.53497,61.014973144531254,61.014973144531254,150
2024-06-13 04:00:00,32.1,76.117195,44.01719512939453,44.01719512939453,150
2024-06-13 05:00:00,44.58,79.85997,35.27997009277344,35.27997009277344,150
2024-06-13 06:00:00,54.44,79.73752,25.297518310546877,25.297518310546877,150
2024-06-13 07:00:00,28.43,74.41836,45.988357849121094,45.988357849121094,150
2024-06-13 08:00:00,0.08,68.17341,68.09340850830078,68.09340850830078,150
2024-06-13 10:00:00,0.07,38.44299,38.372989349365234,38.372989349365234,151
2024-06-13 11:00:00,0.01,33.358784,33.34878372192383,33.34878372192383,151
2024-06-13 12:00:00,0.0,28.86872,28.86871910095215,28.86871910095215,151
2024-06-13 15:00:00,5.49,24.137178,18.647178421020506,18.647178421020506,151
2024-06-13 16:00:00,14.74,25.798105,11.058105239868164,11.058105239868164,151
2024-06-13 17:00:00,35.45,27.015871,-8.43412895202637,8.43412895202637,151
2024-06-13 18:00:00,65.18,31.82688,-33.35312049865723,33.35312049865723,151
2024-06-13 19:00:00,40.95,41.49353,0.5435302734374972,0.5435302734374972,151
2024-06-13 20:00:00,67.17,49.302,-17.868001861572267,17.868001861572267,151
2024-06-13 21:00:00,60.06,55.985287,-4.074713287353518,4.074713287353518,151
2024-06-13 22:00:00,10.41,56.825737,46.41573699951172,46.41573699951172,151
2024-06-13 23:00:00,2.7,52.9565,50.256501007080075,50.256501007080075,151
2024-06-14 00:00:00,5.9,47.58946,41.68945846557617,41.68945846557617,151
2024-06-14 01:00:00,0.08,43.471508,43.39150802612305,43.39150802612305,151
2024-06-14 02:00:00,0.03,39.375755,39.34575531005859,39.34575531005859,151
2024-06-14 03:00:00,2.35,35.3095,32.95950164794922,32.95950164794922,151
2024-06-14 04:00:00,10.64,30.68818,20.048180923461913,20.048180923461913,151
2024-06-14 05:00:00,51.21,28.604067,-22.605933151245118,22.605933151245118,151
2024-06-14 06:00:00,64.13,25.543283,-38.58671653747558,38.58671653747558,151
2024-06-14 07:00:00,45.91,25.556334,-20.35366645812988,20.35366645812988,151
2024-06-14 08:00:00,22.11,25.469103,3.359102859497071,3.359102859497071,151
2024-06-14 09:00:00,11.91,22.569117,10.659116592407226,10.659116592407226,151
2024-06-14 10:00:00,2.52,19.15957,16.639570693969727,16.639570693969727,151
2024-06-14 11:00:00,0.44,13.658873,13.218872604370118,13.218872604370118,151
2024-06-14 12:00:00,0.02,12.555334,12.535334091186524,12.535334091186524,152
2024-06-14 13:00:00,0.0,17.257208,17.2572078704834,17.2572078704834,152
2024-06-14 16:00:00,0.96,25.946642,24.98664192199707,24.98664192199707,152
2024-06-14 17:00:00,7.0,33.846935,26.846935272216797,26.846935272216797,152
2024-06-14 18:00:00,24.56,44.243156,19.68315643310547,19.68315643310547,152
2024-06-14 19:00:00,57.32,46.278683,-11.041317291259766,11.041317291259766,152
2024-06-14 20:00:00,45.02,45.152016,0.13201568603515312,0.13201568603515312,152
2024-06-14 21:00:00,28.61,43.09236,14.482361450195313,14.482361450195313,152
2024-06-14 22:00:00,16.2,36.283634,20.083634185791016,20.083634185791016,152
2024-06-14 23:00:00,6.39,30.96255,24.572549209594726,24.572549209594726,152
2024-06-15 00:00:00,0.08,26.487577,26.407577438354494,26.407577438354494,152
2024-06-15 01:00:00,0.09,22.097837,22.007837448120117,22.007837448120117,152
2024-06-15 02:00:00,2.47,18.7031,16.233100204467775,16.233100204467775,152
2024-06-15 03:00:00,0.26,17.986208,17.72620796203613,17.72620796203613,152
2024-06-15 04:00:00,1.54,17.439322,15.899321517944337,15.899321517944337,152
2024-06-15 05:00:00,0.09,16.655622,16.565622482299805,16.565622482299805,152
2024-06-15 06:00:00,0.0,13.638319,13.63831901550293,13.63831901550293,152
2024-06-15 07:00:00,-0.06,11.99832,12.058319625854493,12.058319625854493,152
2024-06-15 08:00:00,-10.08,6.6249976,16.704997615814207,16.704997615814207,152
2024-06-15 09:00:00,-28.87,2.9133356,31.78333556175232,31.78333556175232,152
2024-06-15 10:00:00,-44.68,-1.3496954,43.330304555892944,43.330304555892944,152
2024-06-15 11:00:00,-65.47,-4.2875924,61.18240758895874,61.18240758895874,152
2024-06-15 12:00:00,-80.02,-4.780688,75.23931219100952,75.23931219100952,152
2024-06-15 13:00:00,-55.93,-4.7959924,51.134007625579834,51.134007625579834,152
2024-06-15 14:00:00,-28.08,4.9157157,32.99571569442749,32.99571569442749,153
2024-06-15 15:00:00,-2.36,13.689299,16.04929862976074,16.04929862976074,153
2024-06-15 16:00:00,0.0,27.723719,27.723718643188477,27.723718643188477,153
2024-06-15 17:00:00,9.59,39.150032,29.56003204345703,29.56003204345703,153
2024-06-15 18:00:00,23.22,49.42786,26.207860260009767,26.207860260009767,153
2024-06-15 19:00:00,28.0,47.697437,19.697437286376953,19.697437286376953,153
2024-06-15 20:00:00,47.7,42.352818,-5.347182464599612,5.347182464599612,153
2024-06-15 21:00:00,41.76,37.69166,-4.068338165283201,4.068338165283201,153
2024-06-15 22:00:00,27.49,30.276567,2.786567459106447,2.786567459106447,153
2024-06-15 23:00:00,10.62,26.313486,15.693486099243165,15.693486099243165,153
2024-06-16 00:00:00,7.92,23.580591,15.660591201782227,15.660591201782227,153
2024-06-16 01:00:00,5.94,21.238,15.298000869750975,15.298000869750975,153
2024-06-16 02:00:00,4.81,20.36653,15.556529464721681,15.556529464721681,153
2024-06-16 03:00:00,4.39,21.865751,17.47575126647949,17.47575126647949,153
2024-06-16 04:00:00,4.53,22.119379,17.5893790435791,17.5893790435791,153
2024-06-16 05:00:00,0.71,19.940145,19.23014549255371,19.23014549255371,153
2024-06-16 06:00:00,-0.02,12.914938,12.93493797302246,12.93493797302246,153
2024-06-16 07:00:00,-1.26,6.7630057,8.02300573348999,8.02300573348999,153
2024-06-16 08:00:00,-10.01,-1.3270361,8.682963857650757,8.682963857650757,153
2024-06-16 09:00:00,-13.34,-5.4657617,7.874238338470459,7.874238338470459,153
2024-06-16 10:00:00,-20.01,-8.795343,11.21465660095215,11.21465660095215,153
2024-06-16 11:00:00,-30.01,-10.945719,19.064281234741213,19.064281234741213,153
2024-06-16 12:00:00,-35.68,-11.527452,24.15254753112793,24.15254753112793,153
2024-06-16 13:00:00,-29.05,-10.311853,18.738146591186524,18.738146591186524,153
2024-06-16 14:00:00,-9.52,-5.903521,3.616478939056396,3.616478939056396,154
2024-06-16 15:00:00,-0.06,4.114469,4.174469051361084,4.174469051361084,154
2024-06-16 16:00:00,6.47,19.883905,13.413905410766603,13.413905410766603,154
2024-06-16 17:00:00,11.33,32.735897,21.405897064208986,21.405897064208986,154
2024-06-16 18:00:00,16.8,44.15264,27.352641296386718,27.352641296386718,154
2024-06-16 19:00:00,35.02,43.90493,8.88493011474609,8.88493011474609,154
2024-06-16 20:00:00,41.26,39.821438,-1.4385621643066386,1.4385621643066386,154
2024-06-16 21:00:00,41.62,37.59469,-4.025311584472654,4.025311584472654,154
2024-06-16 22:00:00,41.49,32.16317,-9.326830139160158,9.326830139160158,154
2024-06-16 23:00:00,35.01,30.54648,-4.46351982116699,4.46351982116699,154
2024-06-17 00:00:00,29.53,29.5577,0.0276992034912098,0.0276992034912098,154
2024-06-17 01:00:00,14.79,29.568735,14.778735122680665,14.778735122680665,154
2024-06-17 02:00:00,7.21,31.120829,23.910828628540038,23.910828628540038,154
2024-06-17 03:00:00,23.0,35.73615,12.736148834228516,12.736148834228516,154
2024-06-17 04:00:00,24.48,38.92895,14.448951263427734,14.448951263427734,154
2024-06-17 05:00:00,46.5,39.82875,-6.6712493896484375,6.6712493896484375,154
2024-06-17 07:00:00,35.01,35.110443,0.10044311523437699,0.10044311523437699,154
2024-06-17 08:00:00,22.28,29.604979,7.324978561401366,7.324978561401366,154
2024-06-17 09:00:00,7.39,20.544447,13.15444694519043,13.15444694519043,154
2024-06-17 10:00:00,9.63,14.415777,4.785777206420898,4.785777206420898,154
2024-06-17 11:00:00,10.07,9.68495,-0.3850501251220706,0.3850501251220706,154
2024-06-17 12:00:00,6.13,6.7741675,0.6441675376892091,0.6441675376892091,154
2024-06-17 13:00:00,6.58,6.3731055,-0.2068944740295411,0.2068944740295411,154
2024-06-17 14:00:00,7.42,7.826917,0.40691717147827156,0.40691717147827156,154
2024-06-17 15:00:00,30.87,9.411932,-21.458068008422853,21.458068008422853,155
2024-06-17 16:00:00,47.36,19.74954,-27.610459671020507,27.610459671020507,155
2024-06-17 17:00:00,59.92,34.80198,-25.118020935058595,25.118020935058595,155
2024-06-17 18:00:00,57.15,46.064247,-11.085752868652342,11.085752868652342,155
2024-06-17 19:00:00,72.75,54.46716,-18.282840728759766,18.282840728759766,155
2024-06-17 20:00:00,91.27,50.588173,-40.68182708740234,40.68182708740234,155
2024-06-17 21:00:00,62.78,43.640446,-19.139554290771486,19.139554290771486,155
2024-06-17 22:00:00,51.76,38.166157,-13.59384323120117,13.59384323120117,155
2024-06-17 23:00:00,37.0,31.445566,-5.554433822631836,5.554433822631836,155
2024-06-18 00:00:00,34.15,28.447,-5.7029994964599595,5.7029994964599595,155
2024-06-18 01:00:00,35.65,26.19518,-9.454819107055663,9.454819107055663,155
2024-06-18 02:00:00,29.26,25.4406,-3.8194005584716813,3.8194005584716813,155
2024-06-18 03:00:00,27.0,26.292124,-0.7078762054443359,0.7078762054443359,155
2024-06-18 04:00:00,37.36,29.530012,-7.829987869262695,7.829987869262695,155
2024-06-18 05:00:00,55.71,31.334726,-24.375273666381837,24.375273666381837,155
2024-06-18 06:00:00,59.1,30.482634,-28.61736640930176,28.61736640930176,155
2024-06-18 07:00:00,52.21,24.296545,-27.913454971313477,27.913454971313477,155
2024-06-18 08:00:00,39.0,19.12044,-19.879560470581055,19.879560470581055,155
2024-06-18 09:00:00,33.25,12.815779,-20.434221267700195,20.434221267700195,155
2024-06-18 10:00:00,26.56,10.575247,-15.984753189086913,15.984753189086913,155
2024-06-18 11:00:00,8.6,9.168592,0.56859245300293,0.56859245300293,155
2024-06-18 12:00:00,11.21,9.076582,-2.133418045043946,2.133418045043946,155
2024-06-18 13:00:00,10.6,9.989653,-0.6103473663330075,0.6103473663330075,155
2024-06-18 14:00:00,9.99,12.140425,2.1504247283935545,2.1504247283935545,155
2024-06-18 15:00:00,20.27,17.692694,-2.577306289672851,2.577306289672851,156
2024-06-18 16:00:00,35.0,29.028173,-5.971826553344727,5.971826553344727,156
2024-06-18 17:00:00,45.28,43.616077,-1.663922576904298,1.663922576904298,156
2024-06-18 18:00:00,49.65,53.400387,3.750386810302736,3.750386810302736,156
2024-06-18 19:00:00,18.61,60.198174,41.58817352294922,41.58817352294922,156
2024-06-18 20:00:00,54.98,56.082638,1.1026377868652375,1.1026377868652375,156
2024-06-18 21:00:00,57.9,49.600925,-8.299074554443358,8.299074554443358,156
2024-06-18 22:00:00,99.83,44.593178,-55.23682220458984,55.23682220458984,156
2024-06-18 23:00:00,54.0,38.004883,-15.9951171875,15.9951171875,156
2024-06-19 00:00:00,44.1,34.779446,-9.320554351806642,9.320554351806642,156
2024-06-19 01:00:00,34.92,32.79372,-2.1262797546386736,2.1262797546386736,156
2024-06-19 02:00:00,24.0,33.345387,9.345386505126953,9.345386505126953,156
2024-06-19 03:00:00,33.19,36.68072,3.4907212829589866,3.4907212829589866,156
2024-06-19 04:00:00,55.51,41.719612,-13.790387878417967,13.790387878417967,156
2024-06-19 05:00:00,93.36,43.24259,-50.11740814208984,50.11740814208984,156
2024-06-19 06:00:00,91.79,39.910526,-51.87947372436524,51.87947372436524,156
2024-06-19 07:00:00,59.38,30.825594,-28.554406051635745,28.554406051635745,156
2024-06-19 08:00:00,55.8,23.192415,-32.60758476257324,32.60758476257324,156
2024-06-19 09:00:00,46.41,15.574865,-30.835134658813473,30.835134658813473,156
2024-06-19 10:00:00,43.54,11.780775,-31.75922492980957,31.75922492980957,156
2024-06-19 11:00:00,37.0,9.320173,-27.679826736450195,27.679826736450195,156
2024-06-19 12:00:00,22.43,8.279966,-14.150033645629883,14.150033645629883,156
2024-06-19 13:00:00,23.56,8.903318,-14.656681594848632,14.656681594848632,156
2024-06-19 14:00:00,28.6,12.288893,-16.31110725402832,16.31110725402832,156
2024-06-19 15:00:00,35.02,23.838625,-11.18137504577637,11.18137504577637,157
2024-06-19 16:00:00,38.47,33.588024,-4.881975860595702,4.881975860595702,157
2024-06-19 17:00:00,79.83,45.61097,-34.21903045654297,34.21903045654297,157
2024-06-19 18:00:00,69.04,52.60806,-16.431941070556647,16.431941070556647,157
2024-06-19 19:00:00,109.01,57.21249,-51.797509918212896,51.797509918212896,157
2024-06-19 20:00:00,109.0,51.657944,-57.34205627441406,57.34205627441406,157
2024-06-19 21:00:00,89.59,44.51114,-45.07886108398438,45.07886108398438,157
2024-06-19 22:00:00,85.89,38.916473,-46.973526611328126,46.973526611328126,157
2024-06-19 23:00:00,68.92,32.50364,-36.416360778808595,36.416360778808595,157
2024-06-20 00:00:00,61.45,29.535872,-31.914128494262698,31.914128494262698,157
2024-06-20 01:00:00,46.72,27.707327,-19.012673110961913,19.012673110961913,157
2024-06-20 02:00:00,48.49,29.056246,-19.433754196166994,19.433754196166994,157
2024-06-20 03:00:00,61.45,33.398163,-28.051837158203128,28.051837158203128,157
2024-06-20 04:00:00,99.0,39.80691,-59.19308853149414,59.19308853149414,157
2024-06-20 05:00:00,111.72,42.98172,-68.73828002929687,68.73828002929687,157
2024-06-20 06:00:00,103.0,41.746754,-61.25324630737305,61.25324630737305,157
2024-06-20 07:00:00,81.94,35.051506,-46.88849395751953,46.88849395751953,157
2024-06-20 08:00:00,71.87,29.084513,-42.785487289428715,42.785487289428715,157
2024-06-20 09:00:00,63.04,22.629755,-40.4102449798584,40.4102449798584,157
2024-06-20 10:00:00,59.94,19.32551,-40.614489974975584,40.614489974975584,157
2024-06-20 11:00:00,58.35,16.86807,-41.48192939758301,41.48192939758301,157
2024-06-20 12:00:00,61.42,15.874723,-45.54527656555176,45.54527656555176,157
2024-06-20 13:00:00,61.93,16.385397,-45.54460304260254,45.54460304260254,157
2024-06-20 14:00:00,61.42,19.126379,-42.29362098693848,42.29362098693848,157
2024-06-20 15:00:00,62.15,35.43005,-26.719950103759764,26.719950103759764,158
2024-06-20 16:00:00,77.46,47.70183,-29.75816818237304,29.75816818237304,158
2024-06-20 17:00:00,107.0,63.627033,-43.37296676635742,43.37296676635742,158
2024-06-20 18:00:00,115.28,75.347855,-39.93214538574219,39.93214538574219,158
2024-06-20 19:00:00,122.78,82.15031,-40.629693298339845,40.629693298339845,158
2024-06-20 20:00:00,114.59,77.34276,-37.247241821289066,37.247241821289066,158
2024-06-20 21:00:00,95.85,68.977936,-26.87206420898437,26.87206420898437,158
2024-06-20 22:00:00,101.38,61.547222,-39.832777862548824,39.832777862548824,158
2024-06-20 23:00:00,91.2,53.127777,-38.07222290039063,38.07222290039063,158
2024-06-21 00:00:00,89.95,47.49007,-42.459929656982425,42.459929656982425,158
2024-06-21 01:00:00,85.8,42.763054,-43.03694610595703,43.03694610595703,158
2024-06-21 02:00:00,76.22,39.26375,-36.956251831054686,36.956251831054686,158
2024-06-21 03:00:00,81.14,38.28854,-42.85146011352539,42.85146011352539,158
2024-06-21 04:00:00,96.06,40.615803,-55.444197235107424,55.444197235107424,158
2024-06-21 05:00:00,113.47,42.039726,-71.43027374267578,71.43027374267578,158
2024-06-21 06:00:00,114.32,41.36587,-72.95412857055663,72.95412857055663,158
2024-06-21 07:00:00,107.42,34.527603,-72.89239685058594,72.89239685058594,158
2024-06-21 08:00:00,96.74,28.27057,-68.46942924499511,68.46942924499511,158
2024-06-21 09:00:00,84.21,21.318274,-62.89172645568847,62.89172645568847,158
2024-06-21 10:00:00,61.34,17.31133,-44.02866920471192,44.02866920471192,158
2024-06-21 11:00:00,57.4,14.966444,-42.43355598449707,42.43355598449707,158
2024-06-21 12:00:00,55.1,14.074553,-41.02544746398926,41.02544746398926,158
2024-06-21 13:00:00,43.17,14.788389,-28.381610794067385,28.381610794067385,158
2024-06-21 14:00:00,40.0,17.929842,-22.070158004760742,22.070158004760742,158
2024-06-21 15:00:00,49.8,36.631046,-13.168953704833982,13.168953704833982,159
2024-06-21 16:00:00,56.75,46.586693,-10.163307189941406,10.163307189941406,159
2024-06-21 17:00:00,77.46,59.1654,-18.29459854125976,18.29459854125976,159
2024-06-21 18:00:00,100.01,68.277336,-31.732663879394536,31.732663879394536,159
2024-06-21 19:00:00,105.14,74.61438,-30.5256201171875,30.5256201171875,159
2024-06-21 20:00:00,96.49,70.96185,-25.528146972656245,25.528146972656245,159
2024-06-21 21:00:00,83.26,64.72714,-18.53285766601563,18.53285766601563,159
2024-06-21 22:00:00,81.53,59.103134,-22.426865844726564,22.426865844726564,159
2024-06-21 23:00:00,70.19,51.97391,-18.216088714599607,18.216088714599607,159
2024-06-22 00:00:00,56.12,47.684834,-8.43516647338867,8.43516647338867,159
2024-06-22 01:00:00,46.93,44.2968,-2.633201293945312,2.633201293945312,159
2024-06-22 02:00:00,46.16,40.80486,-5.3551408386230435,5.3551408386230435,159
2024-06-22 03:00:00,42.96,38.685207,-4.2747926330566415,4.2747926330566415,159
2024-06-22 04:00:00,44.48,38.63579,-5.844208221435544,5.844208221435544,159
2024-06-22 05:00:00,47.76,37.563786,-10.196214447021482,10.196214447021482,159
2024-06-22 06:00:00,36.95,34.82819,-2.121810150146487,2.121810150146487,159
2024-06-22 07:00:00,34.65,27.353128,-7.2968715667724595,7.2968715667724595,159
2024-06-22 08:00:00,12.54,20.975939,8.435938796997071,8.435938796997071,159
2024-06-22 09:00:00,3.59,13.499853,9.909853134155274,9.909853134155274,159
2024-06-22 10:00:00,2.68,8.973295,6.2932952117919925,6.2932952117919925,159
2024-06-22 11:00:00,0.03,5.679395,5.649395198822021,5.649395198822021,159
2024-06-22 12:00:00,0.0,4.081098,4.0810980796813965,4.0810980796813965,159
2024-06-22 13:00:00,0.8,4.534902,3.734902095794678,3.734902095794678,159
2024-06-22 14:00:00,5.36,7.378118,2.01811803817749,2.01811803817749,159
2024-06-22 15:00:00,14.93,37.404858,22.474857635498047,22.474857635498047,160
2024-06-22 16:00:00,47.06,53.13616,6.0761618041992165,6.0761618041992165,160
2024-06-22 17:00:00,87.04,71.32903,-15.710967102050788,15.710967102050788,160
2024-06-22 18:00:00,66.72,84.74893,18.028931884765626,18.028931884765626,160
2024-06-22 19:00:00,76.79,92.51859,15.72859283447265,15.72859283447265,160
2024-06-22 20:00:00,101.53,89.004005,-12.525994567871095,12.525994567871095,160
2024-06-22 21:00:00,84.18,81.74573,-2.434272460937507,2.434272460937507,160
2024-06-22 22:00:00,77.0,75.06844,-1.9315567016601562,1.9315567016601562,160
2024-06-22 23:00:00,56.99,66.375786,9.385785827636717,9.385785827636717,160
2024-06-23 00:00:00,46.19,59.461132,13.27113204956055,13.27113204956055,160
2024-06-23 01:00:00,35.01,52.87632,17.86631988525391,17.86631988525391,160
2024-06-23 02:00:00,35.0,46.00313,11.003131866455078,11.003131866455078,160
2024-06-23 05:00:00,30.65,40.939865,10.289865112304689,10.289865112304689,160
2024-06-23 06:00:00,9.76,38.73144,28.971441497802736,28.971441497802736,160
2024-06-23 07:00:00,4.24,36.160793,31.920793304443357,31.920793304443357,160
2024-06-23 08:00:00,0.0,32.50426,32.5042610168457,32.5042610168457,160
2024-06-23 09:00:00,-0.05,23.019003,23.06900291442871,23.06900291442871,160
2024-06-23 10:00:00,-0.09,15.600721,15.69072135925293,15.69072135925293,160
2024-06-23 11:00:00,-1.0,8.19998,9.199979782104492,9.199979782104492,160
2024-06-23 12:00:00,-2.2,4.617368,6.817368221282959,6.817368221282959,160
2024-06-23 13:00:00,-2.0,3.1254938,5.125493764877319,5.125493764877319,160
2024-06-23 14:00:00,-0.08,3.9717462,4.051746206283569,4.051746206283569,160
2024-06-23 15:00:00,2.75,7.690458,4.940457820892334,4.940457820892334,160
2024-06-23 16:00:00,27.17,14.542433,-12.627567214965822,12.627567214965822,160
2024-06-23 17:00:00,54.98,51.88257,-3.097431640624997,3.097431640624997,161
2024-06-23 18:00:00,65.31,63.96646,-1.3435388183593773,1.3435388183593773,161
2024-06-23 19:00:00,77.0,74.174614,-2.8253860473632812,2.8253860473632812,161
2024-06-23 20:00:00,95.62,78.16126,-17.458737487792973,17.458737487792973,161
2024-06-23 21:00:00,80.15,77.98189,-2.168112182617193,2.168112182617193,161
2024-06-23 22:00:00,51.8,70.004974,18.204974365234378,18.204974365234378,161
2024-06-23 23:00:00,43.6,61.97318,18.37317886352539,18.37317886352539,161
2024-06-24 00:00:00,40.0,56.023685,16.023685455322266,16.023685455322266,161
2024-06-24 01:00:00,35.4,51.614197,16.21419677734375,16.21419677734375,161
2024-06-24 02:00:00,35.02,51.665894,16.645893554687497,16.645893554687497,161
2024-06-24 03:00:00,49.07,53.046944,3.976943664550781,3.976943664550781,161
2024-06-24 04:00:00,55.03,56.51515,1.4851481628417957,1.4851481628417957,161
2024-06-24 05:00:00,70.0,60.063198,-9.93680191040039,9.93680191040039,161
2024-06-24 06:00:00,77.04,62.662422,-14.377577819824225,14.377577819824225,161
2024-06-24 07:00:00,52.86,62.018246,9.158245697021485,9.158245697021485,161
2024-06-24 08:00:00,35.0,58.754677,23.754676818847656,23.754676818847656,161
2024-06-24 09:00:00,18.73,51.648586,32.918586273193355,32.918586273193355,161
2024-06-24 10:00:00,30.7,46.093437,15.39343719482422,15.39343719482422,161
2024-06-24 11:00:00,19.32,41.71226,22.39226119995117,22.39226119995117,161
2024-06-24 12:00:00,18.78,40.14692,21.36691925048828,21.36691925048828,161
2024-06-24 13:00:00,15.95,39.98728,24.037281799316407,24.037281799316407,161
2024-06-24 14:00:00,24.17,42.33747,18.16747100830078,18.16747100830078,161
2024-06-24 15:00:00,49.06,47.23808,-1.8219209289550804,1.8219209289550804,161
2024-06-24 16:00:00,65.92,55.054634,-10.86536590576172,10.86536590576172,161
2024-06-24 17:00:00,115.48,86.62492,-28.855076293945316,28.855076293945316,162
2024-06-24 18:00:00,92.41,91.771904,-0.6380960083007778,0.6380960083007778,162
2024-06-24 19:00:00,117.33,90.17459,-27.155408935546873,27.155408935546873,162
2024-06-24 20:00:00,113.7,82.91346,-30.78654022216797,30.78654022216797,162
2024-06-24 21:00:00,91.54,76.14659,-15.393408813476569,15.393408813476569,162
2024-06-24 22:00:00,44.55,65.36972,20.819720458984378,20.819720458984378,162
2024-06-24 23:00:00,40.08,57.288147,17.20814697265625,17.20814697265625,162
2024-06-25 00:00:00,45.1,49.69662,4.596620941162108,4.596620941162108,162
2024-06-25 01:00:00,28.12,45.10878,16.98877990722656,16.98877990722656,162
2024-06-25 02:00:00,12.49,47.51612,35.02612091064453,35.02612091064453,162
2024-06-25 03:00:00,38.28,52.620686,14.340685577392577,14.340685577392577,162
2024-06-25 04:00:00,45.6,57.073418,11.473417663574217,11.473417663574217,162
2024-06-25 05:00:00,62.91,58.5403,-4.369701538085934,4.369701538085934,162
2024-06-25 06:00:00,74.77,55.449203,-19.32079650878906,19.32079650878906,162
2024-06-25 07:00:00,64.9,48.75188,-16.148119354248053,16.148119354248053,162
2024-06-25 08:00:00,35.69,41.595547,5.905546722412112,5.905546722412112,162
2024-06-25 09:00:00,12.83,33.629665,20.79966537475586,20.79966537475586,162
2024-06-25 10:00:00,0.0,28.164072,28.164072036743164,28.164072036743164,162
2024-06-25 11:00:00,-0.05,24.222815,24.272814559936524,24.272814559936524,162
2024-06-25 12:00:00,-0.04,22.866175,22.906174697875976,22.906174697875976,162
2024-06-25 13:00:00,11.59,25.529501,13.939500961303711,13.939500961303711,162
2024-06-25 14:00:00,25.0,35.614136,10.6141357421875,10.6141357421875,162
2024-06-25 15:00:00,35.02,49.951775,14.931774597167966,14.931774597167966,162
2024-06-25 16:00:00,48.99,63.99064,15.000638732910154,15.000638732910154,162
2024-06-25 17:00:00,77.0,77.59679,0.5967864990234375,0.5967864990234375,163
2024-06-25 18:00:00,105.0,83.4324,-21.567596435546875,21.567596435546875,163
2024-06-25 19:00:00,96.37,82.277084,-14.092915649414067,14.092915649414067,163
2024-06-25 20:00:00,106.57,74.30122,-32.26877624511718,32.26877624511718,163
2024-06-25 21:00:00,87.03,67.01664,-20.013360290527345,20.013360290527345,163
2024-06-25 22:00:00,107.43,55.550995,-51.87900512695313,51.87900512695313,163
2024-06-25 23:00:00,99.96,47.982346,-51.977654418945306,51.977654418945306,163
2024-06-26 00:00:00,95.32,41.754963,-53.565037078857415,53.565037078857415,163
2024-06-26 01:00:00,95.46,38.007027,-57.45297332763671,57.45297332763671,163
2024-06-26 02:00:00,91.7,38.647858,-53.05214233398438,53.05214233398438,163
2024-06-26 03:00:00,97.12,40.355255,-56.76474487304688,56.76474487304688,163
2024-06-26 04:00:00,109.59,42.91606,-66.67393859863282,66.67393859863282,163
2024-06-26 05:00:00,130.0,44.516644,-85.48335647583008,85.48335647583008,163
2024-06-26 06:00:00,121.1,43.973797,-77.12620315551757,77.12620315551757,163
2024-06-26 07:00:00,101.76,40.81795,-60.94204879760743,60.94204879760743,163
2024-06-26 08:00:00,90.98,36.946865,-54.033134918212895,54.033134918212895,163
2024-06-26 09:00:00,85.99,31.764883,-54.22511695861816,54.22511695861816,163
2024-06-26 10:00:00,79.41,29.417818,-49.99218193054199,49.99218193054199,163
2024-06-26 11:00:00,77.24,27.929682,-49.31031822204589,49.31031822204589,163
2024-06-26 12:00:00,80.62,27.341036,-53.2789641571045,53.2789641571045,163
2024-06-26 13:00:00,90.59,27.24402,-63.34597953796387,63.34597953796387,163
2024-06-26 14:00:00,100.08,30.70947,-69.37052925109863,69.37052925109863,163
2024-06-26 15:00:00,105.96,37.77248,-68.18751998901367,68.18751998901367,163
2024-06-26 16:00:00,114.98,47.31762,-67.66238067626954,67.66238067626954,163
2024-06-26 17:00:00,145.0,100.95348,-44.04651641845703,44.04651641845703,164
2024-06-26 18:00:00,156.98,104.56616,-52.41383789062499,52.41383789062499,164
2024-06-26 19:00:00,137.18,103.00938,-34.1706234741211,34.1706234741211,164
2024-06-26 20:00:00,118.98,97.949486,-21.03051422119141,21.03051422119141,164
2024-06-26 21:00:00,110.0,92.80238,-17.197616577148438,17.197616577148438,164
2024-06-26 22:00:00,96.0,85.54837,-10.451629638671875,10.451629638671875,164
2024-06-26 23:00:00,86.92,78.77973,-8.14026824951172,8.14026824951172,164
2024-06-27 00:00:00,80.64,72.07781,-8.562187805175782,8.562187805175782,164
2024-06-27 01:00:00,67.3,67.979126,0.6791259765625028,0.6791259765625028,164
2024-06-27 02:00:00,59.82,71.235825,11.415824584960937,11.415824584960937,164
2024-06-27 03:00:00,61.93,79.144035,17.21403533935547,17.21403533935547,164
2024-06-27 04:00:00,76.05,87.05705,11.00705261230469,11.00705261230469,164
2024-06-27 05:00:00,109.98,91.50652,-18.473476867675785,18.473476867675785,164
2024-06-27 06:00:00,115.0,90.34455,-24.65544891357422,24.65544891357422,164
2024-06-27 07:00:00,88.92,84.0076,-4.912401123046877,4.912401123046877,164
2024-06-27 08:00:00,68.5,75.869095,7.3690948486328125,7.3690948486328125,164
2024-06-27 09:00:00,54.48,67.64297,13.162967224121097,13.162967224121097,164
2024-06-27 10:00:00,43.22,60.442963,17.222962646484376,17.222962646484376,164
2024-06-27 11:00:00,32.38,55.238956,22.858956451416013,22.858956451416013,164
2024-06-27 12:00:00,27.15,51.725136,24.575135803222658,24.575135803222658,164
2024-06-27 13:00:00,18.75,53.00417,34.25416946411133,34.25416946411133,164
2024-06-27 14:00:00,23.34,60.64407,37.304069671630856,37.304069671630856,164
2024-06-27 15:00:00,41.88,72.722435,30.84243499755859,30.84243499755859,164
2024-06-27 16:00:00,63.43,84.559326,21.129326171875,21.129326171875,164
2024-06-27 17:00:00,75.39,98.91892,23.528922424316406,23.528922424316406,165
2024-06-27 18:00:00,93.5,104.479675,10.97967529296875,10.97967529296875,165
2024-06-27 19:00:00,88.91,103.71639,14.806392517089847,14.806392517089847,165
2024-06-27 20:00:00,92.81,97.89982,5.089818420410154,5.089818420410154,165
2024-06-27 21:00:00,75.06,91.86725,16.807248535156248,16.807248535156248,165
2024-06-27 22:00:00,22.35,84.51807,62.16806640625,62.16806640625,165
2024-06-27 23:00:00,20.67,78.75879,58.0887890625,58.0887890625,165
2024-06-28 00:00:00,15.66,72.95802,57.298023071289066,57.298023071289066,165
2024-06-28 01:00:00,12.88,68.17765,55.297650451660154,55.297650451660154,165
2024-06-28 02:00:00,9.63,68.02951,58.39951049804687,58.39951049804687,165
2024-06-28 03:00:00,8.54,71.30951,62.76950927734375,62.76950927734375,165
2024-06-28 04:00:00,10.02,76.6091,66.58910034179688,66.58910034179688,165
2024-06-28 05:00:00,41.79,81.88971,40.09970947265625,40.09970947265625,165
2024-06-28 06:00:00,51.18,83.981636,32.80163604736328,32.80163604736328,165
2024-06-28 07:00:00,45.67,80.79289,35.122892456054686,35.122892456054686,165
2024-06-28 08:00:00,14.36,74.63737,60.27736724853516,60.27736724853516,165
2024-06-28 09:00:00,1.94,66.781746,64.84174591064453,64.84174591064453,165
2024-06-28 10:00:00,0.77,60.305515,59.53551528930664,59.53551528930664,165
2024-06-28 11:00:00,-0.01,56.120354,56.13035369873047,56.13035369873047,165
2024-06-28 12:00:00,-2.06,52.9527,55.01270156860352,55.01270156860352,165
2024-06-28 13:00:00,-0.01,53.077293,53.08729339599609,53.08729339599609,165
2024-06-28 14:00:00,4.64,57.939293,53.29929290771484,53.29929290771484,165
2024-06-28 15:00:00,13.0,67.24335,54.24334716796875,54.24334716796875,165
2024-06-28 16:00:00,48.64,78.394905,29.75490509033203,29.75490509033203,165
2024-06-28 17:00:00,88.5,100.40434,11.904342651367188,11.904342651367188,166
2024-06-28 18:00:00,94.04,103.29638,9.256379089355462,9.256379089355462,166
2024-06-28 19:00:00,105.42,101.00844,-4.411561889648439,4.411561889648439,166
2024-06-28 20:00:00,113.3,95.1044,-18.195599365234372,18.195599365234372,166
2024-06-28 21:00:00,105.18,90.89093,-14.289069824218757,14.289069824218757,166
2024-06-28 22:00:00,62.19,85.66885,23.478853759765627,23.478853759765627,166
2024-06-28 23:00:00,32.38,81.94743,49.567433471679685,49.567433471679685,166
2024-06-29 00:00:00,24.1,76.8681,52.76810302734375,52.76810302734375,166
2024-06-29 01:00:00,28.84,71.64923,42.80923095703125,42.80923095703125,166
2024-06-29 02:00:00,16.16,69.3536,53.19359954833985,53.19359954833985,166
2024-06-29 03:00:00,20.61,67.70826,47.09825958251953,47.09825958251953,166
2024-06-29 04:00:00,18.52,63.920982,45.40098236083985,45.40098236083985,166
2024-06-29 05:00:00,15.75,59.88492,44.134918212890625,44.134918212890625,166
2024-06-29 06:00:00,27.79,54.205738,26.415738067626954,26.415738067626954,166
2024-06-29 07:00:00,29.58,46.389072,16.809072418212892,16.809072418212892,166
2024-06-29 08:00:00,5.04,38.82591,33.78590866088867,33.78590866088867,166
2024-06-29 09:00:00,0.05,29.82274,29.77274055480957,29.77274055480957,166
2024-06-29 10:00:00,0.0,23.160765,23.160764694213867,23.160764694213867,166
2024-06-29 11:00:00,-0.19,18.318743,18.508742752075197,18.508742752075197,166
2024-06-29 12:00:00,-0.06,17.017447,17.077446517944335,17.077446517944335,166
2024-06-29 13:00:00,1.5,21.77513,20.275129318237305,20.275129318237305,166
2024-06-29 14:00:00,12.76,35.403366,22.64336608886719,22.64336608886719,166
2024-06-29 15:00:00,31.86,52.981705,21.121704711914063,21.121704711914063,166
2024-06-29 16:00:00,35.02,67.662994,32.64299438476562,32.64299438476562,166
2024-06-29 17:00:00,46.6,73.004684,26.404684448242186,26.404684448242186,167
2024-06-29 18:00:00,48.65,78.179565,29.5295654296875,29.5295654296875,167
2024-06-29 19:00:00,38.29,78.05658,39.76657958984375,39.76657958984375,167
2024-06-29 20:00:00,60.23,71.95901,11.729007263183597,11.729007263183597,167
2024-06-29 21:00:00,53.9,67.06801,13.168008422851564,13.168008422851564,167
2024-06-29 22:00:00,43.25,56.71176,13.461761474609375,13.461761474609375,167
2024-06-29 23:00:00,25.3,49.792313,24.492312622070312,24.492312622070312,167
2024-06-30 00:00:00,10.98,43.14463,32.1646304321289,32.1646304321289,167
2024-06-30 01:00:00,7.93,37.672855,29.742855377197266,29.742855377197266,167
2024-06-30 02:00:00,5.08,35.219734,30.139734191894533,30.139734191894533,167
2024-06-30 03:00:00,8.14,32.04039,23.900390014648437,23.900390014648437,167
2024-06-30 04:00:00,7.22,27.727076,20.507075576782228,20.507075576782228,167
2024-06-30 05:00:00,9.14,23.220331,14.080331192016601,14.080331192016601,167
2024-06-30 06:00:00,6.83,18.318274,11.488273544311523,11.488273544311523,167
2024-06-30 07:00:00,0.82,13.29006,12.47006004333496,12.47006004333496,167
2024-06-30 08:00:00,0.0,9.317564,9.317564010620117,9.317564010620117,167
2024-06-30 10:00:00,-0.02,3.2765481,3.296548147201538,3.296548147201538,167
2024-06-30 11:00:00,-1.51,1.3523614,2.862361440658569,2.862361440658569,167
2024-06-30 12:00:00,-1.09,0.08665251,1.176652509868145,1.176652509868145,167
2024-06-30 13:00:00,0.0,1.3455102,1.3455102443695068,1.3455102443695068,167
2024-06-30 14:00:00,0.94,4.490255,3.550254878997803,3.550254878997803,167
2024-06-30 15:00:00,3.6,13.3107815,9.710781478881836,9.710781478881836,167
2024-06-30 16:00:00,27.43,24.938784,-2.491216354370117,2.491216354370117,167
2024-06-30 17:00:00,46.62,36.189137,-10.430863494873044,10.430863494873044,167
2024-06-30 18:00:00,59.1,56.838043,-2.2619567871093764,2.2619567871093764,168
2024-06-30 19:00:00,83.42,65.1754,-18.244600219726564,18.244600219726564,168
2024-06-30 20:00:00,103.22,71.27204,-31.947958679199218,31.947958679199218,168
2024-06-30 21:00:00,93.4,72.22737,-21.172628784179693,21.172628784179693,168
2024-06-30 22:00:00,73.37,71.16716,-2.202839965820317,2.202839965820317,168
2024-06-30 23:00:00,67.3,63.698883,-3.601116943359372,3.601116943359372,168
2024-07-01 00:00:00,52.95,56.693275,3.7432754516601534,3.7432754516601534,168
2024-07-01 01:00:00,46.05,51.171974,5.121974182128909,5.121974182128909,168
2024-07-01 02:00:00,45.83,47.011158,1.1811579895019548,1.1811579895019548,168
2024-07-01 03:00:00,51.9,47.27115,-4.628851318359374,4.628851318359374,168
2024-07-01 04:00:00,59.26,48.830227,-10.429773101806639,10.429773101806639,168
2024-07-01 05:00:00,87.57,51.690945,-35.879055328369134,35.879055328369134,168
2024-07-01 06:00:00,71.18,54.014664,-17.165336303710944,17.165336303710944,168
2024-07-01 07:00:00,50.03,54.927795,4.897795410156249,4.897795410156249,168
2024-07-01 08:00:00,44.52,53.299885,8.779884796142575,8.779884796142575,168
2024-07-01 09:00:00,40.15,50.13901,9.989011383056642,9.989011383056642,168
2024-07-01 10:00:00,39.71,44.220074,4.510073699951171,4.510073699951171,168
2024-07-01 11:00:00,35.0,39.990524,4.9905242919921875,4.9905242919921875,168
2024-07-01 12:00:00,21.17,36.501495,15.331495361328123,15.331495361328123,168
2024-07-01 13:00:00,15.02,35.379772,20.359772186279297,20.359772186279297,168
2024-07-01 14:00:00,10.15,35.79228,25.642278289794923,25.642278289794923,168
2024-07-01 15:00:00,21.17,39.636063,18.46606262207031,18.46606262207031,168
2024-07-01 16:00:00,39.65,45.97007,6.320069885253908,6.320069885253908,168
2024-07-01 17:00:00,49.28,53.86361,4.583609313964843,4.583609313964843,168
2024-07-01 18:00:00,71.18,91.92641,20.746406860351556,20.746406860351556,169
2024-07-01 19:00:00,80.79,89.57575,8.785752258300775,8.785752258300775,169
2024-07-01 20:00:00,99.26,81.57072,-17.68928314208985,17.68928314208985,169
2024-07-01 21:00:00,87.46,71.45043,-16.009568176269525,16.009568176269525,169
2024-07-01 22:00:00,65.53,64.94747,-0.5825283813476574,0.5825283813476574,169
2024-07-01 23:00:00,49.9,55.365326,5.465325927734376,5.465325927734376,169
2024-07-02 00:00:00,34.63,48.3817,13.751698608398435,13.751698608398435,169
2024-07-02 01:00:00,37.52,42.017605,4.497604827880856,4.497604827880856,169
2024-07-02 02:00:00,35.15,40.494373,5.3443733215332045,5.3443733215332045,169
2024-07-02 03:00:00,41.07,49.332912,8.262912445068359,8.262912445068359,169
2024-07-02 04:00:00,52.97,61.78908,8.81908157348633,8.81908157348633,169
2024-07-02 05:00:00,81.82,69.282875,-12.537124938964837,12.537124938964837,169
2024-07-02 06:00:00,92.99,67.81516,-25.17483734130859,25.17483734130859,169
2024-07-02 07:00:00,51.2,56.965866,5.765866088867185,5.765866088867185,169
2024-07-02 08:00:00,48.63,43.06399,-5.566008453369143,5.566008453369143,169
2024-07-02 09:00:00,47.16,30.77091,-16.389089736938473,16.389089736938473,169
2024-07-02 10:00:00,26.79,21.450842,-5.339158096313476,5.339158096313476,169
2024-07-02 11:00:00,24.99,15.118078,-9.871921768188475,9.871921768188475,169
2024-07-02 12:00:00,17.95,10.480093,-7.469906997680663,7.469906997680663,169
2024-07-02 13:00:00,4.0,10.86305,6.86305046081543,6.86305046081543,169
2024-07-02 14:00:00,18.01,18.01142,0.0014192962646468743,0.0014192962646468743,169
2024-07-02 15:00:00,20.32,35.033577,14.713576965332031,14.713576965332031,169
2024-07-02 16:00:00,49.57,55.264614,5.694614105224609,5.694614105224609,169
2024-07-02 17:00:00,67.87,70.23149,2.361491088867183,2.361491088867183,169
2024-07-02 18:00:00,74.64,91.9872,17.347197875976562,17.347197875976562,170
2024-07-02 19:00:00,110.41,93.47893,-16.93107238769531,16.93107238769531,170
2024-07-02 20:00:00,109.45,86.760475,-22.689524841308597,22.689524841308597,170
2024-07-02 21:00:00,89.99,74.46362,-15.526376953124995,15.526376953124995,170
2024-07-02 22:00:00,78.97,64.90122,-14.068777770996093,14.068777770996093,170
2024-07-02 23:00:00,69.53,53.03978,-16.490220336914064,16.490220336914064,170
2024-07-03 00:00:00,54.78,45.3027,-9.477299957275392,9.477299957275392,170
2024-07-03 01:00:00,46.25,38.131184,-8.118816375732422,8.118816375732422,170
2024-07-03 02:00:00,33.0,34.610485,1.6104850769042969,1.6104850769042969,170
2024-07-03 03:00:00,27.48,38.161034,10.681033630371093,10.681033630371093,170
2024-07-03 04:00:00,47.9,44.868397,-3.0316032409667955,3.0316032409667955,170
2024-07-03 05:00:00,90.54,51.86606,-38.67394165039063,38.67394165039063,170
2024-07-03 06:00:00,95.75,55.32061,-40.42938995361328,40.42938995361328,170
2024-07-03 07:00:00,76.0,53.36949,-22.630508422851562,22.630508422851562,170
2024-07-03 08:00:00,54.08,47.336567,-6.74343307495117,6.74343307495117,170
2024-07-03 09:00:00,40.25,40.76692,0.5169181823730469,0.5169181823730469,170
2024-07-03 10:00:00,35.0,34.654564,-0.34543609619140625,0.34543609619140625,170
2024-07-03 11:00:00,21.34,31.074839,9.734838638305664,9.734838638305664,170
2024-07-03 12:00:00,14.0,29.00799,15.007989883422852,15.007989883422852,170
2024-07-03 13:00:00,8.68,28.508074,19.828073806762696,19.828073806762696,170
2024-07-03 14:00:00,3.6,30.984903,27.384903335571288,27.384903335571288,170
2024-07-03 15:00:00,12.17,40.31156,28.141561584472655,28.141561584472655,170
2024-07-03 16:00:00,34.27,53.84905,19.57904861450195,19.57904861450195,170
2024-07-03 17:00:00,27.83,66.914825,39.08482543945313,39.08482543945313,170
2024-07-03 18:00:00,14.77,80.24307,65.47307250976563,65.47307250976563,171
2024-07-03 19:00:00,4.6,78.339424,73.73942413330079,73.73942413330079,171
2024-07-03 20:00:00,18.85,71.39299,52.542990112304686,52.542990112304686,171
2024-07-03 21:00:00,4.88,61.64476,56.764760131835935,56.764760131835935,171
2024-07-03 22:00:00,5.24,55.119827,49.87982727050781,49.87982727050781,171
2024-07-03 23:00:00,0.0,45.36254,45.36254119873047,45.36254119873047,171
2024-07-04 00:00:00,-0.01,38.82625,38.83624816894531,38.83624816894531,171
2024-07-04 01:00:00,-0.53,33.69149,34.221490173339845,34.221490173339845,171
2024-07-04 02:00:00,-0.84,32.66973,33.50973114013672,33.50973114013672,171
2024-07-04 03:00:00,-0.01,38.805714,38.81571365356445,38.81571365356445,171
2024-07-04 04:00:00,0.0,46.411602,46.41160202026367,46.41160202026367,171
2024-07-04 05:00:00,10.63,51.348846,40.71884643554687,40.71884643554687,171
2024-07-04 06:00:00,31.04,50.08273,19.04272933959961,19.04272933959961,171
2024-07-04 07:00:00,24.4,43.515514,19.1155143737793,19.1155143737793,171
2024-07-04 08:00:00,4.83,35.959698,31.129697723388674,31.129697723388674,171
2024-07-04 09:00:00,0.0,30.820814,30.82081413269043,30.82081413269043,171
2024-07-04 10:00:00,-0.01,27.275633,27.28563285827637,27.28563285827637,171
2024-07-04 11:00:00,-9.8,26.31167,36.111670303344724,36.111670303344724,171
2024-07-04 12:00:00,-20.93,25.683496,46.613496475219726,46.613496475219726,171
2024-07-04 13:00:00,-18.03,27.384573,45.41457298278809,45.41457298278809,171
2024-07-04 14:00:00,-12.21,31.542402,43.752402267456056,43.752402267456056,171
2024-07-04 15:00:00,0.0,41.247395,41.24739456176758,41.24739456176758,171
2024-07-04 16:00:00,6.77,53.213116,46.443115692138676,46.443115692138676,171
2024-07-04 17:00:00,42.38,62.103004,19.723004455566404,19.723004455566404,171
2024-07-04 18:00:00,47.46,77.261215,29.801215209960937,29.801215209960937,172
2024-07-04 19:00:00,47.94,79.56443,31.62443023681641,31.62443023681641,172
2024-07-04 20:00:00,52.71,75.79111,23.081107177734374,23.081107177734374,172
2024-07-04 21:00:00,41.74,67.549446,25.80944610595703,25.80944610595703,172
2024-07-04 22:00:00,5.86,61.631287,55.77128662109375,55.77128662109375,172
2024-07-04 23:00:00,5.76,51.47021,45.710211029052736,45.710211029052736,172
2024-07-05 00:00:00,10.44,44.607525,34.167524871826174,34.167524871826174,172
2024-07-05 01:00:00,12.58,38.765926,26.185926361083986,26.185926361083986,172
2024-07-05 02:00:00,9.08,35.94653,26.866529388427736,26.866529388427736,172
2024-07-05 03:00:00,6.78,39.585236,32.805235595703124,32.805235595703124,172
2024-07-05 04:00:00,12.0,44.805878,32.805877685546875,32.805877685546875,172
2024-07-05 05:00:00,40.9,47.53989,6.639890289306642,6.639890289306642,172
2024-07-05 06:00:00,40.64,45.572594,4.932593688964843,4.932593688964843,172
2024-07-05 07:00:00,18.57,38.946835,20.376834564208984,20.376834564208984,172
2024-07-05 08:00:00,3.04,31.007425,27.96742530822754,27.96742530822754,172
2024-07-05 09:00:00,0.63,24.669226,24.039225692749024,24.039225692749024,172
2024-07-05 10:00:00,0.92,18.956423,18.03642280578613,18.03642280578613,172
2024-07-05 11:00:00,0.21,15.910528,15.700528182983398,15.700528182983398,172
2024-07-05 12:00:00,0.1,12.832525,12.732525253295899,12.732525253295899,172
2024-07-05 13:00:00,1.23,12.031034,10.801034469604492,10.801034469604492,172
2024-07-05 14:00:00,3.32,13.797918,10.477918319702148,10.477918319702148,172
2024-07-05 15:00:00,17.42,22.151384,4.731384353637694,4.731384353637694,172
2024-07-05 16:00:00,38.0,34.223076,-3.7769241333007812,3.7769241333007812,172
2024-07-05 17:00:00,63.31,45.74404,-17.56595855712891,17.56595855712891,172
2024-07-05 18:00:00,82.7,62.248352,-20.451647949218753,20.451647949218753,173
2024-07-05 19:00:00,95.0,64.304726,-30.695274353027344,30.695274353027344,173
2024-07-05 20:00:00,106.33,60.37795,-45.95205123901367,45.95205123901367,173
2024-07-05 21:00:00,85.45,51.106052,-34.34394760131836,34.34394760131836,173
2024-07-05 22:00:00,45.55,45.39445,-0.15554885864257528,0.15554885864257528,173
2024-07-05 23:00:00,14.77,34.85622,20.08622024536133,20.08622024536133,173
2024-07-06 00:00:00,10.09,28.941298,18.85129753112793,18.85129753112793,173
2024-07-06 01:00:00,8.49,24.356817,15.866817245483398,15.866817245483398,173
2024-07-06 02:00:00,4.23,21.69174,17.46174003601074,17.46174003601074,173
2024-07-06 03:00:00,4.2,22.990248,18.79024772644043,18.79024772644043,173
2024-07-06 04:00:00,6.63,23.555532,16.925532455444337,16.925532455444337,173
2024-07-06 05:00:00,5.38,22.50709,17.127089614868165,17.127089614868165,173
2024-07-06 06:00:00,3.4,19.08858,15.688579177856445,15.688579177856445,173
2024-07-06 07:00:00,0.0,13.476652,13.476652145385742,13.476652145385742,173
2024-07-06 08:00:00,-9.57,7.562078,17.13207799911499,17.13207799911499,173
2024-07-06 09:00:00,-28.12,3.025915,31.145914907455445,31.145914907455445,173
2024-07-06 10:00:00,-28.91,-1.5825522,27.327447805404663,27.327447805404663,173
2024-07-06 11:00:00,-28.33,-1.8743765,26.45562346458435,26.45562346458435,173
2024-07-06 12:00:00,-48.08,-2.3416312,45.738368825912474,45.738368825912474,173
2024-07-06 13:00:00,-54.63,-0.5153754,54.11462462425232,54.11462462425232,173
2024-07-06 14:00:00,-45.93,1.7548578,47.684857778549194,47.684857778549194,173
2024-07-06 15:00:00,-20.09,8.628416,28.718416061401367,28.718416061401367,173
2024-07-06 16:00:00,-0.82,18.129534,18.949533767700196,18.949533767700196,173
2024-07-06 17:00:00,2.38,27.147924,24.767924423217774,24.767924423217774,173
2024-07-06 18:00:00,9.23,48.48699,39.256991882324215,39.256991882324215,174
2024-07-06 19:00:00,10.44,48.89662,38.456621704101565,38.456621704101565,174
2024-07-06 20:00:00,20.39,45.44939,25.059390411376953,25.059390411376953,174
2024-07-06 21:00:00,16.43,37.202793,20.77279312133789,20.77279312133789,174
2024-07-06 22:00:00,2.69,33.212307,30.522306976318358,30.522306976318358,174
2024-07-06 23:00:00,2.39,24.094934,21.704934463500976,21.704934463500976,174
2024-07-07 00:00:00,1.7,19.274271,17.57427101135254,17.57427101135254,174
2024-07-07 01:00:00,1.89,15.901915,14.011914596557617,14.011914596557617,174
2024-07-07 02:00:00,1.98,13.757849,11.777848739624023,11.777848739624023,174
2024-07-07 03:00:00,1.42,14.241224,12.82122428894043,12.82122428894043,174
2024-07-07 04:00:00,1.29,12.597349,11.307349166870118,11.307349166870118,174
2024-07-07 05:00:00,0.29,10.330648,10.040648422241212,10.040648422241212,174
2024-07-07 06:00:00,-0.52,7.186559,7.706559200286865,7.706559200286865,174
2024-07-07 07:00:00,-6.08,3.3246896,9.404689626693726,9.404689626693726,174
2024-07-07 08:00:00,-9.28,-0.52919984,8.750800161361694,8.750800161361694,174
2024-07-07 09:00:00,-11.36,-3.8404257,7.5195742702484125,7.5195742702484125,174
2024-07-07 10:00:00,-12.36,-7.8234124,4.536587581634521,4.536587581634521,174
2024-07-07 11:00:00,-20.84,-6.8533883,13.98661169052124,13.98661169052124,174
2024-07-07 12:00:00,-19.67,-5.699412,13.97058813095093,13.97058813095093,174
2024-07-07 13:00:00,-10.51,-1.1273673,9.3826327419281,9.3826327419281,174
2024-07-07 14:00:00,-3.5,3.9462945,7.446294546127319,7.446294546127319,174
2024-07-07 15:00:00,0.0,13.440649,13.440649032592773,13.440649032592773,174
2024-07-07 16:00:00,4.95,23.949701,18.999701309204102,18.999701309204102,174
2024-07-07 17:00:00,35.94,31.413347,-4.526652755737302,4.526652755737302,174
2024-07-07 18:00:00,48.94,46.564754,-2.3752455139160134,2.3752455139160134,175
2024-07-07 19:00:00,61.36,44.65373,-16.706271514892578,16.706271514892578,175
2024-07-07 20:00:00,104.58,41.289078,-63.290922241210936,63.290922241210936,175
2024-07-07 21:00:00,92.58,36.855583,-55.72441680908203,55.72441680908203,175
2024-07-07 22:00:00,81.72,36.346485,-45.373514862060546,45.373514862060546,175
2024-07-07 23:00:00,76.33,31.554373,-44.77562721252441,44.77562721252441,175
2024-07-08 00:00:00,63.88,28.19451,-35.68549049377442,35.68549049377442,175
2024-07-08 01:00:00,64.42,26.553164,-37.86683647155762,37.86683647155762,175
2024-07-08 02:00:00,66.92,27.005564,-39.91443626403809,39.91443626403809,175
2024-07-08 03:00:00,65.5,34.210052,-31.289947509765625,31.289947509765625,175
2024-07-08 04:00:00,76.11,42.008053,-34.101947174072265,34.101947174072265,175
2024-07-08 05:00:00,101.38,46.499645,-54.8803547668457,54.8803547668457,175
2024-07-08 06:00:00,100.61,44.892334,-55.717666015625,55.717666015625,175
2024-07-08 07:00:00,78.22,38.36462,-39.855379791259764,39.855379791259764,175
2024-07-08 08:00:00,54.6,31.188822,-23.411178207397462,23.411178207397462,175
2024-07-08 09:00:00,40.88,25.734987,-15.14501274108887,15.14501274108887,175
2024-07-08 10:00:00,35.0,21.623625,-13.376375198364258,13.376375198364258,175
2024-07-08 11:00:00,32.65,19.58457,-13.065430068969725,13.065430068969725,175
2024-07-08 12:00:00,31.98,16.760511,-15.21948860168457,15.21948860168457,175
2024-07-08 13:00:00,38.0,17.956976,-20.04302406311035,20.04302406311035,175
2024-07-08 14:00:00,37.72,22.086931,-15.633068771362304,15.633068771362304,175
2024-07-08 15:00:00,50.09,32.06517,-18.024829711914066,18.024829711914066,175
2024-07-08 16:00:00,81.38,43.67424,-37.70575988769531,37.70575988769531,175
2024-07-08 17:00:00,93.58,51.05831,-42.521688537597655,42.521688537597655,175
2024-07-08 18:00:00,103.21,81.854355,-21.355645141601556,21.355645141601556,176
2024-07-08 19:00:00,115.15,78.69207,-36.45792999267579,36.45792999267579,176
2024-07-08 20:00:00,109.0,70.885124,-38.11487579345703,38.11487579345703,176
2024-07-08 21:00:00,87.25,61.503338,-25.746662139892578,25.746662139892578,176
2024-07-08 22:00:00,58.29,56.178898,-2.1111021423339835,2.1111021423339835,176
2024-07-08 23:00:00,43.69,47.711235,4.021235046386721,4.021235046386721,176
2024-07-09 00:00:00,28.64,42.282547,13.642546997070312,13.642546997070312,176
2024-07-09 01:00:00,10.69,38.219395,27.529394683837893,27.529394683837893,176
2024-07-09 02:00:00,8.71,38.408005,29.698004760742187,29.698004760742187,176
2024-07-09 03:00:00,21.23,46.077988,24.847987670898437,24.847987670898437,176
2024-07-09 04:00:00,25.7,54.410507,28.710507202148438,28.710507202148438,176
2024-07-09 05:00:00,56.67,57.20796,0.5379582214355452,0.5379582214355452,176
2024-07-09 06:00:00,63.44,51.803047,-11.636952819824216,11.636952819824216,176
2024-07-09 07:00:00,54.49,39.876472,-14.61352752685547,14.61352752685547,176
2024-07-09 08:00:00,46.63,28.061956,-18.568043594360354,18.568043594360354,176
2024-07-09 09:00:00,33.71,20.041838,-13.668162307739259,13.668162307739259,176
2024-07-09 10:00:00,21.95,14.811697,-7.138302993774413,7.138302993774413,176
2024-07-09 11:00:00,9.63,12.523024,2.893023605346679,2.893023605346679,176
2024-07-09 12:00:00,8.3,10.361685,2.0616847991943352,2.0616847991943352,176
2024-07-09 13:00:00,15.59,12.472136,-3.1178644561767577,3.1178644561767577,176
2024-07-09 14:00:00,29.39,19.334387,-10.055613174438477,10.055613174438477,176
2024-07-09 15:00:00,48.8,34.511524,-14.288475799560544,14.288475799560544,176
2024-07-09 16:00:00,60.7,51.88163,-8.818370056152347,8.818370056152347,176
2024-07-09 17:00:00,84.77,63.30408,-21.46591903686523,21.46591903686523,176
2024-07-09 18:00:00,106.18,70.87909,-35.30091064453126,35.30091064453126,177
2024-07-09 19:00:00,108.02,69.17347,-38.846530456542965,38.846530456542965,177
2024-07-09 20:00:00,88.92,62.35428,-26.565721435546877,26.565721435546877,177
2024-07-09 21:00:00,77.87,51.990677,-25.879323120117192,25.879323120117192,177
2024-07-09 22:00:00,67.91,45.63644,-22.273559722900387,22.273559722900387,177
2024-07-09 23:00:00,61.33,35.92751,-25.40249069213867,25.40249069213867,177
2024-07-10 00:00:00,62.79,30.235704,-32.55429557800293,32.55429557800293,177
2024-07-10 01:00:00,57.08,26.10628,-30.973720626831053,30.973720626831053,177
2024-07-10 02:00:00,50.32,25.10626,-25.213739700317383,25.213739700317383,177
2024-07-10 03:00:00,53.82,29.076998,-24.743002243041992,24.743002243041992,177
2024-07-10 04:00:00,67.81,32.635292,-35.174707946777346,35.174707946777346,177
2024-07-10 05:00:00,78.45,34.181046,-44.26895446777344,44.26895446777344,177
2024-07-10 06:00:00,101.92,31.581205,-70.33879463195801,70.33879463195801,177
2024-07-10 07:00:00,84.93,25.977007,-58.95299308776856,58.95299308776856,177
2024-07-10 08:00:00,65.0,20.300165,-44.6998348236084,44.6998348236084,177
2024-07-10 09:00:00,55.83,16.937567,-38.89243324279785,38.89243324279785,177
2024-07-10 10:00:00,48.7,14.392019,-34.30798072814942,34.30798072814942,177
2024-07-10 11:00:00,43.25,15.265234,-27.984766006469727,27.984766006469727,177
2024-07-10 12:00:00,38.63,15.954596,-22.675404434204104,22.675404434204104,177
2024-07-10 13:00:00,31.56,18.696981,-12.863018569946288,12.863018569946288,177
2024-07-10 14:00:00,40.08,22.655062,-17.42493827819824,17.42493827819824,177
2024-07-10 15:00:00,52.5,31.541292,-20.958707809448242,20.958707809448242,177
2024-07-10 16:00:00,75.0,42.394215,-32.60578536987305,32.60578536987305,177
2024-07-10 17:00:00,99.58,50.03246,-49.547540740966795,49.547540740966795,177
2024-07-10 18:00:00,105.0,90.40415,-14.595848083496094,14.595848083496094,178
2024-07-10 19:00:00,94.72,86.567955,-8.152044982910155,8.152044982910155,178
2024-07-10 20:00:00,102.75,79.35674,-23.39325714111328,23.39325714111328,178
2024-07-10 21:00:00,92.45,71.30757,-21.14242858886719,21.14242858886719,178
2024-07-10 22:00:00,91.01,66.062386,-24.947614440917974,24.947614440917974,178
2024-07-10 23:00:00,75.41,59.136314,-16.273685607910153,16.273685607910153,178
2024-07-11 00:00:00,75.09,54.971542,-20.118457641601566,20.118457641601566,178
2024-07-11 01:00:00,59.57,52.80594,-6.764061279296875,6.764061279296875,178
2024-07-11 02:00:00,55.09,54.7939,-0.2961004638671909,0.2961004638671909,178
2024-07-11 03:00:00,80.06,62.35936,-17.700640258789065,17.700640258789065,178
2024-07-11 04:00:00,58.47,69.41893,10.948930053710939,10.948930053710939,178
2024-07-11 05:00:00,87.0,71.337654,-15.662345886230469,15.662345886230469,178
2024-07-11 06:00:00,100.96,66.01004,-34.94995971679687,34.94995971679687,178
2024-07-11 07:00:00,89.69,55.58601,-34.10399002075195,34.10399002075195,178
2024-07-11 08:00:00,81.0,45.84687,-35.15312957763672,35.15312957763672,178
2024-07-11 09:00:00,68.49,39.90411,-28.58589004516601,28.58589004516601,178
2024-07-11 10:00:00,60.0,36.201244,-23.798755645751953,23.798755645751953,178
2024-07-11 11:00:00,51.14,34.35466,-16.785339965820313,16.785339965820313,178
2024-07-11 12:00:00,46.8,33.31576,-13.484238433837888,13.484238433837888,178
2024-07-11 13:00:00,50.98,36.333862,-14.646137695312497,14.646137695312497,178
2024-07-11 14:00:00,61.24,43.803383,-17.436617126464846,17.436617126464846,178
2024-07-11 15:00:00,71.53,57.514645,-14.015355377197267,14.015355377197267,178
2024-07-11 16:00:00,86.5,72.05378,-14.446220397949219,14.446220397949219,178
2024-07-11 17:00:00,105.22,80.487434,-24.732565612792968,24.732565612792968,178
2024-07-11 18:00:00,108.68,69.80752,-38.87248199462891,38.87248199462891,179
2024-07-11 19:00:00,109.55,68.18305,-41.366947937011716,41.366947937011716,179
2024-07-11 20:00:00,111.39,61.95996,-49.4300390625,49.4300390625,179
2024-07-11 21:00:00,97.15,52.684883,-44.465116882324224,44.465116882324224,179
2024-07-11 22:00:00,85.0,47.112015,-37.88798522949219,37.88798522949219,179
2024-07-11 23:00:00,60.15,37.9643,-22.185701751708983,22.185701751708983,179
2024-07-12 00:00:00,61.46,32.23654,-29.223458251953126,29.223458251953126,179
2024-07-12 01:00:00,53.45,27.907038,-25.54296226501465,25.54296226501465,179
2024-07-12 02:00:00,27.71,26.76898,-0.9410199737548837,0.9410199737548837,179
2024-07-12 03:00:00,41.5,31.629873,-9.870126724243164,9.870126724243164,179
2024-07-12 04:00:00,38.08,36.898464,-1.181535797119139,1.181535797119139,179
2024-07-12 05:00:00,53.29,39.844723,-13.445277252197265,13.445277252197265,179
2024-07-12 06:00:00,73.72,38.054813,-35.66518661499023,35.66518661499023,179
2024-07-12 07:00:00,49.0,32.589127,-16.410873413085938,16.410873413085938,179
2024-07-12 08:00:00,47.35,26.697058,-20.652942276000978,20.652942276000978,179
2024-07-12 09:00:00,49.98,22.978426,-27.00157402038574,27.00157402038574,179
2024-07-12 10:00:00,53.13,20.199526,-32.93047416687012,32.93047416687012,179
2024-07-12 11:00:00,42.16,20.120462,-22.039537582397458,22.039537582397458,179
2024-07-12 12:00:00,41.59,19.580706,-22.009294357299808,22.009294357299808,179
2024-07-12 13:00:00,36.03,21.110025,-14.919974594116212,14.919974594116212,179
2024-07-12 14:00:00,24.45,24.177275,-0.2727252960205071,0.2727252960205071,179
2024-07-12 15:00:00,38.36,32.353165,-6.006835327148437,6.006835327148437,179
2024-07-12 16:00:00,46.38,42.662632,-3.717368011474612,3.717368011474612,179
2024-07-12 17:00:00,52.8,50.11979,-2.680210876464841,2.680210876464841,179
2024-07-12 18:00:00,75.58,94.2796,18.69960205078125,18.69960205078125,180
2024-07-12 19:00:00,89.93,92.280846,2.350845642089837,2.350845642089837,180
2024-07-12 20:00:00,87.0,85.69369,-1.3063125610351562,1.3063125610351562,180
2024-07-12 21:00:00,79.97,75.89084,-4.079161376953124,4.079161376953124,180
2024-07-12 22:00:00,64.92,68.992516,4.072515563964842,4.072515563964842,180
2024-07-12 23:00:00,57.52,58.390022,0.8700222778320281,0.8700222778320281,180
2024-07-13 00:00:00,43.46,50.668976,7.208975830078124,7.208975830078124,180
2024-07-13 01:00:00,39.12,42.20069,3.080691223144534,3.080691223144534,180
2024-07-13 02:00:00,33.11,36.91965,3.809651031494141,3.809651031494141,180
2024-07-13 03:00:00,31.44,36.89016,5.4501596069335925,5.4501596069335925,180
2024-07-13 04:00:00,31.63,37.23635,5.606351013183595,5.606351013183595,180
2024-07-13 05:00:00,28.21,35.85225,7.642249145507812,7.642249145507812,180
2024-07-13 06:00:00,26.6,31.821321,5.221321487426756,5.221321487426756,180
2024-07-13 07:00:00,20.97,25.985613,5.0156128692626964,5.0156128692626964,180
2024-07-13 08:00:00,5.16,20.791056,15.631055679321289,15.631055679321289,180
2024-07-13 09:00:00,0.04,19.222437,19.182436904907227,19.182436904907227,180
2024-07-13 10:00:00,0.0,17.100843,17.10084342956543,17.10084342956543,180
2024-07-13 11:00:00,-4.97,18.257277,23.22727653503418,23.22727653503418,180
2024-07-13 12:00:00,-14.8,20.1915,34.991499710083005,34.991499710083005,180
2024-07-13 13:00:00,-11.24,24.155725,35.39572547912598,35.39572547912598,180
2024-07-13 14:00:00,-2.54,32.065254,34.60525421142578,34.60525421142578,180
2024-07-13 15:00:00,0.9,48.155598,47.25559768676758,47.25559768676758,180
2024-07-13 16:00:00,30.51,65.8946,35.384599914550776,35.384599914550776,180
2024-07-13 17:00:00,49.38,77.626236,28.24623596191406,28.24623596191406,180
2024-07-13 18:00:00,75.45,79.79225,4.34225158691406,4.34225158691406,181
2024-07-13 19:00:00,76.02,82.71788,6.6978802490234415,6.6978802490234415,181
2024-07-13 20:00:00,79.66,79.30815,-0.3518487548828091,0.3518487548828091,181
2024-07-13 21:00:00,65.04,73.29924,8.259240112304681,8.259240112304681,181
2024-07-13 22:00:00,89.19,63.38139,-25.808610382080076,25.808610382080076,181
2024-07-13 23:00:00,63.52,53.71611,-9.803889770507816,9.803889770507816,181
2024-07-14 00:00:00,55.69,43.84579,-11.844209136962888,11.844209136962888,181
2024-07-14 01:00:00,44.57,31.685717,-12.88428337097168,12.88428337097168,181
2024-07-14 02:00:00,37.42,22.302141,-15.117858810424806,15.117858810424806,181
2024-07-14 03:00:00,37.3,15.668231,-21.631768989562985,21.631768989562985,181
2024-07-14 04:00:00,30.36,11.974746,-18.385254249572753,18.385254249572753,181
2024-07-14 05:00:00,14.28,8.178519,-6.101480751037597,6.101480751037597,181
2024-07-14 06:00:00,0.29,6.3626847,6.072684726715088,6.072684726715088,181
2024-07-14 07:00:00,-3.29,4.1567903,7.446790256500244,7.446790256500244,181
2024-07-14 08:00:00,-21.03,3.0203004,24.050300388336183,24.050300388336183,181
2024-07-14 09:00:00,-40.51,2.8904328,43.40043283462524,43.40043283462524,181
2024-07-14 10:00:00,-59.43,-1.9806075,57.44939249038696,57.44939249038696,181
2024-07-14 11:00:00,-73.83,-3.9168944,69.91310556411743,69.91310556411743,181
2024-07-14 12:00:00,-74.02,-3.3955474,70.62445261001587,70.62445261001587,181
2024-07-14 13:00:00,-51.43,5.350615,56.78061502456665,56.78061502456665,181
2024-07-14 14:00:00,-19.34,17.145693,36.485692825317386,36.485692825317386,181
2024-07-14 15:00:00,0.0,32.791073,32.791072845458984,32.791072845458984,181
2024-07-14 16:00:00,17.6,47.959282,30.359281921386717,30.359281921386717,181
2024-07-14 17:00:00,44.81,60.833393,16.023393096923826,16.023393096923826,181
2024-07-14 18:00:00,74.57,87.17488,12.60488098144532,12.60488098144532,182
2024-07-14 19:00:00,95.73,85.57205,-10.157947998046879,10.157947998046879,182
2024-07-14 20:00:00,106.12,78.35437,-27.765629882812505,27.765629882812505,182
2024-07-14 21:00:00,87.53,70.31702,-17.2129833984375,17.2129833984375,182
2024-07-14 22:00:00,80.02,61.290783,-18.7292170715332,18.7292170715332,182
2024-07-14 23:00:00,66.64,54.354378,-12.28562225341797,12.28562225341797,182
2024-07-15 00:00:00,58.98,47.650257,-11.329742889404294,11.329742889404294,182
2024-07-15 01:00:00,50.01,41.937645,-8.072355041503904,8.072355041503904,182
2024-07-15 02:00:00,48.28,40.853703,-7.4262974548339855,7.4262974548339855,182
2024-07-15 03:00:00,50.08,44.225548,-5.8544522094726545,5.8544522094726545,182
2024-07-15 04:00:00,53.8,51.108894,-2.691105651855466,2.691105651855466,182
2024-07-15 05:00:00,66.61,55.230633,-11.379367218017578,11.379367218017578,182
2024-07-15 06:00:00,82.15,54.610683,-27.539316558837896,27.539316558837896,182
2024-07-15 07:00:00,62.01,47.279846,-14.730153808593748,14.730153808593748,182
2024-07-15 08:00:00,39.49,39.315144,-0.17485641479492386,0.17485641479492386,182
2024-07-15 09:00:00,15.84,32.14101,16.30101028442383,16.30101028442383,182
2024-07-15 10:00:00,6.06,23.964281,17.90428108215332,17.90428108215332,182
2024-07-15 11:00:00,3.74,19.427244,15.687244186401367,15.687244186401367,182
2024-07-15 12:00:00,3.9,17.120535,13.220534896850586,13.220534896850586,182
2024-07-15 13:00:00,9.18,22.760725,13.580725021362305,13.580725021362305,182
2024-07-15 14:00:00,26.52,34.176132,7.656132202148438,7.656132202148438,182
2024-07-15 15:00:00,31.5,50.94737,19.447368621826172,19.447368621826172,182
2024-07-15 16:00:00,44.85,67.659966,22.809965515136717,22.809965515136717,182
2024-07-15 17:00:00,60.0,79.68786,19.68785858154297,19.68785858154297,182
2024-07-15 18:00:00,80.0,94.63669,14.636688232421875,14.636688232421875,183
2024-07-15 19:00:00,86.08,91.844444,5.7644442749023455,5.7644442749023455,183
2024-07-15 20:00:00,93.93,78.85324,-15.076759033203132,15.076759033203132,183
2024-07-15 21:00:00,80.65,64.11859,-16.531408691406256,16.531408691406256,183
2024-07-15 22:00:00,45.49,47.74209,2.2520883178710918,2.2520883178710918,183
2024-07-15 23:00:00,19.63,36.245422,16.61542236328125,16.61542236328125,183
2024-07-16 00:00:00,31.53,25.7732,-5.756800918579103,5.756800918579103,183
2024-07-16 01:00:00,31.25,17.571165,-13.678834915161133,13.678834915161133,183
2024-07-16 02:00:00,24.57,16.305475,-8.264524765014649,8.264524765014649,183
2024-07-16 03:00:00,26.5,23.177946,-3.322053909301758,3.322053909301758,183
2024-07-16 04:00:00,32.9,36.722923,3.822923278808595,3.822923278808595,183
2024-07-16 05:00:00,26.72,47.446304,20.726304321289064,20.726304321289064,183
2024-07-16 06:00:00,41.62,49.906002,8.286002044677737,8.286002044677737,183
2024-07-16 07:00:00,38.96,38.90875,-0.05125137329101648,0.05125137329101648,183
2024-07-16 08:00:00,21.18,25.491701,4.311701126098633,4.311701126098633,183
2024-07-16 09:00:00,3.96,13.134093,9.174093284606933,9.174093284606933,183
2024-07-16 10:00:00,0.7,0.04571395,-0.6542860500514507,0.6542860500514507,183
2024-07-16 11:00:00,0.0,-7.76452,-7.764520168304443,7.764520168304443,183
2024-07-16 14:00:00,1.43,-12.820977,-14.250977210998535,14.250977210998535,183
2024-07-16 15:00:00,35.04,-6.215387,-41.25538686752319,41.25538686752319,183
2024-07-16 16:00:00,67.77,9.310943,-58.45905735015869,58.45905735015869,183
2024-07-16 17:00:00,94.5,33.48426,-61.01573944091797,61.01573944091797,183
2024-07-16 18:00:00,109.11,60.085255,-49.024745330810546,49.024745330810546,183
2024-07-16 19:00:00,117.23,80.87195,-36.358051757812504,36.358051757812504,183
2024-07-16 20:00:00,108.44,116.21736,7.777361450195315,7.777361450195315,184
2024-07-16 21:00:00,89.34,110.73239,21.39239135742187,21.39239135742187,184
2024-07-16 22:00:00,88.47,99.945724,11.475724487304689,11.475724487304689,184
2024-07-16 23:00:00,73.58,89.38857,15.808572692871095,15.808572692871095,184
2024-07-17 00:00:00,73.14,79.952225,6.812224731445312,6.812224731445312,184
2024-07-17 01:00:00,70.76,73.83123,3.0712301635742136,3.0712301635742136,184
2024-07-17 02:00:00,71.23,68.17822,-3.051777343750004,3.051777343750004,184
2024-07-17 03:00:00,77.84,64.86871,-12.971286621093753,12.971286621093753,184
2024-07-17 04:00:00,91.02,65.99179,-25.02820922851562,25.02820922851562,184
2024-07-17 05:00:00,100.9,71.50633,-29.393667602539068,29.393667602539068,184
2024-07-17 06:00:00,105.7,82.36465,-23.33535308837891,23.33535308837891,184
2024-07-17 07:00:00,79.04,90.0137,10.973702392578119,10.973702392578119,184
2024-07-17 08:00:00,60.26,90.20977,29.94977020263672,29.94977020263672,184
2024-07-17 09:00:00,44.8,82.530945,37.73094482421875,37.73094482421875,184
2024-07-17 10:00:00,36.48,73.35069,36.87069274902344,36.87069274902344,184
2024-07-17 11:00:00,26.62,64.86826,38.2482632446289,38.2482632446289,184
2024-07-17 12:00:00,17.04,58.098366,41.05836578369141,41.05836578369141,184
2024-07-17 13:00:00,19.58,54.52694,34.946939392089845,34.946939392089845,184
2024-07-17 14:00:00,44.73,51.944096,7.214095611572269,7.214095611572269,184
2024-07-17 15:00:00,65.94,56.770542,-9.169457855224607,9.169457855224607,184
2024-07-17 16:00:00,87.69,69.430595,-18.25940460205078,18.25940460205078,184
2024-07-17 17:00:00,104.63,88.88676,-15.74324310302734,15.74324310302734,184
2024-07-17 18:00:00,115.75,106.42052,-9.329483032226562,9.329483032226562,184
2024-07-17 19:00:00,125.26,116.218025,-9.041974792480474,9.041974792480474,184
2024-07-17 20:00:00,113.51,112.31549,-1.1945092773437551,1.1945092773437551,185
2024-07-17 21:00:00,88.48,103.00802,14.52801849365234,14.52801849365234,185
2024-07-17 22:00:00,91.06,94.49734,3.4373373413085915,3.4373373413085915,185
2024-07-17 23:00:00,80.65,86.843025,6.193025207519526,6.193025207519526,185
2024-07-18 00:00:00,67.9,79.97242,12.072419738769526,12.072419738769526,185
2024-07-18 01:00:00,74.06,75.44632,1.3863195800781227,1.3863195800781227,185
2024-07-18 02:00:00,66.4,75.81374,9.413743591308588,9.413743591308588,185
2024-07-18 03:00:00,69.35,82.075676,12.725675964355474,12.725675964355474,185
2024-07-18 04:00:00,79.46,92.61469,13.154692687988288,13.154692687988288,185
2024-07-18 05:00:00,98.83,99.74491,0.914911193847658,0.914911193847658,185
2024-07-18 06:00:00,97.41,98.353096,0.9430960083007847,0.9430960083007847,185
2024-07-18 07:00:00,80.78,87.73911,6.959112854003905,6.959112854003905,185
2024-07-18 08:00:00,66.18,74.96042,8.780418701171868,8.780418701171868,185
2024-07-18 09:00:00,50.25,64.89413,14.644126892089844,14.644126892089844,185
2024-07-18 10:00:00,38.66,60.27793,21.61793121337891,21.61793121337891,185
2024-07-18 11:00:00,37.79,55.143997,17.353997192382813,17.353997192382813,185
2024-07-18 12:00:00,40.97,50.65445,9.684449462890626,9.684449462890626,185
2024-07-18 13:00:00,52.36,50.8802,-1.4798005676269526,1.4798005676269526,185
2024-07-18 14:00:00,70.97,56.153393,-14.816607208251952,14.816607208251952,185
2024-07-18 15:00:00,88.98,70.99626,-17.983738403320316,17.983738403320316,185
2024-07-18 16:00:00,102.85,91.407684,-11.44231567382812,11.44231567382812,185
2024-07-18 17:00:00,121.22,111.40323,-9.816771240234374,9.816771240234374,185
2024-07-18 18:00:00,130.05,119.16383,-10.886166381835949,10.886166381835949,185
2024-07-18 19:00:00,138.23,115.04477,-23.185230712890615,23.185230712890615,185
2024-07-18 20:00:00,121.89,117.2551,-4.634903564453126,4.634903564453126,186
2024-07-18 21:00:00,102.25,106.51056,4.26055908203125,4.26055908203125,186
2024-07-18 22:00:00,91.24,95.14096,3.90096069335938,3.90096069335938,186
2024-07-18 23:00:00,80.86,84.12875,3.2687536621093756,3.2687536621093756,186
2024-07-19 00:00:00,80.31,73.65216,-6.657839355468752,6.657839355468752,186
2024-07-19 01:00:00,70.62,65.69889,-4.921109313964848,4.921109313964848,186
2024-07-19 02:00:00,66.8,62.512486,-4.2875144958496065,4.2875144958496065,186
2024-07-19 03:00:00,75.71,65.38322,-10.326783142089837,10.326783142089837,186
2024-07-19 04:00:00,78.7,74.03327,-4.666728210449222,4.666728210449222,186
2024-07-19 05:00:00,96.94,81.98423,-14.955769958496091,14.955769958496091,186
2024-07-19 06:00:00,98.4,85.21747,-13.182531738281256,13.182531738281256,186
2024-07-19 07:00:00,81.43,80.01622,-1.4137799072265693,1.4137799072265693,186
2024-07-19 08:00:00,70.75,70.50824,-0.24176025390625,0.24176025390625,186
2024-07-19 09:00:00,60.77,60.946266,0.17626617431640312,0.17626617431640312,186
2024-07-19 10:00:00,47.39,55.889446,8.499446258544921,8.499446258544921,186
2024-07-19 11:00:00,40.03,50.4182,10.388201446533202,10.388201446533202,186
2024-07-19 12:00:00,39.84,45.702705,5.862705383300778,5.862705383300778,186
2024-07-19 13:00:00,46.02,46.176197,0.15619705200195,0.15619705200195,186
2024-07-19 14:00:00,66.49,51.334866,-15.155134429931636,15.155134429931636,186
2024-07-19 15:00:00,78.05,66.898346,-11.151654052734372,11.151654052734372,186
2024-07-19 16:00:00,85.06,88.97879,3.9187902832031227,3.9187902832031227,186
2024-07-19 17:00:00,98.1,112.69597,14.595968627929693,14.595968627929693,186
2024-07-19 18:00:00,111.9,124.728004,12.8280044555664,12.8280044555664,186
2024-07-19 19:00:00,121.22,123.159065,1.9390652465820324,1.9390652465820324,186
2024-07-19 20:00:00,107.39,104.17099,-3.2190100097656256,3.2190100097656256,187
2024-07-19 21:00:00,91.88,97.04928,5.169278259277348,5.169278259277348,187
2024-07-19 22:00:00,95.24,89.7038,-5.536203613281245,5.536203613281245,187
2024-07-19 23:00:00,89.74,82.78196,-6.958040466308589,6.958040466308589,187
2024-07-20 00:00:00,86.08,76.57572,-9.504278259277342,9.504278259277342,187
2024-07-20 01:00:00,77.73,70.878235,-6.851765136718754,6.851765136718754,187
2024-07-20 02:00:00,78.09,68.32186,-9.76813873291016,9.76813873291016,187
2024-07-20 03:00:00,81.83,65.21132,-16.618681030273436,16.618681030273436,187
2024-07-20 04:00:00,76.29,63.92433,-12.365668334960944,12.365668334960944,187
2024-07-20 05:00:00,65.6,61.42256,-4.177438354492182,4.177438354492182,187
2024-07-20 06:00:00,67.74,57.14779,-10.592210998535151,10.592210998535151,187
2024-07-20 07:00:00,50.0,48.24281,-1.7571907043457031,1.7571907043457031,187
2024-07-20 08:00:00,9.96,37.86121,27.901209869384765,27.901209869384765,187
2024-07-20 09:00:00,1.57,27.553534,25.983533554077148,25.983533554077148,187
2024-07-20 10:00:00,0.44,22.024836,21.58483558654785,21.58483558654785,187
2024-07-20 11:00:00,0.0,17.313864,17.31386375427246,17.31386375427246,187
2024-07-20 12:00:00,-0.01,14.255614,14.265614280700683,14.265614280700683,187
2024-07-20 13:00:00,1.5,19.491385,17.991384506225586,17.991384506225586,187
2024-07-20 14:00:00,3.97,30.805681,26.835681228637696,26.835681228637696,187
2024-07-20 15:00:00,41.3,51.574474,10.2744743347168,10.2744743347168,187
2024-07-20 16:00:00,52.02,73.39055,21.370548706054684,21.370548706054684,187
2024-07-20 17:00:00,60.64,95.33386,34.6938623046875,34.6938623046875,187
2024-07-20 18:00:00,60.05,106.55567,46.505671691894534,46.505671691894534,187
2024-07-20 19:00:00,87.93,107.30421,19.374206848144524,19.374206848144524,187
2024-07-20 20:00:00,88.31,73.257744,-15.052256164550784,15.052256164550784,188
2024-07-20 21:00:00,80.68,65.56946,-15.110541992187507,15.110541992187507,188
2024-07-20 22:00:00,67.98,55.393566,-12.586433868408207,12.586433868408207,188
2024-07-20 23:00:00,49.77,44.315067,-5.4549327087402375,5.4549327087402375,188
2024-07-21 00:00:00,42.26,33.550285,-8.70971466064453,8.70971466064453,188
2024-07-21 01:00:00,43.41,25.28916,-18.120840225219723,18.120840225219723,188
2024-07-21 02:00:00,35.35,19.703897,-15.646102523803712,15.646102523803712,188
2024-07-21 03:00:00,30.8,12.510131,-18.289869117736817,18.289869117736817,188
2024-07-21 04:00:00,32.0,8.135596,-23.86440372467041,23.86440372467041,188
2024-07-21 05:00:00,34.57,6.168608,-28.40139181137085,28.40139181137085,188
2024-07-21 06:00:00,25.07,6.537894,-18.532106227874756,18.532106227874756,188
2024-07-21 07:00:00,0.49,5.4434114,4.953411350250244,4.953411350250244,188
2024-07-21 08:00:00,0.04,4.1263337,4.086333713531494,4.086333713531494,188
2024-07-21 09:00:00,0.0,2.2426133,2.2426133155822754,2.2426133155822754,188
2024-07-21 10:00:00,-0.01,3.8145661,3.824566135406494,3.824566135406494,188
2024-07-21 11:00:00,-0.1,5.801703,5.901702976226806,5.901702976226806,188
2024-07-21 12:00:00,-0.25,3.4190812,3.669081211090088,3.669081211090088,188
2024-07-21 13:00:00,-0.01,5.1420884,5.152088413238525,5.152088413238525,188
2024-07-21 14:00:00,0.0,9.353164,9.353163719177246,9.353163719177246,188
2024-07-21 16:00:00,0.1,22.543104,22.44310417175293,22.44310417175293,188
2024-07-21 17:00:00,25.06,39.463615,14.40361541748047,14.40361541748047,188
2024-07-21 18:00:00,50.23,61.314644,11.084643859863284,11.084643859863284,188
2024-07-21 19:00:00,59.83,76.92589,17.09588806152344,17.09588806152344,188
2024-07-21 20:00:00,57.52,82.187096,24.66709564208984,24.66709564208984,188
2024-07-21 21:00:00,65.0,80.23514,15.235137939453125,15.235137939453125,189
2024-07-21 22:00:00,52.82,70.61275,17.792747192382812,17.792747192382812,189
2024-07-21 23:00:00,51.66,62.207558,10.54755767822266,10.54755767822266,189
2024-07-22 00:00:00,58.84,54.28683,-4.553169097900394,4.553169097900394,189
2024-07-22 01:00:00,49.99,47.693867,-2.296133270263674,2.296133270263674,189
2024-07-22 02:00:00,48.17,42.92364,-5.246358795166017,5.246358795166017,189
2024-07-22 03:00:00,57.87,43.545444,-14.324555511474607,14.324555511474607,189
2024-07-22 04:00:00,54.0,48.821037,-5.178962707519531,5.178962707519531,189
2024-07-22 05:00:00,56.96,59.691788,2.7317877197265616,2.7317877197265616,189
2024-07-22 06:00:00,68.2,68.58093,0.38093261718749716,0.38093261718749716,189
2024-07-22 07:00:00,53.68,68.81628,15.136276550292969,15.136276550292969,189
2024-07-22 08:00:00,56.18,60.15647,3.9764712524414065,3.9764712524414065,189
2024-07-22 09:00:00,51.4,49.460957,-1.9390434265136705,1.9390434265136705,189
2024-07-22 10:00:00,51.39,39.83324,-11.556759490966797,11.556759490966797,189
2024-07-22 11:00:00,37.03,35.95751,-1.0724880981445324,1.0724880981445324,189
2024-07-22 12:00:00,23.18,31.76711,8.587110824584961,8.587110824584961,189
2024-07-22 13:00:00,24.13,27.574205,3.4442053985595713,3.4442053985595713,189
2024-07-22 14:00:00,41.89,29.12155,-12.768450393676758,12.768450393676758,189
2024-07-22 15:00:00,56.31,36.310658,-19.9993424987793,19.9993424987793,189
2024-07-22 16:00:00,62.27,52.245975,-10.024024505615238,10.024024505615238,189
2024-07-22 17:00:00,82.87,71.990814,-10.87918579101563,10.87918579101563,189
2024-07-22 18:00:00,88.79,91.41428,2.6242837524414,2.6242837524414,189
2024-07-22 19:00:00,77.46,98.9717,21.5117025756836,21.5117025756836,189
2024-07-22 20:00:00,100.59,94.91893,-5.671069946289066,5.671069946289066,189
2024-07-22 21:00:00,77.05,85.12478,8.074778747558597,8.074778747558597,190
2024-07-22 22:00:00,76.67,71.73259,-4.937410278320314,4.937410278320314,190
2024-07-22 23:00:00,54.46,61.143204,6.683203735351562,6.683203735351562,190
2024-07-23 00:00:00,44.61,50.92194,6.311939849853516,6.311939849853516,190
2024-07-23 01:00:00,44.57,41.92859,-2.6414111328125003,2.6414111328125003,190
2024-07-23 02:00:00,38.32,35.442802,-2.8771975708007815,2.8771975708007815,190
2024-07-23 03:00:00,44.49,37.91662,-6.573381652832033,6.573381652832033,190
2024-07-23 04:00:00,52.2,46.787285,-5.412715148925784,5.412715148925784,190
2024-07-23 05:00:00,52.0,62.537586,10.537586212158203,10.537586212158203,190
2024-07-23 06:00:00,72.69,73.74659,1.0565896606445335,1.0565896606445335,190
2024-07-23 07:00:00,62.46,70.137566,7.677565612792968,7.677565612792968,190
2024-07-23 08:00:00,48.68,54.085064,5.405063934326172,5.405063934326172,190
2024-07-23 09:00:00,36.95,36.574585,-0.37541503906250284,0.37541503906250284,190
2024-07-23 10:00:00,7.36,21.926828,14.566828384399415,14.566828384399415,190
2024-07-23 11:00:00,10.04,16.761053,6.721053085327149,6.721053085327149,190
2024-07-23 12:00:00,9.37,11.777434,2.4074343490600594,2.4074343490600594,190
2024-07-23 13:00:00,4.84,7.8120255,2.972025547027588,2.972025547027588,190
2024-07-23 14:00:00,19.82,14.042541,-5.777459449768067,5.777459449768067,190
2024-07-23 15:00:00,41.99,28.943758,-13.046241989135744,13.046241989135744,190
2024-07-23 16:00:00,84.32,54.076336,-30.24366409301757,30.24366409301757,190
2024-07-23 17:00:00,90.67,79.42706,-11.242937011718752,11.242937011718752,190
2024-07-23 18:00:00,105.11,99.83635,-5.273650512695312,5.273650512695312,190
2024-07-23 19:00:00,97.61,103.61471,6.004707946777344,6.004707946777344,190
2024-07-23 20:00:00,102.05,93.88823,-8.16177062988281,8.16177062988281,190
2024-07-23 21:00:00,91.73,73.99825,-17.73174713134766,17.73174713134766,191
2024-07-23 22:00:00,83.05,63.272556,-19.777443695068357,19.777443695068357,191
2024-07-23 23:00:00,78.11,54.49458,-23.615420684814453,23.615420684814453,191
2024-07-24 00:00:00,73.95,47.806133,-26.14386672973633,26.14386672973633,191
2024-07-24 01:00:00,58.6,46.191452,-12.408547973632814,12.408547973632814,191
2024-07-24 02:00:00,56.04,50.814785,-5.22521499633789,5.22521499633789,191
2024-07-24 03:00:00,65.01,62.317364,-2.6926362609863332,2.6926362609863332,191
2024-07-24 04:00:00,72.0,74.01347,2.0134735107421875,2.0134735107421875,191
2024-07-24 05:00:00,75.85,83.15543,7.305433654785162,7.305433654785162,191
2024-07-24 06:00:00,99.8,85.9607,-13.839299011230466,13.839299011230466,191
2024-07-24 07:00:00,75.11,81.19336,6.083359375000001,6.083359375000001,191
2024-07-24 08:00:00,57.1,72.069244,14.969244384765624,14.969244384765624,191
2024-07-24 09:00:00,24.06,63.22919,39.16919082641601,39.16919082641601,191
2024-07-24 10:00:00,6.16,56.68518,50.5251806640625,50.5251806640625,191
2024-07-24 11:00:00,3.35,53.488155,50.13815536499023,50.13815536499023,191
2024-07-24 12:00:00,0.01,49.689034,49.67903350830078,49.67903350830078,191
2024-07-24 13:00:00,5.5,49.396454,43.896453857421875,43.896453857421875,191
2024-07-24 14:00:00,12.8,61.680035,48.880034637451175,48.880034637451175,191
2024-07-24 15:00:00,47.14,80.81708,33.67707763671875,33.67707763671875,191
2024-07-24 16:00:00,74.54,100.974785,26.434784851074212,26.434784851074212,191
2024-07-24 17:00:00,100.85,113.09541,12.245413208007818,12.245413208007818,191
2024-07-24 18:00:00,108.98,117.54992,8.569919128417965,8.569919128417965,191
2024-07-24 19:00:00,112.8,110.395775,-2.4042251586914034,2.4042251586914034,191
2024-07-24 20:00:00,99.24,97.7565,-1.4834997558593699,1.4834997558593699,191
2024-07-24 21:00:00,75.12,102.53624,27.416239624023433,27.416239624023433,192
2024-07-24 22:00:00,40.64,95.572075,54.93207489013672,54.93207489013672,192
2024-07-24 23:00:00,39.79,88.26744,48.47744079589844,48.47744079589844,192
2024-07-25 00:00:00,45.42,81.93297,36.512968139648436,36.512968139648436,192
2024-07-25 01:00:00,48.1,78.0655,29.96549835205078,29.96549835205078,192
2024-07-25 02:00:00,45.06,77.92883,32.8688330078125,32.8688330078125,192
2024-07-25 03:00:00,40.78,82.37285,41.592848510742186,41.592848510742186,192
2024-07-25 04:00:00,53.59,88.93809,35.3480874633789,35.3480874633789,192
2024-07-25 05:00:00,53.21,95.627686,42.417685546875,42.417685546875,192
2024-07-25 06:00:00,61.26,98.31763,37.057626953125,37.057626953125,192
2024-07-25 07:00:00,44.89,94.058464,49.16846405029297,49.16846405029297,192
2024-07-25 08:00:00,48.11,83.60179,35.49179138183594,35.49179138183594,192
2024-07-25 09:00:00,36.95,72.914536,35.964535522460935,35.964535522460935,192
2024-07-25 10:00:00,24.31,64.061676,39.75167602539062,39.75167602539062,192
2024-07-25 11:00:00,17.36,59.052826,41.692825927734376,41.692825927734376,192
2024-07-25 12:00:00,13.27,53.967705,40.69770477294922,40.69770477294922,192
2024-07-25 13:00:00,26.2,50.462803,24.26280288696289,24.26280288696289,192
2024-07-25 14:00:00,51.58,52.40051,0.8205088806152361,0.8205088806152361,192
2024-07-25 15:00:00,54.3,58.756313,4.456313323974612,4.456313323974612,192
2024-07-25 16:00:00,70.92,70.959366,0.039365844726560795,0.039365844726560795,192
2024-07-25 17:00:00,86.93,85.41344,-1.5165631103515693,1.5165631103515693,192
2024-07-25 18:00:00,106.44,98.564644,-7.8753561401367165,7.8753561401367165,192
2024-07-25 19:00:00,99.5,102.40108,2.9010772705078125,2.9010772705078125,192
2024-07-25 20:00:00,100.0,99.225945,-0.7740554809570312,0.7740554809570312,192
2024-07-25 21:00:00,84.86,99.61488,14.754883422851563,14.754883422851563,193
2024-07-25 22:00:00,59.07,90.63891,31.56890838623047,31.56890838623047,193
2024-07-25 23:00:00,70.65,83.359146,12.709146118164057,12.709146118164057,193
2024-07-26 00:00:00,51.42,77.40062,25.980619506835936,25.980619506835936,193
2024-07-26 01:00:00,53.63,73.54516,19.915158386230466,19.915158386230466,193
2024-07-26 02:00:00,52.27,73.17621,20.906208496093747,20.906208496093747,193
2024-07-26 03:00:00,55.16,78.46818,23.30817779541016,23.30817779541016,193
2024-07-26 04:00:00,55.9,86.60031,30.700311279296876,30.700311279296876,193
2024-07-26 05:00:00,57.51,95.19286,37.68286346435547,37.68286346435547,193
2024-07-26 06:00:00,78.28,98.8336,20.553602905273436,20.553602905273436,193
2024-07-26 07:00:00,84.77,94.25463,9.484631042480473,9.484631042480473,193
2024-07-26 08:00:00,75.84,83.21226,7.372257385253903,7.372257385253903,193
2024-07-26 09:00:00,62.91,71.63426,8.724262084960941,8.724262084960941,193
2024-07-26 10:00:00,64.4,62.460434,-1.9395660400390682,1.9395660400390682,193
2024-07-26 11:00:00,46.51,57.586884,11.076883544921877,11.076883544921877,193
2024-07-26 12:00:00,46.67,52.67061,6.000608520507811,6.000608520507811,193
2024-07-26 13:00:00,48.7,50.49525,1.795250701904294,1.795250701904294,193
2024-07-26 14:00:00,57.21,57.47208,0.2620802307128898,0.2620802307128898,193
2024-07-26 15:00:00,72.8,70.57719,-2.222813415527341,2.222813415527341,193
2024-07-26 16:00:00,76.0,88.66275,12.662750244140625,12.662750244140625,193
2024-07-26 17:00:00,82.22,104.359024,22.139024047851564,22.139024047851564,193
2024-07-26 18:00:00,68.28,114.750336,46.470335693359374,46.470335693359374,193
2024-07-26 19:00:00,62.79,113.00797,50.21797271728516,50.21797271728516,193
2024-07-26 20:00:00,80.39,103.75146,23.361457214355468,23.361457214355468,193
2024-07-26 21:00:00,91.02,93.958824,2.9388241577148477,2.9388241577148477,194
2024-07-26 22:00:00,74.94,86.800316,11.860315856933596,11.860315856933596,194
2024-07-26 23:00:00,52.7,78.29752,25.597523498535153,25.597523498535153,194
2024-07-27 00:00:00,42.8,68.831665,26.031665039062503,26.031665039062503,194
2024-07-27 01:00:00,41.28,59.88256,18.602560729980468,18.602560729980468,194
2024-07-27 02:00:00,39.43,53.302868,13.872867889404297,13.872867889404297,194
2024-07-27 03:00:00,43.78,52.35473,8.574728698730468,8.574728698730468,194
2024-07-27 04:00:00,37.86,52.662743,14.802742614746094,14.802742614746094,194
2024-07-27 05:00:00,29.06,56.006985,26.94698471069336,26.94698471069336,194
2024-07-27 06:00:00,39.28,57.47333,18.193331451416014,18.193331451416014,194
2024-07-27 07:00:00,40.86,55.06345,14.203449859619141,14.203449859619141,194
2024-07-27 08:00:00,47.09,47.910755,0.8207551574706997,0.8207551574706997,194
2024-07-27 09:00:00,39.9,39.638054,-0.26194610595702983,0.26194610595702983,194
2024-07-27 10:00:00,28.0,32.21372,4.213718414306641,4.213718414306641,194
2024-07-27 11:00:00,17.8,28.968107,11.168107223510741,11.168107223510741,194
2024-07-27 12:00:00,17.92,26.3066,8.38660057067871,8.38660057067871,194
2024-07-27 13:00:00,18.8,24.897585,6.097584915161132,6.097584915161132,194
2024-07-27 14:00:00,15.0,32.136593,17.136592864990234,17.136592864990234,194
2024-07-27 15:00:00,31.51,44.554756,13.04475616455078,13.04475616455078,194
2024-07-27 16:00:00,55.24,62.840694,7.600694427490232,7.600694427490232,194
2024-07-27 17:00:00,56.7,79.13863,22.43863372802734,22.43863372802734,194
2024-07-27 18:00:00,52.13,92.79289,40.662892456054685,40.662892456054685,194
2024-07-27 19:00:00,53.85,96.56973,42.719732666015624,42.719732666015624,194
2024-07-27 20:00:00,60.69,92.95618,32.2661767578125,32.2661767578125,194
2024-07-27 21:00:00,56.71,89.451996,32.741995849609374,32.741995849609374,195
2024-07-27 22:00:00,30.0,82.51451,52.51451110839844,52.51451110839844,195
2024-07-27 23:00:00,39.46,73.344284,33.88428405761719,33.88428405761719,195
2024-07-28 00:00:00,37.99,62.66321,24.673211822509764,24.673211822509764,195
2024-07-28 01:00:00,24.46,52.122154,27.662154235839843,27.662154235839843,195
2024-07-28 02:00:00,14.29,43.41894,29.128941497802735,29.128941497802735,195
2024-07-28 03:00:00,28.97,39.121082,10.151082305908204,10.151082305908204,195
2024-07-28 04:00:00,16.61,32.042595,15.43259490966797,15.43259490966797,195
2024-07-28 05:00:00,10.59,26.63325,16.043249282836914,16.043249282836914,195
2024-07-28 06:00:00,25.49,21.662298,-3.82770179748535,3.82770179748535,195
2024-07-28 07:00:00,4.79,17.673887,12.883887252807618,12.883887252807618,195
2024-07-28 08:00:00,0.0,12.554099,12.554099082946777,12.554099082946777,195
2024-07-28 09:00:00,-0.01,7.5831285,7.593128452301025,7.593128452301025,195
2024-07-28 11:00:00,-14.84,3.2532868,18.093286838531494,18.093286838531494,195
2024-07-28 12:00:00,-36.15,3.107901,39.25790109634399,39.25790109634399,195
2024-07-28 13:00:00,-30.05,4.4576097,34.5076096534729,34.5076096534729,195
2024-07-28 14:00:00,-7.9,5.2262483,13.126248264312744,13.126248264312744,195
2024-07-28 15:00:00,0.15,14.610961,14.460960960388183,14.460960960388183,195
2024-07-28 16:00:00,41.26,28.218985,-13.041015396118162,13.041015396118162,195
2024-07-28 17:00:00,47.54,48.402103,0.8621034240722665,0.8621034240722665,195
2024-07-28 18:00:00,47.49,66.51985,19.02985168457031,19.02985168457031,195
2024-07-28 19:00:00,44.48,84.84046,40.360461730957034,40.360461730957034,195
2024-07-28 20:00:00,51.88,93.96744,42.08743774414062,42.08743774414062,195
2024-07-28 21:00:00,47.85,94.38222,46.53221740722656,46.53221740722656,195
2024-07-28 22:00:00,16.98,60.906517,43.92651702880859,43.92651702880859,196
2024-07-28 23:00:00,14.86,50.950844,36.09084381103516,36.09084381103516,196
2024-07-29 00:00:00,12.69,42.717632,30.027632293701174,30.027632293701174,196
2024-07-29 01:00:00,7.43,37.09126,29.661259002685547,29.661259002685547,196
2024-07-29 02:00:00,6.69,37.915104,31.225103912353514,31.225103912353514,196
2024-07-29 03:00:00,7.07,44.200817,37.1308171081543,37.1308171081543,196
2024-07-29 04:00:00,11.24,55.910286,44.67028594970703,44.67028594970703,196
2024-07-29 05:00:00,17.6,61.06377,43.46377029418945,43.46377029418945,196
2024-07-29 06:00:00,27.02,59.10719,32.0871891784668,32.0871891784668,196
2024-07-29 07:00:00,23.92,52.169395,28.249395446777342,28.249395446777342,196
2024-07-29 08:00:00,15.2,42.66254,27.462540435791016,27.462540435791016,196
2024-07-29 09:00:00,5.4,33.914738,28.514737701416017,28.514737701416017,196
2024-07-29 10:00:00,0.0,27.137575,27.137575149536133,27.137575149536133,196
2024-07-29 13:00:00,1.4,21.807203,20.40720329284668,20.40720329284668,196
2024-07-29 14:00:00,15.36,21.29616,5.936159744262696,5.936159744262696,196
2024-07-29 15:00:00,59.59,23.596052,-35.9939478302002,35.9939478302002,196
2024-07-29 16:00:00,71.34,32.64989,-38.6901091003418,38.6901091003418,196
2024-07-29 17:00:00,93.66,56.04823,-37.6117707824707,37.6117707824707,196
2024-07-29 18:00:00,87.89,83.237175,-4.652825012207032,4.652825012207032,196
2024-07-29 19:00:00,82.82,105.20666,22.386657409667976,22.386657409667976,196
2024-07-29 20:00:00,90.8,112.13063,21.330630493164065,21.330630493164065,196
2024-07-29 21:00:00,90.2,111.39177,21.191769409179685,21.191769409179685,196
2024-07-29 22:00:00,58.3,102.30069,44.00068969726563,44.00068969726563,196
2024-07-29 23:00:00,52.42,91.028244,38.608244018554686,38.608244018554686,196
2024-07-30 00:00:00,42.91,53.12923,10.219230499267582,10.219230499267582,197
2024-07-30 01:00:00,40.63,45.71816,5.088158721923826,5.088158721923826,197
2024-07-30 02:00:00,36.36,39.079945,2.7199446105957037,2.7199446105957037,197
2024-07-30 03:00:00,43.66,37.367363,-6.292637023925778,6.292637023925778,197
2024-07-30 04:00:00,48.13,43.91595,-4.214049224853518,4.214049224853518,197
2024-07-30 05:00:00,55.08,55.44764,0.36763946533203296,0.36763946533203296,197
2024-07-30 06:00:00,61.31,67.508606,6.198605957031248,6.198605957031248,197
2024-07-30 07:00:00,51.87,71.65565,19.785647277832034,19.785647277832034,197
2024-07-30 08:00:00,37.52,67.258484,29.738483886718747,29.738483886718747,197
2024-07-30 09:00:00,7.84,59.478622,51.638622436523434,51.638622436523434,197
2024-07-30 10:00:00,1.13,52.075165,50.94516479492187,50.94516479492187,197
2024-07-30 11:00:00,0.04,47.75482,47.71482177734375,47.71482177734375,197
2024-07-30 12:00:00,0.71,46.319927,45.60992721557617,45.60992721557617,197
2024-07-30 13:00:00,13.65,45.74329,32.09328994750977,32.09328994750977,197
2024-07-30 14:00:00,41.6,49.438694,7.838694000244139,7.838694000244139,197
2024-07-30 15:00:00,68.1,57.3105,-10.789498901367182,10.789498901367182,197
2024-07-30 16:00:00,83.74,70.66182,-13.078180541992182,13.078180541992182,197
2024-07-30 17:00:00,108.31,91.21879,-17.091211853027346,17.091211853027346,197
2024-07-30 18:00:00,100.25,109.4695,9.219497680664062,9.219497680664062,197
2024-07-30 19:00:00,109.53,118.65598,9.125982971191405,9.125982971191405,197
2024-07-30 20:00:00,105.73,115.103874,9.373874206542965,9.373874206542965,197
2024-07-30 21:00:00,99.04,107.87445,8.834450683593744,8.834450683593744,197
2024-07-30 22:00:00,93.97,98.20353,4.233529357910157,4.233529357910157,197
2024-07-30 23:00:00,69.03,90.80285,21.772848815917968,21.772848815917968,197
2024-07-31 00:00:00,62.25,72.79132,10.54132080078125,10.54132080078125,198
2024-07-31 01:00:00,49.15,70.26611,21.11611328125,21.11611328125,198
2024-07-31 02:00:00,43.27,69.82007,26.550068359374997,26.550068359374997,198
2024-07-31 03:00:00,48.18,77.17013,28.990127868652344,28.990127868652344,198
2024-07-31 04:00:00,60.39,88.8169,28.42690216064453,28.42690216064453,198
2024-07-31 05:00:00,60.71,98.03622,37.32621673583984,37.32621673583984,198
2024-07-31 06:00:00,91.57,100.6625,9.0924984741211,9.0924984741211,198
2024-07-31 07:00:00,71.81,97.264725,25.45472473144531,25.45472473144531,198
2024-07-31 08:00:00,55.89,89.11147,33.22147308349609,33.22147308349609,198
2024-07-31 09:00:00,33.46,81.14174,47.68173889160156,47.68173889160156,198
2024-07-31 10:00:00,26.75,76.45977,49.70977020263672,49.70977020263672,198
2024-07-31 11:00:00,16.95,74.22266,57.27265625,57.27265625,198
2024-07-31 12:00:00,22.63,74.09532,51.46532165527344,51.46532165527344,198
2024-07-31 13:00:00,33.39,75.853035,42.46303497314453,42.46303497314453,198
2024-07-31 14:00:00,46.09,83.91609,37.82609191894531,37.82609191894531,198
2024-07-31 15:00:00,76.52,98.87935,22.359348754882816,22.359348754882816,198
2024-07-31 16:00:00,94.37,116.64826,22.278262023925777,22.278262023925777,198
2024-07-31 17:00:00,111.14,128.08722,16.94721923828125,16.94721923828125,198
2024-07-31 18:00:00,108.57,127.97191,19.401908569335944,19.401908569335944,198
2024-07-31 19:00:00,97.1,119.18519,22.085188293457037,22.085188293457037,198
2024-07-31 20:00:00,103.46,107.81421,4.354208984375006,4.354208984375006,198
2024-07-31 21:00:00,96.78,99.19252,2.4125201416015614,2.4125201416015614,198
2024-07-31 22:00:00,96.91,91.925255,-4.984745178222653,4.984745178222653,198
2024-07-31 23:00:00,81.91,86.96204,5.052043762207035,5.052043762207035,198
2024-08-01 00:00:00,86.95,83.33882,-3.6111785888671903,3.6111785888671903,199
2024-08-01 01:00:00,72.24,80.482864,8.242864379882818,8.242864379882818,199
2024-08-01 02:00:00,66.69,77.970276,11.280275878906252,11.280275878906252,199
2024-08-01 03:00:00,62.13,80.799065,18.669064636230466,18.669064636230466,199
2024-08-01 04:00:00,57.2,88.06816,30.868161010742185,30.868161010742185,199
2024-08-01 05:00:00,71.99,96.79448,24.804479370117193,24.804479370117193,199
2024-08-01 06:00:00,105.95,102.49607,-3.4539291381835966,3.4539291381835966,199
2024-08-01 07:00:00,90.1,100.787285,10.687284851074224,10.687284851074224,199
2024-08-01 08:00:00,76.95,90.97587,14.025868225097653,14.025868225097653,199
2024-08-01 09:00:00,67.64,79.73212,12.09211669921875,12.09211669921875,199
2024-08-01 10:00:00,64.03,71.60693,7.576933593749999,7.576933593749999,199
2024-08-01 11:00:00,60.0,66.64019,6.640190124511719,6.640190124511719,199
2024-08-01 12:00:00,59.96,63.890877,3.9308767700195304,3.9308767700195304,199
2024-08-01 13:00:00,65.43,62.893623,-2.5363766479492256,2.5363766479492256,199
2024-08-01 14:00:00,47.26,66.44778,19.187776794433596,19.187776794433596,199
2024-08-01 15:00:00,65.83,76.38933,10.55932800292969,10.55932800292969,199
2024-08-01 16:00:00,94.37,90.802536,-3.567463989257817,3.567463989257817,199
2024-08-01 17:00:00,106.07,106.23857,0.16857116699219432,0.16857116699219432,199
2024-08-01 18:00:00,101.75,115.0966,13.346603393554688,13.346603393554688,199
2024-08-01 19:00:00,103.3,114.90264,11.602641296386722,11.602641296386722,199
2024-08-01 20:00:00,108.95,106.40776,-2.5422393798828153,2.5422393798828153,199
2024-08-01 21:00:00,91.99,96.16527,4.175267944335943,4.175267944335943,199
2024-08-01 22:00:00,93.93,86.44271,-7.487289123535163,7.487289123535163,199
2024-08-01 23:00:00,79.36,80.67359,1.3135916137695318,1.3135916137695318,199
2024-08-02 00:00:00,82.25,81.805695,-0.444305419921875,0.444305419921875,200
2024-08-02 01:00:00,69.34,78.461266,9.12126556396484,9.12126556396484,200
2024-08-02 02:00:00,61.16,75.44743,14.287433471679691,14.287433471679691,200
2024-08-02 03:00:00,58.33,77.16342,18.833421630859377,18.833421630859377,200
2024-08-02 04:00:00,76.77,83.82351,7.053509216308598,7.053509216308598,200
2024-08-02 05:00:00,107.14,92.09191,-15.048088684082032,15.048088684082032,200
2024-08-02 06:00:00,109.7,98.219536,-11.480464172363284,11.480464172363284,200
2024-08-02 07:00:00,104.42,94.74955,-9.670450134277345,9.670450134277345,200
2024-08-02 08:00:00,75.59,82.04094,6.450939331054684,6.450939331054684,200
2024-08-02 09:00:00,65.16,67.182045,2.0220449829101597,2.0220449829101597,200
2024-08-02 10:00:00,69.83,54.22731,-15.602689819335936,15.602689819335936,200
2024-08-02 11:00:00,58.09,44.61895,-13.471050109863285,13.471050109863285,200
2024-08-02 12:00:00,53.06,38.62013,-14.439871368408205,14.439871368408205,200
2024-08-02 13:00:00,51.24,35.423412,-15.816587677001955,15.816587677001955,200
2024-08-02 14:00:00,49.95,37.989594,-11.960406494140628,11.960406494140628,200
2024-08-02 15:00:00,58.77,48.11745,-10.652549285888675,10.652549285888675,200
2024-08-02 16:00:00,65.0,63.68061,-1.3193893432617188,1.3193893432617188,200
2024-08-02 17:00:00,88.0,82.31159,-5.688407897949219,5.688407897949219,200
2024-08-02 18:00:00,100.2,94.87514,-5.32486267089844,5.32486267089844,200
2024-08-02 19:00:00,105.51,97.962944,-7.547055969238286,7.547055969238286,200
2024-08-02 20:00:00,102.51,92.53224,-9.977758178710943,9.977758178710943,200
2024-08-02 21:00:00,98.57,85.31463,-13.255371398925774,13.255371398925774,200
2024-08-02 22:00:00,62.52,77.09745,14.577450256347653,14.577450256347653,200
2024-08-02 23:00:00,45.41,71.98942,26.57941802978516,26.57941802978516,200
2024-08-03 00:00:00,43.01,50.366093,7.356092681884768,7.356092681884768,201
2024-08-03 01:00:00,32.81,42.982197,10.172196807861326,10.172196807861326,201
2024-08-03 02:00:00,29.95,36.428,6.4780014038085945,6.4780014038085945,201
2024-08-03 03:00:00,35.48,33.92633,-1.5536694335937469,1.5536694335937469,201
2024-08-03 04:00:00,32.63,35.81197,3.1819697570800756,3.1819697570800756,201
2024-08-03 05:00:00,33.89,39.306713,5.416713104248046,5.416713104248046,201
2024-08-03 06:00:00,33.9,43.07292,9.172921752929689,9.172921752929689,201
2024-08-03 07:00:00,26.34,40.23535,13.8953515625,13.8953515625,201
2024-08-03 08:00:00,32.44,34.177834,1.7378335571289085,1.7378335571289085,201
2024-08-03 09:00:00,20.36,26.78797,6.427969589233399,6.427969589233399,201
2024-08-03 10:00:00,14.66,18.934305,4.274305191040039,4.274305191040039,201
2024-08-03 11:00:00,6.41,13.482169,7.072169151306152,7.072169151306152,201
2024-08-03 12:00:00,4.17,11.203887,7.033886985778809,7.033886985778809,201
2024-08-03 13:00:00,10.07,11.873397,1.8033968734741208,1.8033968734741208,201
2024-08-03 14:00:00,10.2,19.01665,8.816649246215821,8.816649246215821,201
2024-08-03 15:00:00,20.0,32.115704,12.115703582763672,12.115703582763672,201
2024-08-03 16:00:00,37.91,47.282673,9.372672882080082,9.372672882080082,201
2024-08-03 17:00:00,52.03,65.17192,13.141920776367186,13.141920776367186,201
2024-08-03 18:00:00,53.09,78.0366,24.946598205566403,24.946598205566403,201
2024-08-03 19:00:00,52.26,83.544525,31.284525146484377,31.284525146484377,201
2024-08-03 20:00:00,63.71,79.82185,16.11185363769531,16.11185363769531,201
2024-08-03 21:00:00,57.59,74.044685,16.454685363769528,16.454685363769528,201
2024-08-03 22:00:00,45.16,65.74822,20.588222351074222,20.588222351074222,201
2024-08-03 23:00:00,41.5,58.254524,16.75452423095703,16.75452423095703,201
2024-08-04 00:00:00,37.63,16.547686,-21.082314376831057,21.082314376831057,202
2024-08-04 01:00:00,18.42,7.7106996,-10.709300441741945,10.709300441741945,202
2024-08-04 02:00:00,14.62,-0.09983964,-14.719839642643928,14.719839642643928,202
2024-08-04 03:00:00,19.91,-4.765306,-24.675305995941162,24.675305995941162,202
2024-08-04 04:00:00,20.15,-6.0380416,-26.188041591644286,26.188041591644286,202
2024-08-04 05:00:00,24.98,-6.3932967,-31.373296718597413,31.373296718597413,202
2024-08-04 06:00:00,26.53,-6.3816543,-32.911654262542726,32.911654262542726,202
2024-08-04 07:00:00,20.01,-10.804734,-30.814734230041505,30.814734230041505,202
2024-08-04 08:00:00,8.05,-14.423501,-22.473501014709473,22.473501014709473,202
2024-08-04 09:00:00,2.05,-16.981234,-19.03123359680176,19.03123359680176,202
2024-08-04 10:00:00,0.06,-20.253046,-20.3130460357666,20.3130460357666,202
2024-08-04 11:00:00,-0.04,-20.989344,-20.949343643188477,20.949343643188477,202
2024-08-04 12:00:00,-2.16,-18.124987,-15.96498664855957,15.96498664855957,202
2024-08-04 13:00:00,-0.01,-12.470811,-12.460810890197754,12.460810890197754,202
2024-08-04 14:00:00,1.13,-0.11117692,-1.241176922917366,1.241176922917366,202
2024-08-04 15:00:00,22.05,17.38532,-4.664679336547852,4.664679336547852,202
2024-08-04 16:00:00,55.29,34.131695,-21.158305206298827,21.158305206298827,202
2024-08-04 17:00:00,70.41,54.20155,-16.2084504699707,16.2084504699707,202
2024-08-04 18:00:00,87.29,69.100136,-18.18986419677735,18.18986419677735,202
2024-08-04 19:00:00,87.44,76.87035,-10.569646301269529,10.569646301269529,202
2024-08-04 20:00:00,96.02,74.000565,-22.019435424804684,22.019435424804684,202
2024-08-04 21:00:00,76.86,68.26642,-8.59358154296875,8.59358154296875,202
2024-08-04 22:00:00,29.56,59.98916,30.429158630371095,30.429158630371095,202
2024-08-04 23:00:00,25.82,52.28722,26.467220001220703,26.467220001220703,202
2024-08-05 00:00:00,29.31,40.920425,11.610425415039064,11.610425415039064,203
2024-08-05 01:00:00,19.44,33.170757,13.73075729370117,13.73075729370117,203
2024-08-05 02:00:00,23.8,28.447931,4.647931289672851,4.647931289672851,203
2024-08-05 03:00:00,25.51,34.931183,9.421182861328123,9.421182861328123,203
2024-08-05 04:00:00,36.06,49.939224,13.87922424316406,13.87922424316406,203
2024-08-05 05:00:00,40.9,64.37366,23.4736572265625,23.4736572265625,203
2024-08-05 06:00:00,55.1,71.427414,16.327413940429686,16.327413940429686,203
2024-08-05 07:00:00,47.96,65.65754,17.69753936767578,17.69753936767578,203
2024-08-05 08:00:00,26.7,50.9727,24.272698211669923,24.272698211669923,203
2024-08-05 09:00:00,24.23,35.887978,11.657977600097656,11.657977600097656,203
2024-08-05 10:00:00,35.05,23.252893,-11.79710655212402,11.79710655212402,203
2024-08-05 11:00:00,6.97,15.43753,8.46752956390381,8.46752956390381,203
2024-08-05 12:00:00,9.74,12.102538,2.3625381088256834,2.3625381088256834,203
2024-08-05 13:00:00,9.97,13.801749,3.8317492294311517,3.8317492294311517,203
2024-08-05 14:00:00,17.78,27.618517,9.83851692199707,9.83851692199707,203
2024-08-05 15:00:00,40.4,53.577335,13.177335357666017,13.177335357666017,203
2024-08-05 16:00:00,86.69,83.898636,-2.7913641357421852,2.7913641357421852,203
2024-08-05 17:00:00,107.6,107.94633,0.34632720947266193,0.34632720947266193,203
2024-08-05 18:00:00,109.62,115.7801,6.160097961425777,6.160097961425777,203
2024-08-05 19:00:00,107.76,108.4593,0.6992971801757761,0.6992971801757761,203
2024-08-05 20:00:00,104.73,92.66499,-12.065006713867191,12.065006713867191,203
2024-08-05 21:00:00,95.75,76.90735,-18.8426513671875,18.8426513671875,203
2024-08-05 22:00:00,59.55,63.904537,4.354537200927737,4.354537200927737,203
2024-08-05 23:00:00,42.59,54.54818,11.95817962646484,11.95817962646484,203
2024-08-06 00:00:00,37.77,34.69078,-3.0792193603515656,3.0792193603515656,204
2024-08-06 01:00:00,29.61,27.174124,-2.4358762359619135,2.4358762359619135,204
2024-08-06 02:00:00,28.41,22.619242,-5.790758285522461,5.790758285522461,204
2024-08-06 03:00:00,38.07,27.401587,-10.668413467407227,10.668413467407227,204
2024-08-06 04:00:00,35.79,41.69987,5.909871063232423,5.909871063232423,204
2024-08-06 05:00:00,40.67,56.871887,16.20188720703125,16.20188720703125,204
2024-08-06 06:00:00,63.5,66.5459,3.0458984375,3.0458984375,204
2024-08-06 07:00:00,52.11,63.260258,11.150257720947266,11.150257720947266,204
2024-08-06 08:00:00,36.1,49.811398,13.711397552490233,13.711397552490233,204
2024-08-06 09:00:00,21.44,35.519604,14.079603729248046,14.079603729248046,204
2024-08-06 10:00:00,15.95,23.186571,7.236571121215821,7.236571121215821,204
2024-08-06 11:00:00,3.12,15.666305,12.54630458831787,12.54630458831787,204
2024-08-06 12:00:00,4.99,12.73136,7.74136043548584,7.74136043548584,204
2024-08-06 13:00:00,19.53,13.02465,-6.505350379943849,6.505350379943849,204
2024-08-06 14:00:00,10.91,24.119394,13.209394302368164,13.209394302368164,204
2024-08-06 15:00:00,41.61,45.945663,4.335663452148438,4.335663452148438,204
2024-08-06 16:00:00,54.7,73.471985,18.771984863281247,18.771984863281247,204
2024-08-06 17:00:00,88.61,98.93595,10.325951232910157,10.325951232910157,204
2024-08-06 18:00:00,77.01,111.34854,34.33854125976562,34.33854125976562,204
2024-08-06 19:00:00,80.84,109.70607,28.86606994628906,28.86606994628906,204
2024-08-06 20:00:00,87.72,98.413345,10.693345336914064,10.693345336914064,204
2024-08-06 21:00:00,75.95,87.59213,11.642132568359372,11.642132568359372,204
2024-08-06 22:00:00,49.4,78.316536,28.916535949707033,28.916535949707033,204
2024-08-06 23:00:00,37.0,71.71465,34.71465301513672,34.71465301513672,204
2024-08-07 00:00:00,32.75,36.172024,3.4220237731933594,3.4220237731933594,205
2024-08-07 01:00:00,18.81,29.494055,10.684054794311525,10.684054794311525,205
2024-08-07 02:00:00,20.12,25.212011,5.092011337280272,5.092011337280272,205
2024-08-07 03:00:00,21.85,29.056265,7.2062648773193345,7.2062648773193345,205
2024-08-07 04:00:00,29.02,41.47023,12.450230102539063,12.450230102539063,205
2024-08-07 05:00:00,30.57,55.00953,24.43952911376953,24.43952911376953,205
2024-08-07 06:00:00,43.68,64.04812,20.368118591308594,20.368118591308594,205
2024-08-07 07:00:00,38.8,61.569393,22.769393157958987,22.769393157958987,205
2024-08-07 08:00:00,34.72,50.32695,15.606950073242189,15.606950073242189,205
2024-08-07 09:00:00,14.96,38.071342,23.111342468261718,23.111342468261718,205
2024-08-07 10:00:00,19.62,27.55015,7.930149917602538,7.930149917602538,205
2024-08-07 11:00:00,19.68,21.268423,1.5884230804443362,1.5884230804443362,205
2024-08-07 12:00:00,16.79,19.176085,2.386084518432618,2.386084518432618,205
2024-08-07 13:00:00,18.3,19.872377,1.572377395629882,1.572377395629882,205
2024-08-07 14:00:00,6.17,29.23269,23.062690811157225,23.062690811157225,205
2024-08-07 15:00:00,11.37,47.486835,36.11683547973633,36.11683547973633,205
2024-08-07 16:00:00,44.58,70.02093,25.44092742919922,25.44092742919922,205
2024-08-07 17:00:00,62.5,91.00564,28.505638122558594,28.505638122558594,205
2024-08-07 18:00:00,62.61,101.057526,38.447525634765626,38.447525634765626,205
2024-08-07 19:00:00,59.43,99.39565,39.965652770996094,39.965652770996094,205
2024-08-07 20:00:00,67.68,89.774216,22.09421569824218,22.09421569824218,205
2024-08-07 21:00:00,65.14,80.44439,15.304389343261718,15.304389343261718,205
2024-08-07 22:00:00,42.9,72.034874,29.134873962402345,29.134873962402345,205
2024-08-07 23:00:00,35.58,65.97032,30.39032165527344,30.39032165527344,205
2024-08-08 00:00:00,24.32,65.332184,41.012183837890625,41.012183837890625,206
2024-08-08 01:00:00,18.31,59.433197,41.12319702148437,41.12319702148437,206
2024-08-08 02:00:00,17.17,54.774338,37.604337768554686,37.604337768554686,206
2024-08-08 03:00:00,25.71,57.895016,32.18501571655273,32.18501571655273,206
2024-08-08 04:00:00,27.96,68.23224,40.27223876953125,40.27223876953125,206
2024-08-08 05:00:00,42.11,80.28435,38.17434753417969,38.17434753417969,206
2024-08-08 06:00:00,52.12,88.70657,36.58657348632813,36.58657348632813,206
2024-08-08 07:00:00,44.85,86.88731,42.037306213378905,42.037306213378905,206
2024-08-08 08:00:00,23.78,75.74282,51.96282073974609,51.96282073974609,206
2024-08-08 09:00:00,18.35,62.70214,44.35214080810547,44.35214080810547,206
2024-08-08 10:00:00,29.69,51.879868,22.189867553710936,22.189867553710936,206
2024-08-08 11:00:00,0.08,45.030426,44.95042602539063,44.95042602539063,206
2024-08-08 12:00:00,1.19,41.61758,40.42758041381836,40.42758041381836,206
2024-08-08 13:00:00,0.1,41.312717,41.21271743774414,41.21271743774414,206
2024-08-08 14:00:00,15.0,48.264538,33.2645378112793,33.2645378112793,206
2024-08-08 15:00:00,26.71,63.391647,36.68164733886719,36.68164733886719,206
2024-08-08 16:00:00,51.9,82.94954,31.049539184570314,31.049539184570314,206
2024-08-08 17:00:00,52.09,100.63415,48.544147644042965,48.544147644042965,206
2024-08-08 18:00:00,48.55,108.61586,60.065859985351565,60.065859985351565,206
2024-08-08 19:00:00,44.73,105.53377,60.803767700195316,60.803767700195316,206
2024-08-08 20:00:00,52.19,95.05594,42.86593872070313,42.86593872070313,206
2024-08-08 21:00:00,48.95,84.31235,35.36234741210937,35.36234741210937,206
2024-08-08 22:00:00,22.4,74.49012,52.09011993408203,52.09011993408203,206
2024-08-08 23:00:00,13.02,67.6694,54.64940307617188,54.64940307617188,206
2024-08-09 00:00:00,3.2,31.360502,28.160502243041993,28.160502243041993,207
2024-08-09 01:00:00,-0.01,25.526323,25.536323318481447,25.536323318481447,207
2024-08-09 02:00:00,-0.02,21.545813,21.565812606811523,21.565812606811523,207
2024-08-09 03:00:00,0.01,23.80557,23.79557060241699,23.79557060241699,207
2024-08-09 04:00:00,4.05,34.966393,30.916392517089843,30.916392517089843,207
2024-08-09 05:00:00,14.66,48.988396,34.32839569091797,34.32839569091797,207
2024-08-09 06:00:00,35.05,60.841187,25.791186523437503,25.791186523437503,207
2024-08-09 07:00:00,26.8,61.049664,34.249663543701175,34.249663543701175,207
2024-08-09 08:00:00,4.85,51.464653,46.61465301513672,46.61465301513672,207
2024-08-09 09:00:00,0.1,39.688084,39.58808364868164,39.58808364868164,207
2024-08-09 10:00:00,0.07,29.202654,29.132653884887695,29.132653884887695,207
2024-08-09 11:00:00,0.0,23.348734,23.34873390197754,23.34873390197754,207
2024-08-09 12:00:00,-0.72,22.025373,22.745373458862304,22.745373458862304,207
2024-08-09 13:00:00,-0.01,22.691137,22.701137313842775,22.701137313842775,207
2024-08-09 14:00:00,0.0,29.270147,29.2701473236084,29.2701473236084,207
2024-08-09 15:00:00,5.64,42.327213,36.687213287353515,36.687213287353515,207
2024-08-09 16:00:00,42.37,59.283916,16.913916473388674,16.913916473388674,207
2024-08-09 17:00:00,72.47,78.478165,6.008164672851564,6.008164672851564,207
2024-08-09 18:00:00,80.75,90.86433,10.114326477050781,10.114326477050781,207
2024-08-09 19:00:00,89.9,93.33686,3.4368606567382756,3.4368606567382756,207
2024-08-09 20:00:00,89.22,87.18105,-2.038946838378905,2.038946838378905,207
2024-08-09 21:00:00,67.08,80.47379,13.393793029785158,13.393793029785158,207
2024-08-09 22:00:00,51.7,73.48696,21.78696136474609,21.78696136474609,207
2024-08-09 23:00:00,26.41,68.70994,42.29993804931641,42.29993804931641,207
2024-08-10 00:00:00,16.38,40.222008,23.842007751464845,23.842007751464845,208
2024-08-10 01:00:00,14.08,33.183506,19.103506011962892,19.103506011962892,208
2024-08-10 02:00:00,10.21,27.494356,17.284356155395507,17.284356155395507,208
2024-08-10 03:00:00,14.33,26.437124,12.107124252319336,12.107124252319336,208
2024-08-10 04:00:00,16.14,27.344835,11.20483528137207,11.20483528137207,208
2024-08-10 05:00:00,21.21,27.363447,6.153447189331054,6.153447189331054,208
2024-08-10 06:00:00,28.2,25.668375,-2.5316249847412102,2.5316249847412102,208
2024-08-10 07:00:00,0.24,19.598211,19.35821128845215,19.35821128845215,208
2024-08-10 08:00:00,-2.97,14.170318,17.140317649841307,17.140317649841307,208
2024-08-10 09:00:00,-12.13,9.559638,21.689638023376467,21.689638023376467,208
2024-08-10 10:00:00,-22.39,4.735419,27.125418796539307,27.125418796539307,208
2024-08-10 11:00:00,-29.87,1.7618852,31.631885166168214,31.631885166168214,208
2024-08-10 12:00:00,-21.92,1.2774873,23.19748727798462,23.19748727798462,208
2024-08-10 13:00:00,-28.93,5.536467,34.4664670753479,34.4664670753479,208
2024-08-10 14:00:00,-7.94,17.343481,25.283481063842775,25.283481063842775,208
2024-08-10 15:00:00,0.65,35.620987,34.970986938476564,34.970986938476564,208
2024-08-10 16:00:00,49.49,52.56812,3.0781190490722636,3.0781190490722636,208
2024-08-10 17:00:00,81.67,67.577995,-14.092004699707033,14.092004699707033,208
2024-08-10 18:00:00,71.91,74.953125,3.0431250000000034,3.0431250000000034,208
2024-08-10 19:00:00,64.03,75.06938,11.039381713867186,11.039381713867186,208
2024-08-10 20:00:00,88.35,68.2354,-20.114602661132807,20.114602661132807,208
2024-08-10 21:00:00,83.04,59.700058,-23.33994201660157,23.33994201660157,208
2024-08-10 22:00:00,45.03,49.652905,4.622904510498046,4.622904510498046,208
2024-08-10 23:00:00,40.59,40.608936,0.018936309814449714,0.018936309814449714,208
2024-08-11 00:00:00,31.88,38.49248,6.612481231689454,6.612481231689454,209
2024-08-11 01:00:00,23.57,31.134844,7.564843826293945,7.564843826293945,209
2024-08-11 02:00:00,12.54,24.925844,12.385844192504884,12.385844192504884,209
2024-08-11 03:00:00,13.48,20.94813,7.468129653930664,7.468129653930664,209
2024-08-11 04:00:00,10.44,18.918413,8.478413162231446,8.478413162231446,209
2024-08-11 05:00:00,4.79,17.014704,12.224703750610352,12.224703750610352,209
2024-08-11 06:00:00,13.05,15.743361,2.6933614730834954,2.6933614730834954,209
2024-08-11 07:00:00,0.0,9.679076,9.679076194763184,9.679076194763184,209
2024-08-11 08:00:00,-4.98,3.7361512,8.716151218414307,8.716151218414307,209
2024-08-11 09:00:00,-14.91,-1.6032119,13.306788120269776,13.306788120269776,209
2024-08-11 10:00:00,-30.64,-7.4144073,23.22559274673462,23.22559274673462,209
2024-08-11 11:00:00,-59.67,-10.929139,48.740860862731935,48.740860862731935,209
2024-08-11 12:00:00,-50.03,-11.231332,38.79866817474365,38.79866817474365,209
2024-08-11 13:00:00,-30.98,-8.206674,22.773326377868653,22.773326377868653,209
2024-08-11 14:00:00,-4.99,1.451262,6.441261997222901,6.441261997222901,209
2024-08-11 15:00:00,4.12,16.641333,12.521332626342772,12.521332626342772,209
2024-08-11 16:00:00,36.42,31.879053,-4.540946884155275,4.540946884155275,209
2024-08-11 17:00:00,50.5,50.955647,0.4556465148925781,0.4556465148925781,209
2024-08-11 18:00:00,59.34,65.781876,6.441875610351559,6.441875610351559,209
2024-08-11 19:00:00,53.74,74.8964,21.156400451660154,21.156400451660154,209
2024-08-11 20:00:00,54.24,74.57388,20.333883056640623,20.333883056640623,209
2024-08-11 21:00:00,49.49,72.38052,22.890523681640623,22.890523681640623,209
2024-08-11 22:00:00,28.74,66.49396,37.753957519531255,37.753957519531255,209
2024-08-11 23:00:00,15.0,59.797897,44.79789733886719,44.79789733886719,209
2024-08-12 00:00:00,2.81,45.65004,42.84003967285156,42.84003967285156,210
2024-08-12 01:00:00,1.15,39.693264,38.54326400756836,38.54326400756836,210
2024-08-12 02:00:00,0.0,37.4287,37.4286994934082,37.4286994934082,210
2024-08-12 03:00:00,0.03,46.865017,46.83501693725586,46.83501693725586,210
2024-08-12 04:00:00,16.26,61.62845,45.36844848632812,45.36844848632812,210
2024-08-12 05:00:00,15.3,72.6484,57.34839935302735,57.34839935302735,210
2024-08-12 06:00:00,45.78,74.41113,28.6311328125,28.6311328125,210
2024-08-12 07:00:00,45.69,65.49443,19.80443054199219,19.80443054199219,210
2024-08-12 08:00:00,40.12,51.0797,10.959700469970706,10.959700469970706,210
2024-08-12 09:00:00,16.04,37.275578,21.235577545166016,21.235577545166016,210
2024-08-12 10:00:00,10.06,25.72935,15.669349136352539,15.669349136352539,210
2024-08-12 11:00:00,6.98,18.773062,11.793061752319336,11.793061752319336,210
2024-08-12 12:00:00,18.03,16.679968,-1.3500321197509777,1.3500321197509777,210
2024-08-12 13:00:00,27.49,22.576967,-4.913032760620116,4.913032760620116,210
2024-08-12 14:00:00,49.03,41.84044,-7.189561157226564,7.189561157226564,210
2024-08-12 15:00:00,82.1,72.20679,-9.893212890624994,9.893212890624994,210
2024-08-12 16:00:00,90.57,103.41228,12.842277221679694,12.842277221679694,210
2024-08-12 17:00:00,117.15,122.535324,5.385324096679682,5.385324096679682,210
2024-08-12 18:00:00,124.95,123.04088,-1.9091217041015653,1.9091217041015653,210
2024-08-12 19:00:00,130.6,108.86079,-21.739213562011713,21.739213562011713,210
2024-08-12 20:00:00,108.51,89.28941,-19.220586547851568,19.220586547851568,210
2024-08-12 21:00:00,100.16,70.94273,-29.21726623535156,29.21726623535156,210
2024-08-12 22:00:00,100.07,55.934803,-44.13519699096679,44.13519699096679,210
2024-08-12 23:00:00,88.27,44.56902,-43.70098068237304,43.70098068237304,210
2024-08-13 00:00:00,65.15,57.870636,-7.279364013671881,7.279364013671881,211
2024-08-13 01:00:00,62.37,51.226536,-11.143464202880857,11.143464202880857,211
2024-08-13 02:00:00,60.94,49.160896,-11.779103698730466,11.779103698730466,211
2024-08-13 03:00:00,68.0,55.903713,-12.09628677368164,12.09628677368164,211
2024-08-13 04:00:00,95.16,67.16927,-27.990726623535153,27.990726623535153,211
2024-08-13 05:00:00,113.58,81.3545,-32.22550018310547,32.22550018310547,211
2024-08-13 06:00:00,117.89,86.04395,-31.84604705810547,31.84604705810547,211
2024-08-13 07:00:00,92.94,81.380066,-11.559934082031248,11.559934082031248,211
2024-08-13 08:00:00,70.74,68.38395,-2.3560507202148386,2.3560507202148386,211
2024-08-13 09:00:00,58.44,53.11391,-5.32608932495117,5.32608932495117,211
2024-08-13 10:00:00,46.76,40.41982,-6.34018112182617,6.34018112182617,211
2024-08-13 11:00:00,43.87,32.66819,-11.201809997558591,11.201809997558591,211
2024-08-13 12:00:00,50.97,26.60669,-24.363310546875,24.363310546875,211
2024-08-13 13:00:00,66.73,27.300014,-39.429985504150395,39.429985504150395,211
2024-08-13 14:00:00,80.05,35.13057,-44.919430541992185,44.919430541992185,211
2024-08-13 15:00:00,84.5,50.94008,-33.55992126464844,33.55992126464844,211
2024-08-13 16:00:00,96.02,74.96944,-21.050563354492184,21.050563354492184,211
2024-08-13 17:00:00,101.51,96.59637,-4.913633117675786,4.913633117675786,211
2024-08-13 18:00:00,108.29,106.856514,-1.433486022949225,1.433486022949225,211
2024-08-13 19:00:00,100.87,106.65449,5.784487609863277,5.784487609863277,211
2024-08-13 20:00:00,113.76,99.5011,-14.258901367187505,14.258901367187505,211
2024-08-13 21:00:00,102.92,88.31658,-14.603418273925783,14.603418273925783,211
2024-08-13 22:00:00,88.5,80.4657,-8.0343017578125,8.0343017578125,211
2024-08-13 23:00:00,78.5,71.35563,-7.144371032714844,7.144371032714844,211
2024-08-14 00:00:00,76.56,48.319626,-28.240374145507815,28.240374145507815,212
2024-08-14 01:00:00,64.0,41.046658,-22.95334243774414,22.95334243774414,212
2024-08-14 02:00:00,71.51,37.758915,-33.75108505249024,33.75108505249024,212
2024-08-14 03:00:00,70.2,43.510338,-26.68966217041016,26.68966217041016,212
2024-08-14 04:00:00,80.38,53.740005,-26.639994506835933,26.639994506835933,212
2024-08-14 05:00:00,102.07,67.617966,-34.452034301757806,34.452034301757806,212
2024-08-14 06:00:00,109.87,71.448456,-38.42154418945313,38.42154418945313,212
2024-08-14 07:00:00,90.0,66.042274,-23.957725524902344,23.957725524902344,212
2024-08-14 08:00:00,75.0,54.17282,-20.827178955078125,20.827178955078125,212
2024-08-14 09:00:00,76.01,40.35605,-35.65395141601563,35.65395141601563,212
2024-08-14 10:00:00,75.78,29.018623,-46.76137664794922,46.76137664794922,212
2024-08-14 11:00:00,76.44,22.889008,-53.55099243164062,53.55099243164062,212
2024-08-14 12:00:00,75.59,18.810444,-56.779556121826175,56.779556121826175,212
2024-08-14 13:00:00,65.61,22.681965,-42.92803512573242,42.92803512573242,212
2024-08-14 14:00:00,69.98,34.076057,-35.90394256591797,35.90394256591797,212
2024-08-14 15:00:00,69.47,53.09964,-16.370360107421874,16.370360107421874,212
2024-08-14 16:00:00,110.44,79.58129,-30.85870880126953,30.85870880126953,212
2024-08-14 17:00:00,115.77,102.08162,-13.688380737304684,13.688380737304684,212
2024-08-14 18:00:00,109.02,111.2873,2.2673001098632852,2.2673001098632852,212
2024-08-14 19:00:00,114.26,109.4027,-4.857297668457036,4.857297668457036,212
2024-08-14 20:00:00,108.54,100.2297,-8.310301818847663,8.310301818847663,212
2024-08-14 21:00:00,94.18,87.651535,-6.528464965820319,6.528464965820319,212
2024-08-14 22:00:00,69.47,79.21667,9.74666717529297,9.74666717529297,212
2024-08-14 23:00:00,59.32,69.824646,10.50464599609375,10.50464599609375,212
2024-08-15 00:00:00,55.29,60.774582,5.484581909179688,5.484581909179688,213
2024-08-15 01:00:00,55.89,55.38406,-0.5059400939941412,0.5059400939941412,213
2024-08-15 02:00:00,44.91,54.473064,9.563064422607425,9.563064422607425,213
2024-08-15 03:00:00,49.55,61.79681,12.246810150146487,12.246810150146487,213
2024-08-15 04:00:00,53.94,75.85271,21.91270690917969,21.91270690917969,213
2024-08-15 05:00:00,61.67,92.72856,31.058561401367186,31.058561401367186,213
2024-08-15 06:00:00,49.65,102.056114,52.406114196777345,52.406114196777345,213
2024-08-15 07:00:00,24.57,102.1115,77.54150360107423,77.54150360107423,213
2024-08-15 08:00:00,18.66,92.49528,73.83527740478516,73.83527740478516,213
2024-08-15 09:00:00,9.09,79.61029,70.52029052734375,70.52029052734375,213
2024-08-15 10:00:00,10.21,68.86247,58.65247253417969,58.65247253417969,213
2024-08-15 11:00:00,0.9,63.266888,62.36688766479492,62.36688766479492,213
2024-08-15 13:00:00,4.13,58.88706,54.75705825805664,54.75705825805664,213
2024-08-15 14:00:00,10.19,58.12177,47.93176895141602,47.93176895141602,213
2024-08-15 15:00:00,6.03,62.796795,56.76679489135742,56.76679489135742,213
2024-08-15 16:00:00,15.98,72.70037,56.720370788574215,56.720370788574215,213
2024-08-15 17:00:00,62.0,88.675735,26.675735473632812,26.675735473632812,213
2024-08-15 18:00:00,84.29,103.31113,19.02112670898437,19.02112670898437,213
2024-08-15 19:00:00,83.89,109.72335,25.833350524902343,25.833350524902343,213
2024-08-15 20:00:00,96.42,107.17855,10.758550720214842,10.758550720214842,213
2024-08-15 21:00:00,85.36,98.73497,13.374970092773438,13.374970092773438,213
2024-08-15 22:00:00,74.47,86.60783,12.137826232910157,12.137826232910157,213
2024-08-15 23:00:00,68.81,78.098625,9.288625183105466,9.288625183105466,213
2024-08-16 00:00:00,68.5,70.1902,1.6902008056640625,1.6902008056640625,213
2024-08-16 01:00:00,65.32,40.31609,-25.00391036987304,25.00391036987304,214
2024-08-16 02:00:00,59.59,34.316883,-25.2731169128418,25.2731169128418,214
2024-08-16 03:00:00,67.4,35.134125,-32.26587524414063,32.26587524414063,214
2024-08-16 04:00:00,63.96,47.038883,-16.921116790771485,16.921116790771485,214
2024-08-16 05:00:00,77.6,62.90625,-14.693749999999994,14.693749999999994,214
2024-08-16 06:00:00,91.06,78.25934,-12.800661621093752,12.800661621093752,214
2024-08-16 07:00:00,70.0,80.1315,10.131500244140625,10.131500244140625,214
2024-08-16 08:00:00,63.87,72.53712,8.667117004394534,8.667117004394534,214
2024-08-16 09:00:00,63.37,59.95784,-3.412160034179685,3.412160034179685,214
2024-08-16 10:00:00,59.22,47.711895,-11.508105010986327,11.508105010986327,214
2024-08-16 11:00:00,53.93,37.841534,-16.088466339111328,16.088466339111328,214
2024-08-16 12:00:00,50.72,32.26563,-18.454371185302733,18.454371185302733,214
2024-08-16 13:00:00,56.27,27.854897,-28.415103454589847,28.415103454589847,214
2024-08-16 14:00:00,62.17,31.027107,-31.14289276123047,31.14289276123047,214
2024-08-16 15:00:00,63.37,42.632034,-20.737965698242185,20.737965698242185,214
2024-08-16 16:00:00,65.4,61.69134,-3.7086585998535213,3.7086585998535213,214
2024-08-16 17:00:00,103.52,86.35667,-17.16333343505859,17.16333343505859,214
2024-08-16 18:00:00,107.96,104.27965,-3.6803521728515562,3.6803521728515562,214
2024-08-16 19:00:00,114.51,107.90006,-6.609937438964849,6.609937438964849,214
2024-08-16 20:00:00,119.99,101.589195,-18.40080474853515,18.40080474853515,214
2024-08-16 21:00:00,116.16,91.733894,-24.426105651855465,24.426105651855465,214
2024-08-16 22:00:00,107.05,81.180824,-25.86917572021484,25.86917572021484,214
2024-08-16 23:00:00,90.86,75.17149,-15.688506469726562,15.688506469726562,214
2024-08-17 00:00:00,90.6,67.012054,-23.58794555664062,23.58794555664062,214
2024-08-17 01:00:00,81.87,51.944164,-29.925835723876958,29.925835723876958,215
2024-08-17 02:00:00,71.04,45.223457,-25.816542663574225,25.816542663574225,215
2024-08-17 03:00:00,71.39,40.392838,-30.997162475585938,30.997162475585938,215
2024-08-17 04:00:00,75.52,40.793297,-34.72670318603515,34.72670318603515,215
2024-08-17 05:00:00,73.6,44.350216,-29.24978408813476,29.24978408813476,215
2024-08-17 06:00:00,84.01,52.066284,-31.943715820312505,31.943715820312505,215
2024-08-17 07:00:00,71.74,54.338688,-17.40131210327148,17.40131210327148,215
2024-08-17 08:00:00,68.01,51.267612,-16.742387542724614,16.742387542724614,215
2024-08-17 09:00:00,52.66,43.39147,-9.268528137207028,9.268528137207028,215
2024-08-17 10:00:00,43.31,32.87971,-10.430288848876955,10.430288848876955,215
2024-08-17 11:00:00,37.37,23.717606,-13.652394409179685,13.652394409179685,215
2024-08-17 12:00:00,34.72,17.251366,-17.468634338378905,17.468634338378905,215
2024-08-17 13:00:00,37.57,13.444968,-24.125031776428223,24.125031776428223,215
2024-08-17 14:00:00,47.81,15.792865,-32.01713520050049,32.01713520050049,215
2024-08-17 15:00:00,69.24,22.375076,-46.86492370605468,46.86492370605468,215
2024-08-17 16:00:00,71.51,33.652283,-37.857717285156255,37.857717285156255,215
2024-08-17 17:00:00,87.41,51.998325,-35.411674652099606,35.411674652099606,215
2024-08-17 18:00:00,103.92,70.278625,-33.64137451171875,33.64137451171875,215
2024-08-17 19:00:00,114.07,82.01622,-32.053779907226556,32.053779907226556,215
2024-08-17 20:00:00,113.2,86.261215,-26.938784790039065,26.938784790039065,215
2024-08-17 21:00:00,105.02,82.1493,-22.870700378417965,22.870700378417965,215
2024-08-17 22:00:00,87.77,73.20097,-14.569026489257809,14.569026489257809,215
2024-08-17 23:00:00,78.23,65.00146,-13.228542785644535,13.228542785644535,215
2024-08-18 00:00:00,73.38,55.75342,-17.62657821655273,17.62657821655273,215
2024-08-18 01:00:00,65.67,25.799053,-39.87094680786133,39.87094680786133,216
2024-08-18 02:00:00,61.85,17.82602,-44.023980712890626,44.023980712890626,216
2024-08-18 03:00:00,58.22,10.886886,-47.33311435699463,47.33311435699463,216
2024-08-18 04:00:00,61.69,8.85115,-52.838850440979,52.838850440979,216
2024-08-18 05:00:00,57.88,8.55413,-49.3258703994751,49.3258703994751,216
2024-08-18 06:00:00,62.07,11.781951,-50.28804904937744,50.28804904937744,216
2024-08-18 07:00:00,40.71,6.624595,-34.085404834747315,34.085404834747315,216
2024-08-18 08:00:00,14.93,-2.8757558,-17.80575578689575,17.80575578689575,216
2024-08-18 09:00:00,14.14,-10.932107,-25.072106971740723,25.072106971740723,216
2024-08-18 10:00:00,14.07,-17.223717,-31.293716735839844,31.293716735839844,216
2024-08-18 11:00:00,4.57,-21.451584,-26.021583862304688,26.021583862304688,216
2024-08-18 12:00:00,0.05,-22.460136,-22.51013641357422,22.51013641357422,216
2024-08-18 13:00:00,0.0,-19.067535,-19.067535400390625,19.067535400390625,216
2024-08-18 14:00:00,1.08,-6.4567037,-7.5367036628723145,7.5367036628723145,216
2024-08-18 15:00:00,10.99,11.1173315,0.12733150482177713,0.12733150482177713,216
2024-08-18 16:00:00,42.82,30.731853,-12.088146514892578,12.088146514892578,216
2024-08-18 17:00:00,75.83,54.118797,-21.711202697753905,21.711202697753905,216
2024-08-18 18:00:00,89.5,71.578766,-17.921234130859375,17.921234130859375,216
2024-08-18 19:00:00,110.34,77.93769,-32.40230926513672,32.40230926513672,216
2024-08-18 20:00:00,111.64,76.3058,-35.33419860839844,35.33419860839844,216
2024-08-18 21:00:00,99.69,70.24555,-29.444447937011716,29.444447937011716,216
2024-08-18 22:00:00,91.7,63.41936,-28.28063888549805,28.28063888549805,216
2024-08-18 23:00:00,76.6,57.91328,-18.686719512939447,18.686719512939447,216
2024-08-19 00:00:00,72.51,49.903015,-22.606984863281255,22.606984863281255,216
2024-08-19 01:00:00,75.92,36.664,-39.25599853515625,39.25599853515625,217
2024-08-19 02:00:00,75.65,38.95099,-36.699011230468756,36.699011230468756,217
2024-08-19 03:00:00,79.97,48.835846,-31.134154052734374,31.134154052734374,217
2024-08-19 04:00:00,72.4,65.25872,-7.141279602050787,7.141279602050787,217
2024-08-19 05:00:00,104.76,80.4966,-24.263402709960943,24.263402709960943,217
2024-08-19 06:00:00,116.92,87.72142,-29.198579711914064,29.198579711914064,217
2024-08-19 07:00:00,112.58,82.55377,-30.02622802734375,30.02622802734375,217
2024-08-19 08:00:00,82.35,72.46038,-9.889619445800776,9.889619445800776,217
2024-08-19 09:00:00,74.28,63.305645,-10.97435501098633,10.97435501098633,217
2024-08-19 10:00:00,70.0,57.056118,-12.94388198852539,12.94388198852539,217
2024-08-19 11:00:00,69.0,51.576935,-17.423065185546875,17.423065185546875,217
2024-08-19 12:00:00,65.89,50.588383,-15.301617279052735,15.301617279052735,217
2024-08-19 13:00:00,66.32,52.691505,-13.628494567871087,13.628494567871087,217
2024-08-19 14:00:00,70.0,63.95752,-6.04248046875,6.04248046875,217
2024-08-19 15:00:00,79.44,80.504196,1.0641961669921898,1.0641961669921898,217
2024-08-19 16:00:00,103.0,96.70594,-6.294059753417969,6.294059753417969,217
2024-08-19 17:00:00,116.26,107.8379,-8.422101745605474,8.422101745605474,217
2024-08-19 18:00:00,127.48,107.13864,-20.34135864257813,20.34135864257813,217
2024-08-19 19:00:00,116.74,95.415054,-21.324945678710932,21.324945678710932,217
2024-08-19 20:00:00,100.75,78.30547,-22.44452667236328,22.44452667236328,217
2024-08-19 21:00:00,86.15,65.21058,-20.939421081542974,20.939421081542974,217
2024-08-19 22:00:00,77.03,55.086758,-21.94324234008789,21.94324234008789,217
2024-08-19 23:00:00,62.04,48.895206,-13.144793548583984,13.144793548583984,217
2024-08-20 00:00:00,50.85,41.469807,-9.380193328857423,9.380193328857423,217
2024-08-20 01:00:00,31.04,30.344486,-0.6955137634277335,0.6955137634277335,218
2024-08-20 02:00:00,30.99,26.92273,-4.067270507812498,4.067270507812498,218
2024-08-20 03:00:00,40.43,31.705227,-8.72477310180664,8.72477310180664,218
2024-08-20 04:00:00,55.4,47.259064,-8.140936279296874,8.140936279296874,218
2024-08-20 05:00:00,78.38,64.91436,-13.465639953613277,13.465639953613277,218
2024-08-20 06:00:00,100.41,77.83863,-22.571369323730465,22.571369323730465,218
2024-08-20 07:00:00,87.04,74.32543,-12.714568176269538,12.714568176269538,218
2024-08-20 08:00:00,71.5,61.03721,-10.462791442871094,10.462791442871094,218
2024-08-20 09:00:00,52.49,46.1631,-6.3268988037109395,6.3268988037109395,218
2024-08-20 10:00:00,40.03,34.747604,-5.282395629882814,5.282395629882814,218
2024-08-20 11:00:00,23.59,26.415146,2.8251458740234376,2.8251458740234376,218
2024-08-20 12:00:00,18.58,23.289207,4.7092074584960955,4.7092074584960955,218
2024-08-20 13:00:00,36.63,23.017063,-13.612936859130862,13.612936859130862,218
2024-08-20 14:00:00,30.09,32.6197,2.529701385498047,2.529701385498047,218
2024-08-20 15:00:00,36.68,51.478046,14.798046417236328,14.798046417236328,218
2024-08-20 16:00:00,57.91,75.570045,17.66004547119141,17.66004547119141,218
2024-08-20 17:00:00,92.35,99.24565,6.895651245117193,6.895651245117193,218
2024-08-20 18:00:00,70.41,109.05628,38.646282043457035,38.646282043457035,218
2024-08-20 19:00:00,73.29,100.714516,27.42451568603515,27.42451568603515,218
2024-08-20 20:00:00,79.91,83.42187,3.511867370605472,3.511867370605472,218
2024-08-20 21:00:00,63.83,69.291565,5.461564941406252,5.461564941406252,218
2024-08-20 22:00:00,28.36,59.548256,31.188255920410157,31.188255920410157,218
2024-08-20 23:00:00,11.93,54.603073,42.67307312011719,42.67307312011719,218
2024-08-21 00:00:00,22.71,46.387127,23.67712692260742,23.67712692260742,218
2024-08-21 01:00:00,3.52,32.519222,28.999222259521485,28.999222259521485,219
2024-08-21 02:00:00,20.39,29.465,9.07500015258789,9.07500015258789,219
2024-08-21 03:00:00,27.36,32.04697,4.686970367431641,4.686970367431641,219
2024-08-21 04:00:00,68.5,42.75305,-25.7469482421875,25.7469482421875,219
2024-08-21 05:00:00,88.56,53.76989,-34.79011016845703,34.79011016845703,219
2024-08-21 06:00:00,89.16,62.110546,-27.04945388793945,27.04945388793945,219
2024-08-21 07:00:00,57.27,57.39735,0.12735031127929375,0.12735031127929375,219
2024-08-21 08:00:00,8.0,46.224224,38.22422409057617,38.22422409057617,219
2024-08-21 09:00:00,5.22,36.19858,30.97858169555664,30.97858169555664,219
2024-08-21 10:00:00,0.0,29.124714,29.124713897705078,29.124713897705078,219
2024-08-21 11:00:00,-0.01,23.879116,23.88911605834961,23.88911605834961,219
2024-08-21 12:00:00,-5.32,22.270077,27.590076751708985,27.590076751708985,219
2024-08-21 13:00:00,-4.28,22.646137,26.92613723754883,26.92613723754883,219
2024-08-21 14:00:00,2.01,32.06052,30.050520172119143,30.050520172119143,219
2024-08-21 15:00:00,16.09,48.925507,32.83550659179687,32.83550659179687,219
2024-08-21 16:00:00,73.78,69.584854,-4.195145874023439,4.195145874023439,219
2024-08-21 17:00:00,95.94,91.43445,-4.505551757812498,4.505551757812498,219
2024-08-21 18:00:00,75.17,103.14456,27.974561767578123,27.974561767578123,219
2024-08-21 19:00:00,86.51,100.78881,14.278810729980464,14.278810729980464,219
2024-08-21 20:00:00,89.63,91.434425,1.8044253540039108,1.8044253540039108,219
2024-08-21 21:00:00,82.47,82.519806,0.04980590820312614,0.04980590820312614,219
2024-08-21 22:00:00,40.52,75.69564,35.17564056396484,35.17564056396484,219
2024-08-21 23:00:00,21.21,72.70966,51.49966339111328,51.49966339111328,219
2024-08-22 00:00:00,0.09,66.66635,66.57635131835937,66.57635131835937,219
2024-08-22 01:00:00,3.61,20.952545,17.342545166015626,17.342545166015626,220
2024-08-22 02:00:00,0.0,19.23621,19.236209869384766,19.236209869384766,220
2024-08-22 03:00:00,5.81,26.045166,20.235166015625,20.235166015625,220
2024-08-22 04:00:00,22.74,42.993275,20.253274688720705,20.253274688720705,220
2024-08-22 05:00:00,24.27,61.16369,36.89368865966797,36.89368865966797,220
2024-08-22 06:00:00,62.79,72.943214,10.153214416503907,10.153214416503907,220
2024-08-22 07:00:00,51.5,68.99373,17.493728637695312,17.493728637695312,220
2024-08-22 08:00:00,11.72,57.69363,45.97363021850586,45.97363021850586,220
2024-08-22 09:00:00,0.0,47.56627,47.56626892089844,47.56626892089844,220
2024-08-22 10:00:00,-0.01,41.266544,41.276544342041014,41.276544342041014,220
2024-08-22 11:00:00,-2.56,36.5618,39.12179809570313,39.12179809570313,220
2024-08-22 12:00:00,-1.37,36.191956,37.56195556640625,37.56195556640625,220
2024-08-22 13:00:00,-0.01,38.097572,38.107572326660154,38.107572326660154,220
2024-08-22 14:00:00,0.01,49.288364,49.27836441040039,49.27836441040039,220
2024-08-22 15:00:00,25.99,67.87163,41.88162780761719,41.88162780761719,220
2024-08-22 16:00:00,86.31,88.17979,1.869786682128904,1.869786682128904,220
2024-08-22 17:00:00,117.49,105.935715,-11.554285278320307,11.554285278320307,220
2024-08-22 18:00:00,118.94,110.75794,-8.182057800292966,8.182057800292966,220
2024-08-22 19:00:00,112.96,100.96921,-11.990792236328119,11.990792236328119,220
2024-08-22 20:00:00,97.31,84.738304,-12.571695861816409,12.571695861816409,220
2024-08-22 21:00:00,81.51,72.479836,-9.030164489746099,9.030164489746099,220
2024-08-22 22:00:00,55.4,64.16137,8.76136932373047,8.76136932373047,220
2024-08-22 23:00:00,42.05,60.368954,18.318953704833987,18.318953704833987,220
2024-08-23 00:00:00,37.42,53.480125,16.060125427246092,16.060125427246092,220
2024-08-23 01:00:00,25.61,8.022666,-17.587334022521972,17.587334022521972,221
2024-08-23 02:00:00,11.2,7.034179,-4.1658207893371575,4.1658207893371575,221
2024-08-23 03:00:00,11.84,15.759089,3.919089469909668,3.919089469909668,221
2024-08-23 04:00:00,21.5,35.45124,13.951240539550781,13.951240539550781,221
2024-08-23 05:00:00,28.12,55.406002,27.286002044677733,27.286002044677733,221
2024-08-23 06:00:00,13.08,67.882324,54.80232421875,54.80232421875,221
2024-08-23 07:00:00,0.06,61.295624,61.23562377929687,61.23562377929687,221
2024-08-23 08:00:00,0.07,45.58029,45.510291748046875,45.510291748046875,221
2024-08-23 09:00:00,0.0,31.088505,31.088504791259766,31.088504791259766,221
2024-08-23 10:00:00,-0.98,21.536095,22.516094665527344,22.516094665527344,221
2024-08-23 11:00:00,-5.75,14.5832205,20.33322048187256,20.33322048187256,221
2024-08-23 12:00:00,-8.98,13.170325,22.15032527923584,22.15032527923584,221
2024-08-23 13:00:00,-4.33,15.82804,20.158040122985838,20.158040122985838,221
2024-08-23 14:00:00,0.0,30.016136,30.016136169433594,30.016136169433594,221
2024-08-23 15:00:00,7.58,53.095642,45.51564208984375,45.51564208984375,221
2024-08-23 16:00:00,57.67,78.39112,20.72112091064453,20.72112091064453,221
2024-08-23 17:00:00,105.49,100.74459,-4.745409240722651,4.745409240722651,221
2024-08-23 18:00:00,112.83,107.17651,-5.653486328124998,5.653486328124998,221
2024-08-23 19:00:00,123.9,96.0911,-27.80889739990235,27.80889739990235,221
2024-08-23 20:00:00,120.1,77.13921,-42.960786437988276,42.960786437988276,221
2024-08-23 21:00:00,102.53,62.904102,-39.62589767456055,39.62589767456055,221
2024-08-23 22:00:00,91.78,53.884537,-37.89546325683594,37.89546325683594,221
2024-08-23 23:00:00,58.11,49.879395,-8.23060546875,8.23060546875,221
2024-08-24 00:00:00,52.84,42.132168,-10.707832183837894,10.707832183837894,221
2024-08-24 01:00:00,46.45,27.354645,-19.095355224609378,19.095355224609378,222
2024-08-24 02:00:00,48.58,18.305527,-30.27447326660156,30.27447326660156,222
2024-08-24 03:00:00,47.04,14.255351,-32.784648933410644,32.784648933410644,222
2024-08-24 04:00:00,46.02,19.773544,-26.246455688476566,26.246455688476566,222
2024-08-24 05:00:00,38.98,29.189678,-9.790321807861325,9.790321807861325,222
2024-08-24 06:00:00,34.27,38.48447,4.2144703674316375,4.2144703674316375,222
2024-08-24 07:00:00,15.0,34.064545,19.064544677734375,19.064544677734375,222
2024-08-24 08:00:00,0.0,21.116158,21.11615753173828,21.11615753173828,222
2024-08-24 09:00:00,-6.75,6.6077113,13.35771131515503,13.35771131515503,222
2024-08-24 10:00:00,-18.41,-5.460465,12.94953504562378,12.94953504562378,222
2024-08-24 11:00:00,-38.33,-14.489114,23.840886192321776,23.840886192321776,222
2024-08-24 12:00:00,-41.39,-18.60691,22.783089294433594,22.783089294433594,222
2024-08-24 13:00:00,-20.91,-17.76886,3.14114013671875,3.14114013671875,222
2024-08-24 14:00:00,-1.01,-5.9058843,-4.895884265899658,4.895884265899658,222
2024-08-24 15:00:00,3.32,14.440986,11.120985679626465,11.120985679626465,222
2024-08-24 16:00:00,16.77,40.46642,23.696419219970704,23.696419219970704,222
2024-08-24 17:00:00,62.33,68.95486,6.6248568725585955,6.6248568725585955,222
2024-08-24 18:00:00,69.2,86.61795,17.417950439453122,17.417950439453122,222
2024-08-24 19:00:00,72.6,86.912766,14.312765502929693,14.312765502929693,222
2024-08-24 20:00:00,68.68,75.47263,6.792633361816399,6.792633361816399,222
2024-08-24 21:00:00,54.33,60.701622,6.3716220092773455,6.3716220092773455,222
2024-08-24 22:00:00,7.72,46.86683,39.14682891845703,39.14682891845703,222
2024-08-24 23:00:00,4.94,36.714035,31.774035034179686,31.774035034179686,222
2024-08-25 00:00:00,1.62,24.676552,23.056551818847655,23.056551818847655,222
2024-08-25 01:00:00,0.51,11.851317,11.341317405700684,11.341317405700684,223
2024-08-25 02:00:00,1.05,1.9300761,0.8800761222839355,0.8800761222839355,223
2024-08-25 03:00:00,1.73,-3.9572988,-5.687298755645752,5.687298755645752,223
2024-08-25 04:00:00,2.15,-0.7023855,-2.8523854851722716,2.8523854851722716,223
2024-08-25 05:00:00,0.04,7.1966624,7.156662425994873,7.156662425994873,223
2024-08-25 06:00:00,0.29,16.860638,16.570637664794923,16.570637664794923,223
2024-08-25 07:00:00,-1.29,14.499862,15.78986171722412,15.78986171722412,223
2024-08-25 08:00:00,-5.61,6.2033305,11.813330516815185,11.813330516815185,223
2024-08-25 09:00:00,-7.16,1.1801219,8.340121898651123,8.340121898651123,223
2024-08-25 10:00:00,-5.02,-1.2334447,3.786555309295654,3.786555309295654,223
2024-08-25 11:00:00,-7.51,-2.644051,4.86594892501831,4.86594892501831,223
2024-08-25 12:00:00,-16.7,-0.44269612,16.257303875684737,16.257303875684737,223
2024-08-25 13:00:00,-9.43,4.527427,13.957427196502685,13.957427196502685,223
2024-08-25 14:00:00,-0.6,18.355396,18.955396270751955,18.955396270751955,223
2024-08-25 15:00:00,0.44,39.201088,38.76108795166016,38.76108795166016,223
2024-08-25 16:00:00,14.2,62.161674,47.961674499511716,47.961674499511716,223
2024-08-25 17:00:00,71.41,87.36564,15.95563873291016,15.95563873291016,223
2024-08-25 18:00:00,94.02,103.33239,9.312389831542973,9.312389831542973,223
2024-08-25 19:00:00,109.91,103.88571,-6.024288330078122,6.024288330078122,223
2024-08-25 20:00:00,102.88,95.146835,-7.733164672851558,7.733164672851558,223
2024-08-25 21:00:00,93.53,83.53997,-9.990029602050782,9.990029602050782,223
2024-08-25 22:00:00,58.11,72.38855,14.2785498046875,14.2785498046875,223
2024-08-25 23:00:00,54.03,65.01023,10.980231018066405,10.980231018066405,223
2024-08-26 00:00:00,49.84,55.150993,5.310993347167965,5.310993347167965,223
2024-08-26 01:00:00,37.63,33.51071,-4.119288330078128,4.119288330078128,224
2024-08-26 02:00:00,34.79,31.710968,-3.079031982421874,3.079031982421874,224
2024-08-26 03:00:00,52.06,36.638405,-15.421595153808596,15.421595153808596,224
2024-08-26 04:00:00,57.04,49.784077,-7.255923309326171,7.255923309326171,224
2024-08-26 05:00:00,64.99,61.922703,-3.0672972106933543,3.0672972106933543,224
2024-08-26 06:00:00,95.76,69.04016,-26.719838867187505,26.719838867187505,224
2024-08-26 07:00:00,83.06,61.47272,-21.587278900146487,21.587278900146487,224
2024-08-26 08:00:00,45.8,47.03079,1.2307884216308622,1.2307884216308622,224
2024-08-26 09:00:00,48.2,34.93338,-13.266619873046878,13.266619873046878,224
2024-08-26 10:00:00,29.87,27.63189,-2.2381106567382822,2.2381106567382822,224
2024-08-26 11:00:00,24.02,22.466705,-1.5532946777343746,1.5532946777343746,224
2024-08-26 12:00:00,43.72,22.856396,-20.863604278564452,20.863604278564452,224
2024-08-26 13:00:00,54.3,27.008278,-27.29172210693359,27.29172210693359,224
2024-08-26 14:00:00,61.97,42.77117,-19.19882843017578,19.19882843017578,224
2024-08-26 15:00:00,85.34,66.69289,-18.64711364746094,18.64711364746094,224
2024-08-26 16:00:00,110.78,92.21776,-18.562241821289064,18.562241821289064,224
2024-08-26 17:00:00,120.0,113.83916,-6.1608428955078125,6.1608428955078125,224
2024-08-26 18:00:00,127.04,120.38093,-6.659071960449225,6.659071960449225,224
2024-08-26 19:00:00,114.97,110.47885,-4.491148681640624,4.491148681640624,224
2024-08-26 20:00:00,111.24,94.050674,-17.189325561523432,17.189325561523432,224
2024-08-26 21:00:00,94.09,82.21778,-11.872218933105472,11.872218933105472,224
2024-08-26 22:00:00,98.77,74.54681,-24.223193664550777,24.223193664550777,224
2024-08-26 23:00:00,84.15,71.2696,-12.880400085449224,12.880400085449224,224
2024-08-27 00:00:00,68.17,64.287964,-3.8820361328125017,3.8820361328125017,224
2024-08-27 01:00:00,57.11,24.847546,-32.2624543762207,32.2624543762207,225
2024-08-27 02:00:00,45.11,18.46114,-26.64886032104492,26.64886032104492,225
2024-08-27 03:00:00,47.98,19.385662,-28.594337921142575,28.594337921142575,225
2024-08-27 04:00:00,63.02,32.251812,-30.76818801879883,30.76818801879883,225
2024-08-27 05:00:00,74.69,47.551662,-27.13833755493164,27.13833755493164,225
2024-08-27 06:00:00,89.75,60.960094,-28.789905548095703,28.789905548095703,225
2024-08-27 07:00:00,79.48,57.448593,-22.031406860351566,22.031406860351566,225
2024-08-27 08:00:00,54.22,44.313072,-9.906927795410155,9.906927795410155,225
2024-08-27 09:00:00,30.59,30.878433,0.28843322753906264,0.28843322753906264,225
2024-08-27 10:00:00,8.03,20.832642,12.8026416015625,12.8026416015625,225
2024-08-27 11:00:00,4.79,13.561957,8.771957359313966,8.771957359313966,225
2024-08-27 12:00:00,5.4,11.330558,5.930557823181152,5.930557823181152,225
2024-08-27 13:00:00,28.09,10.820395,-17.269604530334473,17.269604530334473,225
2024-08-27 14:00:00,56.0,20.92754,-35.07246017456055,35.07246017456055,225
2024-08-27 15:00:00,87.95,41.23329,-46.71670837402344,46.71670837402344,225
2024-08-27 16:00:00,114.0,68.30148,-45.698516845703125,45.698516845703125,225
2024-08-27 17:00:00,123.85,98.836555,-25.013444519042963,25.013444519042963,225
2024-08-27 18:00:00,125.14,117.56674,-7.573258056640626,7.573258056640626,225
2024-08-27 19:00:00,121.35,117.223595,-4.126405334472651,4.126405334472651,225
2024-08-27 20:00:00,106.69,106.4164,-0.2736029052734352,0.2736029052734352,225
2024-08-27 21:00:00,94.2,95.33266,1.1326568603515597,1.1326568603515597,225
2024-08-27 22:00:00,92.13,86.00733,-6.122668151855464,6.122668151855464,225
2024-08-27 23:00:00,92.39,81.84343,-10.546570434570313,10.546570434570313,225
2024-08-28 00:00:00,87.18,73.69465,-13.485351257324226,13.485351257324226,225
2024-08-28 01:00:00,85.96,41.7607,-44.199299774169916,44.199299774169916,226
2024-08-28 02:00:00,79.71,39.605087,-40.104912719726556,40.104912719726556,226
2024-08-28 03:00:00,86.05,45.39252,-40.65747909545898,40.65747909545898,226
2024-08-28 04:00:00,99.34,60.985016,-38.35498413085938,38.35498413085938,226
2024-08-28 05:00:00,124.28,75.38786,-48.892136840820314,48.892136840820314,226
2024-08-28 06:00:00,120.76,83.68158,-37.078420410156255,37.078420410156255,226
2024-08-28 07:00:00,105.89,76.43751,-29.45249237060547,29.45249237060547,226
2024-08-28 08:00:00,89.42,62.19845,-27.221551818847658,27.221551818847658,226
2024-08-28 09:00:00,71.72,49.62252,-22.097479553222655,22.097479553222655,226
2024-08-28 10:00:00,41.85,41.705658,-0.14434204101562642,0.14434204101562642,226
2024-08-28 11:00:00,17.91,35.50139,17.591388549804687,17.591388549804687,226
2024-08-28 12:00:00,18.12,33.281975,15.161974792480468,15.161974792480468,226
2024-08-28 13:00:00,56.85,31.789318,-25.060681915283205,25.060681915283205,226
2024-08-28 14:00:00,82.0,40.88308,-41.116920471191406,41.116920471191406,226
2024-08-28 15:00:00,94.38,60.071304,-34.30869567871093,34.30869567871093,226
2024-08-28 16:00:00,108.26,85.75111,-22.508893737792974,22.508893737792974,226
2024-08-28 17:00:00,123.16,112.366165,-10.793834838867184,10.793834838867184,226
2024-08-28 18:00:00,125.78,125.91562,0.13561889648437386,0.13561889648437386,226
2024-08-28 19:00:00,126.28,121.74173,-4.538270263671876,4.538270263671876,226
2024-08-28 20:00:00,113.9,109.084816,-4.815184020996099,4.815184020996099,226
2024-08-28 21:00:00,102.27,97.871704,-4.398295898437496,4.398295898437496,226
2024-08-28 22:00:00,95.04,88.99533,-6.044669189453131,6.044669189453131,226
2024-08-28 23:00:00,94.91,85.169304,-9.740696105957028,9.740696105957028,226
2024-08-29 00:00:00,89.29,77.95124,-11.338759460449225,11.338759460449225,226
2024-08-29 01:00:00,89.28,52.653584,-36.62641647338867,36.62641647338867,227
2024-08-29 02:00:00,90.05,51.373035,-38.676964569091794,38.676964569091794,227
2024-08-29 03:00:00,94.76,58.127834,-36.632165679931646,36.632165679931646,227
2024-08-29 04:00:00,102.81,74.18451,-28.625490722656252,28.625490722656252,227
2024-08-29 05:00:00,124.05,92.03525,-32.01475219726562,32.01475219726562,227
2024-08-29 06:00:00,126.24,104.48121,-21.758791198730464,21.758791198730464,227
2024-08-29 07:00:00,108.79,104.345116,-4.4448843383789125,4.4448843383789125,227
2024-08-29 08:00:00,92.35,97.0799,4.729902648925787,4.729902648925787,227
2024-08-29 09:00:00,84.68,86.90328,2.223282165527337,2.223282165527337,227
2024-08-29 10:00:00,66.98,78.923096,11.943095703124996,11.943095703124996,227
2024-08-29 11:00:00,48.09,72.38347,24.293468627929684,24.293468627929684,227
2024-08-29 12:00:00,55.06,69.88844,14.82844299316406,14.82844299316406,227
2024-08-29 13:00:00,80.79,67.93744,-12.852561035156256,12.852561035156256,227
2024-08-29 14:00:00,91.01,71.97451,-19.03548980712891,19.03548980712891,227
2024-08-29 15:00:00,105.95,82.61005,-23.339953613281253,23.339953613281253,227
2024-08-29 16:00:00,117.89,96.97975,-20.910248413085938,20.910248413085938,227
2024-08-29 17:00:00,128.18,111.88327,-16.296729736328132,16.296729736328132,227
2024-08-29 18:00:00,131.99,118.553154,-13.43684600830079,13.43684600830079,227
2024-08-29 19:00:00,133.14,114.55864,-18.5813604736328,18.5813604736328,227
2024-08-29 20:00:00,124.04,104.37245,-19.667548217773444,19.667548217773444,227
2024-08-29 21:00:00,105.59,96.163414,-9.42658599853516,9.42658599853516,227
2024-08-29 22:00:00,101.67,88.91095,-12.759050292968752,12.759050292968752,227
2024-08-29 23:00:00,91.03,85.42125,-5.608750610351564,5.608750610351564,227
2024-08-30 00:00:00,91.18,79.810036,-11.3699642944336,11.3699642944336,227
2024-08-30 01:00:00,78.26,52.571575,-25.688424835205083,25.688424835205083,228
2024-08-30 02:00:00,71.9,49.24282,-22.657179260253912,22.657179260253912,228
2024-08-30 03:00:00,76.71,52.124554,-24.585446319580072,24.585446319580072,228
2024-08-30 04:00:00,86.38,63.354553,-23.025446777343745,23.025446777343745,228
2024-08-30 05:00:00,106.33,80.26033,-26.069669799804686,26.069669799804686,228
2024-08-30 06:00:00,123.92,95.18849,-28.73150817871094,28.73150817871094,228
2024-08-30 07:00:00,113.7,100.968925,-12.731074523925784,12.731074523925784,228
2024-08-30 08:00:00,98.33,99.785866,1.455865783691408,1.455865783691408,228
2024-08-30 09:00:00,90.02,92.488266,2.4682659912109415,2.4682659912109415,228
2024-08-30 10:00:00,86.64,84.34095,-2.2990499877929693,2.2990499877929693,228
2024-08-30 11:00:00,80.97,78.26958,-2.7004229736328114,2.7004229736328114,228
2024-08-30 12:00:00,79.9,76.416214,-3.483786010742193,3.483786010742193,228
2024-08-30 13:00:00,83.44,75.28683,-8.153172912597654,8.153172912597654,228
2024-08-30 14:00:00,87.65,76.993034,-10.656965637207037,10.656965637207037,228
2024-08-30 15:00:00,101.96,81.94735,-20.01265045166015,20.01265045166015,228
2024-08-30 16:00:00,110.74,88.77135,-21.968652954101557,21.968652954101557,228
2024-08-30 17:00:00,121.78,95.88201,-25.897988586425782,25.897988586425782,228
2024-08-30 18:00:00,105.31,98.20627,-7.103731689453127,7.103731689453127,228
2024-08-30 19:00:00,103.67,93.29598,-10.374017639160158,10.374017639160158,228
2024-08-30 20:00:00,97.24,82.36224,-14.877756347656245,14.877756347656245,228
2024-08-30 21:00:00,95.77,72.743355,-23.026645202636715,23.026645202636715,228
2024-08-30 22:00:00,105.18,64.11959,-41.06040924072266,41.06040924072266,228
2024-08-30 23:00:00,88.83,58.319256,-30.510744171142576,30.510744171142576,228
2024-08-31 00:00:00,80.53,51.85244,-28.677560119628907,28.677560119628907,228
2024-08-31 01:00:00,68.04,53.574696,-14.465304412841803,14.465304412841803,229
2024-08-31 02:00:00,55.77,49.63945,-6.130549926757816,6.130549926757816,229
2024-08-31 03:00:00,59.27,47.881874,-11.388125915527347,11.388125915527347,229
2024-08-31 04:00:00,67.22,50.08663,-17.133368225097655,17.133368225097655,229
2024-08-31 05:00:00,67.17,52.782497,-14.387502593994142,14.387502593994142,229
2024-08-31 06:00:00,85.69,55.291008,-30.39899200439453,30.39899200439453,229
2024-08-31 07:00:00,84.92,50.923313,-33.99668685913086,33.99668685913086,229
2024-08-31 08:00:00,60.13,42.978405,-17.151595001220706,17.151595001220706,229
2024-08-31 09:00:00,18.34,34.90352,16.563518676757813,16.563518676757813,229
2024-08-31 10:00:00,9.06,28.028065,18.9680647277832,18.9680647277832,229
2024-08-31 11:00:00,10.86,22.544754,11.684754028320313,11.684754028320313,229
2024-08-31 12:00:00,14.02,19.48573,5.465729217529297,5.465729217529297,229
2024-08-31 13:00:00,17.78,19.451996,1.6719958496093739,1.6719958496093739,229
2024-08-31 14:00:00,24.81,26.399826,1.5898260498046888,1.5898260498046888,229
2024-08-31 15:00:00,76.3,37.505753,-38.794247436523435,38.794247436523435,229
2024-08-31 16:00:00,108.59,51.260292,-57.32970794677735,57.32970794677735,229
2024-08-31 17:00:00,120.38,66.750854,-53.629145507812495,53.629145507812495,229
2024-08-31 18:00:00,123.32,76.76007,-46.55992919921874,46.55992919921874,229
2024-08-31 19:00:00,109.69,77.9873,-31.70270294189453,31.70270294189453,229
2024-08-31 20:00:00,101.58,73.16709,-28.412908630371092,28.412908630371092,229
2024-08-31 21:00:00,90.57,66.15128,-24.418716735839837,24.418716735839837,229
2024-08-31 22:00:00,94.02,58.950054,-35.069945831298824,35.069945831298824,229
2024-08-31 23:00:00,85.99,53.49545,-32.494550933837886,32.494550933837886,229
2024-09-01 00:00:00,80.37,46.795425,-33.57457458496094,33.57457458496094,229
2024-09-01 01:00:00,68.61,27.693718,-40.91628204345703,40.91628204345703,230
2024-09-01 02:00:00,56.17,21.049042,-35.12095825195313,35.12095825195313,230
2024-09-01 03:00:00,53.86,16.722061,-37.13793884277344,37.13793884277344,230
2024-09-01 04:00:00,56.44,17.69402,-38.745980682373045,38.745980682373045,230
2024-09-01 05:00:00,57.05,20.577473,-36.47252731323242,36.47252731323242,230
2024-09-01 06:00:00,60.63,24.465298,-36.16470230102539,36.16470230102539,230
2024-09-01 07:00:00,41.27,19.529766,-21.74023391723633,21.74023391723633,230
2024-09-01 08:00:00,12.73,10.721656,-2.0083441543579106,2.0083441543579106,230
2024-09-01 09:00:00,8.09,4.09584,-3.9941600227355956,3.9941600227355956,230
2024-09-01 10:00:00,8.81,-0.04257253,-8.852572531849146,8.852572531849146,230
2024-09-01 11:00:00,4.39,-2.503693,-6.893693103790283,6.893693103790283,230
2024-09-01 12:00:00,9.6,-2.4942098,-12.094209766387939,12.094209766387939,230
2024-09-01 13:00:00,10.87,1.3465648,-9.523435230255126,9.523435230255126,230
2024-09-01 14:00:00,28.98,12.846358,-16.13364170074463,16.13364170074463,230
2024-09-01 15:00:00,81.37,28.61765,-52.752350921630864,52.752350921630864,230
2024-09-01 16:00:00,99.64,45.22177,-54.418228759765626,54.418228759765626,230
2024-09-01 17:00:00,123.6,63.04811,-60.55188903808593,60.55188903808593,230
2024-09-01 18:00:00,127.02,73.820915,-53.19908477783203,53.19908477783203,230
2024-09-01 19:00:00,111.31,74.72419,-36.58581024169922,36.58581024169922,230
2024-09-01 20:00:00,104.73,69.53655,-35.193447570800785,35.193447570800785,230
2024-09-01 21:00:00,91.5,62.239132,-29.260868072509766,29.260868072509766,230
2024-09-01 22:00:00,92.74,55.940567,-36.79943298339843,36.79943298339843,230
2024-09-01 23:00:00,95.13,51.093792,-44.036208038330074,44.036208038330074,230
2024-09-02 00:00:00,92.5,44.033215,-48.4667854309082,48.4667854309082,230
2024-09-02 01:00:00,92.59,7.0091777,-85.58082231521607,85.58082231521607,231
2024-09-02 02:00:00,87.22,7.8091197,-79.4108802986145,79.4108802986145,231
2024-09-02 03:00:00,93.79,20.130768,-73.65923217773438,73.65923217773438,231
2024-09-02 04:00:00,102.96,43.876095,-59.08390518188476,59.08390518188476,231
2024-09-02 05:00:00,121.88,67.402626,-54.47737396240234,54.47737396240234,231
2024-09-02 06:00:00,131.52,78.96676,-52.55324127197267,52.55324127197267,231
2024-09-02 07:00:00,122.64,69.946434,-52.69356597900391,52.69356597900391,231
2024-09-02 08:00:00,102.83,52.484474,-50.34552581787109,50.34552581787109,231
2024-09-02 09:00:00,90.98,39.26453,-51.71546981811524,51.71546981811524,231
2024-09-02 10:00:00,85.62,32.058857,-53.561143035888676,53.561143035888676,231
2024-09-02 11:00:00,82.25,25.759567,-56.49043273925781,56.49043273925781,231
2024-09-02 12:00:00,85.03,24.827717,-60.20228317260742,60.20228317260742,231
2024-09-02 13:00:00,91.9,27.897953,-64.00204696655274,64.00204696655274,231
2024-09-02 14:00:00,95.97,44.91881,-51.051188201904296,51.051188201904296,231
2024-09-02 15:00:00,104.9,72.0266,-32.87339630126954,32.87339630126954,231
2024-09-02 16:00:00,122.09,101.11392,-20.97607788085938,20.97607788085938,231
2024-09-02 17:00:00,130.0,123.02898,-6.9710235595703125,6.9710235595703125,231
2024-09-02 18:00:00,138.0,124.518234,-13.481765747070312,13.481765747070312,231
2024-09-02 19:00:00,134.53,104.16048,-30.36952331542969,30.36952331542969,231
2024-09-02 20:00:00,116.54,73.85837,-42.68163208007813,42.68163208007813,231
2024-09-02 21:00:00,104.94,50.644516,-54.29548400878906,54.29548400878906,231
2024-09-02 22:00:00,99.72,34.36052,-65.35948059082031,65.35948059082031,231
2024-09-02 23:00:00,91.84,24.701843,-67.13815673828125,67.13815673828125,231
2024-09-03 00:00:00,90.75,12.629416,-78.12058353424072,78.12058353424072,231
2024-09-03 01:00:00,87.29,5.364471,-81.92552904129029,81.92552904129029,232
2024-09-03 02:00:00,87.07,12.110961,-74.95903903961181,74.95903903961181,232
2024-09-03 03:00:00,93.46,28.16203,-65.29797073364257,65.29797073364257,232
2024-09-03 04:00:00,106.19,50.786392,-55.403607788085935,55.403607788085935,232
2024-09-03 05:00:00,124.64,67.71872,-56.921280517578126,56.921280517578126,232
2024-09-03 06:00:00,133.95,73.53463,-60.415370178222645,60.415370178222645,232
2024-09-03 07:00:00,115.98,60.588852,-55.39114807128907,55.39114807128907,232
2024-09-03 08:00:00,98.88,40.490047,-58.38995254516601,58.38995254516601,232
2024-09-03 09:00:00,90.02,24.584457,-65.43554260253906,65.43554260253906,232
2024-09-03 10:00:00,85.0,14.152831,-70.84716892242432,70.84716892242432,232
2024-09-03 11:00:00,83.08,5.370231,-77.70976884841919,77.70976884841919,232
2024-09-03 12:00:00,84.68,2.4831157,-82.19688432693482,82.19688432693482,232
2024-09-03 13:00:00,87.2,6.3534923,-80.84650774002075,80.84650774002075,232
2024-09-03 14:00:00,93.82,24.22073,-69.59927017211913,69.59927017211913,232
2024-09-03 15:00:00,100.75,50.527195,-50.22280502319336,50.22280502319336,232
2024-09-03 16:00:00,109.03,76.61889,-32.41111114501953,32.41111114501953,232
2024-09-03 17:00:00,135.05,96.313095,-38.736904907226574,38.736904907226574,232
2024-09-03 18:00:00,131.0,97.69099,-33.30901336669922,33.30901336669922,232
2024-09-03 19:00:00,130.01,82.784584,-47.225415954589835,47.225415954589835,232
2024-09-03 20:00:00,126.57,61.01117,-65.55883056640624,65.55883056640624,232
2024-09-03 21:00:00,115.19,43.300465,-71.88953536987304,71.88953536987304,232
2024-09-03 22:00:00,108.38,31.472404,-76.90759552001953,76.90759552001953,232
2024-09-03 23:00:00,95.71,25.715523,-69.99447723388671,69.99447723388671,232
2024-09-04 00:00:00,91.15,18.185757,-72.9642433166504,72.9642433166504,232
2024-09-04 01:00:00,84.39,13.761748,-70.62825168609619,70.62825168609619,233
2024-09-04 02:00:00,78.27,23.846584,-54.42341567993164,54.42341567993164,233
2024-09-04 03:00:00,86.51,42.211906,-44.298093566894536,44.298093566894536,233
2024-09-04 04:00:00,104.73,64.32816,-40.40183685302735,40.40183685302735,233
2024-09-04 05:00:00,122.3,80.73893,-41.56107025146484,41.56107025146484,233
2024-09-04 06:00:00,127.42,86.20728,-41.21271697998047,41.21271697998047,233
2024-09-04 07:00:00,121.42,76.45605,-44.96395294189453,44.96395294189453,233
2024-09-04 08:00:00,107.21,60.699406,-46.51059432983398,46.51059432983398,233
2024-09-04 09:00:00,96.3,45.032127,-51.2678726196289,51.2678726196289,233
2024-09-04 10:00:00,92.41,32.495636,-59.91436401367187,59.91436401367187,233
2024-09-04 11:00:00,90.81,21.840733,-68.96926742553711,68.96926742553711,233
2024-09-04 12:00:00,89.82,17.763393,-72.05660659790038,72.05660659790038,233
2024-09-04 13:00:00,92.72,21.082188,-71.63781234741211,71.63781234741211,233
2024-09-04 14:00:00,95.01,37.027073,-57.982927093505864,57.982927093505864,233
2024-09-04 15:00:00,103.04,58.87602,-44.163981475830084,44.163981475830084,233
2024-09-04 16:00:00,133.75,78.85517,-54.89482879638672,54.89482879638672,233
2024-09-04 17:00:00,131.35,90.7706,-40.57940063476562,40.57940063476562,233
2024-09-04 18:00:00,122.81,86.41429,-36.395708618164065,36.395708618164065,233
2024-09-04 19:00:00,124.44,69.41163,-55.02837127685547,55.02837127685547,233
2024-09-04 20:00:00,110.97,45.8293,-65.14070007324219,65.14070007324219,233
2024-09-04 21:00:00,101.73,26.067196,-75.66280410766602,75.66280410766602,233
2024-09-04 22:00:00,101.27,10.8366995,-90.43330051422119,90.43330051422119,233
2024-09-04 23:00:00,94.6,1.921226,-92.67877397537231,92.67877397537231,233
2024-09-05 00:00:00,90.0,-5.917153,-95.91715288162231,95.91715288162231,233
2024-09-05 01:00:00,87.11,59.621437,-27.488562927246093,27.488562927246093,234
2024-09-05 02:00:00,78.4,60.719383,-17.680616760253912,17.680616760253912,234
2024-09-05 03:00:00,80.96,68.5902,-12.369797668457025,12.369797668457025,234
2024-09-05 04:00:00,87.1,82.6372,-4.462800598144526,4.462800598144526,234
2024-09-05 05:00:00,112.59,98.587,-14.00300201416016,14.00300201416016,234
2024-09-05 06:00:00,119.04,109.07867,-9.961333312988288,9.961333312988288,234
2024-09-05 07:00:00,97.68,110.17064,12.49063903808593,12.49063903808593,234
2024-09-05 08:00:00,84.2,104.685555,20.48555450439453,20.48555450439453,234
2024-09-05 09:00:00,80.62,94.27812,13.658121948242183,13.658121948242183,234
2024-09-05 10:00:00,84.81,84.28903,-0.5209680175781273,0.5209680175781273,234
2024-09-05 11:00:00,60.69,75.91972,15.22972351074219,15.22972351074219,234
2024-09-05 12:00:00,66.11,73.00253,6.892532958984376,6.892532958984376,234
2024-09-05 13:00:00,59.96,72.957275,12.997275390625,12.997275390625,234
2024-09-05 14:00:00,46.04,79.61371,33.57370849609375,33.57370849609375,234
2024-09-05 15:00:00,71.11,90.88991,19.779907836914063,19.779907836914063,234
2024-09-05 16:00:00,93.09,103.47541,10.385410461425778,10.385410461425778,234
2024-09-05 17:00:00,110.79,111.81738,1.0273828124999937,1.0273828124999937,234
2024-09-05 18:00:00,104.65,110.603195,5.953195190429682,5.953195190429682,234
2024-09-05 19:00:00,93.69,99.10468,5.4146829223632835,5.4146829223632835,234
2024-09-05 20:00:00,85.8,81.031654,-4.768345642089841,4.768345642089841,234
2024-09-05 21:00:00,76.78,66.27579,-10.504212646484376,10.504212646484376,234
2024-09-05 22:00:00,69.48,52.931522,-16.54847763061524,16.54847763061524,234
2024-09-05 23:00:00,62.51,43.86061,-18.649389038085936,18.649389038085936,234
2024-09-06 00:00:00,53.0,35.10964,-17.890361785888672,17.890361785888672,234
2024-09-06 01:00:00,50.12,23.214176,-26.905823822021482,26.905823822021482,235
2024-09-06 02:00:00,59.18,20.846886,-38.333114318847656,38.333114318847656,235
2024-09-06 03:00:00,70.51,24.513817,-45.99618316650391,45.99618316650391,235
2024-09-06 04:00:00,87.83,36.115932,-51.71406753540039,51.71406753540039,235
2024-09-06 05:00:00,105.06,51.390488,-53.669512329101565,53.669512329101565,235
2024-09-06 06:00:00,112.85,63.822422,-49.027577972412104,49.027577972412104,235
2024-09-06 07:00:00,100.5,64.62065,-35.87934875488281,35.87934875488281,235
2024-09-06 08:00:00,85.23,58.16705,-27.06295059204102,27.06295059204102,235
2024-09-06 09:00:00,78.63,47.458557,-31.171442871093745,31.171442871093745,235
2024-09-06 10:00:00,63.37,37.18389,-26.18610870361328,26.18610870361328,235
2024-09-06 11:00:00,46.22,29.68092,-16.539080352783202,16.539080352783202,235
2024-09-06 12:00:00,31.2,25.64685,-5.553149414062499,5.553149414062499,235
2024-09-06 13:00:00,46.14,24.907314,-21.23268569946289,21.23268569946289,235
2024-09-06 14:00:00,76.29,29.672588,-46.617411651611334,46.617411651611334,235
2024-09-06 15:00:00,88.92,38.940407,-49.979593200683595,49.979593200683595,235
2024-09-06 16:00:00,94.99,50.4742,-44.51579879760742,44.51579879760742,235
2024-09-06 17:00:00,104.41,62.458878,-41.951122436523434,41.951122436523434,235
2024-09-06 18:00:00,113.83,66.85753,-46.97247131347656,46.97247131347656,235
2024-09-06 19:00:00,101.41,61.225594,-40.184406433105465,40.184406433105465,235
2024-09-06 20:00:00,96.34,48.594883,-47.74511703491211,47.74511703491211,235
2024-09-06 21:00:00,93.09,36.526596,-56.563403930664066,56.563403930664066,235
2024-09-06 22:00:00,97.59,27.193378,-70.39662155151368,70.39662155151368,235
2024-09-06 23:00:00,92.0,20.70403,-71.29597091674805,71.29597091674805,235
2024-09-07 00:00:00,73.37,13.525115,-59.844884986877446,59.844884986877446,235
2024-09-07 01:00:00,56.72,22.754887,-33.96511337280273,33.96511337280273,236
2024-09-07 02:00:00,49.9,16.54226,-33.357740783691405,33.357740783691405,236
2024-09-07 03:00:00,53.12,11.812621,-41.307378883361814,41.307378883361814,236
2024-09-07 04:00:00,62.06,11.43621,-50.6237903213501,50.6237903213501,236
2024-09-07 05:00:00,70.11,14.93838,-55.17161975860596,55.17161975860596,236
2024-09-07 06:00:00,91.02,19.893864,-71.12613632202148,71.12613632202148,236
2024-09-07 07:00:00,77.95,18.879871,-59.0701286315918,59.0701286315918,236
2024-09-07 08:00:00,51.52,15.702243,-35.81775714874268,35.81775714874268,236
2024-09-07 09:00:00,14.54,13.951354,-0.5886459732055656,0.5886459732055656,236
2024-09-07 10:00:00,5.48,12.656768,7.176767845153808,7.176767845153808,236
2024-09-07 11:00:00,1.02,12.248923,11.228923301696778,11.228923301696778,236
2024-09-07 12:00:00,0.44,13.070434,12.630433616638184,12.630433616638184,236
2024-09-07 13:00:00,9.07,16.649548,7.579547576904297,7.579547576904297,236
2024-09-07 14:00:00,36.8,24.932873,-11.8671272277832,11.8671272277832,236
2024-09-07 15:00:00,50.24,35.446316,-14.793684234619143,14.793684234619143,236
2024-09-07 16:00:00,83.32,45.597824,-37.722175903320306,37.722175903320306,236
2024-09-07 17:00:00,115.57,56.861664,-58.70833618164062,58.70833618164062,236
2024-09-07 18:00:00,103.95,63.52718,-40.422820281982425,40.422820281982425,236
2024-09-07 19:00:00,88.23,62.606174,-25.623825531005863,25.623825531005863,236
2024-09-07 20:00:00,83.19,55.94296,-27.24704116821289,27.24704116821289,236
2024-09-07 21:00:00,89.44,46.555744,-42.88425582885742,42.88425582885742,236
2024-09-07 22:00:00,91.01,37.92231,-53.087690124511724,53.087690124511724,236
2024-09-07 23:00:00,75.6,30.507107,-45.092893218994135,45.092893218994135,236
2024-09-08 00:00:00,62.79,23.026134,-39.7638655090332,39.7638655090332,236
2024-09-08 01:00:00,41.43,19.180641,-22.249358825683593,22.249358825683593,237
2024-09-08 02:00:00,22.88,11.741797,-11.13820255279541,11.13820255279541,237
2024-09-08 03:00:00,14.26,6.442718,-7.817281970977783,7.817281970977783,237
2024-09-08 04:00:00,22.61,6.529716,-16.08028398513794,16.08028398513794,237
2024-09-08 05:00:00,16.13,11.250342,-4.879657630920409,4.879657630920409,237
2024-09-08 06:00:00,24.99,15.917048,-9.07295154571533,9.07295154571533,237
2024-09-08 07:00:00,17.41,12.825797,-4.584202919006348,4.584202919006348,237
2024-09-08 08:00:00,8.29,7.045135,-1.2448649787902824,1.2448649787902824,237
2024-09-08 09:00:00,0.44,3.1861644,2.746164379119873,2.746164379119873,237
2024-09-08 10:00:00,0.04,0.99334663,0.953346631526947,0.953346631526947,237
2024-09-08 11:00:00,0.0,0.205749,0.2057490050792694,0.2057490050792694,237
2024-09-08 13:00:00,2.09,0.5713038,-1.5186962151527403,1.5186962151527403,237
2024-09-08 14:00:00,14.86,4.5762324,-10.283767566680908,10.283767566680908,237
2024-09-08 15:00:00,13.47,14.284541,0.8145411300659173,0.8145411300659173,237
2024-09-08 16:00:00,36.22,27.30164,-8.918360443115233,8.918360443115233,237
2024-09-08 17:00:00,76.16,40.111557,-36.04844299316406,36.04844299316406,237
2024-09-08 18:00:00,101.13,52.13501,-48.994990234374995,48.994990234374995,237
2024-09-08 19:00:00,80.89,56.47318,-24.41682113647461,24.41682113647461,237
2024-09-08 20:00:00,80.66,50.92173,-29.73826995849609,29.73826995849609,237
2024-09-08 21:00:00,81.87,38.90998,-42.96001922607422,42.96001922607422,237
2024-09-08 22:00:00,52.24,26.08316,-26.156839599609377,26.156839599609377,237
2024-09-08 23:00:00,48.48,16.54166,-31.938339691162106,31.938339691162106,237
2024-09-09 00:00:00,44.16,7.960441,-36.199558887481686,36.199558887481686,237
2024-09-09 01:00:00,14.12,-0.9601293,-15.08012932062149,15.08012932062149,237
2024-09-09 02:00:00,20.64,-0.88455254,-21.52455253839493,21.52455253839493,238
2024-09-09 03:00:00,57.78,8.100287,-49.679712562561036,49.679712562561036,238
2024-09-09 04:00:00,75.54,22.098965,-53.4410353088379,53.4410353088379,238
2024-09-09 05:00:00,93.86,37.092396,-56.767604217529296,56.767604217529296,238
2024-09-09 06:00:00,106.35,46.603233,-59.74676666259765,59.74676666259765,238
2024-09-09 07:00:00,90.88,48.367313,-42.51268661499023,42.51268661499023,238
2024-09-09 08:00:00,70.1,38.178555,-31.921445465087885,31.921445465087885,238
2024-09-09 09:00:00,41.78,25.446041,-16.333958892822267,16.333958892822267,238
2024-09-09 10:00:00,31.53,15.900069,-15.62993076324463,15.62993076324463,238
2024-09-09 11:00:00,23.55,8.926322,-14.623678016662598,14.623678016662598,238
2024-09-09 12:00:00,7.72,3.306663,-4.413336963653564,4.413336963653564,238
2024-09-09 13:00:00,6.12,2.466308,-3.6536918830871583,3.6536918830871583,238
2024-09-09 14:00:00,9.54,9.341094,-0.19890598297119055,0.19890598297119055,238
2024-09-09 15:00:00,7.45,26.196735,18.74673538208008,18.74673538208008,238
2024-09-09 16:00:00,71.94,44.34059,-27.599408569335935,27.599408569335935,238
2024-09-09 17:00:00,116.5,56.511765,-59.98823547363281,59.98823547363281,238
2024-09-09 18:00:00,113.3,61.058197,-52.24180297851562,52.24180297851562,238
2024-09-09 19:00:00,96.31,53.535294,-42.77470642089844,42.77470642089844,238
2024-09-09 20:00:00,88.18,39.941326,-48.238673858642585,48.238673858642585,238
2024-09-09 21:00:00,80.0,22.957172,-57.04282760620117,57.04282760620117,238
2024-09-09 22:00:00,67.65,9.01084,-58.639159584045416,58.639159584045416,238
2024-09-09 23:00:00,60.31,-0.6880117,-60.9980117058754,60.9980117058754,238
2024-09-10 00:00:00,59.97,-6.4094853,-66.3794853401184,66.3794853401184,238
2024-09-10 01:00:00,24.82,-11.093957,-35.91395694732666,35.91395694732666,238
2024-09-10 02:00:00,16.26,7.6661525,-8.593847522735597,8.593847522735597,239
2024-09-10 03:00:00,16.71,27.308514,10.598513641357421,10.598513641357421,239
2024-09-10 04:00:00,39.57,49.087368,9.517368011474609,9.517368011474609,239
2024-09-10 05:00:00,69.29,62.74541,-6.544589080810553,6.544589080810553,239
2024-09-10 06:00:00,85.83,63.254787,-22.57521255493164,22.57521255493164,239
2024-09-10 07:00:00,68.22,54.6552,-13.564799041748046,13.564799041748046,239
2024-09-10 08:00:00,55.17,38.6391,-16.53090087890625,16.53090087890625,239
2024-09-10 09:00:00,15.29,22.91166,7.621659240722657,7.621659240722657,239
2024-09-10 10:00:00,6.41,11.738326,5.328326072692871,5.328326072692871,239
2024-09-10 11:00:00,3.75,3.5945659,-0.15543413162231445,0.15543413162231445,239
2024-09-10 12:00:00,6.31,-2.9929357,-9.30293565750122,9.30293565750122,239
2024-09-10 13:00:00,3.04,-1.0695424,-4.109542407989502,4.109542407989502,239
2024-09-10 14:00:00,4.59,13.744712,9.154711875915527,9.154711875915527,239
2024-09-10 15:00:00,28.41,41.473217,13.063217010498047,13.063217010498047,239
2024-09-10 16:00:00,53.1,66.03375,12.933752441406249,12.933752441406249,239
2024-09-10 17:00:00,86.45,76.21421,-10.235789489746097,10.235789489746097,239
2024-09-10 18:00:00,85.23,71.606285,-13.62371490478516,13.62371490478516,239
2024-09-10 19:00:00,58.35,54.278294,-4.071706390380861,4.071706390380861,239
2024-09-10 20:00:00,77.8,37.487717,-40.31228332519531,40.31228332519531,239
2024-09-10 21:00:00,64.35,20.364979,-43.98502120971679,43.98502120971679,239
2024-09-10 22:00:00,15.24,7.1850047,-8.054995288848877,8.054995288848877,239
2024-09-10 23:00:00,0.0,-3.972855,-3.9728550910949707,3.9728550910949707,239
2024-09-11 01:00:00,0.06,-11.092935,-11.152934608459473,11.152934608459473,239
2024-09-11 02:00:00,0.0,-14.559014,-14.559014320373535,14.559014320373535,239
2024-09-11 04:00:00,20.68,11.170844,-9.509155921936035,9.509155921936035,240
2024-09-11 05:00:00,74.65,9.81787,-64.83212985992432,64.83212985992432,240
2024-09-11 06:00:00,99.92,13.53276,-86.38724033355713,86.38724033355713,240
2024-09-11 07:00:00,94.44,22.93404,-71.50595993041992,71.50595993041992,240
2024-09-11 08:00:00,70.38,32.446724,-37.933276062011714,37.933276062011714,240
2024-09-11 09:00:00,59.01,37.487305,-21.522695312499998,21.522695312499998,240
2024-09-11 10:00:00,51.61,30.374825,-21.235175476074218,21.235175476074218,240
2024-09-11 11:00:00,47.7,19.507412,-28.192588043212893,28.192588043212893,240
2024-09-11 12:00:00,45.0,12.05593,-32.94406986236572,32.94406986236572,240
2024-09-11 13:00:00,39.37,8.023978,-31.346021766662595,31.346021766662595,240
2024-09-11 14:00:00,48.13,5.3374553,-42.79254472732544,42.79254472732544,240
2024-09-11 15:00:00,54.52,5.175819,-49.344181079864505,49.344181079864505,240
2024-09-11 16:00:00,83.22,9.406554,-73.81344577789307,73.81344577789307,240
2024-09-11 17:00:00,102.41,21.594147,-80.81585327148437,80.81585327148437,240
2024-09-11 18:00:00,113.0,38.14765,-74.85234832763672,74.85234832763672,240
2024-09-11 19:00:00,100.08,53.564335,-46.51566513061523,46.51566513061523,240
2024-09-11 20:00:00,98.05,66.47832,-31.57168273925781,31.57168273925781,240
2024-09-11 21:00:00,92.84,68.74529,-24.094707336425785,24.094707336425785,240
2024-09-11 22:00:00,61.5,60.62953,-0.8704681396484375,0.8704681396484375,240
2024-09-11 23:00:00,58.88,47.243,-11.636999969482424,11.636999969482424,240
2024-09-12 00:00:00,71.42,35.405685,-36.014314575195314,36.014314575195314,240
2024-09-12 01:00:00,51.19,27.883976,-23.306024017333982,23.306024017333982,240
2024-09-12 02:00:00,32.61,22.891045,-9.71895538330078,9.71895538330078,240
2024-09-12 03:00:00,61.12,16.401348,-44.718651885986326,44.718651885986326,240
2024-09-12 04:00:00,85.03,33.39923,-51.63076904296875,51.63076904296875,241
2024-09-12 05:00:00,113.55,49.3848,-64.1652000427246,64.1652000427246,241
2024-09-12 06:00:00,120.75,62.47052,-58.27947998046875,58.27947998046875,241
2024-09-12 07:00:00,103.5,65.575874,-37.92412567138672,37.92412567138672,241
2024-09-12 08:00:00,84.51,57.329704,-27.180295715332036,27.180295715332036,241
2024-09-12 09:00:00,53.9,42.95082,-10.949179077148436,10.949179077148436,241
2024-09-12 10:00:00,59.0,31.19123,-27.80876922607422,27.80876922607422,241
2024-09-12 11:00:00,48.08,18.800522,-29.27947814941406,29.27947814941406,241
2024-09-12 12:00:00,34.0,9.757747,-24.242253303527832,24.242253303527832,241
2024-09-12 13:00:00,12.83,9.218272,-3.6117277908325196,3.6117277908325196,241
2024-09-12 14:00:00,9.33,17.136864,7.806863708496094,7.806863708496094,241
2024-09-12 15:00:00,23.32,34.389893,11.069892578125,11.069892578125,241
2024-09-12 16:00:00,62.91,59.940536,-2.969463500976559,2.969463500976559,241
2024-09-12 17:00:00,100.6,81.4541,-19.145898437499994,19.145898437499994,241
2024-09-12 18:00:00,101.46,94.125984,-7.3340158081054625,7.3340158081054625,241
2024-09-12 19:00:00,98.89,92.50323,-6.386772766113282,6.386772766113282,241
2024-09-12 20:00:00,93.53,83.32984,-10.20015838623047,10.20015838623047,241
2024-09-12 21:00:00,87.35,70.86651,-16.483491516113276,16.483491516113276,241
2024-09-12 22:00:00,76.05,59.12875,-16.921250152587888,16.921250152587888,241
2024-09-12 23:00:00,62.22,50.555023,-11.664976806640624,11.664976806640624,241
2024-09-13 00:00:00,43.48,44.168983,0.6889834594726594,0.6889834594726594,241
2024-09-13 01:00:00,7.17,40.101482,32.93148239135742,32.93148239135742,241
2024-09-13 02:00:00,1.42,36.902176,35.48217590332031,35.48217590332031,241
2024-09-13 03:00:00,41.0,41.621136,0.6211357116699219,0.6211357116699219,241
2024-09-13 04:00:00,76.5,37.3163,-39.18370056152344,39.18370056152344,242
2024-09-13 05:00:00,106.86,50.02015,-56.83985076904297,56.83985076904297,242
2024-09-13 06:00:00,118.58,60.08908,-58.49091918945312,58.49091918945312,242
2024-09-13 07:00:00,92.36,61.12844,-31.231559143066406,31.231559143066406,242
2024-09-13 08:00:00,54.8,53.157562,-1.6424377441406222,1.6424377441406222,242
2024-09-13 09:00:00,56.15,39.879547,-16.270452880859374,16.270452880859374,242
2024-09-13 10:00:00,35.03,28.317963,-6.712037353515626,6.712037353515626,242
2024-09-13 11:00:00,7.41,15.719306,8.309305992126465,8.309305992126465,242
2024-09-13 12:00:00,32.43,6.353832,-26.07616823196411,26.07616823196411,242
2024-09-13 13:00:00,4.45,7.8956027,3.4456027030944822,3.4456027030944822,242
2024-09-13 14:00:00,29.95,21.162582,-8.787417602539062,8.787417602539062,242
2024-09-13 15:00:00,40.69,45.511574,4.8215737915039085,4.8215737915039085,242
2024-09-13 16:00:00,83.7,75.881454,-7.818545532226565,7.818545532226565,242
2024-09-13 17:00:00,100.02,97.44832,-2.5716815185546835,2.5716815185546835,242
2024-09-13 18:00:00,94.25,106.63297,12.382972717285156,12.382972717285156,242
2024-09-13 19:00:00,85.29,102.380394,17.090393981933587,17.090393981933587,242
2024-09-13 20:00:00,81.97,92.99117,11.021172790527345,11.021172790527345,242
2024-09-13 21:00:00,71.56,82.25537,10.695371093749998,10.695371093749998,242
2024-09-13 22:00:00,56.7,72.48414,15.784138488769528,15.784138488769528,242
2024-09-13 23:00:00,54.0,64.9973,10.997299194335938,10.997299194335938,242
2024-09-14 00:00:00,49.86,58.834713,8.974712982177735,8.974712982177735,242
2024-09-14 01:00:00,45.98,55.450275,9.470275421142581,9.470275421142581,242
2024-09-14 02:00:00,49.08,53.446693,4.366693420410158,4.366693420410158,242
2024-09-14 03:00:00,44.85,58.592278,13.742277526855467,13.742277526855467,242
2024-09-14 04:00:00,55.07,33.604782,-21.465217895507813,21.465217895507813,243
2024-09-14 05:00:00,65.0,40.117306,-24.882694244384766,24.882694244384766,243
2024-09-14 06:00:00,68.86,40.525253,-28.334746704101562,28.334746704101562,243
2024-09-14 07:00:00,62.19,34.98207,-27.207929077148435,27.207929077148435,243
2024-09-14 08:00:00,39.78,22.91336,-16.866639404296876,16.866639404296876,243
2024-09-14 09:00:00,8.23,9.871928,1.641928215026855,1.641928215026855,243
2024-09-14 10:00:00,1.8,2.4170792,0.617079210281372,0.617079210281372,243
2024-09-14 11:00:00,0.79,-5.1430173,-5.933017292022705,5.933017292022705,243
2024-09-14 12:00:00,0.44,-11.313123,-11.753122749328613,11.753122749328613,243
2024-09-14 13:00:00,1.79,-9.587201,-11.377201118469237,11.377201118469237,243
2024-09-14 14:00:00,11.88,-1.2771956,-13.15719557285309,13.15719557285309,243
2024-09-14 15:00:00,26.27,15.363727,-10.906273384094238,10.906273384094238,243
2024-09-14 16:00:00,66.37,41.125576,-25.244423980712895,25.244423980712895,243
2024-09-14 17:00:00,89.55,66.81834,-22.73166351318359,22.73166351318359,243
2024-09-14 18:00:00,101.72,86.08394,-15.636061401367186,15.636061401367186,243
2024-09-14 19:00:00,74.45,88.41679,13.966786193847653,13.966786193847653,243
2024-09-14 20:00:00,87.99,81.65935,-6.330652465820307,6.330652465820307,243
2024-09-14 21:00:00,80.98,67.321846,-13.658153991699223,13.658153991699223,243
2024-09-14 22:00:00,61.7,50.814064,-10.885935974121097,10.885935974121097,243
2024-09-14 23:00:00,51.07,37.23305,-13.836948699951172,13.836948699951172,243
2024-09-15 00:00:00,37.17,27.57566,-9.594339294433595,9.594339294433595,243
2024-09-15 01:00:00,29.22,21.55706,-7.66293975830078,7.66293975830078,243
2024-09-15 02:00:00,28.7,16.130188,-12.56981201171875,12.56981201171875,243
2024-09-15 03:00:00,33.63,18.261963,-15.368037109375003,15.368037109375003,243
2024-09-15 04:00:00,37.77,33.922523,-3.847476501464847,3.847476501464847,244
2024-09-15 05:00:00,43.65,43.283207,-0.36679306030273295,0.36679306030273295,244
2024-09-15 06:00:00,32.48,47.494564,15.014564056396488,15.014564056396488,244
2024-09-15 07:00:00,13.23,44.61474,31.38473846435547,31.38473846435547,244
2024-09-15 08:00:00,10.92,36.259884,25.339883880615233,25.339883880615233,244
2024-09-15 09:00:00,0.07,27.029858,26.959857635498047,26.959857635498047,244
2024-09-15 10:00:00,0.0,22.032578,22.032577514648438,22.032577514648438,244
2024-09-15 11:00:00,-0.01,15.690364,15.700363883972168,15.700363883972168,244
2024-09-15 12:00:00,-0.36,9.445079,9.80507884979248,9.80507884979248,244
2024-09-15 13:00:00,0.0,10.037211,10.037211418151855,10.037211418151855,244
2024-09-15 14:00:00,0.16,18.35804,18.19803985595703,18.19803985595703,244
2024-09-15 15:00:00,7.02,36.391224,29.371223907470704,29.371223907470704,244
2024-09-15 16:00:00,37.61,63.318485,25.708485260009766,25.708485260009766,244
2024-09-15 17:00:00,49.85,86.575645,36.72564544677734,36.72564544677734,244
2024-09-15 18:00:00,65.08,100.233,35.15300170898438,35.15300170898438,244
2024-09-15 19:00:00,64.39,97.14394,32.75394378662109,32.75394378662109,244
2024-09-15 20:00:00,60.74,86.395164,25.65516448974609,25.65516448974609,244
2024-09-15 21:00:00,54.91,72.54751,17.637508239746097,17.637508239746097,244
2024-09-15 22:00:00,30.0,58.914818,28.914817810058594,28.914817810058594,244
2024-09-15 23:00:00,13.03,48.80821,35.77820846557617,35.77820846557617,244
2024-09-16 00:00:00,15.0,41.289364,26.289363861083984,26.289363861083984,244
2024-09-16 01:00:00,11.85,36.56911,24.719110870361327,24.719110870361327,244
2024-09-16 02:00:00,8.89,33.677013,24.787013397216796,24.787013397216796,244
2024-09-16 03:00:00,10.15,38.4569,28.30690155029297,28.30690155029297,244
2024-09-16 04:00:00,41.1,86.89478,45.79478302001953,45.79478302001953,245
2024-09-16 05:00:00,108.87,104.54477,-4.3252307128906295,4.3252307128906295,245
2024-09-16 06:00:00,119.15,111.19322,-7.956777954101568,7.956777954101568,245
2024-09-16 07:00:00,88.05,103.58906,15.539057922363284,15.539057922363284,245
2024-09-16 08:00:00,68.34,85.544464,17.20446411132812,17.20446411132812,245
2024-09-16 09:00:00,42.71,67.15741,24.44740966796875,24.44740966796875,245
2024-09-16 10:00:00,26.62,54.746387,28.126387481689452,28.126387481689452,245
2024-09-16 11:00:00,25.94,43.652256,17.71225601196289,17.71225601196289,245
2024-09-16 12:00:00,0.09,33.044693,32.95469299316406,32.95469299316406,245
2024-09-16 13:00:00,0.0,30.2122,30.212200164794922,30.212200164794922,245
2024-09-16 15:00:00,0.06,36.87404,36.81403869628906,36.81403869628906,245
2024-09-16 16:00:00,32.86,55.56819,22.708191528320313,22.708191528320313,245
2024-09-16 17:00:00,63.75,82.68877,18.938766479492188,18.938766479492188,245
2024-09-16 18:00:00,88.4,105.595856,17.19585571289062,17.19585571289062,245
2024-09-16 19:00:00,58.43,116.27351,57.84351379394531,57.84351379394531,245
2024-09-16 20:00:00,45.89,110.995346,65.10534606933594,65.10534606933594,245
2024-09-16 21:00:00,40.06,97.60623,57.54623168945312,57.54623168945312,245
2024-09-16 22:00:00,26.3,80.76755,54.46754760742188,54.46754760742188,245
2024-09-16 23:00:00,12.18,64.04904,51.869041748046875,51.869041748046875,245
2024-09-17 00:00:00,6.99,50.755512,43.765512237548826,43.765512237548826,245
2024-09-17 01:00:00,9.24,40.965313,31.72531295776367,31.72531295776367,245
2024-09-17 02:00:00,5.15,36.34241,31.192411041259767,31.192411041259767,245
2024-09-17 03:00:00,4.11,37.041775,32.93177474975586,32.93177474975586,245
2024-09-17 04:00:00,21.67,48.141743,26.471742706298826,26.471742706298826,245
2024-09-17 05:00:00,49.71,65.85274,16.14273742675781,16.14273742675781,246
2024-09-17 06:00:00,53.34,77.610054,24.270054016113278,24.270054016113278,246
2024-09-17 07:00:00,45.0,77.16422,32.164222717285156,32.164222717285156,246
2024-09-17 08:00:00,0.44,64.40027,63.9602685546875,63.9602685546875,246
2024-09-17 09:00:00,0.0,46.11735,46.11735153198242,46.11735153198242,246
2024-09-17 15:00:00,3.0,28.965656,25.965656280517578,25.965656280517578,246
2024-09-17 16:00:00,32.26,17.54559,-14.714410552978514,14.714410552978514,246
2024-09-17 17:00:00,50.76,5.467525,-45.29247499465942,45.29247499465942,246
2024-09-17 18:00:00,48.08,-3.2792327,-51.35923274040222,51.35923274040222,246
2024-09-17 19:00:00,45.9,0.24719559,-45.65280441343784,45.65280441343784,246
2024-09-17 20:00:00,57.3,15.565291,-41.734708595275876,41.734708595275876,246
2024-09-17 21:00:00,54.3,42.401283,-11.898716735839841,11.898716735839841,246
2024-09-17 22:00:00,43.67,71.324524,27.65452392578125,27.65452392578125,246
2024-09-17 23:00:00,59.53,88.6624,29.132399291992186,29.132399291992186,246
2024-09-18 00:00:00,49.39,91.690285,42.300284729003906,42.300284729003906,246
2024-09-18 01:00:00,12.84,79.271736,66.43173614501953,66.43173614501953,246
2024-09-18 02:00:00,13.64,61.72362,48.0836213684082,48.0836213684082,246
2024-09-18 03:00:00,45.58,44.691624,-0.8883763122558577,0.8883763122558577,246
2024-09-18 04:00:00,70.94,31.107124,-39.83287567138672,39.83287567138672,246
2024-09-18 05:00:00,84.78,20.793514,-63.98648574829102,63.98648574829102,246
2024-09-18 06:00:00,98.45,15.269015,-83.18098468780518,83.18098468780518,246
2024-09-18 07:00:00,78.64,17.366238,-61.27376235961914,61.27376235961914,246
2024-09-18 08:00:00,71.63,26.383953,-45.246046905517574,45.246046905517574,246
2024-09-18 09:00:00,12.91,43.87693,30.966930236816406,30.966930236816406,246
2024-09-18 10:00:00,5.49,21.58495,16.0949494934082,16.0949494934082,247
2024-09-18 11:00:00,0.0,15.2698965,15.269896507263184,15.269896507263184,247
2024-09-18 12:00:00,0.01,13.170604,13.16060375213623,13.16060375213623,247
2024-09-18 13:00:00,0.09,16.789879,16.699878845214844,16.699878845214844,247
2024-09-18 14:00:00,14.47,28.141071,13.671071319580077,13.671071319580077,247
2024-09-18 15:00:00,36.81,48.5138,11.703801574707029,11.703801574707029,247
2024-09-18 16:00:00,85.75,77.12975,-8.620246887207031,8.620246887207031,247
2024-09-18 17:00:00,120.01,101.49943,-18.51057220458985,18.51057220458985,247
2024-09-18 18:00:00,108.2,109.53428,1.3342788696289034,1.3342788696289034,247
2024-09-18 19:00:00,64.42,99.120544,34.70054443359375,34.70054443359375,247
2024-09-18 20:00:00,44.01,80.75589,36.74588989257813,36.74588989257813,247
2024-09-18 21:00:00,44.33,63.17591,18.845910949707033,18.845910949707033,247
2024-09-18 22:00:00,60.08,49.085503,-10.99449737548828,10.99449737548828,247
2024-09-18 23:00:00,42.36,33.371445,-8.988555297851562,8.988555297851562,247
2024-09-19 00:00:00,36.76,22.082928,-14.677072296142576,14.677072296142576,247
2024-09-19 01:00:00,18.94,12.93851,-6.001490058898927,6.001490058898927,247
2024-09-19 02:00:00,15.61,11.837573,-3.7724269485473627,3.7724269485473627,247
2024-09-19 03:00:00,48.48,22.731731,-25.748268585205075,25.748268585205075,247
2024-09-19 04:00:00,64.26,44.448025,-19.811975250244146,19.811975250244146,247
2024-09-19 05:00:00,86.62,71.450455,-15.169545288085942,15.169545288085942,247
2024-09-19 06:00:00,95.57,88.08134,-7.488663024902337,7.488663024902337,247
2024-09-19 07:00:00,86.7,88.8328,2.1328018188476534,2.1328018188476534,247
2024-09-19 08:00:00,74.81,78.627365,3.8173651123046852,3.8173651123046852,247
2024-09-19 09:00:00,25.25,64.52393,39.27393341064453,39.27393341064453,247
2024-09-19 10:00:00,4.97,25.77024,20.800240783691407,20.800240783691407,248
2024-09-19 11:00:00,0.02,22.856888,22.836887817382813,22.836887817382813,248
2024-09-19 12:00:00,0.0,24.216423,24.21642303466797,24.21642303466797,248
2024-09-19 13:00:00,0.02,31.265366,31.245365600585938,31.245365600585938,248
2024-09-19 14:00:00,20.4,47.50473,27.104730224609376,27.104730224609376,248
2024-09-19 15:00:00,65.43,71.0955,5.665497131347649,5.665497131347649,248
2024-09-19 16:00:00,82.36,98.08276,15.722763671875,15.722763671875,248
2024-09-19 17:00:00,112.34,116.26135,3.9213525390624966,3.9213525390624966,248
2024-09-19 18:00:00,112.65,117.75052,5.100518798828119,5.100518798828119,248
2024-09-19 19:00:00,88.99,107.13198,18.1419808959961,18.1419808959961,248
2024-09-19 20:00:00,88.97,94.06043,5.090432434082032,5.090432434082032,248
2024-09-19 21:00:00,78.87,83.59197,4.721972351074214,4.721972351074214,248
2024-09-19 22:00:00,38.24,77.150475,38.91047454833984,38.91047454833984,248
2024-09-19 23:00:00,33.23,67.49822,34.26822235107422,34.26822235107422,248
2024-09-20 00:00:00,50.59,58.997498,8.407497558593747,8.407497558593747,248
2024-09-20 01:00:00,43.32,51.868416,8.548415832519531,8.548415832519531,248
2024-09-20 02:00:00,32.96,52.650593,19.690592803955077,19.690592803955077,248
2024-09-20 03:00:00,31.45,63.224422,31.774422454833985,31.774422454833985,248
2024-09-20 04:00:00,59.25,78.74633,19.49633026123047,19.49633026123047,248
2024-09-20 05:00:00,85.5,92.938484,7.438484191894531,7.438484191894531,248
2024-09-20 06:00:00,94.86,96.079,1.2190023803710943,1.2190023803710943,248
2024-09-20 07:00:00,88.92,86.448,-2.4720019531250017,2.4720019531250017,248
2024-09-20 08:00:00,62.05,72.37825,10.328250122070315,10.328250122070315,248
2024-09-20 09:00:00,24.69,60.47123,35.78122955322266,35.78122955322266,248
2024-09-20 10:00:00,9.84,82.17724,72.33723846435547,72.33723846435547,249
2024-09-20 11:00:00,0.05,76.98446,76.93445892333985,76.93445892333985,249
2024-09-20 12:00:00,0.07,68.85456,68.78456085205079,68.78456085205079,249
2024-09-20 13:00:00,10.06,65.35438,55.29437774658203,55.29437774658203,249
2024-09-20 14:00:00,43.68,71.351845,27.671844787597657,27.671844787597657,249
2024-09-20 15:00:00,77.22,87.68121,10.461213378906251,10.461213378906251,249
2024-09-20 16:00:00,103.07,111.04932,7.979316406250007,7.979316406250007,249
2024-09-20 17:00:00,110.16,129.67773,19.517734375000003,19.517734375000003,249
2024-09-20 18:00:00,108.52,135.88963,27.36963317871094,27.36963317871094,249
2024-09-20 19:00:00,89.99,130.60966,40.61966491699219,40.61966491699219,249
2024-09-20 20:00:00,86.76,118.55541,31.795412292480464,31.795412292480464,249
2024-09-20 21:00:00,72.91,103.80839,30.89838775634766,30.89838775634766,249
2024-09-20 22:00:00,44.05,90.09813,46.04812927246094,46.04812927246094,249
2024-09-20 23:00:00,38.58,76.540726,37.960725708007814,37.960725708007814,249
2024-09-21 00:00:00,32.94,64.63436,31.694361267089846,31.694361267089846,249
2024-09-21 01:00:00,47.42,53.328083,5.908083038330076,5.908083038330076,249
2024-09-21 02:00:00,24.26,49.82556,25.5655615234375,25.5655615234375,249
2024-09-21 03:00:00,22.44,53.02418,30.584181365966796,30.584181365966796,249
2024-09-21 04:00:00,49.03,59.18873,10.15872833251953,10.15872833251953,249
2024-09-21 05:00:00,26.28,62.168266,35.88826629638672,35.88826629638672,249
2024-09-21 06:00:00,32.18,58.941624,26.76162368774414,26.76162368774414,249
2024-09-21 07:00:00,52.01,48.227077,-3.7829225158691386,3.7829225158691386,249
2024-09-21 08:00:00,22.0,37.161377,15.161376953125,15.161376953125,249
2024-09-21 09:00:00,3.15,27.553093,24.40309295654297,24.40309295654297,249
2024-09-21 10:00:00,0.0,21.309944,21.30994415283203,21.30994415283203,250
2024-09-21 11:00:00,-3.36,18.773544,22.133544311523437,22.133544311523437,250
2024-09-21 12:00:00,-3.95,18.409676,22.35967559814453,22.35967559814453,250
2024-09-21 13:00:00,1.09,23.27306,22.183059844970703,22.183059844970703,250
2024-09-21 14:00:00,20.22,36.49404,16.274041442871095,16.274041442871095,250
2024-09-21 15:00:00,33.13,55.671574,22.541573638916013,22.541573638916013,250
2024-09-21 16:00:00,64.87,80.20738,15.337382202148433,15.337382202148433,250
2024-09-21 17:00:00,79.94,99.76178,19.821779785156252,19.821779785156252,250
2024-09-21 18:00:00,83.91,108.4494,24.539401855468753,24.539401855468753,250
2024-09-21 19:00:00,27.81,104.111496,76.30149597167969,76.30149597167969,250
2024-09-21 20:00:00,57.68,93.31705,35.637047119140625,35.637047119140625,250
2024-09-21 21:00:00,42.65,80.53649,37.88649139404297,37.88649139404297,250
2024-09-21 22:00:00,71.3,69.60588,-1.6941192626953097,1.6941192626953097,250
2024-09-21 23:00:00,55.2,56.792404,1.5924041748046847,1.5924041748046847,250
2024-09-22 00:00:00,52.18,46.83696,-5.343040161132812,5.343040161132812,250
2024-09-22 01:00:00,29.35,36.811356,7.461355590820311,7.461355590820311,250
2024-09-22 02:00:00,21.7,32.66339,10.96339111328125,10.96339111328125,250
2024-09-22 03:00:00,25.75,33.1594,7.409400939941406,7.409400939941406,250
2024-09-22 04:00:00,34.58,37.356167,2.776166839599611,2.776166839599611,250
2024-09-22 05:00:00,26.81,42.88399,16.07399124145508,16.07399124145508,250
2024-09-22 06:00:00,52.6,44.747257,-7.852742767333986,7.852742767333986,250
2024-09-22 07:00:00,55.87,38.17645,-17.693551177978513,17.693551177978513,250
2024-09-22 08:00:00,26.36,28.799183,2.4391828918457037,2.4391828918457037,250
2024-09-22 09:00:00,11.87,20.68208,8.812079315185548,8.812079315185548,250
2024-09-22 10:00:00,11.68,3.0110428,-8.668957166671753,8.668957166671753,251
2024-09-22 11:00:00,0.1,-0.36330858,-0.4633085787296295,0.4633085787296295,251
2024-09-22 12:00:00,0.01,1.9867052,1.9767051839828491,1.9767051839828491,251
2024-09-22 13:00:00,9.66,9.983493,0.3234928512573241,0.3234928512573241,251
2024-09-22 14:00:00,26.45,26.140621,-0.3093788146972649,0.3093788146972649,251
2024-09-22 15:00:00,28.45,49.32944,20.87944107055664,20.87944107055664,251
2024-09-22 16:00:00,70.0,77.684906,7.684906005859375,7.684906005859375,251
2024-09-22 17:00:00,102.69,100.10365,-2.5863470458984352,2.5863470458984352,251
2024-09-22 18:00:00,110.22,108.4589,-1.7610995483398426,1.7610995483398426,251
2024-09-22 19:00:00,94.2,102.73984,8.539837646484372,8.539837646484372,251
2024-09-22 20:00:00,94.22,91.50793,-2.71207305908203,2.71207305908203,251
2024-09-22 21:00:00,92.0,81.16359,-10.836410522460938,10.836410522460938,251
2024-09-22 22:00:00,41.78,74.3937,32.61369964599609,32.61369964599609,251
2024-09-22 23:00:00,39.27,65.40576,26.135761718749997,26.135761718749997,251
2024-09-23 00:00:00,36.33,58.755474,22.425474090576174,22.425474090576174,251
2024-09-23 01:00:00,29.78,53.137527,23.35752746582031,23.35752746582031,251
2024-09-23 02:00:00,22.99,53.26304,30.273038635253908,30.273038635253908,251
2024-09-23 03:00:00,32.15,60.150555,28.000554656982423,28.000554656982423,251
2024-09-23 04:00:00,37.19,71.33796,34.14795928955078,34.14795928955078,251
2024-09-23 05:00:00,87.58,83.99426,-3.5857373046874983,3.5857373046874983,251
2024-09-23 06:00:00,101.64,89.39552,-12.244476928710938,12.244476928710938,251
2024-09-23 07:00:00,94.92,84.24994,-10.670061035156252,10.670061035156252,251
2024-09-23 08:00:00,79.74,72.92126,-6.818742980957026,6.818742980957026,251
2024-09-23 09:00:00,66.54,62.605812,-3.9341879272461,3.9341879272461,251
2024-09-23 10:00:00,51.1,36.068142,-15.031858062744142,15.031858062744142,252
2024-09-23 11:00:00,50.24,29.974865,-20.265135040283205,20.265135040283205,252
2024-09-23 12:00:00,33.55,22.180473,-11.369526672363278,11.369526672363278,252
2024-09-23 13:00:00,19.02,21.515667,2.4956669616699223,2.4956669616699223,252
2024-09-23 14:00:00,25.84,34.010098,8.17009750366211,8.17009750366211,252
2024-09-23 15:00:00,42.93,59.494465,16.56446487426758,16.56446487426758,252
2024-09-23 16:00:00,73.79,91.92313,18.13312622070312,18.13312622070312,252
2024-09-23 17:00:00,116.05,112.14005,-3.909947204589841,3.909947204589841,252
2024-09-23 18:00:00,99.05,111.56015,12.510150146484378,12.510150146484378,252
2024-09-23 19:00:00,45.74,96.99925,51.259252319335936,51.259252319335936,252
2024-09-23 20:00:00,41.93,79.27853,37.348526306152344,37.348526306152344,252
2024-09-23 21:00:00,46.59,62.678505,16.088504943847653,16.088504943847653,252
2024-09-23 22:00:00,59.96,48.956005,-11.003994903564454,11.003994903564454,252
2024-09-23 23:00:00,48.65,34.050663,-14.599337005615233,14.599337005615233,252
2024-09-24 00:00:00,36.66,22.978416,-13.681583557128903,13.681583557128903,252
2024-09-24 01:00:00,26.25,15.701568,-10.548432350158691,10.548432350158691,252
2024-09-24 02:00:00,17.43,19.858746,2.428745574951172,2.428745574951172,252
2024-09-24 03:00:00,36.58,35.54168,-1.0383206176757795,1.0383206176757795,252
2024-09-24 04:00:00,53.28,54.02897,0.7489688110351551,0.7489688110351551,252
2024-09-24 05:00:00,91.0,65.09161,-25.90838623046875,25.90838623046875,252
2024-09-24 06:00:00,97.01,62.21267,-34.79733062744141,34.79733062744141,252
2024-09-24 07:00:00,60.29,45.390965,-14.899035491943359,14.899035491943359,252
2024-09-24 08:00:00,42.06,26.941307,-15.118692932128909,15.118692932128909,252
2024-09-24 09:00:00,44.18,12.593265,-31.58673542022705,31.58673542022705,252
2024-09-24 10:00:00,37.43,27.039745,-10.390254669189453,10.390254669189453,253
2024-09-24 11:00:00,22.35,21.142448,-1.2075515747070327,1.2075515747070327,253
2024-09-24 12:00:00,23.6,16.726776,-6.873223876953126,6.873223876953126,253
2024-09-24 13:00:00,26.18,17.75333,-8.426669769287109,8.426669769287109,253
2024-09-24 14:00:00,31.0,29.942348,-1.0576515197753906,1.0576515197753906,253
2024-09-24 15:00:00,15.48,54.26236,38.78235961914062,38.78235961914062,253
2024-09-24 16:00:00,83.65,88.04581,4.395806884765619,4.395806884765619,253
2024-09-24 17:00:00,124.76,115.352325,-9.40767456054688,9.40767456054688,253
2024-09-24 18:00:00,103.27,124.27726,21.00725982666016,21.00725982666016,253
2024-09-24 19:00:00,80.64,116.49313,35.853133544921874,35.853133544921874,253
2024-09-24 20:00:00,75.87,101.89721,26.027209167480464,26.027209167480464,253
2024-09-24 21:00:00,61.71,87.925995,26.215994873046874,26.215994873046874,253
2024-09-24 22:00:00,51.48,77.378265,25.898265380859378,25.898265380859378,253
2024-09-24 23:00:00,45.06,65.05847,19.998471679687498,19.998471679687498,253
2024-09-25 00:00:00,23.05,54.78754,31.737540435791015,31.737540435791015,253
2024-09-25 01:00:00,9.1,45.849598,36.7495979309082,36.7495979309082,253
2024-09-25 02:00:00,0.0,45.927605,45.92760467529297,45.92760467529297,253
2024-09-25 03:00:00,15.49,57.219917,41.72991729736328,41.72991729736328,253
2024-09-25 04:00:00,56.48,74.93072,18.450717468261722,18.450717468261722,253
2024-09-25 05:00:00,84.24,90.49264,6.252637634277349,6.252637634277349,253
2024-09-25 06:00:00,88.09,93.213615,5.123615417480465,5.123615417480465,253
2024-09-25 07:00:00,70.76,79.71492,8.954920043945307,8.954920043945307,253
2024-09-25 08:00:00,53.43,60.793194,7.363193817138672,7.363193817138672,253
2024-09-25 09:00:00,44.08,45.277645,1.197645111083986,1.197645111083986,253
2024-09-25 10:00:00,40.0,71.8068,31.806800842285156,31.806800842285156,254
2024-09-25 11:00:00,34.27,66.589455,32.3194546508789,32.3194546508789,254
2024-09-25 12:00:00,36.23,60.63471,24.40470840454102,24.40470840454102,254
2024-09-25 13:00:00,28.55,57.43954,28.88954086303711,28.88954086303711,254
2024-09-25 14:00:00,31.83,59.468643,27.638643188476564,27.638643188476564,254
2024-09-25 15:00:00,34.23,69.29085,35.060847778320316,35.060847778320316,254
2024-09-25 16:00:00,41.91,86.68188,44.77187713623047,44.77187713623047,254
2024-09-25 17:00:00,60.8,100.7993,39.99930114746094,39.99930114746094,254
2024-09-25 18:00:00,45.9,101.76968,55.869676208496095,55.869676208496095,254
2024-09-25 19:00:00,38.2,90.06733,51.86732940673828,51.86732940673828,254
2024-09-25 20:00:00,42.48,74.126335,31.646335144042972,31.646335144042972,254
2024-09-25 21:00:00,40.0,59.306084,19.30608367919922,19.30608367919922,254
2024-09-25 22:00:00,20.3,46.881058,26.581057739257812,26.581057739257812,254
2024-09-25 23:00:00,6.99,34.730793,27.740792999267576,27.740792999267576,254
2024-09-26 00:00:00,10.29,25.629932,15.339932403564454,15.339932403564454,254
2024-09-26 01:00:00,4.92,19.171707,14.251707153320313,14.251707153320313,254
2024-09-26 02:00:00,3.32,20.85522,17.535220794677734,17.535220794677734,254
2024-09-26 03:00:00,7.33,35.99159,28.6615885925293,28.6615885925293,254
2024-09-26 04:00:00,33.83,61.57643,27.746431274414064,27.746431274414064,254
2024-09-26 05:00:00,58.27,87.11845,28.848446350097653,28.848446350097653,254
2024-09-26 06:00:00,65.0,98.84034,33.84033966064453,33.84033966064453,254
2024-09-26 07:00:00,53.52,94.24381,40.72381256103515,40.72381256103515,254
2024-09-26 08:00:00,29.21,82.58571,53.37570861816406,53.37570861816406,254
2024-09-26 09:00:00,31.62,69.653534,38.03353393554687,38.03353393554687,254
2024-09-26 10:00:00,17.0,29.207172,12.207172393798828,12.207172393798828,255
2024-09-26 11:00:00,11.13,25.6972,14.567200775146484,14.567200775146484,255
2024-09-26 12:00:00,7.55,20.785252,13.23525161743164,13.23525161743164,255
2024-09-26 13:00:00,0.08,21.293587,21.213586730957033,21.213586730957033,255
2024-09-26 14:00:00,9.1,29.724518,20.624517822265624,20.624517822265624,255
2024-09-26 15:00:00,13.82,44.433414,30.613414459228515,30.613414459228515,255
2024-09-26 16:00:00,48.13,62.863075,14.733075256347654,14.733075256347654,255
2024-09-26 17:00:00,55.23,71.80331,16.573306579589847,16.573306579589847,255
2024-09-26 18:00:00,59.69,68.616066,8.926065979003909,8.926065979003909,255
2024-09-26 19:00:00,45.02,56.392445,11.3724446105957,11.3724446105957,255
2024-09-26 20:00:00,45.2,42.79896,-2.401038360595706,2.401038360595706,255
2024-09-26 21:00:00,36.3,29.318478,-6.981522369384763,6.981522369384763,255
2024-09-26 22:00:00,0.37,17.919788,17.549788360595702,17.549788360595702,255
2024-09-26 23:00:00,-0.06,7.188724,7.248724040985107,7.248724040985107,255
2024-09-27 00:00:00,-1.23,1.7149004,2.9449003744125366,2.9449003744125366,255
2024-09-27 01:00:00,-0.01,0.04557357,0.05557356983423233,0.05557356983423233,255
2024-09-27 02:00:00,-6.18,6.5591006,12.73910062789917,12.73910062789917,255
2024-09-27 03:00:00,0.0,20.961632,20.961631774902344,20.961631774902344,255
2024-09-27 04:00:00,5.14,37.676838,32.53683792114258,32.53683792114258,255
2024-09-27 05:00:00,32.0,49.164745,17.164745330810547,17.164745330810547,255
2024-09-27 06:00:00,41.34,50.218502,8.878502044677731,8.878502044677731,255
2024-09-27 07:00:00,10.08,41.093346,31.013345642089845,31.013345642089845,255
2024-09-27 08:00:00,0.07,30.29322,30.22322052001953,30.22322052001953,255
2024-09-27 09:00:00,0.0,21.84644,21.846439361572266,21.846439361572266,255
2024-09-27 10:00:00,-0.01,15.808749,15.818749198913574,15.818749198913574,256
2024-09-27 11:00:00,-0.15,13.390441,13.540440940856934,13.540440940856934,256
2024-09-27 12:00:00,-0.04,13.188876,13.228876152038573,13.228876152038573,256
2024-09-27 13:00:00,-0.01,17.747875,17.75787521362305,17.75787521362305,256
2024-09-27 14:00:00,0.0,29.668686,29.668685913085938,29.668685913085938,256
2024-09-27 15:00:00,14.13,47.70546,33.57545959472656,33.57545959472656,256
2024-09-27 16:00:00,34.21,70.96286,36.752860107421874,36.752860107421874,256
2024-09-27 17:00:00,69.85,88.8117,18.961698913574224,18.961698913574224,256
2024-09-27 18:00:00,65.31,94.93037,29.62036651611328,29.62036651611328,256
2024-09-27 19:00:00,38.43,88.447205,50.01720458984375,50.01720458984375,256
2024-09-27 20:00:00,31.56,76.87814,45.31814331054687,45.31814331054687,256
2024-09-27 21:00:00,26.46,64.97359,38.51358703613281,38.51358703613281,256
2024-09-27 22:00:00,1.77,55.320763,53.55076263427734,53.55076263427734,256
2024-09-27 23:00:00,3.03,44.039654,41.00965377807617,41.00965377807617,256
2024-09-28 00:00:00,3.29,36.079494,32.78949447631836,32.78949447631836,256
2024-09-28 01:00:00,3.16,29.220768,26.060767974853515,26.060767974853515,256
2024-09-28 02:00:00,3.27,28.260857,24.99085662841797,24.99085662841797,256
2024-09-28 03:00:00,4.15,32.79453,28.644528961181642,28.644528961181642,256
2024-09-28 04:00:00,11.96,41.291252,29.331252136230468,29.331252136230468,256
2024-09-28 05:00:00,23.79,51.19901,27.40900894165039,27.40900894165039,256
2024-09-28 06:00:00,27.08,56.006382,28.926381988525392,28.926381988525392,256
2024-09-28 07:00:00,24.17,52.47725,28.30724914550781,28.30724914550781,256
2024-09-28 08:00:00,10.2,44.84239,34.64238815307617,34.64238815307617,256
2024-09-28 09:00:00,4.04,37.724483,33.684483489990235,33.684483489990235,256
2024-09-28 10:00:00,0.68,10.739474,10.059474296569825,10.059474296569825,257
2024-09-28 11:00:00,0.0,7.9465213,7.946521282196045,7.946521282196045,257
2024-09-28 13:00:00,0.06,3.8416016,3.7816016101837158,3.7816016101837158,257
2024-09-28 14:00:00,9.86,3.97034,-5.889659986495971,5.889659986495971,257
2024-09-28 15:00:00,6.26,12.672023,6.412022819519043,6.412022819519043,257
2024-09-28 16:00:00,50.24,28.93364,-21.306360473632814,21.306360473632814,257
2024-09-28 17:00:00,111.23,53.080105,-58.149895172119145,58.149895172119145,257
2024-09-28 18:00:00,105.73,72.940605,-32.789394836425785,32.789394836425785,257
2024-09-28 19:00:00,86.09,83.963745,-2.1262548828125034,2.1262548828125034,257
2024-09-28 20:00:00,83.22,81.82009,-1.3999087524414051,1.3999087524414051,257
2024-09-28 21:00:00,78.18,72.23398,-5.946021728515632,5.946021728515632,257
2024-09-28 22:00:00,70.15,59.52516,-10.624838256835943,10.624838256835943,257
2024-09-28 23:00:00,58.56,47.271477,-11.288523254394534,11.288523254394534,257
2024-09-29 00:00:00,45.72,33.606712,-12.113287658691405,12.113287658691405,257
2024-09-29 01:00:00,41.04,24.161678,-16.878321685791015,16.878321685791015,257
2024-09-29 02:00:00,21.15,15.032641,-6.117358589172362,6.117358589172362,257
2024-09-29 03:00:00,8.6,11.552058,2.9520582199096683,2.9520582199096683,257
2024-09-29 04:00:00,22.76,10.5597105,-12.20028949737549,12.20028949737549,257
2024-09-29 05:00:00,28.43,11.612727,-16.81727283477783,16.81727283477783,257
2024-09-29 06:00:00,30.5,13.498397,-17.00160312652588,17.00160312652588,257
2024-09-29 07:00:00,19.9,15.218081,-4.681918525695799,4.681918525695799,257
2024-09-29 08:00:00,1.33,11.9052305,10.575230522155762,10.575230522155762,257
2024-09-29 09:00:00,0.0,6.878345,6.878345012664795,6.878345012664795,257
2024-09-29 10:00:00,-0.01,2.8568757,2.866875658035278,2.866875658035278,257
2024-09-29 11:00:00,-0.5,-3.2861145,-2.786114454269409,2.786114454269409,258
2024-09-29 12:00:00,-0.45,-3.018582,-2.5685821056365965,2.5685821056365965,258
2024-09-29 13:00:00,0.0,-3.2649505,-3.2649505138397217,3.2649505138397217,258
2024-09-29 14:00:00,0.15,0.17132889,0.021328887343406683,0.021328887343406683,258
2024-09-29 15:00:00,0.08,5.8762393,5.79623929977417,5.79623929977417,258
2024-09-29 16:00:00,8.6,12.2203245,3.620324516296387,3.620324516296387,258
2024-09-29 17:00:00,47.15,22.034424,-25.115576171875,25.115576171875,258
2024-09-29 18:00:00,35.17,26.311325,-8.858674926757814,8.858674926757814,258
2024-09-29 19:00:00,52.2,27.184486,-25.015513610839847,25.015513610839847,258
2024-09-29 20:00:00,61.43,23.183704,-38.2462956237793,38.2462956237793,258
2024-09-29 21:00:00,37.26,17.865963,-19.394037017822264,19.394037017822264,258
2024-09-29 22:00:00,7.5,11.046908,3.546908378601074,3.546908378601074,258
2024-09-29 23:00:00,0.04,6.166805,6.126804790496826,6.126804790496826,258
2024-09-30 00:00:00,0.08,1.3355211,1.255521101951599,1.255521101951599,258
2024-09-30 01:00:00,0.0,0.4961122,0.496112197637558,0.496112197637558,258
2024-09-30 04:00:00,23.75,-0.3571593,-24.107159286737442,24.107159286737442,258
2024-09-30 05:00:00,21.8,2.2685425,-19.531457471847535,19.531457471847535,258
2024-09-30 06:00:00,52.73,5.3447986,-47.38520143508911,47.38520143508911,258
2024-09-30 07:00:00,25.36,8.803981,-16.556019172668456,16.556019172668456,258
2024-09-30 08:00:00,0.09,11.83018,11.740180168151856,11.740180168151856,258
2024-09-30 09:00:00,0.06,12.585742,12.525741996765136,12.525741996765136,258
2024-09-30 10:00:00,0.0,9.259959,9.25995922088623,9.25995922088623,258
2024-09-30 13:00:00,-0.01,5.1513705,5.161370525360107,5.161370525360107,258
2024-09-30 15:00:00,0.0,3.609996,3.6099960803985596,3.6099960803985596,258
2024-09-30 16:00:00,2.32,-1.3098265,-3.6298264932632445,3.6298264932632445,259
2024-09-30 17:00:00,61.53,2.3188965,-59.211103467941285,59.211103467941285,259
2024-09-30 18:00:00,42.35,9.080722,-33.26927814483643,33.26927814483643,259
2024-09-30 19:00:00,23.9,19.762154,-4.137846374511717,4.137846374511717,259
2024-09-30 20:00:00,20.28,28.464466,8.184466094970702,8.184466094970702,259
2024-09-30 21:00:00,9.84,29.910404,20.070404205322266,20.070404205322266,259
2024-09-30 22:00:00,3.21,28.742767,25.532767333984374,25.532767333984374,259
2024-09-30 23:00:00,0.07,21.468464,21.398463897705078,21.398463897705078,259
2024-10-01 00:00:00,0.05,15.382434,15.332433891296386,15.332433891296386,259
2024-10-01 01:00:00,0.02,9.667895,9.647895317077637,9.647895317077637,259
2024-10-01 02:00:00,0.09,6.6991916,6.609191570281983,6.609191570281983,259
2024-10-01 03:00:00,0.08,4.0348315,3.9548315238952636,3.9548315238952636,259
2024-10-01 04:00:00,48.48,5.548122,-42.931878070831296,42.931878070831296,259
2024-10-01 05:00:00,102.3,8.08311,-94.21689014434814,94.21689014434814,259
2024-10-01 06:00:00,114.72,14.456332,-100.26366779327392,100.26366779327392,259
2024-10-01 07:00:00,100.0,19.53714,-80.46286010742188,80.46286010742188,259
2024-10-01 08:00:00,76.18,23.610023,-52.56997650146485,52.56997650146485,259
2024-10-01 09:00:00,68.24,23.48425,-44.75575088500976,44.75575088500976,259
2024-10-01 10:00:00,58.48,21.341156,-37.13884399414062,37.13884399414062,259
2024-10-01 11:00:00,55.41,19.519382,-35.890617523193356,35.890617523193356,259
2024-10-01 12:00:00,56.28,17.264866,-39.01513412475586,39.01513412475586,259
2024-10-01 13:00:00,57.98,14.004531,-43.97546909332275,43.97546909332275,259
2024-10-01 14:00:00,55.9,11.849719,-44.05028095245361,44.05028095245361,259
2024-10-01 15:00:00,76.14,13.154811,-62.98518909454346,62.98518909454346,259
2024-10-01 16:00:00,103.57,93.44529,-10.124710388183587,10.124710388183587,260
2024-10-01 17:00:00,143.44,107.53922,-35.90077728271484,35.90077728271484,260
2024-10-01 18:00:00,120.64,107.72966,-12.910339965820313,12.910339965820313,260
2024-10-01 19:00:00,92.97,95.43718,2.4671795654296886,2.4671795654296886,260
2024-10-01 20:00:00,91.37,75.48428,-15.88571655273438,15.88571655273438,260
2024-10-01 21:00:00,76.15,56.043045,-20.106954956054693,20.106954956054693,260
2024-10-01 22:00:00,85.19,40.861492,-44.328507843017576,44.328507843017576,260
2024-10-01 23:00:00,70.39,23.418575,-46.971424713134766,46.971424713134766,260
2024-10-02 00:00:00,71.74,8.413646,-63.326354255676264,63.326354255676264,260
2024-10-02 01:00:00,63.18,1.05347,-62.12652998447418,62.12652998447418,260
2024-10-02 02:00:00,61.19,0.9951509,-60.194849076271055,60.194849076271055,260
2024-10-02 03:00:00,79.43,9.829295,-69.60070484161378,69.60070484161378,260
2024-10-02 04:00:00,98.66,27.400036,-71.2599641418457,71.2599641418457,260
2024-10-02 05:00:00,119.48,45.75176,-73.72824142456055,73.72824142456055,260
2024-10-02 06:00:00,124.24,56.72966,-67.51033996582031,67.51033996582031,260
2024-10-02 07:00:00,109.25,53.886272,-55.36372756958008,55.36372756958008,260
2024-10-02 08:00:00,90.22,41.779087,-48.44091293334961,48.44091293334961,260
2024-10-02 09:00:00,88.66,30.034355,-58.62564483642578,58.62564483642578,260
2024-10-02 10:00:00,87.26,22.029842,-65.23015762329102,65.23015762329102,260
2024-10-02 11:00:00,78.38,18.946812,-59.433188323974605,59.433188323974605,260
2024-10-02 12:00:00,76.43,20.700039,-55.7299610900879,55.7299610900879,260
2024-10-02 13:00:00,74.36,28.155949,-46.204051361083984,46.204051361083984,260
2024-10-02 14:00:00,72.33,42.990532,-29.33946807861328,29.33946807861328,260
2024-10-02 15:00:00,79.44,64.65988,-14.780118408203123,14.780118408203123,260
2024-10-02 16:00:00,110.75,84.98553,-25.76447296142578,25.76447296142578,261
2024-10-02 17:00:00,136.26,100.92132,-35.33868194580077,35.33868194580077,261
2024-10-02 18:00:00,117.25,105.548454,-11.701545715332031,11.701545715332031,261
2024-10-02 19:00:00,97.79,98.140755,0.350754699707025,0.350754699707025,261
2024-10-02 20:00:00,93.55,83.7772,-9.772801208496091,9.772801208496091,261
2024-10-02 21:00:00,85.0,69.47263,-15.527366638183594,15.527366638183594,261
2024-10-02 22:00:00,59.36,59.158665,-0.2013352966308588,0.2013352966308588,261
2024-10-02 23:00:00,40.0,47.415386,7.415386199951172,7.415386199951172,261
2024-10-03 01:00:00,17.8,36.63617,18.83616943359375,18.83616943359375,261
2024-10-03 02:00:00,8.0,32.419537,24.419536590576172,24.419536590576172,261
2024-10-03 03:00:00,32.57,36.166805,3.596805267333984,3.596805267333984,261
2024-10-03 04:00:00,57.17,49.15574,-8.014261169433595,8.014261169433595,261
2024-10-03 05:00:00,77.63,68.00665,-9.623347167968745,9.623347167968745,261
2024-10-03 06:00:00,86.74,82.835655,-3.904344787597651,3.904344787597651,261
2024-10-03 07:00:00,74.61,87.333916,12.72391571044922,12.72391571044922,261
2024-10-03 08:00:00,63.96,78.75712,14.797118225097655,14.797118225097655,261
2024-10-03 09:00:00,52.65,64.03837,11.388368225097658,11.388368225097658,261
2024-10-03 10:00:00,40.0,49.679665,9.679664611816406,9.679664611816406,261
2024-10-03 11:00:00,31.67,38.002003,6.332002716064451,6.332002716064451,261
2024-10-03 12:00:00,24.47,29.718868,5.2488682556152355,5.2488682556152355,261
2024-10-03 13:00:00,15.1,24.615005,9.515005493164063,9.515005493164063,261
2024-10-03 14:00:00,14.0,25.376026,11.376026153564453,11.376026153564453,261
2024-10-03 15:00:00,47.88,33.809162,-14.070837860107424,14.070837860107424,261
2024-10-03 16:00:00,74.61,51.009422,-23.600577697753906,23.600577697753906,261
2024-10-03 17:00:00,125.98,86.94126,-39.0387387084961,39.0387387084961,262
2024-10-03 18:00:00,122.31,97.21575,-25.094248352050784,25.094248352050784,262
2024-10-03 19:00:00,101.33,94.47776,-6.852239685058592,6.852239685058592,262
2024-10-03 20:00:00,91.48,80.49323,-10.986767272949223,10.986767272949223,262
2024-10-03 21:00:00,84.02,62.079033,-21.940967102050777,21.940967102050777,262
2024-10-03 22:00:00,74.18,45.195374,-28.984626464843757,28.984626464843757,262
2024-10-03 23:00:00,72.52,32.178814,-40.341186065673824,40.341186065673824,262
2024-10-04 00:00:00,73.36,17.775917,-55.58408294677734,55.58408294677734,262
2024-10-04 01:00:00,74.2,7.123035,-67.07696504592896,67.07696504592896,262
2024-10-04 02:00:00,72.33,7.61404,-64.7159601020813,64.7159601020813,262
2024-10-04 03:00:00,77.1,19.131287,-57.968713378906244,57.968713378906244,262
2024-10-04 04:00:00,103.0,40.04528,-62.95471954345703,62.95471954345703,262
2024-10-04 05:00:00,127.79,60.282207,-67.50779251098633,67.50779251098633,262
2024-10-04 06:00:00,141.37,68.3933,-72.97669708251954,72.97669708251954,262
2024-10-04 07:00:00,116.57,64.74802,-51.82198364257812,51.82198364257812,262
2024-10-04 08:00:00,100.11,51.956276,-48.15372406005859,48.15372406005859,262
2024-10-04 09:00:00,76.39,36.486145,-39.90385498046875,39.90385498046875,262
2024-10-04 10:00:00,68.61,22.729618,-45.880381927490234,45.880381927490234,262
2024-10-04 11:00:00,59.3,12.835231,-46.464769172668454,46.464769172668454,262
2024-10-04 12:00:00,50.0,8.29935,-41.700650215148926,41.700650215148926,262
2024-10-04 13:00:00,49.1,10.464122,-38.63587818145752,38.63587818145752,262
2024-10-04 14:00:00,57.88,21.905102,-35.974898223876956,35.974898223876956,262
2024-10-04 15:00:00,77.42,41.582146,-35.83785430908203,35.83785430908203,262
2024-10-04 16:00:00,100.2,65.812515,-34.38748474121094,34.38748474121094,262
2024-10-04 17:00:00,137.24,92.46993,-44.770067443847665,44.770067443847665,263
2024-10-04 18:00:00,123.7,102.13417,-21.56582946777344,21.56582946777344,263
2024-10-04 19:00:00,99.9,101.57684,1.6768432617187443,1.6768432617187443,263
2024-10-04 21:00:00,90.0,92.69615,2.6961517333984375,2.6961517333984375,263
2024-10-04 22:00:00,93.1,80.29252,-12.807481384277338,12.807481384277338,263
2024-10-04 23:00:00,84.64,69.03071,-15.60929168701172,15.60929168701172,263
2024-10-05 00:00:00,81.4,60.570065,-20.82993545532227,20.82993545532227,263
2024-10-05 01:00:00,75.54,50.9081,-24.631899871826178,24.631899871826178,263
2024-10-05 02:00:00,75.72,43.431816,-32.28818389892578,32.28818389892578,263
2024-10-05 03:00:00,79.82,41.733414,-38.08658630371093,38.08658630371093,263
2024-10-05 04:00:00,86.2,45.386925,-40.81307525634766,40.81307525634766,263
2024-10-05 05:00:00,100.4,53.32569,-47.074308776855474,47.074308776855474,263
2024-10-05 06:00:00,109.38,60.820606,-48.55939376831054,48.55939376831054,263
2024-10-05 07:00:00,89.02,62.7083,-26.311698455810543,26.311698455810543,263
2024-10-05 08:00:00,57.0,57.952763,0.9527626037597656,0.9527626037597656,263
2024-10-05 09:00:00,40.44,47.157757,6.717756805419924,6.717756805419924,263
2024-10-05 10:00:00,29.37,34.543457,5.173457031249999,5.173457031249999,263
2024-10-05 11:00:00,18.67,22.792034,4.12203414916992,4.12203414916992,263
2024-10-05 12:00:00,0.07,14.042052,13.972052268981933,13.972052268981933,263
2024-10-05 13:00:00,2.46,10.462588,8.002588310241698,8.002588310241698,263
2024-10-05 14:00:00,20.64,12.439563,-8.200437202453614,8.200437202453614,263
2024-10-05 15:00:00,47.75,22.22699,-25.52301025390625,25.52301025390625,263
2024-10-05 16:00:00,54.04,38.988266,-15.051734008789062,15.051734008789062,263
2024-10-05 17:00:00,85.23,58.680717,-26.549282531738285,26.549282531738285,263
2024-10-05 18:00:00,95.18,86.12034,-9.0596615600586,9.0596615600586,264
2024-10-05 19:00:00,74.03,87.217705,13.187704772949218,13.187704772949218,264
2024-10-05 20:00:00,73.71,81.97149,8.261488952636725,8.261488952636725,264
2024-10-05 21:00:00,67.0,73.5714,6.571403503417969,6.571403503417969,264
2024-10-05 22:00:00,47.4,63.64448,16.24448165893555,16.24448165893555,264
2024-10-05 23:00:00,30.83,54.143024,23.31302444458008,23.31302444458008,264
2024-10-06 00:00:00,25.0,46.63999,21.639991760253906,21.639991760253906,264
2024-10-06 01:00:00,10.39,38.110924,27.720923767089843,27.720923767089843,264
2024-10-06 02:00:00,5.0,32.493153,27.493152618408203,27.493152618408203,264
2024-10-06 03:00:00,4.69,30.26994,25.57993942260742,25.57993942260742,264
2024-10-06 04:00:00,10.39,30.072731,19.682731018066406,19.682731018066406,264
2024-10-06 08:00:00,32.74,30.715012,-2.0249884033203145,2.0249884033203145,264
2024-10-06 09:00:00,16.68,31.043064,14.363064117431641,14.363064117431641,264
2024-10-06 10:00:00,5.25,30.682285,25.43228530883789,25.43228530883789,264
2024-10-06 11:00:00,-0.01,29.706047,29.71604705810547,29.71604705810547,264
2024-10-06 13:00:00,0.2,27.059845,26.859844970703126,26.859844970703126,264
2024-10-06 14:00:00,15.59,24.237507,8.647506866455078,8.647506866455078,264
2024-10-06 15:00:00,18.61,22.969387,4.35938705444336,4.35938705444336,264
2024-10-06 16:00:00,34.31,25.241081,-9.068918762207034,9.068918762207034,264
2024-10-06 17:00:00,59.03,31.396576,-27.633424072265626,27.633424072265626,264
2024-10-06 18:00:00,78.05,40.97887,-37.071129608154294,37.071129608154294,264
2024-10-06 19:00:00,54.12,53.56191,-0.5580912780761693,0.5580912780761693,264
2024-10-06 20:00:00,59.11,66.734566,7.624565734863282,7.624565734863282,264
2024-10-06 21:00:00,53.22,76.94566,23.72566345214844,23.72566345214844,264
2024-10-06 22:00:00,34.58,93.59184,59.01184265136719,59.01184265136719,265
2024-10-06 23:00:00,35.34,90.048904,54.70890441894531,54.70890441894531,265
2024-10-07 00:00:00,33.25,85.83802,52.58802032470703,52.58802032470703,265
2024-10-07 01:00:00,29.03,80.97756,51.94756195068359,51.94756195068359,265
2024-10-07 02:00:00,18.67,77.34837,58.678373413085936,58.678373413085936,265
2024-10-07 03:00:00,23.33,75.758766,52.42876617431641,52.42876617431641,265
2024-10-07 04:00:00,52.02,80.71008,28.690083007812497,28.690083007812497,265
2024-10-07 05:00:00,84.5,91.17534,6.6753387451171875,6.6753387451171875,265
2024-10-07 06:00:00,108.32,102.64112,-5.678879089355462,5.678879089355462,265
2024-10-07 07:00:00,91.75,108.771805,17.021804809570312,17.021804809570312,265
2024-10-07 08:00:00,65.98,108.22842,42.24841644287109,42.24841644287109,265
2024-10-07 09:00:00,60.21,101.90068,41.69068054199219,41.69068054199219,265
2024-10-07 10:00:00,55.39,92.8204,37.43039642333984,37.43039642333984,265
2024-10-07 11:00:00,43.29,86.612,43.32199951171875,43.32199951171875,265
2024-10-07 12:00:00,55.0,84.21437,29.214370727539062,29.214370727539062,265
2024-10-07 13:00:00,29.98,83.93756,53.957561035156246,53.957561035156246,265
2024-10-07 14:00:00,30.25,84.888145,54.638145446777344,54.638145446777344,265
2024-10-07 15:00:00,50.24,87.90495,37.664953002929686,37.664953002929686,265
2024-10-07 16:00:00,71.55,93.635475,22.08547515869141,22.08547515869141,265
2024-10-07 17:00:00,96.17,100.42944,4.259443359374998,4.259443359374998,265
2024-10-07 18:00:00,85.01,104.08663,19.07663177490234,19.07663177490234,265
2024-10-07 19:00:00,67.73,102.04234,34.31234313964843,34.31234313964843,265
2024-10-07 20:00:00,65.8,97.28432,31.484317016601565,31.484317016601565,265
2024-10-07 21:00:00,61.39,91.371315,29.981315002441406,29.981315002441406,265
2024-10-07 22:00:00,33.1,79.197525,46.09752502441406,46.09752502441406,266
2024-10-07 23:00:00,24.35,68.96848,44.618482971191405,44.618482971191405,266
2024-10-08 00:00:00,19.57,54.22985,34.65985076904297,34.65985076904297,266
2024-10-08 01:00:00,7.0,41.861706,34.8617057800293,34.8617057800293,266
2024-10-08 02:00:00,4.9,33.985043,29.085042572021486,29.085042572021486,266
2024-10-08 03:00:00,21.54,32.971493,11.431492767333985,11.431492767333985,266
2024-10-08 04:00:00,39.58,43.171333,3.591333312988283,3.591333312988283,266
2024-10-08 05:00:00,72.68,59.933723,-12.746276550292976,12.746276550292976,266
2024-10-08 06:00:00,77.71,75.550476,-2.1595239257812437,2.1595239257812437,266
2024-10-08 07:00:00,79.91,81.73213,1.822131958007816,1.822131958007816,266
2024-10-08 08:00:00,54.51,76.600296,22.090296020507814,22.090296020507814,266
2024-10-08 09:00:00,28.8,62.027958,33.22795791625977,33.22795791625977,266
2024-10-08 10:00:00,8.59,42.67882,34.0888215637207,34.0888215637207,266
2024-10-08 11:00:00,0.97,27.588749,26.618748931884767,26.618748931884767,266
2024-10-08 12:00:00,0.01,19.605656,19.595655670166014,19.595655670166014,266
2024-10-08 13:00:00,0.0,14.19971,14.19970989227295,14.19970989227295,266
2024-10-08 14:00:00,0.51,14.499431,13.989430656433106,13.989430656433106,266
2024-10-08 15:00:00,5.0,23.822792,18.822792053222656,18.822792053222656,266
2024-10-08 16:00:00,57.09,43.402725,-13.687274780273441,13.687274780273441,266
2024-10-08 17:00:00,79.9,64.3099,-15.590101623535162,15.590101623535162,266
2024-10-08 18:00:00,67.39,76.50355,9.11354766845703,9.11354766845703,266
2024-10-08 19:00:00,32.11,73.88627,41.77626861572266,41.77626861572266,266
2024-10-08 20:00:00,37.62,63.1928,25.572798614501956,25.572798614501956,266
2024-10-08 21:00:00,33.1,49.360928,16.260927581787108,16.260927581787108,266
2024-10-08 22:00:00,19.86,77.41156,57.55156005859375,57.55156005859375,267
2024-10-08 23:00:00,3.6,71.07884,67.47884216308594,67.47884216308594,267
2024-10-09 00:00:00,1.5,62.596893,61.096893310546875,61.096893310546875,267
2024-10-09 01:00:00,0.0,56.070213,56.070213317871094,56.070213317871094,267
2024-10-09 03:00:00,0.01,53.121143,53.111143341064455,53.111143341064455,267
2024-10-09 04:00:00,16.98,54.08359,37.10359146118164,37.10359146118164,267
2024-10-09 05:00:00,40.0,61.656105,21.656105041503906,21.656105041503906,267
2024-10-09 06:00:00,52.8,72.869026,20.069026184082034,20.069026184082034,267
2024-10-09 07:00:00,47.59,83.254364,35.66436401367187,35.66436401367187,267
2024-10-09 08:00:00,35.06,88.6983,53.63830322265625,53.63830322265625,267
2024-10-09 09:00:00,31.1,87.75394,56.653936767578124,56.653936767578124,267
2024-10-09 10:00:00,36.66,80.79995,44.1399496459961,44.1399496459961,267
2024-10-09 11:00:00,23.62,71.040215,47.420214538574214,47.420214538574214,267
2024-10-09 12:00:00,33.64,64.54986,30.909858093261718,30.909858093261718,267
2024-10-09 13:00:00,43.03,62.364056,19.33405563354492,19.33405563354492,267
2024-10-09 14:00:00,28.61,61.673164,33.06316436767578,33.06316436767578,267
2024-10-09 15:00:00,30.35,63.8578,33.507799530029295,33.507799530029295,267
2024-10-09 16:00:00,58.55,68.21745,9.66745300292969,9.66745300292969,267
2024-10-09 17:00:00,112.03,74.85345,-37.17655303955078,37.17655303955078,267
2024-10-09 18:00:00,60.8,80.09106,19.29105682373047,19.29105682373047,267
2024-10-09 19:00:00,49.08,80.52363,31.443628234863283,31.443628234863283,267
2024-10-09 20:00:00,46.69,73.72781,27.037813720703127,27.037813720703127,267
2024-10-09 21:00:00,41.13,63.804325,22.674325103759763,22.674325103759763,267
2024-10-09 22:00:00,0.05,53.7905,53.74050064086914,53.74050064086914,267
2024-10-09 23:00:00,0.0,-1.5432936,-1.5432935953140259,1.5432935953140259,268
2024-10-10 02:00:00,-0.01,-6.613835,-6.603834857940674,6.603834857940674,268
2024-10-10 04:00:00,22.63,-7.246144,-29.87614381790161,29.87614381790161,268
2024-10-10 05:00:00,69.72,1.3914369,-68.32856306552887,68.32856306552887,268
2024-10-10 06:00:00,80.46,20.270031,-60.1899690246582,60.1899690246582,268
2024-10-10 07:00:00,67.5,43.61476,-23.885238647460938,23.885238647460938,268
2024-10-10 08:00:00,52.01,65.758545,13.748544921875002,13.748544921875002,268
2024-10-10 09:00:00,38.93,72.26162,33.331619567871094,33.331619567871094,268
2024-10-10 10:00:00,21.89,65.28744,43.39743743896484,43.39743743896484,268
2024-10-10 11:00:00,15.95,51.878525,35.928524780273435,35.928524780273435,268
2024-10-10 12:00:00,20.01,40.413746,20.40374588012695,20.40374588012695,268
2024-10-10 13:00:00,38.37,32.864048,-5.505951995849607,5.505951995849607,268
2024-10-10 14:00:00,55.26,30.438347,-24.82165313720703,24.82165313720703,268
2024-10-10 15:00:00,71.78,29.08974,-42.69025924682617,42.69025924682617,268
2024-10-10 16:00:00,99.73,33.311985,-66.41801498413086,66.41801498413086,268
2024-10-10 17:00:00,129.22,43.343876,-85.87612411499023,85.87612411499023,268
2024-10-10 18:00:00,107.49,59.445034,-48.044965972900386,48.044965972900386,268
2024-10-10 19:00:00,90.41,77.64437,-12.765628967285153,12.765628967285153,268
2024-10-10 20:00:00,86.3,87.80674,1.506739807128909,1.506739807128909,268
2024-10-10 21:00:00,73.83,88.368256,14.538255615234377,14.538255615234377,268
2024-10-10 22:00:00,80.43,82.02501,1.5950091552734307,1.5950091552734307,268
2024-10-10 23:00:00,73.98,75.75582,1.7758212280273398,1.7758212280273398,268
2024-10-11 00:00:00,71.96,69.92553,-2.034470520019525,2.034470520019525,268
2024-10-11 01:00:00,67.91,65.6458,-2.264202270507809,2.264202270507809,268
2024-10-11 02:00:00,66.44,71.72129,5.2812905883789085,5.2812905883789085,269
2024-10-11 03:00:00,71.79,84.53953,12.7495278930664,12.7495278930664,269
2024-10-11 04:00:00,99.95,98.390816,-1.5591842651367216,1.5591842651367216,269
2024-10-11 05:00:00,140.41,107.317825,-33.092174682617184,33.092174682617184,269
2024-10-11 06:00:00,155.49,106.64347,-48.84652923583985,48.84652923583985,269
2024-10-11 07:00:00,110.01,98.685585,-11.324414978027349,11.324414978027349,269
2024-10-11 08:00:00,90.0,88.293106,-1.7068939208984375,1.7068939208984375,269
2024-10-11 09:00:00,72.35,77.625145,5.275144958496099,5.275144958496099,269
2024-10-11 10:00:00,61.65,68.102585,6.452584838867189,6.452584838867189,269
2024-10-11 11:00:00,57.17,62.32609,5.15609176635742,5.15609176635742,269
2024-10-11 12:00:00,59.56,60.24811,0.6881117248535134,0.6881117248535134,269
2024-10-11 13:00:00,66.95,62.20905,-4.740950775146487,4.740950775146487,269
2024-10-11 14:00:00,70.0,72.88156,2.881561279296875,2.881561279296875,269
2024-10-11 15:00:00,71.35,87.89394,16.5439437866211,16.5439437866211,269
2024-10-11 16:00:00,91.07,101.97674,10.906737976074226,10.906737976074226,269
2024-10-11 17:00:00,154.3,108.071304,-46.22869567871095,46.22869567871095,269
2024-10-11 18:00:00,109.01,106.30263,-2.7073724365234426,2.7073724365234426,269
2024-10-11 19:00:00,90.69,98.4518,7.761797485351565,7.761797485351565,269
2024-10-11 20:00:00,81.37,87.581375,6.211375122070308,6.211375122070308,269
2024-10-11 21:00:00,80.57,79.10049,-1.4695132446288994,1.4695132446288994,269
2024-10-11 22:00:00,67.29,72.76477,5.474770507812494,5.474770507812494,269
2024-10-11 23:00:00,57.57,67.78477,10.214767150878906,10.214767150878906,269
2024-10-12 00:00:00,47.96,62.804813,14.844813385009765,14.844813385009765,269
2024-10-12 01:00:00,38.91,62.102127,23.192127075195316,23.192127075195316,269
2024-10-12 03:00:00,42.63,16.216599,-26.413401489257815,26.413401489257815,270
2024-10-12 04:00:00,60.21,23.922394,-36.287606201171876,36.287606201171876,270
2024-10-12 05:00:00,61.0,31.305092,-29.694908142089844,29.694908142089844,270
2024-10-12 06:00:00,62.97,37.62286,-25.347140045166014,25.347140045166014,270
2024-10-12 07:00:00,64.48,36.5411,-27.93890045166016,27.93890045166016,270
2024-10-12 08:00:00,44.89,28.917263,-15.972736968994141,15.972736968994141,270
2024-10-12 09:00:00,46.71,22.413853,-24.29614730834961,24.29614730834961,270
2024-10-12 10:00:00,36.06,12.748347,-23.311652717590334,23.311652717590334,270
2024-10-12 11:00:00,22.37,4.4015155,-17.9684845161438,17.9684845161438,270
2024-10-12 12:00:00,23.34,-0.65893996,-23.998939957618713,23.998939957618713,270
2024-10-12 13:00:00,46.35,-2.043988,-48.39398798942566,48.39398798942566,270
2024-10-12 14:00:00,43.35,0.4759706,-42.87402940392494,42.87402940392494,270
2024-10-12 15:00:00,63.12,12.867259,-50.25274097442627,50.25274097442627,270
2024-10-12 16:00:00,84.65,30.775528,-53.87447204589844,53.87447204589844,270
2024-10-12 17:00:00,81.94,50.132595,-31.80740493774414,31.80740493774414,270
2024-10-12 18:00:00,61.06,60.25907,-0.800928649902346,0.800928649902346,270
2024-10-12 19:00:00,45.42,62.83784,17.417841033935545,17.417841033935545,270
2024-10-12 20:00:00,34.87,55.52469,20.654688720703128,20.654688720703128,270
2024-10-12 21:00:00,25.37,43.047474,17.677473907470702,17.677473907470702,270
2024-10-12 22:00:00,0.0,31.57753,31.577529907226562,31.577529907226562,270
2024-10-12 23:00:00,-0.01,21.97417,21.984170684814455,21.984170684814455,270
2024-10-13 00:00:00,-0.07,14.124522,14.19452220916748,14.19452220916748,270
2024-10-13 01:00:00,-0.37,6.7676196,7.137619609832764,7.137619609832764,270
2024-10-13 02:00:00,-0.51,5.743732,6.25373197555542,6.25373197555542,270
2024-10-13 03:00:00,-0.09,19.664557,19.7545565032959,19.7545565032959,271
2024-10-13 04:00:00,-0.05,26.287962,26.337961959838868,26.337961959838868,271
2024-10-13 05:00:00,0.78,28.419989,27.639988632202147,27.639988632202147,271
2024-10-13 06:00:00,11.5,27.592989,16.092988967895508,16.092988967895508,271
2024-10-13 07:00:00,4.81,22.58542,17.77542060852051,17.77542060852051,271
2024-10-13 08:00:00,4.87,16.222155,11.35215461730957,11.35215461730957,271
2024-10-13 09:00:00,5.17,11.110842,5.940841751098633,5.940841751098633,271
2024-10-13 10:00:00,4.49,7.77389,3.2838900184631346,3.2838900184631346,271
2024-10-13 11:00:00,0.08,6.2717614,6.191761417388916,6.191761417388916,271
2024-10-13 12:00:00,-0.01,7.7957253,7.805725345611572,7.805725345611572,271
2024-10-13 13:00:00,0.0,13.233583,13.233583450317383,13.233583450317383,271
2024-10-13 14:00:00,6.8,26.612371,19.812371444702148,19.812371444702148,271
2024-10-13 15:00:00,31.28,46.132202,14.852202148437499,14.852202148437499,271
2024-10-13 16:00:00,62.82,63.61393,0.793929748535156,0.793929748535156,271
2024-10-13 17:00:00,79.46,71.34841,-8.1115884399414,8.1115884399414,271
2024-10-13 18:00:00,63.26,72.98741,9.72741149902344,9.72741149902344,271
2024-10-13 19:00:00,56.71,66.56831,9.858313598632812,9.858313598632812,271
2024-10-13 20:00:00,49.88,57.007572,7.127572174072263,7.127572174072263,271
2024-10-13 21:00:00,49.61,47.436115,-2.1738847351074213,2.1738847351074213,271
2024-10-13 22:00:00,50.49,39.681988,-10.80801223754883,10.80801223754883,271
2024-10-13 23:00:00,39.38,33.6242,-5.755801086425784,5.755801086425784,271
2024-10-14 00:00:00,37.41,29.560598,-7.849401626586911,7.849401626586911,271
2024-10-14 01:00:00,36.68,26.499834,-10.180165939331054,10.180165939331054,271
2024-10-14 02:00:00,41.38,29.793818,-11.586182479858401,11.586182479858401,271
2024-10-14 03:00:00,62.2,46.033424,-16.166575622558597,16.166575622558597,272
2024-10-14 04:00:00,98.65,65.57914,-33.07086029052735,33.07086029052735,272
2024-10-14 05:00:00,114.03,85.11074,-28.919259338378907,28.919259338378907,272
2024-10-14 06:00:00,137.7,94.37229,-43.32770843505858,43.32770843505858,272
2024-10-14 07:00:00,110.19,90.83905,-19.350949707031248,19.350949707031248,272
2024-10-14 08:00:00,99.55,78.39715,-21.15285186767578,21.15285186767578,272
2024-10-14 09:00:00,92.5,64.67856,-27.821441650390625,27.821441650390625,272
2024-10-14 10:00:00,85.7,52.864105,-32.83589477539063,32.83589477539063,272
2024-10-14 11:00:00,78.42,45.433247,-32.986753387451174,32.986753387451174,272
2024-10-14 12:00:00,74.16,42.18823,-31.971771392822262,31.971771392822262,272
2024-10-14 13:00:00,73.07,42.371113,-30.698887176513665,30.698887176513665,272
2024-10-14 14:00:00,71.2,50.239536,-20.960463714599612,20.960463714599612,272
2024-10-14 15:00:00,97.46,67.17754,-30.282456359863275,30.282456359863275,272
2024-10-14 16:00:00,121.04,87.25134,-33.788657226562506,33.788657226562506,272
2024-10-14 17:00:00,161.89,100.65253,-61.237473144531236,61.237473144531236,272
2024-10-14 18:00:00,158.0,102.0466,-55.953399658203125,55.953399658203125,272
2024-10-14 19:00:00,108.79,89.051346,-19.738654174804694,19.738654174804694,272
2024-10-14 20:00:00,99.66,74.27983,-25.38016906738281,25.38016906738281,272
2024-10-14 21:00:00,94.8,59.669167,-35.13083343505859,35.13083343505859,272
2024-10-14 22:00:00,76.09,50.20037,-25.889629211425785,25.889629211425785,272
2024-10-14 23:00:00,77.5,44.171543,-33.32845687866211,33.32845687866211,272
2024-10-15 00:00:00,60.49,38.58904,-21.90096115112305,21.90096115112305,272
2024-10-15 01:00:00,61.33,33.509033,-27.820966796875,27.820966796875,272
2024-10-15 02:00:00,51.57,35.849392,-15.720608062744141,15.720608062744141,272
2024-10-15 03:00:00,60.92,38.161694,-22.758306427001955,22.758306427001955,273
2024-10-15 04:00:00,63.87,56.23407,-7.635930175781247,7.635930175781247,273
2024-10-15 05:00:00,91.36,75.306755,-16.05324493408203,16.05324493408203,273
2024-10-15 06:00:00,122.28,86.12804,-36.151963500976564,36.151963500976564,273
2024-10-15 07:00:00,110.47,84.646454,-25.823546142578124,25.823546142578124,273
2024-10-15 08:00:00,92.74,72.97852,-19.761476745605464,19.761476745605464,273
2024-10-15 09:00:00,83.05,59.298088,-23.75191192626953,23.75191192626953,273
2024-10-15 10:00:00,78.47,46.51173,-31.958269805908202,31.958269805908202,273
2024-10-15 11:00:00,67.66,36.899357,-30.76064315795898,30.76064315795898,273
2024-10-15 12:00:00,41.51,30.967348,-10.542651901245115,10.542651901245115,273
2024-10-15 13:00:00,41.37,28.081709,-13.288291091918943,13.288291091918943,273
2024-10-15 14:00:00,62.63,33.306007,-29.323992614746096,29.323992614746096,273
2024-10-15 15:00:00,55.72,49.699913,-6.020086975097655,6.020086975097655,273
2024-10-15 16:00:00,79.47,70.26805,-9.201948852539061,9.201948852539061,273
2024-10-15 17:00:00,104.3,85.067696,-19.232304382324216,19.232304382324216,273
2024-10-15 18:00:00,64.98,89.016754,24.03675415039062,24.03675415039062,273
2024-10-15 19:00:00,50.89,77.63664,26.746642456054687,26.746642456054687,273
2024-10-15 20:00:00,61.52,62.64487,1.1248707580566375,1.1248707580566375,273
2024-10-15 21:00:00,44.47,46.123474,1.6534741210937511,1.6534741210937511,273
2024-10-15 22:00:00,28.42,33.558006,5.138006286621092,5.138006286621092,273
2024-10-15 23:00:00,12.8,24.543638,11.743638229370116,11.743638229370116,273
2024-10-16 00:00:00,5.3,16.191828,10.89182777404785,10.89182777404785,273
2024-10-16 01:00:00,3.61,8.830423,5.22042335510254,5.22042335510254,273
2024-10-16 02:00:00,1.48,9.58938,8.109380264282226,8.109380264282226,273
2024-10-16 03:00:00,12.36,75.38161,63.02160705566406,63.02160705566406,274
2024-10-16 04:00:00,46.09,92.3212,46.23119750976562,46.23119750976562,274
2024-10-16 05:00:00,46.26,100.0994,53.83940338134766,53.83940338134766,274
2024-10-16 06:00:00,59.55,93.995575,34.44557495117188,34.44557495117188,274
2024-10-16 07:00:00,54.29,78.039055,23.74905487060547,23.74905487060547,274
2024-10-16 08:00:00,26.68,60.793697,34.113697357177735,34.113697357177735,274
2024-10-16 09:00:00,14.16,47.11576,32.95576080322266,32.95576080322266,274
2024-10-16 10:00:00,4.09,34.159317,30.069317016601563,30.069317016601563,274
2024-10-16 11:00:00,2.04,25.582785,23.542784652709962,23.542784652709962,274
2024-10-16 12:00:00,4.0,23.038328,19.038328170776367,19.038328170776367,274
2024-10-16 13:00:00,14.18,27.583132,13.403131790161133,13.403131790161133,274
2024-10-16 14:00:00,30.84,43.76057,12.920570526123047,12.920570526123047,274
2024-10-16 15:00:00,51.81,69.731544,17.921544494628904,17.921544494628904,274
2024-10-16 16:00:00,75.74,96.292946,20.55294586181641,20.55294586181641,274
2024-10-16 17:00:00,83.91,110.24767,26.337673034667972,26.337673034667972,274
2024-10-16 18:00:00,55.43,109.14723,53.71723205566406,53.71723205566406,274
2024-10-16 19:00:00,46.65,95.15105,48.50104675292969,48.50104675292969,274
2024-10-16 20:00:00,35.14,80.67099,45.530989990234374,45.530989990234374,274
2024-10-16 21:00:00,26.54,67.43357,40.89357086181641,40.89357086181641,274
2024-10-16 22:00:00,17.04,56.197304,39.15730377197266,39.15730377197266,274
2024-10-16 23:00:00,12.15,48.370384,36.220384216308595,36.220384216308595,274
2024-10-17 00:00:00,10.48,42.142372,31.662372131347656,31.662372131347656,274
2024-10-17 01:00:00,5.61,39.66211,34.052109375,34.052109375,274
2024-10-17 02:00:00,10.01,47.447018,37.437017669677736,37.437017669677736,274
2024-10-17 03:00:00,24.02,74.6435,50.623501281738285,50.623501281738285,275
2024-10-17 04:00:00,63.38,93.70588,30.32587921142578,30.32587921142578,275
2024-10-17 05:00:00,84.34,111.20262,26.862621459960934,26.862621459960934,275
2024-10-17 06:00:00,83.93,117.52739,33.59738952636718,33.59738952636718,275
2024-10-17 07:00:00,82.27,113.84624,31.57623718261719,31.57623718261719,275
2024-10-17 08:00:00,76.61,104.50849,27.898491516113282,27.898491516113282,275
2024-10-17 09:00:00,70.76,95.702675,24.94267486572265,24.94267486572265,275
2024-10-17 10:00:00,61.79,87.54049,25.750489196777345,25.750489196777345,275
2024-10-17 11:00:00,60.92,80.578995,19.65899475097656,19.65899475097656,275
2024-10-17 12:00:00,63.59,77.50352,13.913517150878903,13.913517150878903,275
2024-10-17 13:00:00,65.97,75.05917,9.089173583984376,9.089173583984376,275
2024-10-17 14:00:00,82.65,76.89002,-5.759977722167974,5.759977722167974,275
2024-10-17 15:00:00,79.03,86.75284,7.722838134765624,7.722838134765624,275
2024-10-17 16:00:00,78.77,99.43432,20.664318542480473,20.664318542480473,275
2024-10-17 17:00:00,99.6,108.11931,8.519308471679693,8.519308471679693,275
2024-10-17 18:00:00,82.27,106.15152,23.88151977539063,23.88151977539063,275
2024-10-17 19:00:00,72.59,93.79175,21.201748046874997,21.201748046874997,275
2024-10-17 20:00:00,71.08,79.67013,8.590127868652345,8.590127868652345,275
2024-10-17 21:00:00,68.06,63.99364,-4.066359100341799,4.066359100341799,275
2024-10-17 22:00:00,50.1,51.453266,1.3532661437988267,1.3532661437988267,275
2024-10-17 23:00:00,45.62,41.57015,-4.049851531982419,4.049851531982419,275
2024-10-18 00:00:00,38.06,32.919697,-5.140303192138674,5.140303192138674,275
2024-10-18 01:00:00,30.3,26.265985,-4.034014511108399,4.034014511108399,275
2024-10-18 02:00:00,20.4,28.166513,7.7665134429931655,7.7665134429931655,275
2024-10-18 03:00:00,49.03,58.733913,9.703913421630858,9.703913421630858,276
2024-10-18 04:00:00,57.84,76.11591,18.275913391113278,18.275913391113278,276
2024-10-18 05:00:00,75.0,91.92839,16.928390502929688,16.928390502929688,276
2024-10-18 06:00:00,99.5,97.06899,-2.4310073852539062,2.4310073852539062,276
2024-10-18 07:00:00,79.72,92.474594,12.754594116210939,12.754594116210939,276
2024-10-18 08:00:00,78.56,81.972626,3.4126257324218727,3.4126257324218727,276
2024-10-18 09:00:00,79.35,71.99455,-7.355447387695307,7.355447387695307,276
2024-10-18 10:00:00,76.1,63.668636,-12.43136367797851,12.43136367797851,276
2024-10-18 11:00:00,58.6,58.6407,0.04070129394531108,0.04070129394531108,276
2024-10-18 12:00:00,42.86,58.818085,15.958084716796876,15.958084716796876,276
2024-10-18 13:00:00,49.52,61.54522,12.025219421386716,12.025219421386716,276
2024-10-18 14:00:00,51.41,69.482056,18.072055664062503,18.072055664062503,276
2024-10-18 15:00:00,63.56,82.86083,19.300832214355466,19.300832214355466,276
2024-10-18 16:00:00,83.16,96.96272,13.802722778320316,13.802722778320316,276
2024-10-18 17:00:00,138.94,104.479126,-34.4608740234375,34.4608740234375,276
2024-10-18 18:00:00,103.25,100.35801,-2.8919906616210938,2.8919906616210938,276
2024-10-18 19:00:00,93.89,85.64312,-8.246880187988282,8.246880187988282,276
2024-10-18 20:00:00,81.2,69.8166,-11.383403015136722,11.383403015136722,276
2024-10-18 21:00:00,71.08,53.544083,-17.535917358398436,17.535917358398436,276
2024-10-18 22:00:00,56.04,40.473804,-15.566195526123046,15.566195526123046,276
2024-10-18 23:00:00,20.64,30.296202,9.656201705932617,9.656201705932617,276
2024-10-19 00:00:00,24.83,21.667898,-3.1621018218994124,3.1621018218994124,276
2024-10-19 01:00:00,35.26,14.68889,-20.571109542846678,20.571109542846678,276
2024-10-19 02:00:00,10.25,16.427313,6.177312850952148,6.177312850952148,276
2024-10-19 03:00:00,27.68,35.09195,7.411949462890625,7.411949462890625,277
2024-10-19 04:00:00,54.78,41.309357,-13.470643310546876,13.470643310546876,277
2024-10-19 05:00:00,34.37,41.14415,6.77414978027344,6.77414978027344,277
2024-10-19 06:00:00,41.88,36.891235,-4.988764648437503,4.988764648437503,277
2024-10-19 07:00:00,44.67,29.98076,-14.689239425659181,14.689239425659181,277
2024-10-19 08:00:00,46.42,23.566534,-22.853465957641603,22.853465957641603,277
2024-10-19 09:00:00,35.0,19.894785,-15.105215072631836,15.105215072631836,277
2024-10-19 10:00:00,30.24,17.751986,-12.48801445007324,12.48801445007324,277
2024-10-19 11:00:00,17.67,17.388323,-0.2816771697998064,0.2816771697998064,277
2024-10-19 12:00:00,13.17,21.952219,8.782219009399414,8.782219009399414,277
2024-10-19 13:00:00,5.79,31.105001,25.315001449584962,25.315001449584962,277
2024-10-19 14:00:00,5.05,45.84564,40.79563827514649,40.79563827514649,277
2024-10-19 15:00:00,22.32,62.093895,39.77389495849609,39.77389495849609,277
2024-10-19 16:00:00,44.13,73.35044,29.220440979003904,29.220440979003904,277
2024-10-19 17:00:00,70.0,74.41718,4.417182922363281,4.417182922363281,277
2024-10-19 18:00:00,69.59,69.8168,0.2268029785156216,0.2268029785156216,277
2024-10-19 19:00:00,58.81,60.981686,2.171685638427732,2.171685638427732,277
2024-10-19 20:00:00,72.78,51.49996,-21.280038146972657,21.280038146972657,277
2024-10-19 21:00:00,73.33,43.258953,-30.071046905517576,30.071046905517576,277
2024-10-19 22:00:00,37.46,36.418613,-1.0413865661621102,1.0413865661621102,277
2024-10-19 23:00:00,27.55,30.802652,3.2526523590087884,3.2526523590087884,277
2024-10-20 00:00:00,25.77,27.637495,1.8674950408935551,1.8674950408935551,277
2024-10-20 01:00:00,13.24,26.488588,13.248588333129883,13.248588333129883,277
2024-10-20 02:00:00,11.57,31.165174,19.59517448425293,19.59517448425293,277
2024-10-20 03:00:00,11.02,26.487288,15.467287521362305,15.467287521362305,278
2024-10-20 04:00:00,8.63,24.47323,15.843230361938476,15.843230361938476,278
2024-10-20 05:00:00,8.87,16.18466,7.314659957885743,7.314659957885743,278
2024-10-20 06:00:00,13.08,10.187258,-2.8927422332763673,2.8927422332763673,278
2024-10-20 07:00:00,13.16,5.053553,-8.106446895599365,8.106446895599365,278
2024-10-20 08:00:00,6.37,0.21663135,-6.153368647098541,6.153368647098541,278
2024-10-20 09:00:00,0.08,-2.5687385,-2.6487384605407716,2.6487384605407716,278
2024-10-20 10:00:00,0.0,-1.2352805,-1.2352805137634277,1.2352805137634277,278
2024-10-20 11:00:00,-0.98,5.15951,6.139510135650635,6.139510135650635,278
2024-10-20 12:00:00,-2.01,17.933664,19.943664321899412,19.943664321899412,278
2024-10-20 13:00:00,0.0,33.01311,33.01311111450195,33.01311111450195,278
2024-10-20 14:00:00,0.03,47.280033,47.250033111572264,47.250033111572264,278
2024-10-20 15:00:00,8.64,54.577103,45.93710266113281,45.93710266113281,278
2024-10-20 16:00:00,17.13,52.55402,35.42401992797852,35.42401992797852,278
2024-10-20 17:00:00,47.41,42.410244,-4.999756011962887,4.999756011962887,278
2024-10-20 18:00:00,36.87,34.372547,-2.4974528503417943,2.4974528503417943,278
2024-10-20 19:00:00,24.08,27.263083,3.1830825042724626,3.1830825042724626,278
2024-10-20 20:00:00,14.14,18.978197,4.83819709777832,4.83819709777832,278
2024-10-20 21:00:00,2.24,13.773794,11.533794174194336,11.533794174194336,278
2024-10-20 22:00:00,1.12,14.545248,13.42524803161621,13.42524803161621,278
2024-10-20 23:00:00,0.05,22.154333,22.104333114624023,22.104333114624023,278
2024-10-21 00:00:00,0.0,36.780502,36.78050231933594,36.78050231933594,278
2024-10-21 02:00:00,0.29,50.608364,50.31836410522461,50.31836410522461,278
2024-10-21 03:00:00,10.81,61.032444,50.22244400024414,50.22244400024414,278
2024-10-21 04:00:00,32.6,36.339554,3.739553833007811,3.739553833007811,279
2024-10-21 05:00:00,91.83,57.538868,-34.291132049560545,34.291132049560545,279
2024-10-21 06:00:00,120.22,78.312614,-41.90738555908203,41.90738555908203,279
2024-10-21 07:00:00,103.9,88.56201,-15.337988281250006,15.337988281250006,279
2024-10-21 08:00:00,88.77,85.9782,-2.7917971801757773,2.7917971801757773,279
2024-10-21 09:00:00,81.5,74.52128,-6.978721618652344,6.978721618652344,279
2024-10-21 10:00:00,73.29,61.660057,-11.629942932128913,11.629942932128913,279
2024-10-21 11:00:00,69.0,50.32116,-18.67884063720703,18.67884063720703,279
2024-10-21 12:00:00,67.04,42.56613,-24.47386840820313,24.47386840820313,279
2024-10-21 13:00:00,67.88,39.3134,-28.566599731445308,28.566599731445308,279
2024-10-21 14:00:00,70.47,39.803493,-30.66650650024414,30.66650650024414,279
2024-10-21 15:00:00,90.22,47.91035,-42.30964920043945,42.30964920043945,279
2024-10-21 16:00:00,103.41,64.4782,-38.93179718017578,38.93179718017578,279
2024-10-21 17:00:00,158.4,83.54916,-74.85084381103516,74.85084381103516,279
2024-10-21 18:00:00,113.95,94.99517,-18.954829406738284,18.954829406738284,279
2024-10-21 19:00:00,85.39,94.756645,9.366645202636718,9.366645202636718,279
2024-10-21 20:00:00,97.69,80.41199,-17.278012695312498,17.278012695312498,279
2024-10-21 21:00:00,92.97,64.67245,-28.297552795410155,28.297552795410155,279
2024-10-21 22:00:00,76.27,49.58761,-26.682391662597652,26.682391662597652,279
2024-10-21 23:00:00,70.0,40.007088,-29.99291229248047,29.99291229248047,279
2024-10-22 00:00:00,63.79,34.057964,-29.732035675048827,29.732035675048827,279
2024-10-22 01:00:00,68.98,29.180212,-39.79978797912598,39.79978797912598,279
2024-10-22 02:00:00,60.0,25.13309,-34.86691093444824,34.86691093444824,279
2024-10-22 03:00:00,70.0,28.766634,-41.23336601257324,41.23336601257324,279
2024-10-22 04:00:00,75.97,71.567024,-4.402975769042968,4.402975769042968,280
2024-10-22 05:00:00,102.17,81.45344,-20.71656219482422,20.71656219482422,280
2024-10-22 06:00:00,123.02,87.03681,-35.983188171386715,35.983188171386715,280
2024-10-22 07:00:00,112.71,85.93039,-26.77961059570312,26.77961059570312,280
2024-10-22 08:00:00,98.84,79.77502,-19.064983215332035,19.064983215332035,280
2024-10-22 09:00:00,90.03,72.49694,-17.533059387207032,17.533059387207032,280
2024-10-22 10:00:00,78.57,65.920555,-12.6494448852539,12.6494448852539,280
2024-10-22 11:00:00,70.88,60.818554,-10.061446075439449,10.061446075439449,280
2024-10-22 12:00:00,58.92,59.94535,1.0253506469726545,1.0253506469726545,280
2024-10-22 13:00:00,53.54,65.7529,12.212899169921876,12.212899169921876,280
2024-10-22 14:00:00,52.5,76.75059,24.250587463378906,24.250587463378906,280
2024-10-22 15:00:00,74.99,92.24946,17.259458312988286,17.259458312988286,280
2024-10-22 16:00:00,118.32,106.27954,-12.040458984374993,12.040458984374993,280
2024-10-22 17:00:00,158.91,114.55315,-44.35685363769531,44.35685363769531,280
2024-10-22 18:00:00,112.02,115.4004,3.3803982543945352,3.3803982543945352,280
2024-10-22 19:00:00,100.0,108.71737,8.717369079589844,8.717369079589844,280
2024-10-22 20:00:00,95.78,98.67471,2.894713134765624,2.894713134765624,280
2024-10-22 21:00:00,88.35,90.069855,1.7198547363281307,1.7198547363281307,280
2024-10-22 22:00:00,77.21,83.64401,6.434012451171881,6.434012451171881,280
2024-10-22 23:00:00,79.25,79.25789,0.0078887939453125,0.0078887939453125,280
2024-10-23 00:00:00,71.0,75.573586,4.573585510253906,4.573585510253906,280
2024-10-23 01:00:00,64.32,72.95919,8.63919036865235,8.63919036865235,280
2024-10-23 02:00:00,64.29,72.876236,8.586235961914056,8.586235961914056,280
2024-10-23 03:00:00,65.0,78.13476,13.134757995605469,13.134757995605469,280
2024-10-23 04:00:00,84.98,110.33408,25.354083557128902,25.354083557128902,281
2024-10-23 05:00:00,102.1,128.1614,26.06140747070313,26.06140747070313,281
2024-10-23 06:00:00,134.71,129.90816,-4.8018426513671955,4.8018426513671955,281
2024-10-23 07:00:00,110.06,117.57506,7.515057983398435,7.515057983398435,281
2024-10-23 08:00:00,85.0,99.64396,14.643959045410156,14.643959045410156,281
2024-10-23 09:00:00,69.54,83.03444,13.494439086914056,13.494439086914056,281
2024-10-23 10:00:00,64.08,72.40877,8.328767700195314,8.328767700195314,281
2024-10-23 11:00:00,56.58,61.826267,5.246267242431642,5.246267242431642,281
2024-10-23 12:00:00,56.08,52.25078,-3.829221801757811,3.829221801757811,281
2024-10-23 13:00:00,59.99,51.178837,-8.811163177490236,8.811163177490236,281
2024-10-23 14:00:00,63.4,58.83075,-4.569250488281249,4.569250488281249,281
2024-10-23 15:00:00,71.99,76.94576,4.955762634277349,4.955762634277349,281
2024-10-23 16:00:00,103.41,98.07077,-5.339229736328122,5.339229736328122,281
2024-10-23 17:00:00,155.8,111.5712,-44.228802490234386,44.228802490234386,281
2024-10-23 18:00:00,114.63,110.16622,-4.463778381347652,4.463778381347652,281
2024-10-23 19:00:00,96.25,96.36221,0.112213134765625,0.112213134765625,281
2024-10-23 20:00:00,99.87,77.051285,-22.818715209960942,22.818715209960942,281
2024-10-23 21:00:00,93.16,59.543896,-33.61610427856445,33.61610427856445,281
2024-10-23 22:00:00,51.61,44.772392,-6.837607727050781,6.837607727050781,281
2024-10-23 23:00:00,62.03,32.36663,-29.663369445800782,29.663369445800782,281
2024-10-24 00:00:00,57.75,24.840162,-32.90983772277832,32.90983772277832,281
2024-10-24 01:00:00,39.33,23.2307,-16.099300460815428,16.099300460815428,281
2024-10-24 02:00:00,43.11,32.5598,-10.550200805664062,10.550200805664062,281
2024-10-24 03:00:00,53.01,53.879738,0.8697378540039082,0.8697378540039082,281
2024-10-24 04:00:00,70.57,98.50232,27.932319335937507,27.932319335937507,282
2024-10-24 05:00:00,77.63,111.14394,33.5139437866211,33.5139437866211,282
2024-10-24 06:00:00,120.01,110.10473,-9.905271301269536,9.905271301269536,282
2024-10-24 07:00:00,98.15,97.47702,-0.6729797363281307,0.6729797363281307,282
2024-10-24 08:00:00,69.17,80.11907,10.949071960449217,10.949071960449217,282
2024-10-24 09:00:00,60.0,64.17101,4.171012878417969,4.171012878417969,282
2024-10-24 10:00:00,50.24,52.648994,2.4089944458007793,2.4089944458007793,282
2024-10-24 11:00:00,43.54,41.75375,-1.7862501525878898,1.7862501525878898,282
2024-10-24 12:00:00,30.01,34.74883,4.738828887939452,4.738828887939452,282
2024-10-24 13:00:00,24.55,36.97438,12.424380493164062,12.424380493164062,282
2024-10-24 14:00:00,47.44,49.307076,1.8670755004882835,1.8670755004882835,282
2024-10-24 15:00:00,60.4,71.557846,11.157846069335939,11.157846069335939,282
2024-10-24 16:00:00,79.36,94.40073,15.040726318359376,15.040726318359376,282
2024-10-24 17:00:00,110.16,109.24961,-0.9103890991210903,0.9103890991210903,282
2024-10-24 18:00:00,85.0,109.705246,24.705245971679688,24.705245971679688,282
2024-10-24 19:00:00,86.23,100.34741,14.117412109374996,14.117412109374996,282
2024-10-24 20:00:00,75.72,86.65735,10.937348632812501,10.937348632812501,282
2024-10-24 21:00:00,67.0,73.98064,6.9806365966796875,6.9806365966796875,282
2024-10-24 22:00:00,57.0,64.05618,7.056182861328125,7.056182861328125,282
2024-10-24 23:00:00,40.09,55.229145,15.139145050048825,15.139145050048825,282
2024-10-25 00:00:00,41.04,49.6926,8.652600250244141,8.652600250244141,282
2024-10-25 01:00:00,42.3,48.06237,5.762370300292972,5.762370300292972,282
2024-10-25 02:00:00,18.7,54.55374,35.85374145507812,35.85374145507812,282
2024-10-25 03:00:00,35.78,71.09909,35.319090576171874,35.319090576171874,282
2024-10-25 04:00:00,46.02,79.698654,33.678654174804684,33.678654174804684,283
2024-10-25 05:00:00,55.05,92.53711,37.487109375,37.487109375,283
2024-10-25 06:00:00,67.72,95.77587,28.05587127685547,28.05587127685547,283
2024-10-25 07:00:00,79.64,87.90631,8.26631103515625,8.26631103515625,283
2024-10-25 08:00:00,70.0,75.9265,5.9264984130859375,5.9264984130859375,283
2024-10-25 09:00:00,60.0,64.97416,4.974159240722656,4.974159240722656,283
2024-10-25 10:00:00,55.83,58.307396,2.4773959350585955,2.4773959350585955,283
2024-10-25 11:00:00,54.0,52.5894,-1.4105987548828125,1.4105987548828125,283
2024-10-25 12:00:00,50.0,49.98571,-0.01428985595703125,0.01428985595703125,283
2024-10-25 13:00:00,42.0,55.94366,13.943660736083984,13.943660736083984,283
2024-10-25 14:00:00,40.0,68.180504,28.180503845214844,28.180503845214844,283
2024-10-25 15:00:00,53.9,86.06587,32.165872192382814,32.165872192382814,283
2024-10-25 16:00:00,70.57,102.52013,31.950126342773444,31.950126342773444,283
2024-10-25 17:00:00,102.17,111.572296,9.402296142578123,9.402296142578123,283
2024-10-25 18:00:00,103.06,108.728065,5.668065490722654,5.668065490722654,283
2024-10-25 19:00:00,85.37,95.44477,10.074770812988277,10.074770812988277,283
2024-10-25 20:00:00,79.03,78.43533,-0.5946667480468761,0.5946667480468761,283
2024-10-25 21:00:00,74.0,63.29833,-10.701671600341797,10.701671600341797,283
2024-10-25 22:00:00,67.82,49.876648,-17.943352050781243,17.943352050781243,283
2024-10-25 23:00:00,56.29,37.010567,-19.279433288574218,19.279433288574218,283
2024-10-26 00:00:00,50.0,26.627901,-23.372098922729492,23.372098922729492,283
2024-10-26 01:00:00,42.76,19.745443,-23.014556655883787,23.014556655883787,283
2024-10-26 02:00:00,37.01,18.254015,-18.755985031127928,18.755985031127928,283
2024-10-26 03:00:00,41.94,26.905706,-15.03429359436035,15.03429359436035,283
2024-10-26 04:00:00,50.1,56.483685,6.3836845397949205,6.3836845397949205,284
2024-10-26 05:00:00,56.5,59.89858,3.398578643798828,3.398578643798828,284
2024-10-26 06:00:00,57.82,56.409866,-1.4101336669921878,1.4101336669921878,284
2024-10-26 07:00:00,65.56,48.181503,-17.378496704101565,17.378496704101565,284
2024-10-26 08:00:00,56.08,39.138336,-16.941663818359373,16.941663818359373,284
2024-10-26 09:00:00,45.06,31.636381,-13.42361885070801,13.42361885070801,284
2024-10-26 10:00:00,48.22,28.072973,-20.147026748657225,20.147026748657225,284
2024-10-26 11:00:00,53.84,27.182192,-26.65780815124512,26.65780815124512,284
2024-10-26 12:00:00,45.97,30.342062,-15.627938003540038,15.627938003540038,284
2024-10-26 13:00:00,46.02,41.124043,-4.895957489013675,4.895957489013675,284
2024-10-26 14:00:00,57.93,56.39357,-1.5364300537109372,1.5364300537109372,284
2024-10-26 15:00:00,48.04,74.85388,26.8138818359375,26.8138818359375,284
2024-10-26 16:00:00,61.35,89.64722,28.297216796875,28.297216796875,284
2024-10-26 17:00:00,99.02,96.22376,-2.7962374877929648,2.7962374877929648,284
2024-10-26 18:00:00,83.3,92.52662,9.226618957519534,9.226618957519534,284
2024-10-26 19:00:00,59.59,82.19212,22.602123413085934,22.602123413085934,284
2024-10-26 20:00:00,68.22,70.48154,2.261536865234376,2.261536865234376,284
2024-10-26 21:00:00,75.0,58.72984,-16.270160675048828,16.270160675048828,284
2024-10-26 22:00:00,87.71,48.51791,-39.192089996337884,39.192089996337884,284
2024-10-26 23:00:00,83.31,39.1606,-44.14940124511719,44.14940124511719,284
2024-10-27 00:00:00,82.23,30.593813,-51.63618705749512,51.63618705749512,284
2024-10-27 01:00:00,80.43,24.768766,-55.661233596801765,55.661233596801765,284
2024-10-27 02:00:00,44.38,21.406733,-22.9732674407959,22.9732674407959,284
2024-10-27 03:00:00,59.91,24.907125,-35.002874526977536,35.002874526977536,284
2024-10-27 04:00:00,52.93,33.81218,-19.117820434570312,19.117820434570312,285
2024-10-27 05:00:00,71.02,39.00362,-32.01637985229492,32.01637985229492,285
2024-10-27 06:00:00,86.24,35.34637,-50.89362930297851,50.89362930297851,285
2024-10-27 07:00:00,81.3,26.731112,-54.56888847351074,54.56888847351074,285
2024-10-27 08:00:00,64.36,16.848787,-47.51121269226074,47.51121269226074,285
2024-10-27 09:00:00,54.72,8.435587,-46.28441307067871,46.28441307067871,285
2024-10-27 10:00:00,42.5,3.0340066,-39.46599340438843,39.46599340438843,285
2024-10-27 11:00:00,39.99,1.3718286,-38.61817144393921,38.61817144393921,285
2024-10-27 12:00:00,40.0,5.1664224,-34.83357763290405,34.83357763290405,285
2024-10-27 13:00:00,55.19,18.452017,-36.73798316955566,36.73798316955566,285
2024-10-27 14:00:00,44.99,39.34348,-5.646520843505861,5.646520843505861,285
2024-10-27 15:00:00,63.97,66.53389,2.5638897705078136,2.5638897705078136,285
2024-10-27 16:00:00,81.25,89.210846,7.960845947265625,7.960845947265625,285
2024-10-27 17:00:00,96.27,100.37354,4.103542785644535,4.103542785644535,285
2024-10-27 18:00:00,128.7,96.79801,-31.901988220214832,31.901988220214832,285
2024-10-27 19:00:00,115.51,85.969185,-29.540815124511724,29.540815124511724,285
2024-10-27 20:00:00,107.36,73.4587,-33.901297912597656,33.901297912597656,285
2024-10-27 21:00:00,90.58,60.85704,-29.72295959472656,29.72295959472656,285
2024-10-27 22:00:00,102.99,51.24045,-51.749548187255854,51.749548187255854,285
2024-10-27 23:00:00,79.32,43.166904,-36.1530955505371,36.1530955505371,285
2024-10-28 00:00:00,50.31,35.967735,-14.342264709472659,14.342264709472659,285
2024-10-28 01:00:00,49.0,32.21502,-16.78498077392578,16.78498077392578,285
2024-10-28 02:00:00,43.1,31.678205,-11.421794509887697,11.421794509887697,285
2024-10-28 03:00:00,43.92,39.460033,-4.459966583251955,4.459966583251955,285
2024-10-28 04:00:00,49.2,85.8136,36.6135986328125,36.6135986328125,286
2024-10-28 05:00:00,65.78,99.00368,33.22367736816406,33.22367736816406,286
2024-10-28 06:00:00,86.74,99.376755,12.636754760742193,12.636754760742193,286
2024-10-28 07:00:00,98.94,89.1221,-9.817899169921873,9.817899169921873,286
2024-10-28 08:00:00,79.06,74.53519,-4.524813232421877,4.524813232421877,286
2024-10-28 09:00:00,69.39,60.43813,-8.951870574951172,8.951870574951172,286
2024-10-28 10:00:00,65.76,50.685722,-15.074277648925786,15.074277648925786,286
2024-10-28 11:00:00,64.6,41.56056,-23.039441680908197,23.039441680908197,286
2024-10-28 12:00:00,65.41,35.515736,-29.894264373779293,29.894264373779293,286
2024-10-28 13:00:00,70.23,38.9376,-31.292400817871098,31.292400817871098,286
2024-10-28 14:00:00,83.74,51.920864,-31.819135894775386,31.819135894775386,286
2024-10-28 15:00:00,91.33,73.29102,-18.038976745605467,18.038976745605467,286
2024-10-28 16:00:00,115.57,93.22191,-22.348091430664056,22.348091430664056,286
2024-10-28 17:00:00,150.0,103.42202,-46.577980041503906,46.577980041503906,286
2024-10-28 18:00:00,133.66,99.28268,-34.37732330322265,34.37732330322265,286
2024-10-28 19:00:00,115.73,85.80764,-29.92235992431641,29.92235992431641,286
2024-10-28 20:00:00,110.49,68.79491,-41.69509338378906,41.69509338378906,286
2024-10-28 21:00:00,98.61,54.021027,-44.588973388671874,44.588973388671874,286
2024-10-28 22:00:00,90.33,42.311966,-48.018034057617186,48.018034057617186,286
2024-10-28 23:00:00,70.0,31.98417,-38.01582908630371,38.01582908630371,286
2024-10-29 00:00:00,65.14,25.527376,-39.61262382507324,39.61262382507324,286
2024-10-29 01:00:00,56.21,24.06109,-32.14890953063965,32.14890953063965,286
2024-10-29 02:00:00,49.28,31.2717,-18.008300094604493,18.008300094604493,286
2024-10-29 03:00:00,49.04,48.162136,-0.8778639221191398,0.8778639221191398,286
2024-10-29 04:00:00,58.4,84.12894,25.728936767578126,25.728936767578126,287
2024-10-29 05:00:00,70.84,97.254456,26.414455566406247,26.414455566406247,287
2024-10-29 06:00:00,83.09,105.4325,22.342502746582028,22.342502746582028,287
2024-10-29 07:00:00,98.77,104.93274,6.162739257812504,6.162739257812504,287
2024-10-29 08:00:00,109.88,98.304794,-11.575205688476558,11.575205688476558,287
2024-10-29 09:00:00,106.4,90.241325,-16.158674621582037,16.158674621582037,287
2024-10-29 10:00:00,97.39,83.658066,-13.731934204101563,13.731934204101563,287
2024-10-29 11:00:00,94.83,77.49338,-17.336622314453123,17.336622314453123,287
2024-10-29 12:00:00,86.61,73.88403,-12.725966796875,12.725966796875,287
2024-10-29 13:00:00,82.91,76.09359,-6.816410217285153,6.816410217285153,287
2024-10-29 14:00:00,71.1,82.1119,11.01190032958985,11.01190032958985,287
2024-10-29 15:00:00,73.61,92.02136,18.4113623046875,18.4113623046875,287
2024-10-29 16:00:00,96.75,103.32341,6.5734100341796875,6.5734100341796875,287
2024-10-29 17:00:00,160.11,111.29958,-48.81041656494142,48.81041656494142,287
2024-10-29 18:00:00,150.79,112.95294,-37.83705810546874,37.83705810546874,287
2024-10-29 19:00:00,108.55,105.91913,-2.630871582031247,2.630871582031247,287
2024-10-29 20:00:00,90.0,94.527,4.527000427246094,4.527000427246094,287
2024-10-29 21:00:00,83.22,85.09869,1.8786862182617199,1.8786862182617199,287
2024-10-29 22:00:00,68.7,77.137054,8.437054443359372,8.437054443359372,287
2024-10-29 23:00:00,66.0,70.99925,4.9992523193359375,4.9992523193359375,287
2024-10-30 00:00:00,55.0,65.80176,10.8017578125,10.8017578125,287
2024-10-30 01:00:00,52.99,61.601234,8.611234436035154,8.611234436035154,287
2024-10-30 02:00:00,44.6,60.385334,15.785334014892577,15.785334014892577,287
2024-10-30 03:00:00,40.0,65.55198,25.551979064941406,25.551979064941406,287
2024-10-30 04:00:00,52.5,93.54285,41.0428466796875,41.0428466796875,288
2024-10-30 05:00:00,68.68,110.89204,42.212036437988274,42.212036437988274,288
2024-10-30 06:00:00,76.04,114.54792,38.507920227050775,38.507920227050775,288
2024-10-30 07:00:00,90.25,104.3214,14.071403503417969,14.071403503417969,288
2024-10-30 08:00:00,91.56,88.624016,-2.9359841918945335,2.9359841918945335,288
2024-10-30 09:00:00,69.7,73.73315,4.033146667480466,4.033146667480466,288
2024-10-30 10:00:00,69.57,64.17244,-5.397560424804681,5.397560424804681,288
2024-10-30 11:00:00,73.05,55.12574,-17.924259948730466,17.924259948730466,288
2024-10-30 12:00:00,73.52,48.21805,-25.30195190429687,25.30195190429687,288
2024-10-30 13:00:00,69.57,50.54852,-19.02148086547851,19.02148086547851,288
2024-10-30 14:00:00,72.65,60.656208,-11.993791961669928,11.993791961669928,288
2024-10-30 15:00:00,86.81,79.085266,-7.724733886718752,7.724733886718752,288
2024-10-30 16:00:00,102.3,98.187836,-4.112164306640622,4.112164306640622,288
2024-10-30 17:00:00,145.0,109.698105,-35.30189514160156,35.30189514160156,288
2024-10-30 18:00:00,143.36,107.50949,-35.85050903320314,35.85050903320314,288
2024-10-30 19:00:00,107.19,93.50545,-13.684552612304685,13.684552612304685,288
2024-10-30 20:00:00,74.61,74.377106,-0.23289428710937443,0.23289428710937443,288
2024-10-30 21:00:00,84.71,56.705475,-28.00452514648437,28.00452514648437,288
2024-10-30 22:00:00,88.01,40.976112,-47.03388763427735,47.03388763427735,288
2024-10-30 23:00:00,80.0,26.753477,-53.24652290344238,53.24652290344238,288
2024-10-31 00:00:00,76.79,16.731234,-60.05876640319825,60.05876640319825,288
2024-10-31 01:00:00,75.0,12.062647,-62.93735313415527,62.93735313415527,288
2024-10-31 02:00:00,72.59,16.101103,-56.48889717102051,56.48889717102051,288
2024-10-31 03:00:00,70.99,32.081,-38.908998718261714,38.908998718261714,288
2024-10-31 04:00:00,77.0,76.58031,-0.4196929931640625,0.4196929931640625,289
2024-10-31 05:00:00,88.39,95.62071,7.230712280273437,7.230712280273437,289
2024-10-31 06:00:00,117.05,103.44419,-13.605809020996091,13.605809020996091,289
2024-10-31 07:00:00,121.58,96.4391,-25.140897827148436,25.140897827148436,289
2024-10-31 08:00:00,102.8,82.45186,-20.348141479492185,20.348141479492185,289
2024-10-31 09:00:00,93.2,68.62132,-24.578677368164065,24.578677368164065,289
2024-10-31 10:00:00,85.04,59.388508,-25.651492156982428,25.651492156982428,289
2024-10-31 11:00:00,88.91,50.58495,-38.32505050659179,38.32505050659179,289
2024-10-31 12:00:00,85.31,44.534412,-40.7755876159668,40.7755876159668,289
2024-10-31 13:00:00,85.51,47.44692,-38.06308151245118,38.06308151245118,289
2024-10-31 14:00:00,95.5,58.16629,-37.333709716796875,37.333709716796875,289
2024-10-31 15:00:00,113.0,77.33349,-35.66651153564453,35.66651153564453,289
2024-10-31 16:00:00,130.0,98.16627,-31.83373260498047,31.83373260498047,289
2024-10-31 17:00:00,134.14,112.65804,-21.481957092285143,21.481957092285143,289
2024-10-31 18:00:00,124.95,112.46615,-12.483851623535159,12.483851623535159,289
2024-10-31 19:00:00,111.31,98.57768,-12.732317504882815,12.732317504882815,289
2024-10-31 20:00:00,101.25,77.9223,-23.32769775390625,23.32769775390625,289
2024-10-31 21:00:00,104.64,59.91256,-44.72744049072266,44.72744049072266,289
2024-10-31 22:00:00,93.56,44.188423,-49.37157684326172,49.37157684326172,289
2024-10-31 23:00:00,86.48,29.791151,-56.688848953247074,56.688848953247074,289
2024-11-01 00:00:00,81.71,18.922766,-62.78723426818847,62.78723426818847,289
2024-11-01 01:00:00,75.0,12.0835285,-62.91647148132324,62.91647148132324,289
2024-11-01 02:00:00,69.46,11.792475,-57.66752525329589,57.66752525329589,289
2024-11-01 03:00:00,66.94,23.38843,-43.551570358276365,43.551570358276365,289
2024-11-01 04:00:00,71.66,93.89692,22.236919250488285,22.236919250488285,290
2024-11-01 05:00:00,73.84,104.35389,30.513889465332028,30.513889465332028,290
2024-11-01 06:00:00,78.0,105.70015,27.700149536132812,27.700149536132812,290
2024-11-01 07:00:00,73.09,97.558945,24.468944702148434,24.468944702148434,290
2024-11-01 08:00:00,70.0,86.57031,16.5703125,16.5703125,290
2024-11-01 09:00:00,66.71,77.55734,10.847342529296881,10.847342529296881,290
2024-11-01 10:00:00,46.74,72.547035,25.807035217285154,25.807035217285154,290
2024-11-01 11:00:00,49.99,68.1779,18.187902221679686,18.187902221679686,290
2024-11-01 12:00:00,46.04,66.35273,20.312729797363282,20.312729797363282,290
2024-11-01 13:00:00,60.0,72.26132,12.261322021484375,12.261322021484375,290
2024-11-01 14:00:00,70.43,83.05549,12.625488586425774,12.625488586425774,290
2024-11-01 15:00:00,83.76,98.41833,14.658327331542964,14.658327331542964,290
2024-11-01 16:00:00,105.48,112.771904,7.291903991699215,7.291903991699215,290
2024-11-01 17:00:00,125.88,120.28794,-5.592059020996089,5.592059020996089,290
2024-11-01 18:00:00,120.01,118.05581,-1.9541909790039114,1.9541909790039114,290
2024-11-01 19:00:00,115.45,106.11559,-9.334407043457034,9.334407043457034,290
2024-11-01 20:00:00,106.37,91.82582,-14.544179077148442,14.544179077148442,290
2024-11-01 21:00:00,101.09,78.64586,-22.444141235351566,22.444141235351566,290
2024-11-01 22:00:00,93.92,66.35406,-27.565942687988283,27.565942687988283,290
2024-11-01 23:00:00,96.28,53.895916,-42.38408401489258,42.38408401489258,290
2024-11-02 00:00:00,91.56,42.89085,-48.66914993286133,48.66914993286133,290
2024-11-02 01:00:00,88.83,34.786583,-54.043417053222655,54.043417053222655,290
2024-11-02 02:00:00,86.0,32.33605,-53.6639518737793,53.6639518737793,290
2024-11-02 03:00:00,86.85,39.74013,-47.109868621826166,47.109868621826166,290
2024-11-02 04:00:00,82.15,83.96564,1.8156372070312443,1.8156372070312443,291
2024-11-02 05:00:00,93.14,88.39084,-4.749161376953126,4.749161376953126,291
2024-11-02 06:00:00,100.11,86.957954,-13.152045593261718,13.152045593261718,291
2024-11-02 07:00:00,101.16,79.87633,-21.28367248535156,21.28367248535156,291
2024-11-02 08:00:00,88.93,70.641495,-18.288505249023444,18.288505249023444,291
2024-11-02 09:00:00,77.89,62.6594,-15.230599060058594,15.230599060058594,291
2024-11-02 10:00:00,71.77,57.383274,-14.386725921630855,14.386725921630855,291
2024-11-02 11:00:00,74.63,53.834015,-20.79598510742187,20.79598510742187,291
2024-11-02 12:00:00,69.84,54.760887,-15.07911285400391,15.07911285400391,291
2024-11-02 13:00:00,72.34,62.909588,-9.430412139892582,9.430412139892582,291
2024-11-02 14:00:00,70.63,75.46959,4.839589233398442,4.839589233398442,291
2024-11-02 15:00:00,85.0,91.02141,6.0214080810546875,6.0214080810546875,291
2024-11-02 16:00:00,105.82,104.08466,-1.735336608886712,1.735336608886712,291
2024-11-02 17:00:00,114.64,110.972046,-3.6679541015625006,3.6679541015625006,291
2024-11-02 19:00:00,112.46,111.06932,-1.3906793212890562,1.3906793212890562,291
2024-11-02 20:00:00,109.16,104.16431,-4.995693359374997,4.995693359374997,291
2024-11-02 21:00:00,106.28,95.83814,-10.44185760498047,10.44185760498047,291
2024-11-02 22:00:00,100.61,88.88218,-11.727820739746093,11.727820739746093,291
2024-11-02 23:00:00,101.19,83.3076,-17.88239807128906,17.88239807128906,291
2024-11-03 00:00:00,91.36,77.69528,-13.664718017578124,13.664718017578124,291
2024-11-03 01:00:00,85.51,72.18455,-13.325452575683599,13.325452575683599,291
2024-11-03 02:00:00,85.0,67.843834,-17.156166076660156,17.156166076660156,291
2024-11-03 03:00:00,76.25,65.712456,-10.537544250488281,10.537544250488281,291
2024-11-03 04:00:00,75.12,68.512856,-6.607144470214848,6.607144470214848,291
2024-11-03 05:00:00,84.18,53.97239,-30.2076107788086,30.2076107788086,292
2024-11-03 06:00:00,87.14,60.042923,-27.097077026367188,27.097077026367188,292
2024-11-03 07:00:00,77.89,60.59552,-17.29447998046875,17.29447998046875,292
2024-11-03 08:00:00,58.13,56.82707,-1.3029316711425807,1.3029316711425807,292
2024-11-03 09:00:00,51.29,51.12226,-0.1677389526367179,0.1677389526367179,292
2024-11-03 10:00:00,47.86,45.336,-2.5240014648437494,2.5240014648437494,292
2024-11-03 11:00:00,52.63,40.139885,-12.490115051269534,12.490115051269534,292
2024-11-03 12:00:00,40.0,37.017838,-2.9821624755859375,2.9821624755859375,292
2024-11-03 13:00:00,26.0,37.9846,11.984600067138672,11.984600067138672,292
2024-11-03 14:00:00,44.49,45.988873,1.4988725280761699,1.4988725280761699,292
2024-11-03 15:00:00,82.85,59.974968,-22.875032043457026,22.875032043457026,292
2024-11-03 16:00:00,99.91,79.15511,-20.754886779785153,20.754886779785153,292
2024-11-03 17:00:00,118.11,94.509384,-23.600615844726562,23.600615844726562,292
2024-11-03 18:00:00,114.01,101.704346,-12.305654296875005,12.305654296875005,292
2024-11-03 19:00:00,111.04,99.8626,-11.177397766113288,11.177397766113288,292
2024-11-03 20:00:00,102.54,93.46142,-9.078581848144538,9.078581848144538,292
2024-11-03 21:00:00,100.2,85.87791,-14.322093200683597,14.322093200683597,292
2024-11-03 22:00:00,95.24,78.64268,-16.59732269287109,16.59732269287109,292
2024-11-03 23:00:00,92.04,73.880325,-18.159674682617194,18.159674682617194,292
2024-11-04 00:00:00,89.96,71.000084,-18.95991607666015,18.95991607666015,292
2024-11-04 01:00:00,90.07,68.96141,-21.108589477539056,21.108589477539056,292
2024-11-04 02:00:00,83.82,68.77214,-15.047859497070306,15.047859497070306,292
2024-11-04 03:00:00,85.36,71.20852,-14.151481018066406,14.151481018066406,292
2024-11-04 04:00:00,89.89,78.54725,-11.34275115966797,11.34275115966797,292
2024-11-04 05:00:00,104.14,102.42631,-1.7136923217773443,1.7136923217773443,293
2024-11-04 06:00:00,121.54,104.43403,-17.105971374511725,17.105971374511725,293
2024-11-04 07:00:00,124.08,99.61999,-24.46001251220703,24.46001251220703,293
2024-11-04 08:00:00,118.04,92.59475,-25.445250549316413,25.445250549316413,293
2024-11-04 09:00:00,99.88,85.64428,-14.235720520019527,14.235720520019527,293
2024-11-04 10:00:00,93.32,80.49429,-12.825706787109368,12.825706787109368,293
2024-11-04 11:00:00,91.39,77.20193,-14.188072814941407,14.188072814941407,293
2024-11-04 12:00:00,90.1,74.56105,-15.538949584960932,15.538949584960932,293
2024-11-04 13:00:00,92.4,75.08646,-17.31354370117188,17.31354370117188,293
2024-11-04 14:00:00,109.64,82.31672,-27.32328094482422,27.32328094482422,293
2024-11-04 15:00:00,120.94,93.6048,-27.335202636718748,27.335202636718748,293
2024-11-04 16:00:00,135.24,106.11473,-29.12526916503907,29.12526916503907,293
2024-11-04 17:00:00,160.54,113.00632,-47.53368286132812,47.53368286132812,293
2024-11-04 18:00:00,151.52,111.1526,-40.36739685058595,40.36739685058595,293
2024-11-04 19:00:00,123.0,104.166664,-18.833335876464844,18.833335876464844,293
2024-11-04 20:00:00,113.78,95.196754,-18.583245544433595,18.583245544433595,293
2024-11-04 21:00:00,109.07,88.888824,-20.181175537109368,20.181175537109368,293
2024-11-04 22:00:00,99.43,84.08527,-15.344726257324226,15.344726257324226,293
2024-11-04 23:00:00,101.47,80.63642,-20.833578796386718,20.833578796386718,293
2024-11-05 00:00:00,94.0,77.78852,-16.21147918701172,16.21147918701172,293
2024-11-05 01:00:00,88.38,76.3009,-12.079096679687495,12.079096679687495,293
2024-11-05 02:00:00,80.34,78.09215,-2.247852172851566,2.247852172851566,293
2024-11-05 03:00:00,83.31,84.89576,1.585759582519529,1.585759582519529,293
2024-11-05 04:00:00,84.5,94.54445,10.044448852539062,10.044448852539062,293
2024-11-05 05:00:00,110.17,98.22608,-11.94391815185547,11.94391815185547,294
2024-11-05 06:00:00,124.09,101.93623,-22.15376647949219,22.15376647949219,294
2024-11-05 07:00:00,133.14,99.26156,-33.87844146728514,33.87844146728514,294
2024-11-05 08:00:00,118.23,93.42664,-24.803356628417973,24.803356628417973,294
2024-11-05 09:00:00,105.87,86.99255,-18.877446289062505,18.877446289062505,294
2024-11-05 10:00:00,95.28,82.5814,-12.698601989746095,12.698601989746095,294
2024-11-05 11:00:00,94.92,80.526215,-14.393785400390627,14.393785400390627,294
2024-11-05 12:00:00,99.25,78.72837,-20.521629333496094,20.521629333496094,294
2024-11-05 13:00:00,109.5,78.26311,-31.236892700195312,31.236892700195312,294
2024-11-05 14:00:00,111.33,82.395836,-28.934164123535155,28.934164123535155,294
2024-11-05 15:00:00,115.54,89.57751,-25.962492980957038,25.962492980957038,294
2024-11-05 16:00:00,132.5,98.734406,-33.765594482421875,33.765594482421875,294
2024-11-05 17:00:00,193.0,105.508766,-87.4912338256836,87.4912338256836,294
2024-11-05 18:00:00,186.2,106.133026,-80.06697387695311,80.06697387695311,294
2024-11-05 19:00:00,154.45,101.94384,-52.50615997314452,52.50615997314452,294
2024-11-05 20:00:00,124.41,94.67397,-29.736026916503903,29.736026916503903,294
2024-11-05 21:00:00,117.77,88.30986,-29.46013977050781,29.46013977050781,294
2024-11-05 22:00:00,110.03,83.048065,-26.981934814453126,26.981934814453126,294
2024-11-05 23:00:00,104.61,78.731125,-25.878875122070312,25.878875122070312,294
2024-11-06 00:00:00,99.05,75.05006,-23.999943542480466,23.999943542480466,294
2024-11-06 01:00:00,94.95,72.06049,-22.88950653076172,22.88950653076172,294
2024-11-06 02:00:00,87.87,71.367355,-16.502644653320317,16.502644653320317,294
2024-11-06 03:00:00,87.62,75.32929,-12.290707702636723,12.290707702636723,294
2024-11-06 04:00:00,100.63,83.26776,-17.362238769531245,17.362238769531245,294
2024-11-06 05:00:00,116.29,115.881645,-0.4083547973632875,0.4083547973632875,295
2024-11-06 06:00:00,125.01,116.54071,-8.469289550781255,8.469289550781255,295
2024-11-06 07:00:00,128.89,108.74198,-20.14801849365233,20.14801849365233,295
2024-11-06 08:00:00,123.47,99.4865,-23.98349639892578,23.98349639892578,295
2024-11-06 09:00:00,118.27,91.02636,-27.243640441894527,27.243640441894527,295
2024-11-06 10:00:00,115.76,84.79345,-30.966550598144536,30.966550598144536,295
2024-11-06 11:00:00,111.0,80.822174,-30.177825927734375,30.177825927734375,295
2024-11-06 12:00:00,114.66,77.96855,-36.69144836425781,36.69144836425781,295
2024-11-06 13:00:00,103.22,78.81082,-24.409178466796874,24.409178466796874,295
2024-11-06 14:00:00,104.78,87.51021,-17.26979187011719,17.26979187011719,295
2024-11-06 15:00:00,105.8,100.5219,-5.27810363769531,5.27810363769531,295
2024-11-06 16:00:00,128.03,114.05412,-13.975877075195314,13.975877075195314,295
2024-11-06 17:00:00,171.89,120.37657,-51.51342834472655,51.51342834472655,295
2024-11-06 18:00:00,167.02,116.198166,-50.82183410644532,50.82183410644532,295
2024-11-06 19:00:00,135.18,107.31728,-27.862716369628913,27.862716369628913,295
2024-11-06 20:00:00,123.55,97.83389,-25.716107177734372,25.716107177734372,295
2024-11-06 21:00:00,117.39,92.38405,-25.005951538085938,25.005951538085938,295
2024-11-06 22:00:00,110.79,87.54014,-23.2498617553711,23.2498617553711,295
2024-11-06 23:00:00,100.35,83.2997,-17.050302124023432,17.050302124023432,295
2024-11-07 00:00:00,94.8,79.53921,-15.260792541503903,15.260792541503903,295
2024-11-07 01:00:00,94.01,77.30425,-16.705747375488286,16.705747375488286,295
2024-11-07 02:00:00,88.07,79.49354,-8.576462097167962,8.576462097167962,295
2024-11-07 03:00:00,83.77,88.661736,4.891735534667973,4.891735534667973,295
2024-11-07 04:00:00,90.96,101.47102,10.511023559570319,10.511023559570319,295
2024-11-07 05:00:00,107.24,112.52937,5.289373168945318,5.289373168945318,296
2024-11-07 06:00:00,122.76,116.74876,-6.011243591308599,6.011243591308599,296
2024-11-07 07:00:00,127.51,111.55328,-15.956716308593755,15.956716308593755,296
2024-11-07 08:00:00,120.04,102.25588,-17.784117736816413,17.784117736816413,296
2024-11-07 09:00:00,105.6,92.6334,-12.966600036621088,12.966600036621088,296
2024-11-07 10:00:00,101.61,85.29348,-16.316520080566406,16.316520080566406,296
2024-11-07 11:00:00,106.18,80.942856,-25.23714416503907,25.23714416503907,296
2024-11-07 12:00:00,90.0,77.16467,-12.8353271484375,12.8353271484375,296
2024-11-07 13:00:00,92.0,75.62701,-16.37299346923828,16.37299346923828,296
2024-11-07 14:00:00,106.87,81.19878,-25.671223754882817,25.671223754882817,296
2024-11-07 15:00:00,119.16,91.92246,-27.23753753662109,27.23753753662109,296
2024-11-07 16:00:00,122.98,105.63855,-17.341450195312504,17.341450195312504,296
2024-11-07 17:00:00,151.49,115.15888,-36.33111785888673,36.33111785888673,296
2024-11-07 18:00:00,144.66,115.3883,-29.271701965332028,29.271701965332028,296
2024-11-07 19:00:00,130.99,109.05628,-21.933717956542978,21.933717956542978,296
2024-11-07 20:00:00,114.11,99.240005,-14.869994506835937,14.869994506835937,296
2024-11-07 21:00:00,112.06,91.58526,-20.474741516113284,20.474741516113284,296
2024-11-07 22:00:00,100.23,85.0297,-15.200298767089848,15.200298767089848,296
2024-11-07 23:00:00,100.01,79.4195,-20.590497741699224,20.590497741699224,296
2024-11-08 00:00:00,96.76,73.832535,-22.927465209960943,22.927465209960943,296
2024-11-08 01:00:00,91.48,68.78472,-22.695278625488285,22.695278625488285,296
2024-11-08 02:00:00,88.16,66.83108,-21.328922424316403,21.328922424316403,296
2024-11-08 03:00:00,89.5,72.35387,-17.146133422851562,17.146133422851562,296
2024-11-08 04:00:00,95.55,84.462845,-11.087155151367185,11.087155151367185,296
2024-11-08 05:00:00,109.8,105.55773,-4.242268371582028,4.242268371582028,297
2024-11-08 06:00:00,126.56,110.59149,-15.968508300781252,15.968508300781252,297
2024-11-08 07:00:00,130.37,107.820206,-22.549794311523442,22.549794311523442,297
2024-11-08 08:00:00,124.1,100.03818,-24.06182250976562,24.06182250976562,297
2024-11-08 09:00:00,117.34,91.38939,-25.950610961914066,25.950610961914066,297
2024-11-08 10:00:00,110.94,84.83022,-26.109776916503904,26.109776916503904,297
2024-11-08 11:00:00,105.59,81.25247,-24.33752807617188,24.33752807617188,297
2024-11-08 12:00:00,106.81,78.34646,-28.46354156494141,28.46354156494141,297
2024-11-08 13:00:00,112.53,77.688,-34.84199645996094,34.84199645996094,297
2024-11-08 14:00:00,122.8,83.76175,-39.03825073242187,39.03825073242187,297
2024-11-08 15:00:00,127.74,93.67926,-34.060739746093745,34.060739746093745,297
2024-11-08 16:00:00,129.88,105.500824,-24.37917602539062,24.37917602539062,297
2024-11-08 17:00:00,133.58,114.03773,-19.54227264404298,19.54227264404298,297
2024-11-08 18:00:00,127.86,115.09985,-12.760146484375,12.760146484375,297
2024-11-08 19:00:00,116.39,110.69549,-5.694512023925782,5.694512023925782,297
2024-11-08 20:00:00,110.07,101.7348,-8.335197753906243,8.335197753906243,297
2024-11-08 21:00:00,113.0,93.831215,-19.168785095214844,19.168785095214844,297
2024-11-08 22:00:00,104.06,86.87329,-17.186708984375002,17.186708984375002,297
2024-11-08 23:00:00,105.1,80.33847,-24.76152954101562,24.76152954101562,297
2024-11-09 00:00:00,99.96,73.71506,-26.24494262695312,26.24494262695312,297
2024-11-09 01:00:00,98.0,67.24089,-30.759109497070312,30.759109497070312,297
2024-11-09 02:00:00,96.68,62.951668,-33.728332214355476,33.728332214355476,297
2024-11-09 03:00:00,98.41,64.037636,-34.37236419677734,34.37236419677734,297
2024-11-09 04:00:00,100.17,71.625694,-28.544305725097658,28.544305725097658,297
2024-11-09 05:00:00,104.31,84.57779,-19.732210693359377,19.732210693359377,298
2024-11-09 06:00:00,109.87,85.85824,-24.01176177978516,24.01176177978516,298
2024-11-09 07:00:00,114.1,81.50882,-32.59118041992187,32.59118041992187,298
2024-11-09 08:00:00,114.6,73.75007,-40.84993133544921,40.84993133544921,298
2024-11-09 09:00:00,109.97,66.090576,-43.879423828125,43.879423828125,298
2024-11-09 10:00:00,106.4,60.41428,-45.985720062255865,45.985720062255865,298
2024-11-09 11:00:00,106.88,57.998024,-48.88197601318359,48.88197601318359,298
2024-11-09 12:00:00,108.0,57.620335,-50.37966537475586,50.37966537475586,298
2024-11-09 13:00:00,110.18,60.934486,-49.24551361083985,49.24551361083985,298
2024-11-09 14:00:00,112.45,70.976166,-41.47383422851563,41.47383422851563,298
2024-11-09 15:00:00,114.08,83.83807,-30.24192626953125,30.24192626953125,298
2024-11-09 16:00:00,130.04,96.80051,-33.23949340820312,33.23949340820312,298
2024-11-09 17:00:00,133.34,104.12755,-29.212451782226566,29.212451782226566,298
2024-11-09 18:00:00,134.86,103.856575,-31.003424987792982,31.003424987792982,298
2024-11-09 19:00:00,128.32,98.64148,-29.678520507812493,29.678520507812493,298
2024-11-09 20:00:00,117.96,89.982056,-27.977944335937494,27.977944335937494,298
2024-11-09 21:00:00,114.53,82.34094,-32.1890576171875,32.1890576171875,298
2024-11-09 22:00:00,110.1,74.466515,-35.63348541259765,35.63348541259765,298
2024-11-09 23:00:00,104.99,66.51125,-38.4787466430664,38.4787466430664,298
2024-11-10 00:00:00,102.28,58.135185,-44.14481475830078,44.14481475830078,298
2024-11-10 01:00:00,97.69,50.217583,-47.47241729736328,47.47241729736328,298
2024-11-10 02:00:00,92.52,44.58359,-47.936408538818355,47.936408538818355,298
2024-11-10 03:00:00,90.0,42.349785,-47.65021514892578,47.65021514892578,298
2024-11-10 04:00:00,89.18,45.77416,-43.405841522216804,43.405841522216804,298
2024-11-10 05:00:00,95.09,66.095924,-28.994075622558597,28.994075622558597,299
2024-11-10 06:00:00,102.45,67.047935,-35.40206451416016,35.40206451416016,299
2024-11-10 07:00:00,97.95,64.268875,-33.68112487792969,33.68112487792969,299
2024-11-10 08:00:00,110.49,60.041813,-50.44818710327148,50.44818710327148,299
2024-11-10 09:00:00,109.74,56.149673,-53.59032653808593,53.59032653808593,299
2024-11-10 10:00:00,110.13,53.299618,-56.83038223266601,56.83038223266601,299
2024-11-10 11:00:00,110.92,50.963566,-59.956434173583986,59.956434173583986,299
2024-11-10 12:00:00,106.3,50.69489,-55.60511093139648,55.60511093139648,299
2024-11-10 13:00:00,103.24,54.845745,-48.39425491333007,48.39425491333007,299
2024-11-10 14:00:00,89.2,65.608284,-23.59171600341797,23.59171600341797,299
2024-11-10 15:00:00,97.14,79.647606,-17.492394104003907,17.492394104003907,299
2024-11-10 16:00:00,116.0,95.31575,-20.684249877929688,20.684249877929688,299
2024-11-10 17:00:00,127.99,104.87565,-23.11435150146484,23.11435150146484,299
2024-11-10 18:00:00,128.02,106.48074,-21.539256591796885,21.539256591796885,299
2024-11-10 19:00:00,125.31,102.62902,-22.680979309082034,22.680979309082034,299
2024-11-10 20:00:00,115.28,96.49539,-18.784608154296876,18.784608154296876,299
2024-11-10 21:00:00,111.1,91.40766,-19.692338562011713,19.692338562011713,299
2024-11-10 22:00:00,108.02,86.14531,-21.87469055175781,21.87469055175781,299
2024-11-10 23:00:00,109.0,82.32063,-26.679367065429688,26.679367065429688,299
2024-11-11 00:00:00,101.71,80.16904,-21.54096313476562,21.54096313476562,299
2024-11-11 01:00:00,99.39,79.77454,-19.61545623779297,19.61545623779297,299
2024-11-11 02:00:00,85.38,82.13882,-3.2411831665039017,3.2411831665039017,299
2024-11-11 03:00:00,80.66,85.548065,4.888065185546878,4.888065185546878,299
2024-11-11 04:00:00,80.2,90.16905,9.969052124023435,9.969052124023435,299
2024-11-11 05:00:00,84.1,107.27571,23.175711059570318,23.175711059570318,300
2024-11-11 06:00:00,105.72,111.5374,5.817399291992189,5.817399291992189,300
2024-11-11 07:00:00,109.0,108.52953,-0.47046661376953125,0.47046661376953125,300
2024-11-11 08:00:00,109.75,101.85704,-7.8929595947265625,7.8929595947265625,300
2024-11-11 09:00:00,100.16,94.77567,-5.38432708740234,5.38432708740234,300
2024-11-11 10:00:00,97.2,89.82351,-7.376490783691409,7.376490783691409,300
2024-11-11 11:00:00,107.61,87.337906,-20.272094116210937,20.272094116210937,300
2024-11-11 12:00:00,94.99,85.19238,-9.797617187499995,9.797617187499995,300
2024-11-11 13:00:00,89.86,84.93724,-4.922759399414062,4.922759399414062,300
2024-11-11 14:00:00,96.94,90.912224,-6.027776184082029,6.027776184082029,300
2024-11-11 15:00:00,95.25,100.15331,4.903312683105469,4.903312683105469,300
2024-11-11 16:00:00,108.14,109.98532,1.8453210449218744,1.8453210449218744,300
2024-11-11 17:00:00,127.98,114.8351,-13.144901733398441,13.144901733398441,300
2024-11-11 18:00:00,120.06,111.52399,-8.536013183593752,8.536013183593752,300
2024-11-11 19:00:00,109.69,103.92326,-5.76673645019531,5.76673645019531,300
2024-11-11 20:00:00,96.73,94.686325,-2.0436749267578165,2.0436749267578165,300
2024-11-11 21:00:00,88.92,88.15943,-0.7605685424804705,0.7605685424804705,300
2024-11-11 22:00:00,98.84,82.80393,-16.036067810058597,16.036067810058597,300
2024-11-11 23:00:00,109.11,78.037476,-31.0725244140625,31.0725244140625,300
2024-11-12 00:00:00,97.07,73.75395,-23.316047973632806,23.316047973632806,300
2024-11-12 01:00:00,89.14,70.220604,-18.919396057128907,18.919396057128907,300
2024-11-12 02:00:00,49.09,69.57276,20.482761535644528,20.482761535644528,300
2024-11-12 03:00:00,31.24,74.44038,43.200376281738286,43.200376281738286,300
2024-11-12 04:00:00,65.26,84.04992,18.789919128417964,18.789919128417964,300
2024-11-12 05:00:00,100.59,98.58788,-2.0021170043945347,2.0021170043945347,301
2024-11-12 06:00:00,111.94,105.685394,-6.254605712890623,6.254605712890623,301
2024-11-12 07:00:00,114.39,108.47432,-5.915680541992188,5.915680541992188,301
2024-11-12 08:00:00,118.28,106.12499,-12.155007629394532,12.155007629394532,301
2024-11-12 09:00:00,95.44,100.01508,4.5750833129882835,4.5750833129882835,301
2024-11-12 10:00:00,98.1,95.00703,-3.092973327636713,3.092973327636713,301
2024-11-12 11:00:00,107.31,91.30751,-16.00248962402344,16.00248962402344,301
2024-11-12 12:00:00,100.37,88.06226,-12.307736511230473,12.307736511230473,301
2024-11-12 13:00:00,94.98,86.870026,-8.109974365234379,8.109974365234379,301
2024-11-12 14:00:00,101.64,89.862404,-11.777596130371094,11.777596130371094,301
2024-11-12 15:00:00,106.47,95.568535,-10.90146514892578,10.90146514892578,301
2024-11-12 16:00:00,122.96,105.3947,-17.565300903320306,17.565300903320306,301
2024-11-12 17:00:00,150.04,114.66829,-35.37171081542968,35.37171081542968,301
2024-11-12 18:00:00,143.3,119.955086,-23.34491424560548,23.34491424560548,301
2024-11-12 19:00:00,128.86,116.65223,-12.207770690917982,12.207770690917982,301
2024-11-12 20:00:00,120.28,107.511955,-12.768044738769532,12.768044738769532,301
2024-11-12 21:00:00,119.92,98.03626,-21.88373748779297,21.88373748779297,301
2024-11-12 22:00:00,113.87,93.324234,-20.545765991210942,20.545765991210942,301
2024-11-12 23:00:00,100.13,89.90465,-10.225352172851558,10.225352172851558,301
2024-11-13 00:00:00,99.47,87.04647,-12.423529357910155,12.423529357910155,301
2024-11-13 01:00:00,99.12,82.64469,-16.47530853271485,16.47530853271485,301
2024-11-13 02:00:00,95.33,80.31746,-15.012540893554686,15.012540893554686,301
2024-11-13 03:00:00,91.82,81.92607,-9.893928833007806,9.893928833007806,301
2024-11-13 04:00:00,94.9,87.98489,-6.915106201171881,6.915106201171881,301
2024-11-13 05:00:00,108.68,113.18603,4.506027526855462,4.506027526855462,302
2024-11-13 06:00:00,136.71,119.681175,-17.028824768066414,17.028824768066414,302
2024-11-13 07:00:00,144.11,121.02621,-23.08379302978517,23.08379302978517,302
2024-11-13 08:00:00,142.15,118.79971,-23.35028686523438,23.35028686523438,302
2024-11-13 09:00:00,131.23,113.43402,-17.79597900390624,17.79597900390624,302
2024-11-13 10:00:00,127.0,109.645485,-17.354515075683594,17.354515075683594,302
2024-11-13 11:00:00,124.06,106.000885,-18.059114990234377,18.059114990234377,302
2024-11-13 12:00:00,105.94,102.78891,-3.1510900878906227,3.1510900878906227,302
2024-11-13 13:00:00,115.73,102.78519,-12.944813232421879,12.944813232421879,302
2024-11-13 14:00:00,139.01,108.223404,-30.78659606933593,30.78659606933593,302
2024-11-13 15:00:00,124.98,115.669334,-9.31066558837891,9.31066558837891,302
2024-11-13 16:00:00,162.52,125.15029,-37.36970855712892,37.36970855712892,302
2024-11-13 17:00:00,179.09,131.62451,-47.46548828125,47.46548828125,302
2024-11-13 18:00:00,162.47,132.65106,-29.81893798828125,29.81893798828125,302
2024-11-13 19:00:00,134.08,125.286285,-8.793714599609388,8.793714599609388,302
2024-11-13 20:00:00,119.8,113.94186,-5.858143615722653,5.858143615722653,302
2024-11-13 21:00:00,115.88,103.959595,-11.920405273437495,11.920405273437495,302
2024-11-13 22:00:00,107.79,99.150406,-8.639594116210944,8.639594116210944,302
2024-11-13 23:00:00,102.85,94.58738,-8.262620544433588,8.262620544433588,302
2024-11-14 00:00:00,100.86,91.252815,-9.607184753417968,9.607184753417968,302
2024-11-14 01:00:00,96.91,86.33321,-10.576786193847653,10.576786193847653,302
2024-11-14 02:00:00,93.08,84.30386,-8.776136474609373,8.776136474609373,302
2024-11-14 03:00:00,92.85,86.8757,-5.974298095703119,5.974298095703119,302
2024-11-14 04:00:00,95.74,94.45128,-1.2887213134765574,1.2887213134765574,302
2024-11-14 05:00:00,110.99,117.252174,6.262174377441411,6.262174377441411,303
2024-11-14 06:00:00,125.28,120.29225,-4.987748413085939,4.987748413085939,303
2024-11-14 07:00:00,134.24,117.4879,-16.75210021972657,16.75210021972657,303
2024-11-14 08:00:00,130.56,113.24865,-17.311350402832034,17.311350402832034,303
2024-11-14 09:00:00,130.18,107.80723,-22.3727719116211,22.3727719116211,303
2024-11-14 10:00:00,130.27,105.58775,-24.682246704101573,24.682246704101573,303
2024-11-14 11:00:00,128.62,103.791245,-24.828755493164067,24.828755493164067,303
2024-11-14 13:00:00,131.93,102.80207,-29.127929382324226,29.127929382324226,303
2024-11-14 14:00:00,145.7,104.74585,-40.95415039062499,40.95415039062499,303
2024-11-14 15:00:00,147.28,112.471504,-34.80849578857422,34.80849578857422,303
2024-11-14 16:00:00,160.04,121.53384,-38.5061636352539,38.5061636352539,303
2024-11-14 17:00:00,158.7,130.2486,-28.45140380859374,28.45140380859374,303
2024-11-14 18:00:00,151.63,133.5335,-18.096506958007808,18.096506958007808,303
2024-11-14 19:00:00,140.1,129.84001,-10.259988403320307,10.259988403320307,303
2024-11-14 20:00:00,129.81,120.00954,-9.80046325683594,9.80046325683594,303
2024-11-14 21:00:00,123.28,110.02169,-13.258309631347657,13.258309631347657,303
2024-11-14 22:00:00,112.91,102.47683,-10.433170471191403,10.433170471191403,303
2024-11-14 23:00:00,111.6,98.89373,-12.706269836425776,12.706269836425776,303
2024-11-15 00:00:00,107.31,94.48158,-12.82841735839844,12.82841735839844,303
2024-11-15 01:00:00,107.43,90.572716,-16.857284240722663,16.857284240722663,303
2024-11-15 02:00:00,104.05,85.50002,-18.549977111816403,18.549977111816403,303
2024-11-15 03:00:00,104.81,84.2774,-20.532602844238284,20.532602844238284,303
2024-11-15 04:00:00,109.55,88.91466,-20.63534240722656,20.63534240722656,303
2024-11-15 05:00:00,130.98,97.67157,-33.30843017578124,33.30843017578124,303
2024-11-15 06:00:00,148.04,129.00528,-19.034720458984367,19.034720458984367,304
2024-11-15 07:00:00,160.85,129.97144,-30.878564453124994,30.878564453124994,304
2024-11-15 08:00:00,145.06,124.188515,-20.871485290527346,20.871485290527346,304
2024-11-15 09:00:00,131.25,119.00339,-12.246612548828125,12.246612548828125,304
2024-11-15 10:00:00,125.6,113.842155,-11.757844543457026,11.757844543457026,304
2024-11-15 11:00:00,120.47,112.45706,-8.012938232421874,8.012938232421874,304
2024-11-15 12:00:00,119.54,110.834854,-8.705145874023444,8.705145874023444,304
2024-11-15 13:00:00,120.0,110.30089,-9.699111938476562,9.699111938476562,304
2024-11-15 14:00:00,119.55,112.55199,-6.99801330566406,6.99801330566406,304
2024-11-15 15:00:00,128.7,119.726234,-8.973765563964832,8.973765563964832,304
2024-11-15 16:00:00,139.68,125.69481,-13.98519104003907,13.98519104003907,304
2024-11-15 17:00:00,138.66,128.7416,-9.918407592773434,9.918407592773434,304
2024-11-15 18:00:00,134.05,126.62213,-7.427868652343761,7.427868652343761,304
2024-11-15 19:00:00,121.81,119.49981,-2.3101907348632835,2.3101907348632835,304
2024-11-15 20:00:00,118.27,110.28227,-7.9877276611328085,7.9877276611328085,304
2024-11-15 21:00:00,122.0,104.449326,-17.550674438476562,17.550674438476562,304
2024-11-15 22:00:00,111.71,100.213066,-11.496933898925775,11.496933898925775,304
2024-11-15 23:00:00,104.59,97.62343,-6.966571655273441,6.966571655273441,304
2024-11-16 00:00:00,99.0,92.759796,-6.240203857421875,6.240203857421875,304
2024-11-16 01:00:00,94.5,89.15366,-5.346336364746094,5.346336364746094,304
2024-11-16 02:00:00,92.28,86.170044,-6.109956054687501,6.109956054687501,304
2024-11-16 03:00:00,92.37,87.85933,-4.510670776367192,4.510670776367192,304
2024-11-16 04:00:00,91.98,94.61279,2.632792968749996,2.632792968749996,304
2024-11-16 05:00:00,93.99,103.81679,9.826787719726568,9.826787719726568,304
2024-11-16 06:00:00,104.52,111.61887,7.09887359619141,7.09887359619141,305
2024-11-16 07:00:00,114.32,113.55323,-0.7667697143554619,0.7667697143554619,305
2024-11-16 08:00:00,116.0,113.27341,-2.726593017578125,2.726593017578125,305
2024-11-16 09:00:00,112.2,112.61681,0.4168136596679659,0.4168136596679659,305
2024-11-16 10:00:00,104.0,109.96487,5.964866638183594,5.964866638183594,305
2024-11-16 11:00:00,101.49,109.03643,7.546430358886724,7.546430358886724,305
2024-11-16 12:00:00,99.54,107.936905,8.396904907226556,8.396904907226556,305
2024-11-16 13:00:00,101.51,107.534035,6.024034729003901,6.024034729003901,305
2024-11-16 14:00:00,109.05,109.14311,0.09311218261719034,0.09311218261719034,305
2024-11-16 15:00:00,120.64,114.45099,-6.189011230468751,6.189011230468751,305
2024-11-16 16:00:00,131.22,118.65004,-12.569960327148436,12.569960327148436,305
2024-11-16 17:00:00,134.0,122.406624,-11.593376159667969,11.593376159667969,305
2024-11-16 18:00:00,128.91,123.6559,-5.254100952148434,5.254100952148434,305
2024-11-16 19:00:00,111.18,122.52909,11.34909088134765,11.34909088134765,305
2024-11-16 20:00:00,100.83,118.24243,17.412431640625,17.412431640625,305
2024-11-16 21:00:00,106.33,113.852325,7.522325439453127,7.522325439453127,305
2024-11-16 22:00:00,107.29,108.93776,1.6477593994140562,1.6477593994140562,305
2024-11-16 23:00:00,90.25,105.97534,15.725341796875,15.725341796875,305
2024-11-17 00:00:00,82.16,102.0387,19.878696289062503,19.878696289062503,305
2024-11-17 01:00:00,79.81,99.478645,19.66864532470703,19.66864532470703,305
2024-11-17 02:00:00,67.92,96.174126,28.254125671386717,28.254125671386717,305
2024-11-17 03:00:00,54.17,94.866714,40.69671447753906,40.69671447753906,305
2024-11-17 04:00:00,50.05,95.96754,45.917536926269534,45.917536926269534,305
2024-11-17 05:00:00,56.34,99.364204,43.02420440673828,43.02420440673828,305
2024-11-17 06:00:00,71.3,107.49583,36.19582672119141,36.19582672119141,306
2024-11-17 07:00:00,81.35,108.761696,27.411695861816412,27.411695861816412,306
2024-11-17 08:00:00,95.63,107.1273,11.49729644775391,11.49729644775391,306
2024-11-17 09:00:00,87.79,105.970894,18.180893859863275,18.180893859863275,306
2024-11-17 10:00:00,89.09,103.91624,14.826236877441403,14.826236877441403,306
2024-11-17 11:00:00,92.68,103.233894,10.553894348144524,10.553894348144524,306
2024-11-17 12:00:00,87.79,101.68927,13.899270019531244,13.899270019531244,306
2024-11-17 13:00:00,74.29,100.24862,25.958619079589837,25.958619079589837,306
2024-11-17 14:00:00,94.51,101.57705,7.067049255371089,7.067049255371089,306
2024-11-17 15:00:00,97.03,107.40252,10.372519226074218,10.372519226074218,306
2024-11-17 16:00:00,119.04,113.24313,-5.796866455078131,5.796866455078131,306
2024-11-17 17:00:00,135.43,117.290344,-18.139655761718757,18.139655761718757,306
2024-11-17 18:00:00,132.42,116.824066,-15.595933837890612,15.595933837890612,306
2024-11-17 19:00:00,107.32,112.02015,4.700149230957038,4.700149230957038,306
2024-11-17 20:00:00,103.7,104.70203,1.0020263671874972,1.0020263671874972,306
2024-11-17 21:00:00,103.45,99.13743,-4.312571716308597,4.312571716308597,306
2024-11-17 22:00:00,106.47,94.95704,-11.512961120605468,11.512961120605468,306
2024-11-17 23:00:00,92.81,92.43627,-0.3737283325195335,0.3737283325195335,306
2024-11-18 00:00:00,85.31,88.948875,3.6388754272460915,3.6388754272460915,306
2024-11-18 01:00:00,76.48,86.28821,9.808208007812496,9.808208007812496,306
2024-11-18 02:00:00,61.78,83.74954,21.969542236328124,21.969542236328124,306
2024-11-18 03:00:00,69.96,84.37273,14.412726440429694,14.412726440429694,306
2024-11-18 04:00:00,85.52,88.338974,2.8189739990234415,2.8189739990234415,306
2024-11-18 05:00:00,105.2,93.863045,-11.336955261230472,11.336955261230472,306
2024-11-18 06:00:00,126.75,116.52047,-10.229530334472656,10.229530334472656,307
2024-11-18 07:00:00,126.2,118.615776,-7.584223937988284,7.584223937988284,307
2024-11-18 08:00:00,122.92,115.693375,-7.226625366210939,7.226625366210939,307
2024-11-18 09:00:00,117.69,113.21367,-4.47633117675781,4.47633117675781,307
2024-11-18 10:00:00,107.55,109.96747,2.417468261718753,2.417468261718753,307
2024-11-18 11:00:00,107.35,108.8713,1.5212997436523494,1.5212997436523494,307
2024-11-18 12:00:00,109.4,107.12893,-2.271070861816412,2.271070861816412,307
2024-11-18 13:00:00,116.51,105.931435,-10.578565368652349,10.578565368652349,307
2024-11-18 14:00:00,130.98,107.65545,-23.32455108642577,23.32455108642577,307
2024-11-18 15:00:00,139.98,113.55813,-26.421871643066396,26.421871643066396,307
2024-11-18 16:00:00,154.69,117.77107,-36.918927612304685,36.918927612304685,307
2024-11-18 17:00:00,168.2,118.752014,-49.44798583984374,49.44798583984374,307
2024-11-18 18:00:00,158.23,115.67742,-42.55257843017577,42.55257843017577,307
2024-11-18 19:00:00,128.94,109.51697,-19.423032226562498,19.423032226562498,307
2024-11-18 20:00:00,117.62,101.80806,-15.811940307617192,15.811940307617192,307
2024-11-18 21:00:00,116.35,96.444244,-19.90575561523437,19.90575561523437,307
2024-11-18 22:00:00,106.59,91.86705,-14.722949829101566,14.722949829101566,307
2024-11-18 23:00:00,76.34,88.37639,12.036388549804684,12.036388549804684,307
2024-11-19 00:00:00,68.54,83.11485,14.574852905273431,14.574852905273431,307
2024-11-19 01:00:00,31.75,79.514366,47.764366149902344,47.764366149902344,307
2024-11-19 02:00:00,6.27,77.02775,70.75774810791016,70.75774810791016,307
2024-11-19 03:00:00,2.79,79.14074,76.35073944091796,76.35073944091796,307
2024-11-19 04:00:00,30.28,85.53289,55.25289031982422,55.25289031982422,307
2024-11-19 05:00:00,78.39,93.76349,15.37348876953125,15.37348876953125,307
2024-11-19 06:00:00,105.53,116.16778,10.637778015136718,10.637778015136718,308
2024-11-19 07:00:00,102.49,117.19191,14.701909790039068,14.701909790039068,308
2024-11-19 08:00:00,112.85,112.877716,0.027716064453130684,0.027716064453130684,308
2024-11-19 09:00:00,100.92,108.032364,7.112363891601561,7.112363891601561,308
2024-11-19 10:00:00,93.94,103.07522,9.135218200683596,9.135218200683596,308
2024-11-19 11:00:00,99.86,101.102,1.2419973754882818,1.2419973754882818,308
2024-11-19 12:00:00,89.03,99.47317,10.443167419433593,10.443167419433593,308
2024-11-19 13:00:00,96.63,98.07288,1.4428836059570358,1.4428836059570358,308
2024-11-19 14:00:00,100.0,97.683174,-2.3168258666992188,2.3168258666992188,308
2024-11-19 15:00:00,103.88,100.22545,-3.654551391601558,3.654551391601558,308
2024-11-19 16:00:00,122.77,102.6872,-20.082797546386715,20.082797546386715,308
2024-11-19 17:00:00,135.93,106.50489,-29.425109558105476,29.425109558105476,308
2024-11-19 18:00:00,127.51,108.87373,-18.636266479492193,18.636266479492193,308
2024-11-19 19:00:00,117.31,108.15019,-9.159807739257815,9.159807739257815,308
2024-11-19 20:00:00,103.58,104.12969,0.5496920776367205,0.5496920776367205,308
2024-11-19 21:00:00,106.22,100.54149,-5.678511352539061,5.678511352539061,308
2024-11-19 22:00:00,90.52,97.35607,6.836071472167973,6.836071472167973,308
2024-11-19 23:00:00,102.01,95.98971,-6.020292053222661,6.020292053222661,308
2024-11-20 00:00:00,88.78,94.031136,5.25113555908203,5.25113555908203,308
2024-11-20 01:00:00,86.03,92.61389,6.583891601562499,6.583891601562499,308
2024-11-20 02:00:00,81.5,91.85942,10.359420776367188,10.359420776367188,308
2024-11-20 03:00:00,76.15,93.92241,17.772409057617182,17.772409057617182,308
2024-11-20 04:00:00,83.79,98.45466,14.664658508300775,14.664658508300775,308
2024-11-20 05:00:00,101.73,103.97544,2.2454409790039023,2.2454409790039023,308
2024-11-20 06:00:00,122.21,139.86996,17.65996459960938,17.65996459960938,309
2024-11-20 07:00:00,142.87,138.18336,-4.686635131835942,4.686635131835942,309
2024-11-20 08:00:00,139.53,128.11234,-11.417664794921876,11.417664794921876,309
2024-11-20 09:00:00,112.02,119.949104,7.929104309082035,7.929104309082035,309
2024-11-20 10:00:00,107.0,112.87618,5.876182556152344,5.876182556152344,309
2024-11-20 11:00:00,97.26,110.31204,13.05204223632812,13.05204223632812,309
2024-11-20 12:00:00,96.88,107.887276,11.007275695800786,11.007275695800786,309
2024-11-20 13:00:00,104.26,107.13315,2.87314819335937,2.87314819335937,309
2024-11-20 14:00:00,117.83,109.64693,-8.183073120117186,8.183073120117186,309
2024-11-20 15:00:00,129.7,117.56037,-12.139628601074207,12.139628601074207,309
2024-11-20 16:00:00,142.51,124.54489,-17.965108642578116,17.965108642578116,309
2024-11-20 17:00:00,143.18,127.904205,-15.275794677734382,15.275794677734382,309
2024-11-20 18:00:00,141.56,124.730545,-16.82945495605469,16.82945495605469,309
2024-11-20 19:00:00,135.98,115.32197,-20.65803192138671,20.65803192138671,309
2024-11-20 20:00:00,124.63,104.645164,-19.9848355102539,19.9848355102539,309
2024-11-20 21:00:00,117.5,98.88546,-18.614540100097656,18.614540100097656,309
2024-11-20 22:00:00,103.5,95.12468,-8.375320434570312,8.375320434570312,309
2024-11-20 23:00:00,93.96,92.05267,-1.9073266601562437,1.9073266601562437,309
2024-11-21 00:00:00,90.4,87.237465,-3.1625350952148494,3.1625350952148494,309
2024-11-21 01:00:00,86.8,84.6268,-2.173199462890622,2.173199462890622,309
2024-11-21 02:00:00,84.15,85.081375,0.9313751220703068,0.9313751220703068,309
2024-11-21 03:00:00,84.23,91.94333,7.713328857421871,7.713328857421871,309
2024-11-21 04:00:00,94.45,103.71339,9.263386535644528,9.263386535644528,309
2024-11-21 05:00:00,111.46,115.29952,3.83952239990235,3.83952239990235,309
2024-11-21 06:00:00,125.03,133.62483,8.594832153320311,8.594832153320311,310
2024-11-21 07:00:00,134.62,137.13118,2.511179809570308,2.511179809570308,310
2024-11-21 08:00:00,135.09,132.64934,-2.440662231445316,2.440662231445316,310
2024-11-21 09:00:00,127.53,126.641975,-0.8880245971679699,0.8880245971679699,310
2024-11-21 10:00:00,115.62,119.788025,4.1680249023437455,4.1680249023437455,310
2024-11-21 11:00:00,113.81,116.23236,2.4223608398437477,2.4223608398437477,310
2024-11-21 12:00:00,121.0,112.63632,-8.363677978515625,8.363677978515625,310
2024-11-21 13:00:00,113.44,109.517525,-3.9224752807617165,3.9224752807617165,310
2024-11-21 14:00:00,115.8,108.58169,-7.218312072753903,7.218312072753903,310
2024-11-21 15:00:00,119.09,111.84378,-7.246219482421878,7.246219482421878,310
2024-11-21 16:00:00,130.93,115.562294,-15.36770599365235,15.36770599365235,310
2024-11-21 17:00:00,139.02,120.25006,-18.76993896484376,18.76993896484376,310
2024-11-21 18:00:00,133.76,122.45488,-11.305120239257803,11.305120239257803,310
2024-11-21 19:00:00,122.11,120.05571,-2.054290161132812,2.054290161132812,310
2024-11-21 20:00:00,116.92,113.12669,-3.793306274414064,3.793306274414064,310
2024-11-21 21:00:00,111.53,106.6937,-4.836297302246095,4.836297302246095,310
2024-11-21 22:00:00,103.15,101.74341,-1.4065917968750057,1.4065917968750057,310
2024-11-21 23:00:00,104.55,99.960945,-4.589054870605466,4.589054870605466,310
2024-11-22 00:00:00,92.43,96.97064,4.540642089843743,4.540642089843743,310
2024-11-22 01:00:00,85.78,95.11536,9.335356445312499,9.335356445312499,310
2024-11-22 02:00:00,80.58,93.24564,12.665643615722658,12.665643615722658,310
2024-11-22 03:00:00,77.13,94.978035,17.848034973144536,17.848034973144536,310
2024-11-22 04:00:00,87.6,100.6832,13.08319702148438,13.08319702148438,310
2024-11-22 05:00:00,100.09,109.38101,9.291011962890622,9.291011962890622,310
2024-11-22 06:00:00,129.57,124.811714,-4.758285827636712,4.758285827636712,311
2024-11-22 07:00:00,141.31,129.30911,-12.000887451171877,12.000887451171877,311
2024-11-22 08:00:00,136.32,127.32338,-8.99662048339843,8.99662048339843,311
2024-11-22 09:00:00,116.71,124.751564,8.041564025878913,8.041564025878913,311
2024-11-22 10:00:00,115.0,120.82006,5.820060729980469,5.820060729980469,311
2024-11-22 11:00:00,107.16,119.01901,11.859012451171878,11.859012451171878,311
2024-11-22 12:00:00,97.02,115.982475,18.962475280761723,18.962475280761723,311
2024-11-22 13:00:00,98.93,113.26821,14.338211364746087,14.338211364746087,311
2024-11-22 14:00:00,111.63,113.14071,1.5107089233398483,1.5107089233398483,311
2024-11-22 15:00:00,116.99,117.02655,0.036550292968755116,0.036550292968755116,311
2024-11-22 16:00:00,131.84,119.67926,-12.160739746093753,12.160739746093753,311
2024-11-22 17:00:00,136.3,120.28672,-16.013279724121105,16.013279724121105,311
2024-11-22 18:00:00,132.56,117.8976,-14.66240173339844,14.66240173339844,311
2024-11-22 19:00:00,118.22,112.50071,-5.719290466308593,5.719290466308593,311
2024-11-22 20:00:00,106.89,105.00001,-1.8899923706054693,1.8899923706054693,311
2024-11-22 21:00:00,117.97,99.72667,-18.24333068847656,18.24333068847656,311
2024-11-22 22:00:00,115.61,94.80953,-20.800467834472656,20.800467834472656,311
2024-11-22 23:00:00,113.9,91.31067,-22.589331054687506,22.589331054687506,311
2024-11-23 00:00:00,98.5,85.34199,-13.158012390136719,13.158012390136719,311
2024-11-23 01:00:00,91.08,81.09793,-9.982069091796873,9.982069091796873,311
2024-11-23 02:00:00,83.17,76.82304,-6.3469638061523455,6.3469638061523455,311
2024-11-23 03:00:00,79.68,77.10396,-2.5760418701171943,2.5760418701171943,311
2024-11-23 04:00:00,84.78,82.77118,-2.008820800781251,2.008820800781251,311
2024-11-23 05:00:00,85.95,92.816635,6.866635131835935,6.866635131835935,311
2024-11-23 06:00:00,93.0,79.03839,-13.96160888671875,13.96160888671875,312
2024-11-23 07:00:00,99.25,83.5744,-15.67559814453125,15.67559814453125,312
2024-11-23 08:00:00,85.62,79.42259,-6.197407836914067,6.197407836914067,312
2024-11-23 09:00:00,67.04,73.72115,6.6811532592773375,6.6811532592773375,312
2024-11-23 10:00:00,40.0,67.46294,27.462936401367188,27.462936401367188,312
2024-11-23 11:00:00,42.5,62.998413,20.4984130859375,20.4984130859375,312
2024-11-23 12:00:00,36.95,60.934578,23.98457794189453,23.98457794189453,312
2024-11-23 13:00:00,30.52,59.630623,29.11062286376953,29.11062286376953,312
2024-11-23 14:00:00,36.94,59.59663,22.65663009643555,22.65663009643555,312
2024-11-23 15:00:00,58.9,65.59327,6.693269348144533,6.693269348144533,312
2024-11-23 16:00:00,81.98,70.16006,-11.81994293212891,11.81994293212891,312
2024-11-23 17:00:00,91.28,72.6102,-18.669801025390626,18.669801025390626,312
2024-11-23 18:00:00,83.14,70.9761,-12.163902893066407,12.163902893066407,312
2024-11-23 19:00:00,71.99,63.795307,-8.194692840576167,8.194692840576167,312
2024-11-23 20:00:00,58.84,51.934433,-6.905567016601566,6.905567016601566,312
2024-11-23 21:00:00,49.27,41.239925,-8.030074615478519,8.030074615478519,312
2024-11-23 22:00:00,26.38,28.6329,2.2529002380371104,2.2529002380371104,312
2024-11-23 23:00:00,13.81,18.480911,4.670911254882812,4.670911254882812,312
2024-11-24 00:00:00,8.48,10.292927,1.8129267883300777,1.8129267883300777,312
2024-11-24 01:00:00,5.53,2.3704565,-3.1595435428619387,3.1595435428619387,312
2024-11-24 02:00:00,3.71,-2.964146,-6.67414589881897,6.67414589881897,312
2024-11-24 03:00:00,3.32,0.52596647,-2.794033534526825,2.794033534526825,312
2024-11-24 04:00:00,4.68,12.066334,7.386333770751953,7.386333770751953,312
2024-11-24 05:00:00,3.92,24.618526,20.698526458740233,20.698526458740233,312
2024-11-24 06:00:00,3.71,5.3321037,1.622103729248047,1.622103729248047,313
2024-11-24 07:00:00,3.32,12.601234,9.281234436035156,9.281234436035156,313
2024-11-24 08:00:00,5.24,17.041924,11.801923522949219,11.801923522949219,313
2024-11-24 09:00:00,3.32,21.780563,18.460563354492187,18.460563354492187,313
2024-11-24 11:00:00,5.0,26.5108,21.510799407958984,21.510799407958984,313
2024-11-24 12:00:00,3.32,30.04142,26.721419982910156,26.721419982910156,313
2024-11-24 15:00:00,3.74,33.69214,29.952138671874998,29.952138671874998,313
2024-11-24 16:00:00,11.17,35.391098,24.221098022460936,24.221098022460936,313
2024-11-24 17:00:00,28.49,37.308266,8.818265686035158,8.818265686035158,313
2024-11-24 18:00:00,41.54,43.271545,1.7315454101562509,1.7315454101562509,313
2024-11-24 19:00:00,34.61,47.315647,12.705647125244141,12.705647125244141,313
2024-11-24 20:00:00,24.23,47.8491,23.619098205566406,23.619098205566406,313
2024-11-24 21:00:00,20.26,44.848522,24.588522186279295,24.588522186279295,313
2024-11-24 22:00:00,14.46,41.648354,27.188353576660155,27.188353576660155,313
2024-11-24 23:00:00,10.32,34.935238,24.615237884521484,24.615237884521484,313
2024-11-25 00:00:00,8.41,27.872524,19.46252426147461,19.46252426147461,313
2024-11-25 01:00:00,3.94,15.619534,11.67953353881836,11.67953353881836,313
2024-11-25 02:00:00,3.32,5.6664314,2.3464314270019533,2.3464314270019533,313
2024-11-25 04:00:00,3.71,-0.13127534,-3.841275340914726,3.841275340914726,313
2024-11-25 05:00:00,15.27,-7.4076805,-22.67768051147461,22.67768051147461,313
2024-11-25 06:00:00,63.53,-12.880985,-76.41098526000977,76.41098526000977,313
2024-11-25 07:00:00,87.76,-9.87772,-97.6377198791504,97.6377198791504,313
2024-11-25 08:00:00,84.48,-1.6140176,-86.09401760578156,86.09401760578156,313
2024-11-25 09:00:00,73.4,8.542973,-64.85702743530274,64.85702743530274,313
2024-11-25 10:00:00,74.59,99.1883,24.598301086425778,24.598301086425778,314
2024-11-25 11:00:00,76.23,95.49335,19.263347167968746,19.263347167968746,314
2024-11-25 12:00:00,71.98,94.07741,22.09740783691406,22.09740783691406,314
2024-11-25 13:00:00,71.3,96.03913,24.739131164550784,24.739131164550784,314
2024-11-25 14:00:00,93.39,98.16248,4.772483215332031,4.772483215332031,314
2024-11-25 15:00:00,111.42,102.285614,-9.134385986328127,9.134385986328127,314
2024-11-25 16:00:00,130.47,107.16336,-23.306639404296874,23.306639404296874,314
2024-11-25 17:00:00,134.14,112.22699,-21.913010253906236,21.913010253906236,314
2024-11-25 18:00:00,122.52,114.97953,-7.54046966552734,7.54046966552734,314
2024-11-25 19:00:00,101.98,115.08362,13.103618164062496,13.103618164062496,314
2024-11-25 20:00:00,88.98,110.116104,21.13610412597656,21.13610412597656,314
2024-11-25 21:00:00,92.58,104.58961,12.009607238769533,12.009607238769533,314
2024-11-25 22:00:00,74.74,99.37467,24.63467193603516,24.63467193603516,314
2024-11-25 23:00:00,91.7,96.12261,4.422611999511716,4.422611999511716,314
2024-11-26 00:00:00,81.73,92.764656,11.034656066894527,11.034656066894527,314
2024-11-26 01:00:00,81.06,90.629135,9.569135131835935,9.569135131835935,314
2024-11-26 02:00:00,73.04,87.9655,14.925499877929681,14.925499877929681,314
2024-11-26 03:00:00,74.62,87.54714,12.92714202880859,12.92714202880859,314
2024-11-26 04:00:00,84.24,92.27856,8.038556823730474,8.038556823730474,314
2024-11-26 05:00:00,104.23,100.10942,-4.1205792236328165,4.1205792236328165,314
2024-11-26 06:00:00,134.93,108.10152,-26.828483276367194,26.828483276367194,314
2024-11-26 07:00:00,137.84,113.77154,-24.068462219238285,24.068462219238285,314
2024-11-26 08:00:00,127.26,114.84745,-12.412549743652349,12.412549743652349,314
2024-11-26 09:00:00,114.63,111.32668,-3.3033169555664017,3.3033169555664017,314
2024-11-26 10:00:00,106.44,100.31744,-6.122563781738279,6.122563781738279,315
2024-11-26 11:00:00,97.75,98.64869,0.8986892700195312,0.8986892700195312,315
2024-11-26 12:00:00,103.11,98.57354,-4.536460266113281,4.536460266113281,315
2024-11-26 13:00:00,117.15,101.55526,-15.594740295410162,15.594740295410162,315
2024-11-26 14:00:00,120.58,105.419235,-15.16076477050781,15.16076477050781,315
2024-11-26 15:00:00,137.51,110.87763,-26.63236785888671,26.63236785888671,315
2024-11-26 16:00:00,148.85,116.706085,-32.14391479492187,32.14391479492187,315
2024-11-26 17:00:00,162.07,119.23437,-42.835632629394524,42.835632629394524,315
2024-11-26 18:00:00,154.84,116.217,-38.62299713134766,38.62299713134766,315
2024-11-26 19:00:00,129.76,108.92931,-20.830686340332022,20.830686340332022,315
2024-11-26 20:00:00,120.35,99.613464,-20.736535644531244,20.736535644531244,315
2024-11-26 21:00:00,123.75,93.46326,-30.2867431640625,30.2867431640625,315
2024-11-26 22:00:00,114.36,88.83831,-25.52168975830078,25.52168975830078,315
2024-11-26 23:00:00,86.19,85.72766,-0.4623388671874977,0.4623388671874977,315
2024-11-27 00:00:00,75.92,81.38909,5.469091491699217,5.469091491699217,315
2024-11-27 01:00:00,70.95,78.14884,7.198841857910153,7.198841857910153,315
2024-11-27 02:00:00,54.1,76.202805,22.102804565429686,22.102804565429686,315
2024-11-27 03:00:00,16.81,78.15539,61.34538787841797,61.34538787841797,315
2024-11-27 04:00:00,37.17,84.934006,47.764005737304686,47.764005737304686,315
2024-11-27 05:00:00,81.69,93.795944,12.10594421386719,12.10594421386719,315
2024-11-27 06:00:00,109.92,99.480774,-10.439226074218752,10.439226074218752,315
2024-11-27 07:00:00,108.1,101.97845,-6.121553039550776,6.121553039550776,315
2024-11-27 08:00:00,88.3,101.63235,13.332347106933597,13.332347106933597,315
2024-11-27 09:00:00,83.11,99.41709,16.307091369628907,16.307091369628907,315
2024-11-27 10:00:00,75.83,78.403465,2.5734652709960955,2.5734652709960955,316
2024-11-27 11:00:00,86.52,76.250854,-10.269145507812496,10.269145507812496,316
2024-11-27 12:00:00,48.69,77.12962,28.43962341308594,28.43962341308594,316
2024-11-27 13:00:00,70.46,81.68861,11.228606262207038,11.228606262207038,316
2024-11-27 14:00:00,76.51,88.98879,12.478792419433589,12.478792419433589,316
2024-11-27 15:00:00,100.35,98.88207,-1.4679275512695256,1.4679275512695256,316
2024-11-27 16:00:00,115.58,107.93482,-7.645177917480467,7.645177917480467,316
2024-11-27 17:00:00,123.29,111.790115,-11.499884643554694,11.499884643554694,316
2024-11-27 18:00:00,119.27,110.05995,-9.210048217773434,9.210048217773434,316
2024-11-27 19:00:00,94.07,104.418755,10.348754577636726,10.348754577636726,316
2024-11-27 20:00:00,82.93,96.85085,13.920852966308587,13.920852966308587,316
2024-11-27 21:00:00,84.43,92.30879,7.878792114257806,7.878792114257806,316
2024-11-27 22:00:00,79.32,88.37458,9.054580383300788,9.054580383300788,316
2024-11-27 23:00:00,64.53,86.17987,21.64987060546875,21.64987060546875,316
2024-11-28 00:00:00,72.67,82.69211,10.022108154296873,10.022108154296873,316
2024-11-28 01:00:00,70.2,81.40544,11.205441284179685,11.205441284179685,316
2024-11-28 02:00:00,41.71,83.817245,42.10724548339844,42.10724548339844,316
2024-11-28 03:00:00,69.27,92.60232,23.332317810058598,23.332317810058598,316
2024-11-28 04:00:00,68.9,107.84603,38.94603118896484,38.94603118896484,316
2024-11-28 05:00:00,97.04,120.005165,22.96516510009765,22.96516510009765,316
2024-11-28 06:00:00,124.99,124.93489,-0.055109252929682384,0.055109252929682384,316
2024-11-28 07:00:00,133.68,123.09831,-10.58168762207032,10.58168762207032,316
2024-11-28 08:00:00,130.57,116.83088,-13.739120788574212,13.739120788574212,316
2024-11-28 09:00:00,121.0,110.02325,-10.976753234863281,10.976753234863281,316
2024-11-28 10:00:00,108.95,101.40709,-7.542910766601565,7.542910766601565,317
2024-11-28 11:00:00,103.5,98.10077,-5.39923095703125,5.39923095703125,317
2024-11-28 12:00:00,103.19,96.40169,-6.788312377929685,6.788312377929685,317
2024-11-28 13:00:00,108.5,97.23341,-11.266586303710938,11.266586303710938,317
2024-11-28 14:00:00,119.81,98.4235,-21.386499938964846,21.386499938964846,317
2024-11-28 15:00:00,137.1,101.90322,-35.1967788696289,35.1967788696289,317
2024-11-28 16:00:00,150.4,106.84464,-43.55535736083985,43.55535736083985,317
2024-11-28 17:00:00,158.24,110.550575,-47.68942474365235,47.68942474365235,317
2024-11-28 18:00:00,154.12,109.954636,-44.16536437988282,44.16536437988282,317
2024-11-28 19:00:00,135.46,105.35567,-30.104332885742195,30.104332885742195,317
2024-11-28 20:00:00,125.87,97.454956,-28.415043945312505,28.415043945312505,317
2024-11-28 21:00:00,122.16,91.74562,-30.414379272460934,30.414379272460934,317
2024-11-28 22:00:00,112.6,86.89646,-25.703538513183588,25.703538513183588,317
2024-11-28 23:00:00,110.3,83.832924,-26.46707611083984,26.46707611083984,317
2024-11-29 00:00:00,107.01,79.455345,-27.55465484619141,27.55465484619141,317
2024-11-29 01:00:00,103.47,76.782555,-26.687445373535155,26.687445373535155,317
2024-11-29 02:00:00,94.04,76.263115,-17.776885070800788,17.776885070800788,317
2024-11-29 03:00:00,88.75,80.66032,-8.089683532714844,8.089683532714844,317
2024-11-29 04:00:00,94.08,92.20902,-1.870977478027342,1.870977478027342,317
2024-11-29 05:00:00,116.19,104.876465,-11.313535156249998,11.313535156249998,317
2024-11-29 06:00:00,127.21,113.71416,-13.495842895507806,13.495842895507806,317
2024-11-29 07:00:00,143.36,117.77415,-25.585852966308607,25.585852966308607,317
2024-11-29 08:00:00,135.27,117.21226,-18.057742614746104,18.057742614746104,317
2024-11-29 09:00:00,121.06,113.2191,-7.840899047851565,7.840899047851565,317
2024-11-29 10:00:00,109.32,103.41195,-5.908050842285149,5.908050842285149,318
2024-11-29 11:00:00,104.51,102.309555,-2.2004449462890676,2.2004449462890676,318
2024-11-29 12:00:00,95.81,99.26654,3.4565405273437477,3.4565405273437477,318
2024-11-29 13:00:00,101.82,97.96563,-3.8543704223632744,3.8543704223632744,318
2024-11-29 14:00:00,108.93,96.58535,-12.344649963378913,12.344649963378913,318
2024-11-29 15:00:00,117.62,97.60087,-20.01913177490235,20.01913177490235,318
2024-11-29 16:00:00,133.38,100.78219,-32.59781158447265,32.59781158447265,318
2024-11-29 17:00:00,142.67,104.444595,-38.225404663085925,38.225404663085925,318
2024-11-29 18:00:00,132.76,105.409546,-27.35045410156249,27.35045410156249,318
2024-11-29 19:00:00,121.46,103.90027,-17.559731445312494,17.559731445312494,318
2024-11-29 20:00:00,115.05,98.49908,-16.55092315673828,16.55092315673828,318
2024-11-29 21:00:00,114.16,93.45799,-20.70200744628906,20.70200744628906,318
2024-11-29 22:00:00,103.84,88.95621,-14.883792724609378,14.883792724609378,318
2024-11-29 23:00:00,100.1,85.53879,-14.56121215820312,14.56121215820312,318
2024-11-30 00:00:00,93.3,81.58374,-11.716259765624997,11.716259765624997,318
2024-11-30 01:00:00,91.07,78.54921,-12.52079040527343,12.52079040527343,318
2024-11-30 02:00:00,88.36,74.922585,-13.437415466308593,13.437415466308593,318
2024-11-30 03:00:00,89.69,72.98806,-16.701940002441404,16.701940002441404,318
2024-11-30 04:00:00,91.54,73.98479,-17.55521301269532,17.55521301269532,318
2024-11-30 05:00:00,90.66,78.27597,-12.384029541015622,12.384029541015622,318
2024-11-30 06:00:00,105.21,83.14097,-22.069031677246087,22.069031677246087,318
2024-11-30 07:00:00,113.09,88.135925,-24.954074707031253,24.954074707031253,318
2024-11-30 08:00:00,103.88,92.372345,-11.50765502929687,11.50765502929687,318
2024-11-30 09:00:00,94.65,94.44359,-0.20641174316406818,0.20641174316406818,318
2024-11-30 10:00:00,88.13,95.75497,7.624966735839848,7.624966735839848,319
2024-11-30 11:00:00,89.49,92.705734,3.2157342529296926,3.2157342529296926,319
2024-11-30 12:00:00,92.0,92.84364,0.8436431884765625,0.8436431884765625,319
2024-11-30 13:00:00,99.17,97.4348,-1.7352008056640642,1.7352008056640642,319
2024-11-30 14:00:00,111.88,102.63327,-9.24672973632812,9.24672973632812,319
2024-11-30 15:00:00,120.91,109.41575,-11.49425140380859,11.49425140380859,319
2024-11-30 16:00:00,136.67,117.57204,-19.097963256835925,19.097963256835925,319
2024-11-30 17:00:00,136.71,124.00448,-12.705521545410164,12.705521545410164,319
2024-11-30 18:00:00,131.96,124.11006,-7.8499383544921955,7.8499383544921955,319
2024-11-30 19:00:00,124.51,118.9505,-5.559499511718755,5.559499511718755,319
2024-11-30 20:00:00,115.08,110.28718,-4.792821960449217,4.792821960449217,319
2024-11-30 21:00:00,114.78,103.76099,-11.019013671875001,11.019013671875001,319
2024-11-30 22:00:00,106.67,98.29973,-8.370271606445314,8.370271606445314,319
2024-11-30 23:00:00,99.66,94.41356,-5.246441040039059,5.246441040039059,319
2024-12-01 00:00:00,90.01,89.98062,-0.029378662109380116,0.029378662109380116,319
2024-12-01 01:00:00,88.14,86.098274,-2.0417257690429693,2.0417257690429693,319
2024-12-01 02:00:00,85.7,80.78166,-4.918338012695315,4.918338012695315,319
2024-12-01 03:00:00,81.1,77.59956,-3.500436401367182,3.500436401367182,319
2024-12-01 04:00:00,74.68,80.55819,5.878189392089837,5.878189392089837,319
2024-12-01 05:00:00,76.05,88.68743,12.637431335449222,12.637431335449222,319
2024-12-01 06:00:00,86.77,96.06562,9.295620422363285,9.295620422363285,319
2024-12-01 07:00:00,96.49,101.64557,5.155568847656255,5.155568847656255,319
2024-12-01 08:00:00,94.6,104.55605,9.9560531616211,9.9560531616211,319
2024-12-01 09:00:00,89.3,103.93643,14.636431884765628,14.636431884765628,319
2024-12-01 10:00:00,82.38,84.73942,2.359418029785161,2.359418029785161,320
2024-12-01 11:00:00,85.25,81.73319,-3.5168075561523438,3.5168075561523438,320
2024-12-01 12:00:00,83.08,80.69105,-2.388952331542967,2.388952331542967,320
2024-12-01 13:00:00,75.77,82.35332,6.5833172607421915,6.5833172607421915,320
2024-12-01 14:00:00,85.47,84.7925,-0.6774966430664051,0.6774966430664051,320
2024-12-01 15:00:00,94.98,89.13629,-5.843708496093754,5.843708496093754,320
2024-12-01 16:00:00,116.91,94.8867,-22.02329650878906,22.02329650878906,320
2024-12-01 17:00:00,124.76,99.955124,-24.804876098632818,24.804876098632818,320
2024-12-01 18:00:00,115.93,101.76954,-14.160461120605476,14.160461120605476,320
2024-12-01 19:00:00,97.6,99.95332,2.353323364257818,2.353323364257818,320
2024-12-01 20:00:00,88.84,94.22362,5.383617553710934,5.383617553710934,320
2024-12-01 21:00:00,98.17,89.547585,-8.622415466308595,8.622415466308595,320
2024-12-01 22:00:00,85.0,85.64514,0.6451416015625,0.6451416015625,320
2024-12-01 23:00:00,76.45,83.93855,7.48855285644531,7.48855285644531,320
2024-12-02 00:00:00,67.84,81.607155,13.767154846191403,13.767154846191403,320
2024-12-02 01:00:00,63.08,80.15927,17.079271240234377,17.079271240234377,320
2024-12-02 02:00:00,45.53,79.48441,33.954413146972655,33.954413146972655,320
2024-12-02 03:00:00,38.37,82.55411,44.18410766601563,44.18410766601563,320
2024-12-02 04:00:00,57.28,92.18227,34.90226623535156,34.90226623535156,320
2024-12-02 05:00:00,96.56,102.50776,5.947759094238279,5.947759094238279,320
2024-12-02 06:00:00,129.01,110.150215,-18.85978485107421,18.85978485107421,320
2024-12-02 07:00:00,129.46,113.44797,-16.012032470703133,16.012032470703133,320
2024-12-02 08:00:00,125.63,111.93496,-13.695040588378902,13.695040588378902,320
2024-12-02 09:00:00,122.9,107.23094,-15.669058227539068,15.669058227539068,320
2024-12-02 10:00:00,117.25,111.77221,-5.477790832519531,5.477790832519531,321
2024-12-02 11:00:00,115.89,109.99682,-5.893181457519532,5.893181457519532,321
2024-12-02 12:00:00,118.71,109.51565,-9.1943521118164,9.1943521118164,321
2024-12-02 13:00:00,115.95,112.22812,-3.721881103515628,3.721881103515628,321
2024-12-02 14:00:00,124.62,116.51612,-8.103879089355473,8.103879089355473,321
2024-12-02 15:00:00,125.9,123.186066,-2.7139343261718807,2.7139343261718807,321
2024-12-02 16:00:00,136.02,129.61232,-6.407680053710948,6.407680053710948,321
2024-12-02 17:00:00,149.61,131.80316,-17.806838378906264,17.806838378906264,321
2024-12-02 18:00:00,141.66,127.49486,-14.165142211914059,14.165142211914059,321
2024-12-02 19:00:00,125.6,118.483734,-7.116265869140619,7.116265869140619,321
2024-12-02 20:00:00,116.08,107.77678,-8.30322082519531,8.30322082519531,321
2024-12-02 21:00:00,115.07,101.44185,-13.62815124511718,13.62815124511718,321
2024-12-02 22:00:00,103.91,97.21387,-6.696132812499997,6.696132812499997,321
2024-12-02 23:00:00,111.74,94.65405,-17.085947265624995,17.085947265624995,321
2024-12-03 00:00:00,104.63,90.203316,-14.426684265136714,14.426684265136714,321
2024-12-03 01:00:00,98.42,86.91102,-11.50898162841797,11.50898162841797,321
2024-12-03 02:00:00,96.1,85.13351,-10.96649322509765,10.96649322509765,321
2024-12-03 03:00:00,104.47,88.24705,-16.222952575683593,16.222952575683593,321
2024-12-03 04:00:00,111.57,96.82908,-14.740921325683587,14.740921325683587,321
2024-12-03 05:00:00,125.34,107.38502,-17.954982604980472,17.954982604980472,321
2024-12-03 06:00:00,148.48,113.49247,-34.98753021240233,34.98753021240233,321
2024-12-03 07:00:00,158.84,115.661766,-43.17823394775391,43.17823394775391,321
2024-12-03 08:00:00,154.9,114.507355,-40.39264526367188,40.39264526367188,321
2024-12-03 09:00:00,146.06,111.97278,-34.0872216796875,34.0872216796875,321
2024-12-03 10:00:00,142.0,113.04914,-28.95085906982422,28.95085906982422,322
2024-12-03 11:00:00,140.89,111.1033,-29.78669799804686,29.78669799804686,322
2024-12-03 12:00:00,142.53,111.00097,-31.529031066894532,31.529031066894532,322
2024-12-03 13:00:00,146.15,114.9849,-31.16509857177735,31.16509857177735,322
2024-12-03 14:00:00,156.63,122.171234,-34.45876586914062,34.45876586914062,322
2024-12-03 15:00:00,165.36,133.03174,-32.328261718750014,32.328261718750014,322
2024-12-03 16:00:00,203.24,143.76836,-59.47164367675782,59.47164367675782,322
2024-12-03 17:00:00,197.88,147.81482,-50.065180664062495,50.065180664062495,322
2024-12-03 18:00:00,189.83,141.66446,-48.16554077148439,48.16554077148439,322
2024-12-03 19:00:00,158.46,127.93024,-30.529763183593758,30.529763183593758,322
2024-12-03 20:00:00,150.0,113.136215,-36.86378479003906,36.86378479003906,322
2024-12-03 21:00:00,142.08,104.95,-37.130003051757825,37.130003051757825,322
2024-12-03 22:00:00,130.81,99.29381,-31.516192016601565,31.516192016601565,322
2024-12-03 23:00:00,121.12,95.4849,-25.63509857177735,25.63509857177735,322
2024-12-04 00:00:00,116.66,89.20871,-27.45129028320312,27.45129028320312,322
2024-12-04 01:00:00,112.79,85.05408,-27.735922851562506,27.735922851562506,322
2024-12-04 02:00:00,108.9,84.87955,-24.02045288085938,24.02045288085938,322
2024-12-04 03:00:00,106.98,92.170746,-14.809254150390629,14.809254150390629,322
2024-12-04 04:00:00,110.72,105.91565,-4.804350585937499,4.804350585937499,322
2024-12-04 05:00:00,132.55,119.83878,-12.711216735839855,12.711216735839855,322
2024-12-04 06:00:00,149.23,124.553604,-24.676395874023427,24.676395874023427,322
2024-12-04 07:00:00,200.49,121.91681,-78.57319091796876,78.57319091796876,322
2024-12-04 08:00:00,205.1,115.90977,-89.19023284912109,89.19023284912109,322
2024-12-04 09:00:00,149.94,110.71476,-39.22524017333984,39.22524017333984,322
2024-12-04 10:00:00,148.85,124.30757,-24.542428588867182,24.542428588867182,323
2024-12-04 11:00:00,153.78,121.70808,-32.07192352294922,32.07192352294922,323
2024-12-04 12:00:00,137.7,118.80147,-18.898532104492176,18.898532104492176,323
2024-12-04 13:00:00,137.81,119.3592,-18.45080047607422,18.45080047607422,323
2024-12-04 14:00:00,138.01,120.784966,-17.225034484863272,17.225034484863272,323
2024-12-04 15:00:00,155.2,125.42175,-29.77824707031249,29.77824707031249,323
2024-12-04 16:00:00,219.09,132.69952,-86.39047607421875,86.39047607421875,323
2024-12-04 17:00:00,190.17,139.03804,-51.131959838867175,51.131959838867175,323
2024-12-04 18:00:00,171.45,137.7721,-33.67790527343749,33.67790527343749,323
2024-12-04 19:00:00,141.78,129.40962,-12.370377807617189,12.370377807617189,323
2024-12-04 20:00:00,124.53,116.9752,-7.554803161621095,7.554803161621095,323
2024-12-04 21:00:00,123.42,108.52274,-14.897256774902345,14.897256774902345,323
2024-12-04 22:00:00,112.74,102.76385,-9.976152648925776,9.976152648925776,323
2024-12-04 23:00:00,114.77,99.30442,-15.46557952880859,15.46557952880859,323
2024-12-05 00:00:00,105.74,94.4991,-11.240900268554682,11.240900268554682,323
2024-12-05 01:00:00,102.66,89.969475,-12.690525207519528,12.690525207519528,323
2024-12-05 02:00:00,99.55,84.41379,-15.136212158203122,15.136212158203122,323
2024-12-05 03:00:00,90.72,82.449005,-8.270994873046874,8.270994873046874,323
2024-12-05 04:00:00,93.7,87.215324,-6.484675598144534,6.484675598144534,323
2024-12-05 05:00:00,107.96,98.25616,-9.703843078613275,9.703843078613275,323
2024-12-05 06:00:00,127.01,107.318344,-19.691655883789068,19.691655883789068,323
2024-12-05 07:00:00,142.14,113.530815,-28.609184875488268,28.609184875488268,323
2024-12-05 08:00:00,132.52,116.5512,-15.968799133300791,15.968799133300791,323
2024-12-05 09:00:00,125.97,116.74522,-9.224783630371093,9.224783630371093,323
2024-12-05 10:00:00,112.71,97.00181,-15.708191833496087,15.708191833496087,324
2024-12-05 11:00:00,108.93,94.56284,-14.3671566772461,14.3671566772461,324
2024-12-05 12:00:00,107.56,91.66722,-15.892778930664065,15.892778930664065,324
2024-12-05 13:00:00,108.45,91.81212,-16.637881469726565,16.637881469726565,324
2024-12-05 14:00:00,108.99,91.14605,-17.843950500488276,17.843950500488276,324
2024-12-05 15:00:00,114.2,92.005875,-22.19412536621094,22.19412536621094,324
2024-12-05 16:00:00,129.38,94.43289,-34.94710815429687,34.94710815429687,324
2024-12-05 17:00:00,126.79,95.56742,-31.22257904052735,31.22257904052735,324
2024-12-05 18:00:00,117.81,93.431046,-24.37895446777344,24.37895446777344,324
2024-12-05 19:00:00,101.91,88.51205,-13.397953186035153,13.397953186035153,324
2024-12-05 20:00:00,87.71,79.42728,-8.282723388671869,8.282723388671869,324
2024-12-05 21:00:00,83.24,70.97801,-12.261987915039057,12.261987915039057,324
2024-12-05 22:00:00,52.0,62.51434,10.514339447021484,10.514339447021484,324
2024-12-05 23:00:00,22.55,55.68063,33.13062973022461,33.13062973022461,324
2024-12-06 00:00:00,16.07,48.812912,32.74291198730469,32.74291198730469,324
2024-12-06 01:00:00,13.08,45.35365,32.2736491394043,32.2736491394043,324
2024-12-06 02:00:00,10.46,45.15253,34.692530670166015,34.692530670166015,324
2024-12-06 03:00:00,10.9,49.921978,39.02197799682617,39.02197799682617,324
2024-12-06 04:00:00,19.4,61.211384,41.81138381958008,41.81138381958008,324
2024-12-06 05:00:00,69.41,74.3301,4.920101013183597,4.920101013183597,324
2024-12-06 06:00:00,101.8,85.66451,-16.135487365722653,16.135487365722653,324
2024-12-06 07:00:00,117.68,93.78689,-23.893111877441413,23.893111877441413,324
2024-12-06 08:00:00,120.73,97.74582,-22.98418090820313,22.98418090820313,324
2024-12-06 09:00:00,111.07,96.88907,-14.180931396484368,14.180931396484368,324
2024-12-06 10:00:00,105.67,114.99481,9.324812011718748,9.324812011718748,325
2024-12-06 11:00:00,94.0,116.80214,22.802139282226562,22.802139282226562,325
2024-12-06 12:00:00,100.7,115.14437,14.444371032714841,14.444371032714841,325
2024-12-06 13:00:00,100.83,114.8218,13.991800231933595,13.991800231933595,325
2024-12-06 14:00:00,112.0,113.36612,1.366119384765625,1.366119384765625,325
2024-12-06 15:00:00,129.22,114.30026,-14.919737548828124,14.919737548828124,325
2024-12-06 16:00:00,143.2,115.850845,-27.349154663085926,27.349154663085926,325
2024-12-06 17:00:00,146.85,116.55691,-30.2930923461914,30.2930923461914,325
2024-12-06 18:00:00,133.55,114.89718,-18.652821350097668,18.652821350097668,325
2024-12-06 19:00:00,117.88,111.84144,-6.038561706542964,6.038561706542964,325
2024-12-06 20:00:00,109.15,104.855774,-4.294226074218756,4.294226074218756,325
2024-12-06 21:00:00,97.39,97.26228,-0.12771667480468807,0.12771667480468807,325
2024-12-06 22:00:00,91.11,89.62946,-1.4805368041992182,1.4805368041992182,325
2024-12-06 23:00:00,73.45,82.794014,9.344013977050778,9.344013977050778,325
2024-12-07 00:00:00,71.85,75.24077,3.390768432617193,3.390768432617193,325
2024-12-07 01:00:00,65.27,70.143326,4.8733258056640665,4.8733258056640665,325
2024-12-07 02:00:00,46.5,65.75606,19.256057739257812,19.256057739257812,325
2024-12-07 03:00:00,34.37,64.866745,30.49674499511719,30.49674499511719,325
2024-12-07 04:00:00,28.2,66.227455,38.02745513916015,38.02745513916015,325
2024-12-07 05:00:00,28.85,71.317566,42.46756591796875,42.46756591796875,325
2024-12-07 06:00:00,39.31,75.12808,35.81808227539062,35.81808227539062,325
2024-12-07 07:00:00,43.22,79.23555,36.015549926757814,36.015549926757814,325
2024-12-07 08:00:00,42.36,83.83677,41.47676910400391,41.47676910400391,325
2024-12-07 09:00:00,26.0,89.01006,63.01006317138672,63.01006317138672,325
2024-12-07 10:00:00,21.66,58.71838,37.05837997436524,37.05837997436524,326
2024-12-07 11:00:00,39.72,57.03741,17.317410736083986,17.317410736083986,326
2024-12-07 12:00:00,25.21,56.1512,30.94119934082031,30.94119934082031,326
2024-12-07 13:00:00,17.81,59.801197,41.99119705200195,41.99119705200195,326
2024-12-07 14:00:00,21.91,61.93811,40.0281103515625,40.0281103515625,326
2024-12-07 15:00:00,32.16,64.14569,31.985690917968753,31.985690917968753,326
2024-12-07 16:00:00,41.9,66.89385,24.99385223388672,24.99385223388672,326
2024-12-07 17:00:00,56.34,67.452835,11.112835083007809,11.112835083007809,326
2024-12-07 18:00:00,62.97,64.78339,1.8133862304687511,1.8133862304687511,326
2024-12-07 19:00:00,71.85,60.949486,-10.9005142211914,10.9005142211914,326
2024-12-07 20:00:00,45.51,52.5087,6.998701324462893,6.998701324462893,326
2024-12-07 21:00:00,41.9,43.70016,1.8001609802246108,1.8001609802246108,326
2024-12-07 22:00:00,35.0,33.74983,-1.2501716613769531,1.2501716613769531,326
2024-12-07 23:00:00,18.64,26.044197,7.404197082519531,7.404197082519531,326
2024-12-08 00:00:00,13.9,19.5584,5.658399200439453,5.658399200439453,326
2024-12-08 01:00:00,17.14,17.518341,0.37834106445312443,0.37834106445312443,326
2024-12-08 02:00:00,8.23,16.16164,7.931640167236328,7.931640167236328,326
2024-12-08 03:00:00,5.85,18.698433,12.848432922363282,12.848432922363282,326
2024-12-08 04:00:00,8.08,26.486172,18.40617172241211,18.40617172241211,326
2024-12-08 05:00:00,11.54,33.972187,22.43218704223633,22.43218704223633,326
2024-12-08 06:00:00,11.35,40.29891,28.948908233642577,28.948908233642577,326
2024-12-08 07:00:00,19.55,45.712315,26.16231460571289,26.16231460571289,326
2024-12-08 08:00:00,33.99,48.71971,14.729711303710936,14.729711303710936,326
2024-12-08 09:00:00,34.66,48.279797,13.6197966003418,13.6197966003418,326
2024-12-08 10:00:00,34.15,63.01375,28.863748168945314,28.863748168945314,327
2024-12-08 11:00:00,47.33,59.21376,11.883760375976564,11.883760375976564,327
2024-12-08 12:00:00,47.9,57.149014,9.24901351928711,9.24901351928711,327
2024-12-08 13:00:00,28.32,58.412506,30.092506103515625,30.092506103515625,327
2024-12-08 14:00:00,38.77,60.0901,21.320099334716794,21.320099334716794,327
2024-12-08 15:00:00,32.61,62.949528,30.339527740478516,30.339527740478516,327
2024-12-08 16:00:00,55.4,66.71741,11.317407226562501,11.317407226562501,327
2024-12-08 17:00:00,74.97,68.01691,-6.953093261718749,6.953093261718749,327
2024-12-08 18:00:00,72.5,66.988,-5.512001037597656,5.512001037597656,327
2024-12-08 19:00:00,71.68,63.687443,-7.992557220458991,7.992557220458991,327
2024-12-08 20:00:00,72.4,57.962685,-14.43731536865235,14.43731536865235,327
2024-12-08 21:00:00,68.5,53.09106,-15.408939361572266,15.408939361572266,327
2024-12-08 22:00:00,65.23,46.950985,-18.27901504516602,18.27901504516602,327
2024-12-08 23:00:00,55.0,43.433773,-11.566226959228516,11.566226959228516,327
2024-12-09 00:00:00,37.55,40.8308,3.280799102783206,3.280799102783206,327
2024-12-09 01:00:00,31.82,42.790592,10.970592193603515,10.970592193603515,327
2024-12-09 02:00:00,13.99,48.442482,34.452481994628904,34.452481994628904,327
2024-12-09 03:00:00,5.43,58.511936,53.08193618774414,53.08193618774414,327
2024-12-09 04:00:00,25.95,74.001854,48.05185394287109,48.05185394287109,327
2024-12-09 05:00:00,67.44,85.55982,18.119822082519534,18.119822082519534,327
2024-12-09 06:00:00,111.16,92.17638,-18.98362365722656,18.98362365722656,327
2024-12-09 07:00:00,122.98,94.07904,-28.900959472656254,28.900959472656254,327
2024-12-09 08:00:00,120.6,91.63526,-28.964738464355463,28.964738464355463,327
2024-12-09 09:00:00,116.02,87.17933,-28.840671081542965,28.840671081542965,327
2024-12-09 10:00:00,109.93,103.09582,-6.834182434082038,6.834182434082038,328
2024-12-09 11:00:00,107.62,101.55849,-6.061513061523442,6.061513061523442,328
2024-12-09 12:00:00,86.53,99.23922,12.709219665527343,12.709219665527343,328
2024-12-09 13:00:00,83.89,98.42358,14.533576354980468,14.533576354980468,328
2024-12-09 14:00:00,107.5,97.978546,-9.521453857421875,9.521453857421875,328
2024-12-09 15:00:00,112.66,99.74573,-12.914272460937497,12.914272460937497,328
2024-12-09 16:00:00,125.34,102.91037,-22.42963012695313,22.42963012695313,328
2024-12-09 17:00:00,132.06,105.22657,-26.83342987060547,26.83342987060547,328
2024-12-09 18:00:00,130.0,104.44043,-25.5595703125,25.5595703125,328
2024-12-09 19:00:00,120.66,100.80781,-19.852192077636715,19.852192077636715,328
2024-12-09 20:00:00,105.04,94.24144,-10.798560180664069,10.798560180664069,328
2024-12-09 21:00:00,103.07,89.46775,-13.602249450683587,13.602249450683587,328
2024-12-09 22:00:00,94.93,85.73709,-9.192908935546882,9.192908935546882,328
2024-12-09 23:00:00,97.22,83.58865,-13.631346435546874,13.631346435546874,328
2024-12-10 00:00:00,91.3,80.2644,-11.035603332519528,11.035603332519528,328
2024-12-10 01:00:00,88.06,78.15856,-9.901438293457034,9.901438293457034,328
2024-12-10 02:00:00,85.0,77.575005,-7.424995422363281,7.424995422363281,328
2024-12-10 03:00:00,87.7,80.86703,-6.832972717285159,6.832972717285159,328
2024-12-10 04:00:00,89.93,88.70759,-1.2224118041992256,1.2224118041992256,328
2024-12-10 05:00:00,111.73,97.344154,-14.385845642089848,14.385845642089848,328
2024-12-10 06:00:00,130.65,103.255325,-27.394674682617193,27.394674682617193,328
2024-12-10 07:00:00,150.32,106.195625,-44.12437469482421,44.12437469482421,328
2024-12-10 08:00:00,142.18,106.347115,-35.832885437011726,35.832885437011726,328
2024-12-10 09:00:00,132.77,104.5896,-28.18040039062501,28.18040039062501,328
2024-12-10 10:00:00,119.0,106.3341,-12.665901184082031,12.665901184082031,329
2024-12-10 11:00:00,117.35,103.77375,-13.576249694824213,13.576249694824213,329
2024-12-10 12:00:00,115.21,100.64845,-14.561547241210931,14.561547241210931,329
2024-12-10 13:00:00,120.72,99.35982,-21.360182495117186,21.360182495117186,329
2024-12-10 14:00:00,131.0,98.33041,-32.669593811035156,32.669593811035156,329
2024-12-10 15:00:00,145.01,100.08905,-44.92094970703124,44.92094970703124,329
2024-12-10 16:00:00,160.6,103.97826,-56.62174377441406,56.62174377441406,329
2024-12-10 17:00:00,181.0,107.93752,-73.0624771118164,73.0624771118164,329
2024-12-10 18:00:00,178.28,108.49365,-69.78634765625,69.78634765625,329
2024-12-10 19:00:00,157.99,105.49238,-52.49762176513673,52.49762176513673,329
2024-12-10 20:00:00,140.51,98.39843,-42.11157012939452,42.11157012939452,329
2024-12-10 21:00:00,134.22,92.68981,-41.53018829345703,41.53018829345703,329
2024-12-10 22:00:00,121.37,87.93188,-33.438122863769536,33.438122863769536,329
2024-12-10 23:00:00,109.44,85.13293,-24.30707305908203,24.30707305908203,329
2024-12-11 00:00:00,105.7,81.30813,-24.39187164306641,24.39187164306641,329
2024-12-11 01:00:00,104.17,78.91886,-25.251138610839845,25.251138610839845,329
2024-12-11 02:00:00,102.62,78.05773,-24.562268371582036,24.562268371582036,329
2024-12-11 03:00:00,100.85,81.65403,-19.195970153808588,19.195970153808588,329
2024-12-11 04:00:00,114.16,91.01725,-23.14274993896484,23.14274993896484,329
2024-12-11 05:00:00,123.45,101.761345,-21.688655090332034,21.688655090332034,329
2024-12-11 06:00:00,155.64,109.47494,-46.16506256103514,46.16506256103514,329
2024-12-11 07:00:00,206.85,113.15627,-93.6937271118164,93.6937271118164,329
2024-12-11 08:00:00,218.42,112.929535,-105.49046508789061,105.49046508789061,329
2024-12-11 09:00:00,160.15,110.082634,-50.06736602783204,50.06736602783204,329
2024-12-11 10:00:00,147.83,101.38933,-46.440671997070325,46.440671997070325,330
2024-12-11 11:00:00,149.99,99.13262,-50.85737823486329,50.85737823486329,330
2024-12-11 12:00:00,138.65,97.14275,-41.50724639892579,41.50724639892579,330
2024-12-11 13:00:00,142.05,97.19437,-44.855633544921886,44.855633544921886,330
2024-12-11 14:00:00,185.04,97.3749,-87.6650991821289,87.6650991821289,330
2024-12-11 15:00:00,237.94,99.72153,-138.21847290039062,138.21847290039062,330
2024-12-11 16:00:00,274.0,103.237816,-170.7621841430664,170.7621841430664,330
2024-12-11 17:00:00,276.0,105.69256,-170.30744171142578,170.30744171142578,330
2024-12-11 18:00:00,255.0,105.02018,-149.97982025146484,149.97982025146484,330
2024-12-11 19:00:00,179.07,101.571785,-77.49821502685546,77.49821502685546,330
2024-12-11 20:00:00,165.2,94.89445,-70.30555267333983,70.30555267333983,330
2024-12-11 21:00:00,150.0,89.495125,-60.50487518310547,60.50487518310547,330
2024-12-11 22:00:00,136.1,84.43136,-51.66864166259765,51.66864166259765,330
2024-12-11 23:00:00,122.24,80.741615,-41.49838470458984,41.49838470458984,330
2024-12-12 00:00:00,115.3,76.14955,-39.150448608398435,39.150448608398435,330
2024-12-12 01:00:00,109.96,73.6129,-36.347100219726556,36.347100219726556,330
2024-12-12 02:00:00,107.35,73.40964,-33.94036254882812,33.94036254882812,330
2024-12-12 03:00:00,112.51,77.7746,-34.735402832031255,34.735402832031255,330
2024-12-12 04:00:00,120.92,87.35169,-33.56830780029297,33.56830780029297,330
2024-12-12 05:00:00,137.51,97.74627,-39.76373077392577,39.76373077392577,330
2024-12-12 06:00:00,187.96,104.89074,-83.06926055908204,83.06926055908204,330
2024-12-12 07:00:00,249.96,108.10592,-141.85408111572266,141.85408111572266,330
2024-12-12 08:00:00,215.0,107.60444,-107.39556121826172,107.39556121826172,330
2024-12-12 09:00:00,166.95,104.670784,-62.27921600341796,62.27921600341796,330
2024-12-12 10:00:00,179.0,163.85843,-15.141571044921875,15.141571044921875,331
2024-12-12 11:00:00,167.39,155.5784,-11.811600341796861,11.811600341796861,331
2024-12-12 12:00:00,154.5,153.58365,-0.916351318359375,0.916351318359375,331
2024-12-12 14:00:00,160.4,160.23607,-0.16393127441406818,0.16393127441406818,331
2024-12-12 15:00:00,220.0,174.31818,-45.68182373046875,45.68182373046875,331
2024-12-12 16:00:00,275.0,191.3359,-83.66409301757812,83.66409301757812,331
2024-12-12 17:00:00,277.0,201.61551,-75.38449096679688,75.38449096679688,331
2024-12-12 18:00:00,260.98,201.16074,-59.81926391601564,59.81926391601564,331
2024-12-12 19:00:00,206.44,189.34099,-17.09901184082031,17.09901184082031,331
2024-12-12 20:00:00,169.4,171.67737,2.2773681640624943,2.2773681640624943,331
2024-12-12 21:00:00,150.0,159.4534,9.453399658203125,9.453399658203125,331
2024-12-12 22:00:00,134.75,147.97145,13.221450805664062,13.221450805664062,331
2024-12-12 23:00:00,130.07,140.3733,10.30330627441407,10.30330627441407,331
2024-12-13 00:00:00,122.9,130.91481,8.014810180664057,8.014810180664057,331
2024-12-13 01:00:00,118.97,118.04921,-0.9207904052734364,0.9207904052734364,331
2024-12-13 02:00:00,114.95,112.23448,-2.7155181884765653,2.7155181884765653,331
2024-12-13 03:00:00,115.64,109.07066,-6.569336547851563,6.569336547851563,331
2024-12-13 04:00:00,123.96,120.064964,-3.8950357055664,3.8950357055664,331
2024-12-13 05:00:00,138.0,139.68579,1.685791015625,1.685791015625,331
2024-12-13 06:00:00,185.37,157.42409,-27.945912475585942,27.945912475585942,331
2024-12-13 07:00:00,253.0,172.27626,-80.72373962402344,80.72373962402344,331
2024-12-13 08:00:00,245.74,180.94418,-64.79581665039063,64.79581665039063,331
2024-12-13 09:00:00,208.42,177.52017,-30.899827880859362,30.899827880859362,331
2024-12-13 10:00:00,173.78,169.61194,-4.168061523437501,4.168061523437501,331
2024-12-13 11:00:00,165.6,143.5686,-22.031396484374994,22.031396484374994,332
2024-12-13 12:00:00,165.0,141.80792,-23.19207763671875,23.19207763671875,332
2024-12-13 13:00:00,184.5,140.4778,-44.02220153808594,44.02220153808594,332
2024-12-13 14:00:00,210.0,141.18095,-68.81904602050781,68.81904602050781,332
2024-12-13 15:00:00,241.91,145.44743,-96.46256652832031,96.46256652832031,332
2024-12-13 16:00:00,284.21,151.97314,-132.23685546874998,132.23685546874998,332
2024-12-13 17:00:00,260.0,155.3103,-104.689697265625,104.689697265625,332
2024-12-13 18:00:00,225.6,153.87065,-71.7293487548828,71.7293487548828,332
2024-12-13 19:00:00,175.0,145.58284,-29.417160034179688,29.417160034179688,332
2024-12-13 20:00:00,146.22,134.18835,-12.031645507812499,12.031645507812499,332
2024-12-13 21:00:00,135.09,126.30851,-8.781490173339847,8.781490173339847,332
2024-12-13 22:00:00,116.52,119.41373,2.893726806640629,2.893726806640629,332
2024-12-13 23:00:00,116.94,115.19599,-1.7440084838867165,1.7440084838867165,332
2024-12-14 00:00:00,111.36,109.03301,-2.3269876098632807,2.3269876098632807,332
2024-12-14 01:00:00,108.04,100.19338,-7.8466177368164125,7.8466177368164125,332
2024-12-14 02:00:00,99.02,95.97636,-3.0436434936523398,3.0436434936523398,332
2024-12-14 03:00:00,93.44,92.4794,-0.9605993652343727,0.9605993652343727,332
2024-12-14 04:00:00,91.55,96.408646,4.858645629882815,4.858645629882815,332
2024-12-14 05:00:00,94.09,102.94856,8.858562622070309,8.858562622070309,332
2024-12-14 06:00:00,103.76,107.254974,3.49497436523437,3.49497436523437,332
2024-12-14 07:00:00,114.77,111.90873,-2.8612704467773398,2.8612704467773398,332
2024-12-14 08:00:00,125.69,115.86966,-9.820340576171873,9.820340576171873,332
2024-12-14 09:00:00,122.0,117.496414,-4.5035858154296875,4.5035858154296875,332
2024-12-14 10:00:00,110.43,119.56893,9.138931579589837,9.138931579589837,332
2024-12-14 11:00:00,109.73,107.77715,-1.9528469848632852,1.9528469848632852,333
2024-12-14 12:00:00,107.95,105.977585,-1.9724151611328153,1.9724151611328153,333
2024-12-14 13:00:00,104.07,108.084595,4.014594726562507,4.014594726562507,333
2024-12-14 14:00:00,104.58,115.175415,10.595415039062502,10.595415039062502,333
2024-12-14 15:00:00,112.29,124.57126,12.281258544921869,12.281258544921869,333
2024-12-14 16:00:00,125.06,133.23889,8.178891601562498,8.178891601562498,333
2024-12-14 17:00:00,124.62,136.75194,12.131937866210933,12.131937866210933,333
2024-12-14 18:00:00,124.61,134.42087,9.810867919921876,9.810867919921876,333
2024-12-14 19:00:00,109.17,127.80827,18.638273315429686,18.638273315429686,333
2024-12-14 20:00:00,103.0,120.28443,17.28443145751953,17.28443145751953,333
2024-12-14 21:00:00,110.11,115.70848,5.598480834960938,5.598480834960938,333
2024-12-14 22:00:00,101.01,111.049,10.039003601074214,10.039003601074214,333
2024-12-14 23:00:00,86.56,107.25629,20.696286621093748,20.696286621093748,333
2024-12-15 00:00:00,77.5,101.9006,24.400596618652344,24.400596618652344,333
2024-12-15 01:00:00,73.5,95.21254,21.712539672851562,21.712539672851562,333
2024-12-15 02:00:00,65.25,91.91831,26.668312072753906,26.668312072753906,333
2024-12-15 03:00:00,57.57,89.27517,31.705169372558593,31.705169372558593,333
2024-12-15 04:00:00,56.13,92.14685,36.0168505859375,36.0168505859375,333
2024-12-15 05:00:00,50.68,98.00293,47.3229296875,47.3229296875,333
2024-12-15 06:00:00,60.44,103.79272,43.35271697998047,43.35271697998047,333
2024-12-15 07:00:00,69.13,108.409836,39.27983581542969,39.27983581542969,333
2024-12-15 08:00:00,78.12,110.30828,32.188280944824214,32.188280944824214,333
2024-12-15 09:00:00,74.57,108.15063,33.580627136230476,33.580627136230476,333
2024-12-15 10:00:00,72.69,105.44327,32.75326782226563,32.75326782226563,333
2024-12-15 11:00:00,77.87,112.307495,34.437495117187495,34.437495117187495,334
2024-12-15 12:00:00,75.82,108.25042,32.430419616699226,32.430419616699226,334
2024-12-15 13:00:00,71.89,108.97857,37.08856903076172,37.08856903076172,334
2024-12-15 14:00:00,70.47,115.19971,44.72970703125,44.72970703125,334
2024-12-15 15:00:00,82.3,122.54174,40.24174041748047,40.24174041748047,334
2024-12-15 16:00:00,93.13,128.74724,35.61723815917969,35.61723815917969,334
2024-12-15 17:00:00,104.94,131.68762,26.747622070312502,26.747622070312502,334
2024-12-15 18:00:00,99.43,129.3641,29.934105224609368,29.934105224609368,334
2024-12-15 19:00:00,73.59,124.34565,50.75564971923828,50.75564971923828,334
2024-12-15 20:00:00,72.61,118.158424,45.54842437744141,45.54842437744141,334
2024-12-15 21:00:00,73.2,114.73213,41.53213195800781,41.53213195800781,334
2024-12-15 22:00:00,46.61,110.1374,63.52739776611328,63.52739776611328,334
2024-12-15 23:00:00,13.09,106.00119,92.91119018554687,92.91119018554687,334
2024-12-16 00:00:00,14.58,100.07,85.48999969482422,85.48999969482422,334
2024-12-16 01:00:00,15.96,93.33659,77.37659362792968,77.37659362792968,334
2024-12-16 02:00:00,9.76,90.67269,80.91269134521484,80.91269134521484,334
2024-12-16 03:00:00,9.64,90.47666,80.8366616821289,80.8366616821289,334
2024-12-16 04:00:00,15.15,96.821365,81.6713653564453,81.6713653564453,334
2024-12-16 05:00:00,31.28,107.88109,76.60108825683594,76.60108825683594,334
2024-12-16 06:00:00,92.57,119.14758,26.577583007812507,26.577583007812507,334
2024-12-16 07:00:00,102.45,127.98382,25.533818054199216,25.533818054199216,334
2024-12-16 08:00:00,109.71,132.2348,22.524802246093756,22.524802246093756,334
2024-12-16 09:00:00,105.47,129.10718,23.637177734375,23.637177734375,334
2024-12-16 10:00:00,97.14,122.4651,25.325103149414062,25.325103149414062,334
2024-12-16 11:00:00,95.15,125.10652,29.956521606445307,29.956521606445307,335
2024-12-16 12:00:00,89.88,121.143684,31.263684387207036,31.263684387207036,335
2024-12-16 13:00:00,88.34,127.27516,38.93516174316406,38.93516174316406,335
2024-12-16 14:00:00,99.87,144.25021,44.38021362304687,44.38021362304687,335
2024-12-16 15:00:00,106.11,161.13739,55.02739013671875,55.02739013671875,335
2024-12-16 16:00:00,109.35,171.22975,61.87975158691407,61.87975158691407,335
2024-12-16 17:00:00,118.02,172.58733,54.56732604980469,54.56732604980469,335
2024-12-16 18:00:00,117.25,164.22073,46.970733642578125,46.970733642578125,335
2024-12-16 19:00:00,106.64,152.85443,46.21443115234375,46.21443115234375,335
2024-12-16 20:00:00,96.02,140.84477,44.82477233886719,44.82477233886719,335
2024-12-16 21:00:00,104.65,136.60681,31.956811523437494,31.956811523437494,335
2024-12-16 22:00:00,88.52,130.72969,42.20969055175782,42.20969055175782,335
2024-12-16 23:00:00,52.45,124.400154,71.95015411376953,71.95015411376953,335
2024-12-17 00:00:00,56.82,115.80433,58.98432891845703,58.98432891845703,335
2024-12-17 01:00:00,52.13,108.19459,56.06458770751953,56.06458770751953,335
2024-12-17 02:00:00,41.47,110.71364,69.24363830566406,69.24363830566406,335
2024-12-17 03:00:00,54.91,118.14456,63.23456176757813,63.23456176757813,335
2024-12-17 04:00:00,63.75,135.29999,71.54998779296875,71.54998779296875,335
2024-12-17 05:00:00,89.92,157.74724,67.82723815917969,67.82723815917969,335
2024-12-17 06:00:00,109.93,174.51353,64.58353454589843,64.58353454589843,335
2024-12-17 07:00:00,117.76,179.586,61.825998535156245,61.825998535156245,335
2024-12-17 08:00:00,119.08,174.75415,55.674150390625,55.674150390625,335
2024-12-17 09:00:00,109.46,162.56668,53.10668090820313,53.10668090820313,335
2024-12-17 10:00:00,102.64,150.25058,47.610579833984374,47.610579833984374,335
2024-12-17 11:00:00,102.91,136.54211,33.6321142578125,33.6321142578125,336
2024-12-17 12:00:00,106.43,135.35968,28.929680175781243,28.929680175781243,336
2024-12-17 13:00:00,109.93,138.83998,28.909981079101556,28.909981079101556,336
2024-12-17 14:00:00,113.61,148.19296,34.582962646484376,34.582962646484376,336
2024-12-17 15:00:00,111.9,159.7849,47.88489685058593,47.88489685058593,336
2024-12-17 16:00:00,124.88,170.01054,45.13054382324219,45.13054382324219,336
2024-12-17 17:00:00,123.8,172.82092,49.0209228515625,49.0209228515625,336
2024-12-17 18:00:00,110.45,167.01404,56.5640380859375,56.5640380859375,336
2024-12-17 19:00:00,101.87,154.76338,52.89338195800781,52.89338195800781,336
2024-12-17 20:00:00,94.8,140.33653,45.53653259277344,45.53653259277344,336
2024-12-17 21:00:00,90.57,132.27037,41.700370483398444,41.700370483398444,336
2024-12-17 22:00:00,73.83,123.961426,50.13142578125,50.13142578125,336
2024-12-17 23:00:00,66.97,117.62462,50.65461853027344,50.65461853027344,336
2024-12-18 00:00:00,50.51,109.24974,58.73974060058594,58.73974060058594,336
2024-12-18 01:00:00,29.12,99.59391,70.47391021728515,70.47391021728515,336
2024-12-18 02:00:00,18.53,97.60035,79.07034942626953,79.07034942626953,336
2024-12-18 03:00:00,7.01,98.18391,91.17390655517578,91.17390655517578,336
2024-12-18 04:00:00,11.98,109.077194,97.09719421386718,97.09719421386718,336
2024-12-18 05:00:00,49.91,124.82054,74.91054138183594,74.91054138183594,336
2024-12-18 06:00:00,67.43,136.6446,69.2146075439453,69.2146075439453,336
2024-12-18 07:00:00,81.13,141.89516,60.76515686035157,60.76515686035157,336
2024-12-18 08:00:00,80.43,140.13078,59.70078308105468,59.70078308105468,336
2024-12-18 09:00:00,70.2,133.35146,63.15145568847656,63.15145568847656,336
2024-12-18 10:00:00,69.29,127.93275,58.642746887207025,58.642746887207025,336
2024-12-18 11:00:00,69.77,103.402336,33.63233612060547,33.63233612060547,337
2024-12-18 12:00:00,68.69,100.48216,31.79216247558594,31.79216247558594,337
2024-12-18 13:00:00,71.56,100.32031,28.760312499999998,28.760312499999998,337
2024-12-18 14:00:00,71.14,101.6713,30.531302795410156,30.531302795410156,337
2024-12-18 15:00:00,68.38,103.37073,34.990727539062505,34.990727539062505,337
2024-12-18 16:00:00,79.49,106.99819,27.5081918334961,27.5081918334961,337
2024-12-18 17:00:00,80.91,108.80377,27.893771972656253,27.893771972656253,337
2024-12-18 18:00:00,79.35,105.50987,26.159872436523443,26.159872436523443,337
2024-12-18 19:00:00,72.26,98.8425,26.58249877929687,26.58249877929687,337
2024-12-18 20:00:00,61.71,85.32614,23.616141357421874,23.616141357421874,337
2024-12-18 21:00:00,52.22,74.191025,21.97102478027344,21.97102478027344,337
2024-12-18 22:00:00,31.69,59.470875,27.780874786376952,27.780874786376952,337
2024-12-18 23:00:00,19.8,49.08063,29.280631256103515,29.280631256103515,337
2024-12-19 00:00:00,20.28,36.30026,16.02025863647461,16.02025863647461,337
2024-12-19 01:00:00,9.93,25.14939,15.219389266967774,15.219389266967774,337
2024-12-19 02:00:00,5.98,22.698427,16.718427200317382,16.718427200317382,337
2024-12-19 03:00:00,3.95,28.100069,24.15006904602051,24.15006904602051,337
2024-12-19 04:00:00,6.39,44.464924,38.07492385864258,38.07492385864258,337
2024-12-19 05:00:00,12.5,66.50741,54.007408142089844,54.007408142089844,337
2024-12-19 06:00:00,63.54,86.102776,22.56277557373047,22.56277557373047,337
2024-12-19 07:00:00,79.71,95.84171,16.131712951660163,16.131712951660163,337
2024-12-19 08:00:00,89.38,96.67335,7.293347473144536,7.293347473144536,337
2024-12-19 09:00:00,79.46,91.09677,11.636771240234381,11.636771240234381,337
2024-12-19 10:00:00,76.96,83.23171,6.2717123413086,6.2717123413086,337
2024-12-19 11:00:00,74.16,87.195526,13.035526123046878,13.035526123046878,338
2024-12-19 12:00:00,70.4,81.81203,11.412026977539057,11.412026977539057,338
2024-12-19 13:00:00,60.38,81.16687,20.786870117187497,20.786870117187497,338
2024-12-19 14:00:00,61.2,86.53792,25.33791809082031,25.33791809082031,338
2024-12-19 15:00:00,83.17,95.28887,12.118871765136717,12.118871765136717,338
2024-12-19 16:00:00,100.79,105.675545,4.885544738769525,4.885544738769525,338
2024-12-19 17:00:00,105.26,112.77599,7.515993347167964,7.515993347167964,338
2024-12-19 18:00:00,94.02,112.519264,18.49926422119141,18.49926422119141,338
2024-12-19 19:00:00,82.89,107.589584,24.699584350585937,24.699584350585937,338
2024-12-19 20:00:00,77.71,98.64014,20.930136718750006,20.930136718750006,338
2024-12-19 21:00:00,75.92,91.450615,15.530614929199217,15.530614929199217,338
2024-12-19 22:00:00,60.84,83.15023,22.31023040771484,22.31023040771484,338
2024-12-19 23:00:00,51.55,76.826645,25.27664489746094,25.27664489746094,338
2024-12-20 00:00:00,34.79,68.4158,33.625802001953126,33.625802001953126,338
2024-12-20 01:00:00,25.97,59.593304,33.62330368041992,33.62330368041992,338
2024-12-20 02:00:00,20.15,55.250633,35.100633239746095,35.100633239746095,338
2024-12-20 03:00:00,25.89,56.455795,30.565795288085937,30.565795288085937,338
2024-12-20 04:00:00,50.79,66.16362,15.373619995117188,15.373619995117188,338
2024-12-20 05:00:00,73.76,82.06193,8.301927795410151,8.301927795410151,338
2024-12-20 06:00:00,109.0,98.0148,-10.985198974609375,10.985198974609375,338
2024-12-20 07:00:00,124.91,108.168625,-16.74137512207031,16.74137512207031,338
2024-12-20 08:00:00,118.09,110.61745,-7.472553100585941,7.472553100585941,338
2024-12-20 09:00:00,108.92,105.35336,-3.5666369628906267,3.5666369628906267,338
2024-12-20 10:00:00,99.27,96.19978,-3.0702166748046835,3.0702166748046835,338
2024-12-20 11:00:00,89.37,98.6195,9.249499206542964,9.249499206542964,339
2024-12-20 12:00:00,85.81,93.39178,7.5817770385742165,7.5817770385742165,339
2024-12-20 13:00:00,90.63,90.75141,0.1214114379882858,0.1214114379882858,339
2024-12-20 14:00:00,101.19,91.52718,-9.662816467285154,9.662816467285154,339
2024-12-20 15:00:00,106.78,95.02385,-11.756150512695314,11.756150512695314,339
2024-12-20 16:00:00,111.01,100.97191,-10.038091430664068,10.038091430664068,339
2024-12-20 17:00:00,103.37,106.89563,3.5256298828124955,3.5256298828124955,339
2024-12-20 18:00:00,101.1,109.17237,8.072370910644537,8.072370910644537,339
2024-12-20 19:00:00,92.13,106.91947,14.78947174072266,14.78947174072266,339
2024-12-20 20:00:00,74.21,100.10255,25.892546691894538,25.892546691894538,339
2024-12-20 21:00:00,70.67,93.31092,22.64092071533203,22.64092071533203,339
2024-12-20 22:00:00,58.5,86.06669,27.566688537597656,27.566688537597656,339
2024-12-20 23:00:00,31.08,81.32414,50.24414245605469,50.24414245605469,339
2024-12-21 00:00:00,25.28,74.732086,49.452086181640624,49.452086181640624,339
2024-12-21 01:00:00,23.92,66.854866,42.93486602783203,42.93486602783203,339
2024-12-21 02:00:00,19.41,61.66284,42.252841796875,42.252841796875,339
2024-12-21 03:00:00,18.11,59.936417,41.82641662597656,41.82641662597656,339
2024-12-21 04:00:00,24.0,64.21827,40.21826934814453,40.21826934814453,339
2024-12-21 05:00:00,32.02,73.07619,41.05618713378906,41.05618713378906,339
2024-12-21 06:00:00,33.27,83.673645,50.40364501953125,50.40364501953125,339
2024-12-21 07:00:00,37.69,94.02707,56.33706909179688,56.33706909179688,339
2024-12-21 08:00:00,43.55,101.49709,57.9470932006836,57.9470932006836,339
2024-12-21 09:00:00,43.65,103.05182,59.40181884765625,59.40181884765625,339
2024-12-21 10:00:00,37.01,99.82328,62.81328033447266,62.81328033447266,339
2024-12-21 11:00:00,36.09,55.188854,19.098854217529293,19.098854217529293,340
2024-12-21 12:00:00,35.78,52.302277,16.522276611328124,16.522276611328124,340
2024-12-21 13:00:00,35.07,51.18375,16.11375015258789,16.11375015258789,340
2024-12-21 14:00:00,38.98,49.951275,10.971274871826175,10.971274871826175,340
2024-12-21 15:00:00,39.46,48.428112,8.968112030029296,8.968112030029296,340
2024-12-21 16:00:00,46.35,47.30373,0.9537300109863267,0.9537300109863267,340
2024-12-21 17:00:00,50.19,48.67005,-1.5199484252929665,1.5199484252929665,340
2024-12-21 18:00:00,44.29,48.948257,4.658257446289063,4.658257446289063,340
2024-12-21 19:00:00,31.85,48.50027,16.650270843505858,16.650270843505858,340
2024-12-21 20:00:00,18.61,42.93854,24.328541412353516,24.328541412353516,340
2024-12-21 21:00:00,16.2,39.073032,22.87303237915039,22.87303237915039,340
2024-12-21 22:00:00,12.04,32.2864,20.246399841308595,20.246399841308595,340
2024-12-21 23:00:00,9.88,28.718641,18.838641281127927,18.838641281127927,340
2024-12-22 00:00:00,7.92,23.41038,15.49037940979004,15.49037940979004,340
2024-12-22 01:00:00,8.42,17.312551,8.892551498413086,8.892551498413086,340
2024-12-22 02:00:00,6.27,14.749921,8.479920845031739,8.479920845031739,340
2024-12-22 03:00:00,4.41,14.122693,9.712693061828613,9.712693061828613,340
2024-12-22 04:00:00,5.1,15.637879,10.537879371643067,10.537879371643067,340
2024-12-22 05:00:00,5.82,18.097944,12.277944259643554,12.277944259643554,340
2024-12-22 06:00:00,10.5,21.336893,10.836893081665039,10.836893081665039,340
2024-12-22 07:00:00,15.29,24.068327,8.778326950073243,8.778326950073243,340
2024-12-22 08:00:00,23.99,25.821344,1.8313443756103531,1.8313443756103531,340
2024-12-22 09:00:00,20.0,27.577463,7.577463150024414,7.577463150024414,340
2024-12-22 10:00:00,16.01,27.242197,11.232197036743162,11.232197036743162,340
2024-12-22 11:00:00,18.67,13.387414,-5.2825860214233415,5.2825860214233415,341
2024-12-22 12:00:00,15.38,10.663003,-4.716997032165528,4.716997032165528,341
2024-12-22 13:00:00,10.96,11.937425,0.977424659729003,0.977424659729003,341
2024-12-22 14:00:00,13.55,14.277284,0.7272836685180657,0.7272836685180657,341
2024-12-22 15:00:00,18.6,16.957815,-1.6421848297119155,1.6421848297119155,341
2024-12-22 16:00:00,55.0,19.954134,-35.04586601257324,35.04586601257324,341
2024-12-22 17:00:00,77.44,25.687658,-51.752341690063474,51.752341690063474,341
2024-12-22 18:00:00,72.5,30.444937,-42.055063247680664,42.055063247680664,341
2024-12-22 19:00:00,58.91,33.820698,-25.08930221557617,25.08930221557617,341
2024-12-22 20:00:00,46.4,29.838236,-16.56176414489746,16.56176414489746,341
2024-12-22 21:00:00,42.03,26.27498,-15.755019454956056,15.755019454956056,341
2024-12-22 22:00:00,30.54,18.502249,-12.037751235961913,12.037751235961913,341
2024-12-22 23:00:00,17.27,13.932862,-3.337137718200683,3.337137718200683,341
2024-12-23 00:00:00,11.48,7.441079,-4.038920860290528,4.038920860290528,341
2024-12-23 01:00:00,10.19,-0.05850119,-10.248501191437244,10.248501191437244,341
2024-12-23 02:00:00,7.33,-3.4859076,-10.815907554626465,10.815907554626465,341
2024-12-23 03:00:00,6.0,-1.1274786,-7.12747859954834,7.12747859954834,341
2024-12-23 04:00:00,7.07,5.37082,-1.6991799545288089,1.6991799545288089,341
2024-12-23 05:00:00,25.95,15.56788,-10.382120323181152,10.382120323181152,341
2024-12-23 06:00:00,61.2,29.093096,-32.10690422058106,32.10690422058106,341
2024-12-23 07:00:00,72.47,39.08831,-33.38168975830078,33.38168975830078,341
2024-12-23 08:00:00,70.93,43.903385,-27.02661483764649,27.02661483764649,341
2024-12-23 09:00:00,61.79,43.451347,-18.33865264892578,18.33865264892578,341
2024-12-23 10:00:00,60.27,38.985268,-21.284732360839847,21.284732360839847,341
2024-12-23 11:00:00,61.57,55.307346,-6.26265365600586,6.26265365600586,342
2024-12-23 12:00:00,62.31,54.41634,-7.893660125732424,7.893660125732424,342
2024-12-23 13:00:00,69.0,58.819653,-10.180347442626953,10.180347442626953,342
2024-12-23 14:00:00,80.01,69.11538,-10.894620666503911,10.894620666503911,342
2024-12-23 15:00:00,98.44,81.077545,-17.362454833984373,17.362454833984373,342
2024-12-23 16:00:00,110.92,90.496155,-20.42384521484375,20.42384521484375,342
2024-12-23 17:00:00,114.72,94.9136,-19.806402893066405,19.806402893066405,342
2024-12-23 18:00:00,124.89,92.21011,-32.679886474609376,32.679886474609376,342
2024-12-23 19:00:00,118.97,86.7126,-32.257399291992186,32.257399291992186,342
2024-12-23 20:00:00,109.28,80.168045,-29.11195495605469,29.11195495605469,342
2024-12-23 21:00:00,105.82,77.147255,-28.672745056152337,28.672745056152337,342
2024-12-23 22:00:00,105.49,73.14679,-32.343210449218745,32.343210449218745,342
2024-12-23 23:00:00,86.03,69.45683,-16.573167114257814,16.573167114257814,342
2024-12-24 00:00:00,82.84,64.39248,-18.44752105712891,18.44752105712891,342
2024-12-24 01:00:00,81.89,60.468212,-21.421787872314454,21.421787872314454,342
2024-12-24 02:00:00,78.0,62.515244,-15.484756469726562,15.484756469726562,342
2024-12-24 03:00:00,78.78,70.79968,-7.980317382812501,7.980317382812501,342
2024-12-24 04:00:00,80.6,83.09904,2.499037170410162,2.499037170410162,342
2024-12-24 05:00:00,85.07,95.57667,10.506667785644538,10.506667785644538,342
2024-12-24 06:00:00,100.83,103.68062,2.850618286132814,2.850618286132814,342
2024-12-24 07:00:00,115.09,103.05181,-12.038188781738285,12.038188781738285,342
2024-12-24 08:00:00,120.95,96.97872,-23.97127838134766,23.97127838134766,342
2024-12-24 09:00:00,120.0,89.89142,-30.10858154296875,30.10858154296875,342
2024-12-24 10:00:00,118.16,83.87309,-34.28690734863281,34.28690734863281,342
2024-12-24 11:00:00,117.49,65.62604,-51.863962402343745,51.863962402343745,343
2024-12-24 12:00:00,115.38,62.34475,-53.0352505493164,53.0352505493164,343
2024-12-24 13:00:00,117.98,63.35772,-54.622280578613285,54.622280578613285,343
2024-12-24 14:00:00,119.5,69.56944,-49.93055725097656,49.93055725097656,343
2024-12-24 15:00:00,120.21,79.46506,-40.74494262695312,40.74494262695312,343
2024-12-24 16:00:00,118.0,90.20844,-27.79155731201172,27.79155731201172,343
2024-12-24 17:00:00,110.98,97.10214,-13.877857666015629,13.877857666015629,343
2024-12-24 18:00:00,105.66,96.853676,-8.80632415771484,8.80632415771484,343
2024-12-24 19:00:00,102.56,92.24412,-10.315882263183596,10.315882263183596,343
2024-12-24 20:00:00,94.63,84.68404,-9.945963745117183,9.945963745117183,343
2024-12-24 21:00:00,99.04,78.76547,-20.27452758789063,20.27452758789063,343
2024-12-24 22:00:00,90.0,72.53904,-17.460960388183594,17.460960388183594,343
2024-12-24 23:00:00,91.37,68.341484,-23.028515930175786,23.028515930175786,343
2024-12-25 00:00:00,86.44,63.30878,-23.131219329833982,23.131219329833982,343
2024-12-25 01:00:00,85.07,58.734158,-26.335842437744134,26.335842437744134,343
2024-12-25 02:00:00,80.81,58.09385,-22.716150817871096,22.716150817871096,343
2024-12-25 03:00:00,75.99,61.415054,-14.574945678710932,14.574945678710932,343
2024-12-25 04:00:00,80.81,68.61798,-12.192019042968752,12.192019042968752,343
2024-12-25 05:00:00,83.01,77.55304,-5.456960449218755,5.456960449218755,343
2024-12-25 06:00:00,84.94,84.95247,0.012468872070314774,0.012468872070314774,343
2024-12-25 07:00:00,90.21,87.69953,-2.5104684448242125,2.5104684448242125,343
2024-12-25 08:00:00,99.24,86.321045,-12.918955078124995,12.918955078124995,343
2024-12-25 09:00:00,93.56,81.776764,-11.783236083984377,11.783236083984377,343
2024-12-25 10:00:00,92.55,76.12795,-16.422047424316403,16.422047424316403,343
2024-12-25 11:00:00,94.41,68.90702,-25.50297943115234,25.50297943115234,344
2024-12-25 12:00:00,91.01,65.999405,-25.010595092773443,25.010595092773443,344
2024-12-25 13:00:00,85.08,67.30085,-17.779150085449217,17.779150085449217,344
2024-12-25 14:00:00,92.55,72.66866,-19.881336975097653,19.881336975097653,344
2024-12-25 15:00:00,108.27,79.99373,-28.276271362304684,28.276271362304684,344
2024-12-25 16:00:00,120.5,88.10786,-32.39214324951172,32.39214324951172,344
2024-12-25 17:00:00,119.07,94.583405,-24.486595458984368,24.486595458984368,344
2024-12-25 18:00:00,117.98,95.80446,-22.17554138183594,22.17554138183594,344
2024-12-25 19:00:00,118.29,93.556366,-24.73363403320313,24.73363403320313,344
2024-12-25 20:00:00,113.01,86.61749,-26.392507324218755,26.392507324218755,344
2024-12-25 21:00:00,114.07,80.053696,-34.016304321289056,34.016304321289056,344
2024-12-25 22:00:00,104.63,72.20296,-32.42704284667968,32.42704284667968,344
2024-12-25 23:00:00,102.17,66.65175,-35.51825134277344,35.51825134277344,344
2024-12-26 00:00:00,95.06,59.59148,-35.46851974487305,35.46851974487305,344
2024-12-26 01:00:00,94.61,52.4482,-42.16179977416992,42.16179977416992,344
2024-12-26 02:00:00,89.64,48.639324,-41.00067581176758,41.00067581176758,344
2024-12-26 03:00:00,90.87,49.266514,-41.603486175537114,41.603486175537114,344
2024-12-26 04:00:00,95.1,55.66106,-39.43893966674804,39.43893966674804,344
2024-12-26 05:00:00,99.0,66.602715,-32.39728546142578,32.39728546142578,344
2024-12-26 06:00:00,112.64,78.6724,-33.967598571777344,33.967598571777344,344
2024-12-26 07:00:00,119.44,86.130745,-33.30925506591797,33.30925506591797,344
2024-12-26 08:00:00,118.23,87.07079,-31.159206848144535,31.159206848144535,344
2024-12-26 09:00:00,113.25,82.52473,-30.72527313232422,30.72527313232422,344
2024-12-26 10:00:00,106.01,75.6718,-30.338201293945318,30.338201293945318,344
2024-12-26 11:00:00,107.71,82.919365,-24.790635070800775,24.790635070800775,345
2024-12-26 12:00:00,103.9,81.676994,-22.223005676269537,22.223005676269537,345
2024-12-26 13:00:00,109.64,83.672775,-25.967224731445313,25.967224731445313,345
2024-12-26 14:00:00,120.75,89.437996,-31.31200408935547,31.31200408935547,345
2024-12-26 15:00:00,123.26,95.454,-27.80599761962891,27.80599761962891,345
2024-12-26 16:00:00,137.9,100.38489,-37.515112304687506,37.515112304687506,345
2024-12-26 17:00:00,138.05,102.08925,-35.96075134277345,35.96075134277345,345
2024-12-26 18:00:00,135.71,98.071785,-37.63821502685548,37.63821502685548,345
2024-12-26 19:00:00,129.13,91.89324,-37.23675811767578,37.23675811767578,345
2024-12-26 20:00:00,120.85,84.47986,-36.370141601562494,36.370141601562494,345
2024-12-26 21:00:00,123.5,80.16344,-43.33656311035156,43.33656311035156,345
2024-12-26 22:00:00,116.98,74.46402,-42.51598022460938,42.51598022460938,345
2024-12-26 23:00:00,106.79,69.74102,-37.04897979736329,37.04897979736329,345
2024-12-27 00:00:00,101.52,63.641476,-37.87852432250976,37.87852432250976,345
2024-12-27 01:00:00,101.03,59.445347,-41.58465316772461,41.58465316772461,345
2024-12-27 02:00:00,99.74,61.655437,-38.08456253051757,38.08456253051757,345
2024-12-27 03:00:00,99.58,69.072556,-30.50744445800781,30.50744445800781,345
2024-12-27 04:00:00,106.2,80.9761,-25.22390289306641,25.22390289306641,345
2024-12-27 05:00:00,115.7,93.38129,-22.318713378906253,22.318713378906253,345
2024-12-27 06:00:00,124.29,100.68367,-23.606329956054694,23.606329956054694,345
2024-12-27 07:00:00,131.85,100.10436,-31.745637512207026,31.745637512207026,345
2024-12-27 08:00:00,130.15,95.04801,-35.10198822021485,35.10198822021485,345
2024-12-27 09:00:00,120.1,88.84045,-31.259553527832026,31.259553527832026,345
2024-12-27 10:00:00,107.94,83.46373,-24.47627014160156,24.47627014160156,345
2024-12-27 11:00:00,107.81,103.90505,-3.9049478149414085,3.9049478149414085,346
2024-12-27 12:00:00,107.94,103.31508,-4.624921264648435,4.624921264648435,346
2024-12-27 13:00:00,110.3,104.88669,-5.413311767578122,5.413311767578122,346
2024-12-27 14:00:00,114.15,109.47523,-4.674772644042974,4.674772644042974,346
2024-12-27 15:00:00,129.98,115.09552,-14.88447998046874,14.88447998046874,346
2024-12-27 16:00:00,149.78,120.232994,-29.547005920410157,29.547005920410157,346
2024-12-27 17:00:00,158.4,121.81438,-36.58562316894532,36.58562316894532,346
2024-12-27 18:00:00,146.43,118.98745,-27.442550354003913,27.442550354003913,346
2024-12-27 19:00:00,133.14,112.90437,-20.235626831054674,20.235626831054674,346
2024-12-27 20:00:00,125.42,105.66466,-19.755342407226564,19.755342407226564,346
2024-12-27 21:00:00,126.76,101.0643,-25.69569946289063,25.69569946289063,346
2024-12-27 22:00:00,114.0,96.28195,-17.718048095703125,17.718048095703125,346
2024-12-27 23:00:00,126.4,92.81044,-33.58955993652344,33.58955993652344,346
2024-12-28 00:00:00,116.63,87.925224,-28.704775695800777,28.704775695800777,346
2024-12-28 01:00:00,110.15,82.61399,-27.5360092163086,27.5360092163086,346
2024-12-28 02:00:00,105.92,81.29332,-24.626680297851564,24.626680297851564,346
2024-12-28 03:00:00,102.93,81.3242,-21.60579650878907,21.60579650878907,346
2024-12-28 04:00:00,105.58,85.54773,-20.0322705078125,20.0322705078125,346
2024-12-28 05:00:00,109.71,91.52303,-18.18696685791015,18.18696685791015,346
2024-12-28 06:00:00,124.24,96.01919,-28.2208120727539,28.2208120727539,346
2024-12-28 07:00:00,128.0,97.99355,-30.006446838378906,30.006446838378906,346
2024-12-28 08:00:00,128.3,97.37246,-30.927540588378918,30.927540588378918,346
2024-12-28 09:00:00,122.83,95.04404,-27.785963134765623,27.785963134765623,346
2024-12-28 10:00:00,113.4,93.52806,-19.871939086914068,19.871939086914068,346
2024-12-28 11:00:00,108.97,102.677925,-6.292074890136718,6.292074890136718,347
2024-12-28 12:00:00,110.01,102.278366,-7.731633911132818,7.731633911132818,347
2024-12-28 13:00:00,114.09,103.80915,-10.280849304199222,10.280849304199222,347
2024-12-28 15:00:00,121.27,107.94642,-13.323581237792965,13.323581237792965,347
2024-12-28 16:00:00,142.61,113.74527,-28.86473022460939,28.86473022460939,347
2024-12-28 17:00:00,148.3,120.066376,-28.233624267578136,28.233624267578136,347
2024-12-28 18:00:00,141.74,123.84734,-17.89265655517579,17.89265655517579,347
2024-12-28 19:00:00,130.3,123.55182,-6.748181152343761,6.748181152343761,347
2024-12-28 20:00:00,125.9,118.63178,-7.268217468261724,7.268217468261724,347
2024-12-28 21:00:00,121.25,110.678856,-10.571144104003906,10.571144104003906,347
2024-12-28 22:00:00,115.16,104.26791,-10.892093811035153,10.892093811035153,347
2024-12-28 23:00:00,127.39,97.778656,-29.611343994140626,29.611343994140626,347
2024-12-29 00:00:00,114.09,93.002884,-21.08711608886719,21.08711608886719,347
2024-12-29 01:00:00,107.71,86.10308,-21.606919250488275,21.606919250488275,347
2024-12-29 02:00:00,101.7,77.639084,-24.060916137695315,24.060916137695315,347
2024-12-29 03:00:00,97.73,72.558624,-25.17137573242188,25.17137573242188,347
2024-12-29 04:00:00,98.61,69.28743,-29.322570190429687,29.322570190429687,347
2024-12-29 05:00:00,98.16,71.416275,-26.743724975585934,26.743724975585934,347
2024-12-29 06:00:00,102.53,75.886,-26.64399841308594,26.64399841308594,347
2024-12-29 07:00:00,110.71,80.88502,-29.824982604980462,29.824982604980462,347
2024-12-29 08:00:00,115.83,85.24518,-30.58482177734375,30.58482177734375,347
2024-12-29 09:00:00,115.58,86.92839,-28.65160949707031,28.65160949707031,347
2024-12-29 10:00:00,109.94,86.25821,-23.681790771484373,23.681790771484373,347
2024-12-29 11:00:00,109.4,85.76554,-23.63445892333985,23.63445892333985,347
2024-12-29 12:00:00,108.88,101.35178,-7.528216247558589,7.528216247558589,348
2024-12-29 13:00:00,109.81,101.5646,-8.245401916503909,8.245401916503909,348
2024-12-29 14:00:00,113.87,107.008354,-6.861645812988286,6.861645812988286,348
2024-12-29 15:00:00,125.13,117.53632,-7.593676452636714,7.593676452636714,348
2024-12-29 16:00:00,133.01,124.420044,-8.589956054687491,8.589956054687491,348
2024-12-29 17:00:00,134.4,126.067154,-8.332846069335943,8.332846069335943,348
2024-12-29 18:00:00,133.72,123.24736,-10.472639770507811,10.472639770507811,348
2024-12-29 19:00:00,123.92,115.68471,-8.23529235839844,8.23529235839844,348
2024-12-29 20:00:00,118.59,108.409584,-10.180415954589847,10.180415954589847,348
2024-12-29 21:00:00,119.1,101.81416,-17.285836791992182,17.285836791992182,348
2024-12-29 22:00:00,103.18,99.656555,-3.523444824218757,3.523444824218757,348
2024-12-29 23:00:00,105.48,94.91755,-10.562450866699223,10.562450866699223,348
2024-12-30 00:00:00,100.81,89.81331,-10.99669128417969,10.99669128417969,348
2024-12-30 01:00:00,98.45,82.6209,-15.829096984863284,15.829096984863284,348
2024-12-30 02:00:00,89.19,77.20798,-11.982022705078123,11.982022705078123,348
2024-12-30 03:00:00,82.97,78.880554,-4.089445800781249,4.089445800781249,348
2024-12-30 04:00:00,90.58,84.69613,-5.8838711547851545,5.8838711547851545,348
2024-12-30 05:00:00,98.82,96.1859,-2.6341021728515557,2.6341021728515557,348
2024-12-30 06:00:00,110.78,111.03968,0.2596804809570301,0.2596804809570301,348
2024-12-30 07:00:00,126.7,122.918846,-3.781153869628909,3.781153869628909,348
2024-12-30 08:00:00,128.01,126.54084,-1.4691598510742097,1.4691598510742097,348
2024-12-30 09:00:00,122.09,123.10863,1.018627319335934,1.018627319335934,348
2024-12-30 10:00:00,119.04,115.70995,-3.3300466918945375,3.3300466918945375,348
2024-12-30 11:00:00,121.42,108.62791,-12.792093200683595,12.792093200683595,348
