datetime_hour,actual,predicted,error,abs_error,iteration,hour
2024-01-14 00:00:00,82.78,83.3313225467168,0.5513225467168041,0.5513225467168041,2,0
2024-01-14 01:00:00,78.66,78.4588113853782,-0.20118861462179893,0.20118861462179893,2,1
2024-01-14 02:00:00,72.53,76.53444842572891,4.00444842572891,4.00444842572891,2,2
2024-01-14 03:00:00,70.7,73.70930349499304,3.009303494993034,3.009303494993034,2,3
2024-01-14 04:00:00,73.13,73.09918162164526,-0.030818378354737774,0.030818378354737774,2,4
2024-01-14 05:00:00,69.71,73.86304168590979,4.153041685909798,4.153041685909798,2,5
2024-01-14 06:00:00,74.4,78.9583242906836,4.558324290683601,4.558324290683601,2,6
2024-01-14 07:00:00,77.9,80.55989111019785,2.6598911101978473,2.6598911101978473,2,7
2024-01-14 08:00:00,86.81,87.03336081825867,0.22336081825866927,0.22336081825866927,2,8
2024-01-14 09:00:00,88.77,87.43024954746127,-1.3397504525387234,1.3397504525387234,2,9
2024-01-14 10:00:00,89.77,87.32589190255713,-2.4441080974428644,2.4441080974428644,2,10
2024-01-14 11:00:00,84.7,79.26810326263363,-5.4318967373663725,5.4318967373663725,2,11
2024-01-14 12:00:00,77.04,77.78835291400515,0.7483529140051388,0.7483529140051388,2,12
2024-01-14 13:00:00,79.15,78.62891630312367,-0.5210836968763317,0.5210836968763317,2,13
2024-01-14 14:00:00,82.32,81.57080382863629,-0.7491961713637068,0.7491961713637068,2,14
2024-01-14 15:00:00,86.62,92.45608391941828,5.836083919418272,5.836083919418272,2,15
2024-01-14 16:00:00,91.86,98.78387707854131,6.9238770785413095,6.9238770785413095,2,16
2024-01-14 17:00:00,99.94,114.90903120006884,14.96903120006884,14.96903120006884,2,17
2024-01-14 18:00:00,92.01,113.39497206551482,21.384972065514816,21.384972065514816,2,18
2024-01-14 19:00:00,86.03,107.68878333928643,21.65878333928643,21.65878333928643,2,19
2024-01-14 20:00:00,84.49,99.63392802550905,15.143928025509055,15.143928025509055,2,20
2024-01-14 21:00:00,82.97,102.42422168132269,19.454221681322693,19.454221681322693,2,21
2024-01-14 22:00:00,72.52,97.63698606059691,25.116986060596915,25.116986060596915,2,22
2024-01-14 23:00:00,77.7,85.39213257045252,7.6921325704525145,7.6921325704525145,2,23
2024-01-15 00:00:00,72.07,113.4584852569766,41.38848525697661,41.38848525697661,3,0
2024-01-15 01:00:00,66.82,108.94702830335957,42.12702830335958,42.12702830335958,3,1
2024-01-15 02:00:00,62.04,104.13620822565332,42.09620822565332,42.09620822565332,3,2
2024-01-15 03:00:00,62.1,105.64565767748921,43.54565767748921,43.54565767748921,3,3
2024-01-15 04:00:00,69.46,109.65677053765923,40.19677053765923,40.19677053765923,3,4
2024-01-15 05:00:00,81.1,108.59985887295572,27.499858872955727,27.499858872955727,3,5
2024-01-15 06:00:00,86.74,118.51018562938314,31.77018562938315,31.77018562938315,3,6
2024-01-15 07:00:00,99.52,122.25079827100207,22.730798271002072,22.730798271002072,3,7
2024-01-15 08:00:00,100.33,130.47222509071017,30.14222509071017,30.14222509071017,3,8
2024-01-15 09:00:00,94.92,134.62549617394168,39.70549617394168,39.70549617394168,3,9
2024-01-15 10:00:00,90.3,134.13612662253894,43.83612662253894,43.83612662253894,3,10
2024-01-15 11:00:00,85.7,128.472689515366,42.772689515366,42.772689515366,3,11
2024-01-15 12:00:00,82.41,122.78129506316368,40.371295063163686,40.371295063163686,3,12
2024-01-15 13:00:00,84.99,123.68159502546582,38.69159502546583,38.69159502546583,3,13
2024-01-15 14:00:00,90.1,123.52108222751576,33.42108222751577,33.42108222751577,3,14
2024-01-15 15:00:00,98.03,129.58946724386655,31.55946724386655,31.55946724386655,3,15
2024-01-15 16:00:00,106.7,132.65060053788147,25.95060053788147,25.95060053788147,3,16
2024-01-15 17:00:00,112.85,139.85577178836215,27.005771788362154,27.005771788362154,3,17
2024-01-15 18:00:00,113.9,133.56970916802692,19.669709168026912,19.669709168026912,3,18
2024-01-15 19:00:00,107.58,130.63446081846507,23.054460818465074,23.054460818465074,3,19
2024-01-15 20:00:00,100.0,121.21442777777973,21.214427777779733,21.214427777779733,3,20
2024-01-15 21:00:00,97.21,119.43091216456254,22.22091216456255,22.22091216456255,3,21
2024-01-15 22:00:00,91.0,105.9863310706151,14.986331070615094,14.986331070615094,3,22
2024-01-15 23:00:00,86.59,109.69455853843594,23.10455853843594,23.10455853843594,3,23
2024-01-16 00:00:00,83.33,91.75220051685072,8.422200516850722,8.422200516850722,4,0
2024-01-16 01:00:00,80.94,82.23181792439334,1.2918179243933423,1.2918179243933423,4,1
2024-01-16 02:00:00,78.65,83.40809559063061,4.758095590630603,4.758095590630603,4,2
2024-01-16 03:00:00,78.35,81.6929119845482,3.342911984548209,3.342911984548209,4,3
2024-01-16 04:00:00,84.96,86.87548174729037,1.9154817472903716,1.9154817472903716,4,4
2024-01-16 05:00:00,96.1,98.8616304387596,2.7616304387596102,2.7616304387596102,4,5
2024-01-16 06:00:00,117.0,113.01551508961026,-3.984484910389739,3.984484910389739,4,6
2024-01-16 07:00:00,144.11,122.79635591732108,-21.313644082678934,21.313644082678934,4,7
2024-01-16 08:00:00,138.6,116.56523754870578,-22.034762451294213,22.034762451294213,4,8
2024-01-16 09:00:00,122.0,113.49159991384809,-8.508400086151909,8.508400086151909,4,9
2024-01-16 10:00:00,110.0,108.84790432463632,-1.1520956753636824,1.1520956753636824,4,10
2024-01-16 11:00:00,102.62,108.03465154507384,5.414651545073838,5.414651545073838,4,11
2024-01-16 12:00:00,95.47,105.00267882187873,9.532678821878733,9.532678821878733,4,12
2024-01-16 13:00:00,100.95,92.5950567724624,-8.354943227537603,8.354943227537603,4,13
2024-01-16 14:00:00,111.85,116.34193322581933,4.491933225819338,4.491933225819338,4,14
2024-01-16 15:00:00,113.56,117.05838477750322,3.498384777503219,3.498384777503219,4,15
2024-01-16 16:00:00,129.34,129.21480452480148,-0.1251954751985238,0.1251954751985238,4,16
2024-01-16 17:00:00,129.98,132.84834398957395,2.868343989573958,2.868343989573958,4,17
2024-01-16 18:00:00,116.92,130.08649923533085,13.166499235330846,13.166499235330846,4,18
2024-01-16 19:00:00,99.78,128.2860739635206,28.506073963520606,28.506073963520606,4,19
2024-01-16 20:00:00,88.75,116.54050515946435,27.790505159464345,27.790505159464345,4,20
2024-01-16 21:00:00,83.49,117.28606724596835,33.79606724596836,33.79606724596836,4,21
2024-01-16 22:00:00,79.87,111.21218688202455,31.34218688202455,31.34218688202455,4,22
2024-01-16 23:00:00,72.79,98.14060193251393,25.350601932513925,25.350601932513925,4,23
2024-01-17 00:00:00,72.33,91.00239293942933,18.67239293942933,18.67239293942933,5,0
2024-01-17 01:00:00,71.02,85.49510518714534,14.475105187145346,14.475105187145346,5,1
2024-01-17 02:00:00,70.07,81.61930039629306,11.549300396293063,11.549300396293063,5,2
2024-01-17 03:00:00,69.9,82.62796827197437,12.727968271974362,12.727968271974362,5,3
2024-01-17 04:00:00,72.67,91.14287092056809,18.472870920568084,18.472870920568084,5,4
2024-01-17 05:00:00,77.67,91.3121958999554,13.642195899955396,13.642195899955396,5,5
2024-01-17 06:00:00,87.0,99.1784498933968,12.178449893396802,12.178449893396802,5,6
2024-01-17 07:00:00,97.72,118.59280160649885,20.872801606498854,20.872801606498854,5,7
2024-01-17 08:00:00,106.24,121.61950411005333,15.379504110053333,15.379504110053333,5,8
2024-01-17 09:00:00,110.33,115.84597783921832,5.515977839218323,5.515977839218323,5,9
2024-01-17 10:00:00,111.1,108.048104135616,-3.0518958643839937,3.0518958643839937,5,10
2024-01-17 11:00:00,90.12,114.5581817746697,24.4381817746697,24.4381817746697,5,11
2024-01-17 12:00:00,83.05,103.5322614115001,20.482261411500104,20.482261411500104,5,12
2024-01-17 13:00:00,85.38,109.9396140264563,24.559614026456302,24.559614026456302,5,13
2024-01-17 14:00:00,70.98,115.78809506433288,44.808095064332875,44.808095064332875,5,14
2024-01-17 15:00:00,70.45,120.6166276655382,50.1666276655382,50.1666276655382,5,15
2024-01-17 16:00:00,79.72,131.384540406583,51.664540406583,51.664540406583,5,16
2024-01-17 17:00:00,105.49,128.55024661199073,23.060246611990735,23.060246611990735,5,17
2024-01-17 18:00:00,107.73,121.9864438563067,14.256443856306703,14.256443856306703,5,18
2024-01-17 19:00:00,93.82,114.94226200056849,21.122262000568497,21.122262000568497,5,19
2024-01-17 20:00:00,83.96,105.24993105751719,21.289931057517194,21.289931057517194,5,20
2024-01-17 21:00:00,79.25,96.91193606536935,17.661936065369346,17.661936065369346,5,21
2024-01-17 22:00:00,76.92,95.06626898804858,18.146268988048575,18.146268988048575,5,22
2024-01-17 23:00:00,71.3,87.6235612429123,16.323561242912305,16.323561242912305,5,23
2024-01-18 00:00:00,75.71,81.78817777294485,6.078177772944855,6.078177772944855,6,0
2024-01-18 01:00:00,70.54,74.98526943191925,4.445269431919243,4.445269431919243,6,1
2024-01-18 02:00:00,68.71,78.5127303225217,9.802730322521711,9.802730322521711,6,2
2024-01-18 03:00:00,63.81,76.46577146919039,12.655771469190384,12.655771469190384,6,3
2024-01-18 04:00:00,65.73,75.7788488150118,10.048848815011794,10.048848815011794,6,4
2024-01-18 05:00:00,73.05,78.26960362545218,5.21960362545218,5.21960362545218,6,5
2024-01-18 06:00:00,88.34,86.40795900324362,-1.9320409967563847,1.9320409967563847,6,6
2024-01-18 07:00:00,97.64,94.90910599182986,-2.7308940081701394,2.7308940081701394,6,7
2024-01-18 08:00:00,100.57,100.50109746463924,-0.06890253536074908,0.06890253536074908,6,8
2024-01-18 09:00:00,106.54,109.00137026002292,2.4613702600229175,2.4613702600229175,6,9
2024-01-18 10:00:00,100.85,111.81796963844457,10.967969638444572,10.967969638444572,6,10
2024-01-18 11:00:00,92.5,100.22273485021022,7.722734850210216,7.722734850210216,6,11
2024-01-18 12:00:00,84.28,95.40299190947108,11.122991909471082,11.122991909471082,6,12
2024-01-18 13:00:00,87.43,95.8742220029076,8.444222002907594,8.444222002907594,6,13
2024-01-18 14:00:00,92.41,89.18302308227024,-3.2269769177297576,3.2269769177297576,6,14
2024-01-18 15:00:00,90.77,90.10181512175002,-0.6681848782499742,0.6681848782499742,6,15
2024-01-18 16:00:00,96.02,93.86019319322578,-2.1598068067742133,2.1598068067742133,6,16
2024-01-18 17:00:00,103.71,110.11290216259272,6.402902162592724,6.402902162592724,6,17
2024-01-18 18:00:00,99.6,118.55538807627214,18.955388076272143,18.955388076272143,6,18
2024-01-18 19:00:00,91.76,112.965686180123,21.205686180122996,21.205686180122996,6,19
2024-01-18 20:00:00,83.23,100.22314265509432,16.993142655094317,16.993142655094317,6,20
2024-01-18 21:00:00,83.16,97.23045769559354,14.070457695593547,14.070457695593547,6,21
2024-01-18 22:00:00,73.61,93.99632085772355,20.386320857723547,20.386320857723547,6,22
2024-01-18 23:00:00,71.82,77.70375203251099,5.883752032510998,5.883752032510998,6,23
2024-01-19 00:00:00,67.44,76.33815142398453,8.89815142398453,8.89815142398453,7,0
2024-01-19 01:00:00,67.17,69.76072470368203,2.590724703682028,2.590724703682028,7,1
2024-01-19 02:00:00,62.76,68.55991595390658,5.799915953906584,5.799915953906584,7,2
2024-01-19 03:00:00,63.32,65.48100182685896,2.161001826858957,2.161001826858957,7,3
2024-01-19 04:00:00,67.71,65.54599871273622,-2.1640012872637726,2.1640012872637726,7,4
2024-01-19 05:00:00,79.18,70.05240940972962,-9.127590590270387,9.127590590270387,7,5
2024-01-19 06:00:00,88.15,81.96625645175266,-6.1837435482473495,6.1837435482473495,7,6
2024-01-19 07:00:00,104.27,94.09867679169479,-10.17132320830521,10.17132320830521,7,7
2024-01-19 08:00:00,108.3,95.69551495668283,-12.604485043317169,12.604485043317169,7,8
2024-01-19 09:00:00,100.51,100.68986787867483,0.1798678786748269,0.1798678786748269,7,9
2024-01-19 10:00:00,88.0,96.3517654138214,8.351765413821397,8.351765413821397,7,10
2024-01-19 11:00:00,80.12,93.13568420697715,13.015684206977141,13.015684206977141,7,11
2024-01-19 12:00:00,73.41,83.28042352849698,9.870423528496985,9.870423528496985,7,12
2024-01-19 13:00:00,75.27,84.55462912623787,9.284629126237874,9.284629126237874,7,13
2024-01-19 14:00:00,80.53,90.86668628219384,10.336686282193838,10.336686282193838,7,14
2024-01-19 15:00:00,85.84,92.99913001807977,7.159130018079765,7.159130018079765,7,15
2024-01-19 16:00:00,94.42,96.05663549228619,1.6366354922861888,1.6366354922861888,7,16
2024-01-19 17:00:00,95.62,102.008679932052,6.388679932052,6.388679932052,7,17
2024-01-19 18:00:00,93.52,97.41962992489653,3.89962992489653,3.89962992489653,7,18
2024-01-19 19:00:00,82.88,86.69570909363387,3.8157090936338705,3.8157090936338705,7,19
2024-01-19 20:00:00,80.5,78.08175747461922,-2.4182425253807764,2.4182425253807764,7,20
2024-01-19 21:00:00,82.03,81.8205222776916,-0.20947772230840656,0.20947772230840656,7,21
2024-01-19 22:00:00,75.28,74.41831398537964,-0.8616860146203607,0.8616860146203607,7,22
2024-01-19 23:00:00,78.97,63.00703259650513,-15.962967403494872,15.962967403494872,7,23
2024-01-20 00:00:00,66.79,59.5670455930648,-7.222954406935209,7.222954406935209,8,0
2024-01-20 01:00:00,70.58,50.46392243025286,-20.11607756974714,20.11607756974714,8,1
2024-01-20 02:00:00,66.09,60.644805049028584,-5.44519495097142,5.44519495097142,8,2
2024-01-20 03:00:00,63.68,58.862653476578195,-4.817346523421804,4.817346523421804,8,3
2024-01-20 04:00:00,66.1,60.23707951551601,-5.862920484483986,5.862920484483986,8,4
2024-01-20 05:00:00,70.3,65.6072265800119,-4.6927734199881,4.6927734199881,8,5
2024-01-20 06:00:00,75.93,75.16585453283983,-0.7641454671601764,0.7641454671601764,8,6
2024-01-20 07:00:00,84.09,78.5191324060576,-5.57086759394241,5.57086759394241,8,7
2024-01-20 08:00:00,88.31,77.5252096051195,-10.784790394880503,10.784790394880503,8,8
2024-01-20 09:00:00,82.85,87.78455405602026,4.934554056020261,4.934554056020261,8,9
2024-01-20 10:00:00,76.64,80.24168694026736,3.6016869402673564,3.6016869402673564,8,10
2024-01-20 11:00:00,74.65,63.786306360212905,-10.863693639787101,10.863693639787101,8,11
2024-01-20 12:00:00,69.84,62.71103317653495,-7.128966823465056,7.128966823465056,8,12
2024-01-20 13:00:00,73.41,68.4193803522063,-4.990619647793693,4.990619647793693,8,13
2024-01-20 14:00:00,79.21,61.974301415488135,-17.23569858451186,17.23569858451186,8,14
2024-01-20 15:00:00,87.97,73.33370829401845,-14.636291705981549,14.636291705981549,8,15
2024-01-20 16:00:00,95.07,76.64416788663523,-18.425832113364763,18.425832113364763,8,16
2024-01-20 17:00:00,99.94,81.3808950630809,-18.5591049369191,18.5591049369191,8,17
2024-01-20 18:00:00,91.75,72.31282526405303,-19.437174735946968,19.437174735946968,8,18
2024-01-20 19:00:00,83.93,70.18479356222383,-13.745206437776176,13.745206437776176,8,19
2024-01-20 20:00:00,75.8,58.07389195644746,-17.726108043552536,17.726108043552536,8,20
2024-01-20 21:00:00,77.88,63.74276457030749,-14.137235429692502,14.137235429692502,8,21
2024-01-20 22:00:00,69.13,56.68514122745895,-12.444858772541046,12.444858772541046,8,22
2024-01-20 23:00:00,69.07,53.12242206107139,-15.947577938928603,15.947577938928603,8,23
2024-01-21 00:00:00,57.88,48.46715500290182,-9.412844997098183,9.412844997098183,9,0
2024-01-21 01:00:00,55.15,39.09764856784952,-16.05235143215048,16.05235143215048,9,1
2024-01-21 02:00:00,50.89,42.24681197461473,-8.643188025385271,8.643188025385271,9,2
2024-01-21 03:00:00,48.91,46.73348930533384,-2.176510694666156,2.176510694666156,9,3
2024-01-21 04:00:00,48.51,45.7717416505006,-2.7382583494993966,2.7382583494993966,9,4
2024-01-21 05:00:00,46.81,36.987383957832364,-9.822616042167638,9.822616042167638,9,5
2024-01-21 06:00:00,48.52,51.7951525166624,3.275152516662395,3.275152516662395,9,6
2024-01-21 07:00:00,54.23,56.42915941637849,2.1991594163784924,2.1991594163784924,9,7
2024-01-21 08:00:00,59.0,64.24962367193083,5.249623671930834,5.249623671930834,9,8
2024-01-21 09:00:00,58.64,67.14210789990857,8.502107899908566,8.502107899908566,9,9
2024-01-21 10:00:00,56.8,65.49321254074223,8.693212540742238,8.693212540742238,9,10
2024-01-21 11:00:00,56.36,70.66411958331685,14.304119583316847,14.304119583316847,9,11
2024-01-21 12:00:00,47.42,70.99131815772303,23.571318157723027,23.571318157723027,9,12
2024-01-21 13:00:00,52.67,68.64928561643605,15.979285616436044,15.979285616436044,9,13
2024-01-21 14:00:00,53.75,77.15313113131883,23.40313113131883,23.40313113131883,9,14
2024-01-21 15:00:00,56.89,81.19534539612356,24.305345396123556,24.305345396123556,9,15
2024-01-21 16:00:00,64.89,74.9203328046572,10.030332804657206,10.030332804657206,9,16
2024-01-21 17:00:00,77.19,81.26117366602722,4.071173666027221,4.071173666027221,9,17
2024-01-21 18:00:00,78.7,72.05716260816283,-6.642837391837176,6.642837391837176,9,18
2024-01-21 19:00:00,73.91,74.93913007182044,1.0291300718204468,1.0291300718204468,9,19
2024-01-21 20:00:00,56.44,62.02042291204309,5.58042291204309,5.58042291204309,9,20
2024-01-21 21:00:00,63.75,66.70799108803044,2.9579910880304396,2.9579910880304396,9,21
2024-01-21 22:00:00,57.39,55.3424389458188,-2.0475610541812017,2.0475610541812017,9,22
2024-01-21 23:00:00,40.66,50.77679213040041,10.116792130400412,10.116792130400412,9,23
2024-01-22 00:00:00,33.09,72.29656261759189,39.206562617591885,39.206562617591885,10,0
2024-01-22 01:00:00,28.34,62.111178082205775,33.77117808220578,33.77117808220578,10,1
2024-01-22 02:00:00,15.08,60.42120031591619,45.34120031591619,45.34120031591619,10,2
2024-01-22 03:00:00,13.34,64.05048485663875,50.71048485663874,50.71048485663874,10,3
2024-01-22 04:00:00,25.31,63.0655973561248,37.755597356124795,37.755597356124795,10,4
2024-01-22 05:00:00,49.01,70.37017407554771,21.36017407554771,21.36017407554771,10,5
2024-01-22 06:00:00,69.99,75.36076960874087,5.370769608740872,5.370769608740872,10,6
2024-01-22 07:00:00,85.22,78.19910000837308,-7.020899991626919,7.020899991626919,10,7
2024-01-22 08:00:00,86.66,77.07379026673904,-9.586209733260958,9.586209733260958,10,8
2024-01-22 09:00:00,71.08,82.40054738035587,11.320547380355876,11.320547380355876,10,9
2024-01-22 10:00:00,61.99,85.03581095098957,23.04581095098957,23.04581095098957,10,10
2024-01-22 11:00:00,57.67,84.52505472425813,26.855054724258125,26.855054724258125,10,11
2024-01-22 12:00:00,58.48,87.68861074870964,29.20861074870964,29.20861074870964,10,12
2024-01-22 13:00:00,61.06,92.88345852302871,31.823458523028705,31.823458523028705,10,13
2024-01-22 14:00:00,62.99,86.32504871434763,23.33504871434763,23.33504871434763,10,14
2024-01-22 15:00:00,66.07,80.10169510433283,14.03169510433284,14.03169510433284,10,15
2024-01-22 16:00:00,79.09,87.96541509027678,8.875415090276775,8.875415090276775,10,16
2024-01-22 17:00:00,89.87,96.03578879691464,6.16578879691464,6.16578879691464,10,17
2024-01-22 18:00:00,81.79,89.13656713192199,7.3465671319219865,7.3465671319219865,10,18
2024-01-22 19:00:00,70.09,90.6067344369747,20.5167344369747,20.5167344369747,10,19
2024-01-22 20:00:00,60.87,67.87942633903701,7.009426339037013,7.009426339037013,10,20
2024-01-22 21:00:00,58.76,74.00391400339603,15.243914003396036,15.243914003396036,10,21
2024-01-22 22:00:00,52.55,64.36929624416598,11.819296244165983,11.819296244165983,10,22
2024-01-22 23:00:00,20.45,56.814539918107826,36.36453991810782,36.36453991810782,10,23
2024-01-23 00:00:00,15.33,31.93414253933709,16.60414253933709,16.60414253933709,11,0
2024-01-23 01:00:00,14.55,20.77960827191633,6.22960827191633,6.22960827191633,11,1
2024-01-23 02:00:00,9.66,18.26101808697709,8.601018086977088,8.601018086977088,11,2
2024-01-23 03:00:00,15.14,17.50929669233443,2.36929669233443,2.36929669233443,11,3
2024-01-23 04:00:00,42.16,28.67209160597362,-13.487908394026377,13.487908394026377,11,4
2024-01-23 05:00:00,65.55,54.11104829334258,-11.43895170665742,11.43895170665742,11,5
2024-01-23 06:00:00,83.14,69.06868549831638,-14.071314501683617,14.071314501683617,11,6
2024-01-23 07:00:00,86.5,86.48601036885476,-0.013989631145236103,0.013989631145236103,11,7
2024-01-23 08:00:00,83.36,73.0606550339742,-10.2993449660258,10.2993449660258,11,8
2024-01-23 09:00:00,81.0,71.75790104806377,-9.242098951936228,9.242098951936228,11,9
2024-01-23 10:00:00,66.65,68.39177978811973,1.7417797881197288,1.7417797881197288,11,10
2024-01-23 11:00:00,61.91,70.86628936851665,8.95628936851665,8.95628936851665,11,11
2024-01-23 12:00:00,61.03,74.326060356895,13.296060356894998,13.296060356894998,11,12
2024-01-23 13:00:00,65.61,73.39220761316511,7.782207613165113,7.782207613165113,11,13
2024-01-23 14:00:00,71.96,79.67445552190043,7.714455521900433,7.714455521900433,11,14
2024-01-23 15:00:00,66.62,88.91300777377566,22.293007773775656,22.293007773775656,11,15
2024-01-23 16:00:00,81.21,93.33379879307897,12.123798793078976,12.123798793078976,11,16
2024-01-23 17:00:00,85.89,99.39364761552332,13.50364761552332,13.50364761552332,11,17
2024-01-23 18:00:00,77.18,96.18269191311866,19.002691913118653,19.002691913118653,11,18
2024-01-23 19:00:00,66.64,87.6334296827501,20.993429682750104,20.993429682750104,11,19
2024-01-23 20:00:00,59.66,75.16427988575167,15.504279885751671,15.504279885751671,11,20
2024-01-23 21:00:00,49.92,73.33470129540935,23.414701295409344,23.414701295409344,11,21
2024-01-23 22:00:00,36.49,67.1889794737247,30.698979473724698,30.698979473724698,11,22
2024-01-23 23:00:00,10.74,43.51806126808514,32.77806126808514,32.77806126808514,11,23
2024-01-24 00:00:00,8.35,37.46870709979135,29.11870709979135,29.11870709979135,12,0
2024-01-24 01:00:00,6.69,25.68250099671522,18.99250099671522,18.99250099671522,12,1
2024-01-24 02:00:00,2.27,29.535077262354008,27.26507726235401,27.26507726235401,12,2
2024-01-24 03:00:00,0.2,31.897396222464863,31.697396222464864,31.697396222464864,12,3
2024-01-24 04:00:00,5.43,45.759209216543894,40.329209216543894,40.329209216543894,12,4
2024-01-24 05:00:00,24.52,57.07745163388466,32.557451633884654,32.557451633884654,12,5
2024-01-24 06:00:00,55.41,70.54235082919051,15.132350829190514,15.132350829190514,12,6
2024-01-24 07:00:00,67.58,72.6729241611003,5.092924161100299,5.092924161100299,12,7
2024-01-24 08:00:00,65.89,66.57770045463603,0.6877004546360297,0.6877004546360297,12,8
2024-01-24 09:00:00,59.84,73.60357328035022,13.763573280350215,13.763573280350215,12,9
2024-01-24 10:00:00,56.65,68.11821005135636,11.468210051356358,11.468210051356358,12,10
2024-01-24 11:00:00,47.21,64.5553280257168,17.345328025716803,17.345328025716803,12,11
2024-01-24 12:00:00,44.3,60.005647248475086,15.705647248475088,15.705647248475088,12,12
2024-01-24 13:00:00,51.63,63.89699748255888,12.266997482558878,12.266997482558878,12,13
2024-01-24 14:00:00,60.5,72.43007800053913,11.930078000539126,11.930078000539126,12,14
2024-01-24 15:00:00,64.0,65.73279102827635,1.7327910282763526,1.7327910282763526,12,15
2024-01-24 16:00:00,71.09,77.82386249026418,6.733862490264173,6.733862490264173,12,16
2024-01-24 17:00:00,83.14,85.1136982728844,1.9736982728844055,1.9736982728844055,12,17
2024-01-24 18:00:00,83.46,79.23881097336464,-4.221189026635358,4.221189026635358,12,18
2024-01-24 19:00:00,77.81,68.59782779459542,-9.212172205404585,9.212172205404585,12,19
2024-01-24 20:00:00,68.8,60.50574420925772,-8.294255790742277,8.294255790742277,12,20
2024-01-24 21:00:00,70.88,57.57787428159029,-13.302125718409705,13.302125718409705,12,21
2024-01-24 22:00:00,73.14,42.799907356009726,-30.340092643990275,30.340092643990275,12,22
2024-01-24 23:00:00,62.78,15.629364268991353,-47.15063573100865,47.15063573100865,12,23
2024-01-25 00:00:00,59.64,14.706242809518457,-44.93375719048154,44.93375719048154,13,0
2024-01-25 01:00:00,60.0,13.490245837648558,-46.50975416235144,46.50975416235144,13,1
2024-01-25 02:00:00,55.36,0.18351891104816787,-55.17648108895183,55.17648108895183,13,2
2024-01-25 03:00:00,57.26,-2.835806534217326,-60.095806534217324,60.095806534217324,13,3
2024-01-25 04:00:00,63.29,2.8490067252935205,-60.44099327470648,60.44099327470648,13,4
2024-01-25 05:00:00,72.45,16.840035850808135,-55.60996414919187,55.60996414919187,13,5
2024-01-25 06:00:00,83.5,34.242253166969164,-49.257746833030836,49.257746833030836,13,6
2024-01-25 07:00:00,95.53,45.991567749708935,-49.538432250291066,49.538432250291066,13,7
2024-01-25 08:00:00,89.84,48.0349338166187,-41.80506618338131,41.80506618338131,13,8
2024-01-25 09:00:00,83.95,44.969957541934484,-38.98004245806552,38.98004245806552,13,9
2024-01-25 10:00:00,78.66,49.25554670517148,-29.404453294828514,29.404453294828514,13,10
2024-01-25 11:00:00,74.95,46.03460406374723,-28.91539593625277,28.91539593625277,13,11
2024-01-25 12:00:00,69.76,41.814756535266504,-27.9452434647335,27.9452434647335,13,12
2024-01-25 13:00:00,66.17,48.77138147886789,-17.398618521132114,17.398618521132114,13,13
2024-01-25 14:00:00,61.85,51.909570420458834,-9.940429579541167,9.940429579541167,13,14
2024-01-25 15:00:00,67.67,60.43650621060223,-7.2334937893977695,7.2334937893977695,13,15
2024-01-25 16:00:00,75.59,63.86838381740535,-11.721616182594651,11.721616182594651,13,16
2024-01-25 17:00:00,94.72,82.30122365571587,-12.418776344284126,12.418776344284126,13,17
2024-01-25 18:00:00,96.11,84.95196770959043,-11.158032290409565,11.158032290409565,13,18
2024-01-25 19:00:00,79.83,76.37177198576335,-3.458228014236653,3.458228014236653,13,19
2024-01-25 20:00:00,72.14,71.38526211647635,-0.7547378835236458,0.7547378835236458,13,20
2024-01-25 21:00:00,71.39,75.99605098422424,4.60605098422424,4.60605098422424,13,21
2024-01-25 22:00:00,67.34,73.16180393202254,5.821803932022533,5.821803932022533,13,22
2024-01-25 23:00:00,62.8,53.32452941941688,-9.475470580583114,9.475470580583114,13,23
2024-01-26 00:00:00,62.0,52.18665144269926,-9.813348557300742,9.813348557300742,14,0
2024-01-26 01:00:00,58.49,48.80159420725356,-9.688405792746444,9.688405792746444,14,1
2024-01-26 02:00:00,52.99,45.94562748695943,-7.044372513040571,7.044372513040571,14,2
2024-01-26 03:00:00,39.82,47.038941173440854,7.218941173440854,7.218941173440854,14,3
2024-01-26 04:00:00,50.3,52.55902597900851,2.2590259790085128,2.2590259790085128,14,4
2024-01-26 05:00:00,61.53,64.46101312093361,2.9310131209336134,2.9310131209336134,14,5
2024-01-26 06:00:00,74.25,76.70693079042681,2.45693079042681,2.45693079042681,14,6
2024-01-26 07:00:00,80.45,80.89707294474518,0.4470729447451731,0.4470729447451731,14,7
2024-01-26 08:00:00,75.34,76.44561541246676,1.1056154124667614,1.1056154124667614,14,8
2024-01-26 09:00:00,66.19,78.9561930010189,12.766193001018905,12.766193001018905,14,9
2024-01-26 10:00:00,62.39,75.1982581605447,12.808258160544696,12.808258160544696,14,10
2024-01-26 11:00:00,55.78,70.18839498562707,14.40839498562707,14.40839498562707,14,11
2024-01-26 12:00:00,50.7,66.37977532203433,15.679775322034331,15.679775322034331,14,12
2024-01-26 13:00:00,53.61,65.51539940186188,11.905399401861885,11.905399401861885,14,13
2024-01-26 14:00:00,55.52,63.491624398854455,7.971624398854452,7.971624398854452,14,14
2024-01-26 15:00:00,63.38,64.83689507842261,1.4568950784226118,1.4568950784226118,14,15
2024-01-26 16:00:00,73.74,76.53687410245278,2.79687410245279,2.79687410245279,14,16
2024-01-26 17:00:00,89.62,84.61472729184872,-5.005272708151281,5.005272708151281,14,17
2024-01-26 18:00:00,89.8,80.61790004370917,-9.182099956290827,9.182099956290827,14,18
2024-01-26 19:00:00,84.53,71.04206708375861,-13.487932916241391,13.487932916241391,14,19
2024-01-26 20:00:00,71.13,65.42339732835443,-5.70660267164557,5.70660267164557,14,20
2024-01-26 21:00:00,74.98,65.42126068153641,-9.558739318463594,9.558739318463594,14,21
2024-01-26 22:00:00,70.45,61.550527485814634,-8.89947251418537,8.89947251418537,14,22
2024-01-26 23:00:00,64.97,48.39371225772617,-16.576287742273827,16.576287742273827,14,23
2024-01-28 00:00:00,58.2,47.431546828245146,-10.768453171754857,10.768453171754857,16,0
2024-01-28 01:00:00,52.9,41.068309835786366,-11.831690164213633,11.831690164213633,16,1
2024-01-28 02:00:00,47.21,40.77867464221456,-6.43132535778544,6.43132535778544,16,2
2024-01-28 03:00:00,44.0,45.069845825167796,1.0698458251677962,1.0698458251677962,16,3
2024-01-28 04:00:00,43.2,41.68707928181934,-1.5129207181806663,1.5129207181806663,16,4
2024-01-28 05:00:00,47.05,50.69098585030902,3.640985850309022,3.640985850309022,16,5
2024-01-28 06:00:00,51.4,53.30262945231113,1.9026294523111318,1.9026294523111318,16,6
2024-01-28 07:00:00,55.29,59.9720158985259,4.682015898525904,4.682015898525904,16,7
2024-01-28 08:00:00,55.8,57.586585283781716,1.7865852837817187,1.7865852837817187,16,8
2024-01-28 09:00:00,52.29,60.16657027116106,7.876570271161064,7.876570271161064,16,9
2024-01-28 10:00:00,47.53,55.87859366046824,8.34859366046824,8.34859366046824,16,10
2024-01-28 11:00:00,42.49,51.39654421927406,8.90654421927406,8.90654421927406,16,11
2024-01-28 12:00:00,40.53,57.62485120292673,17.094851202926726,17.094851202926726,16,12
2024-01-28 13:00:00,40.09,54.74813933399672,14.658139333996715,14.658139333996715,16,13
2024-01-28 14:00:00,38.03,57.26211130714648,19.232111307146482,19.232111307146482,16,14
2024-01-28 15:00:00,43.12,57.30025693222374,14.180256932223742,14.180256932223742,16,15
2024-01-28 16:00:00,60.8,64.00015802866301,3.2001580286630116,3.2001580286630116,16,16
2024-01-28 17:00:00,73.34,80.3830117009165,7.0430117009164945,7.0430117009164945,16,17
2024-01-28 18:00:00,71.55,78.0336223177769,6.483622317776906,6.483622317776906,16,18
2024-01-28 19:00:00,69.87,69.2778325623072,-0.5921674376928081,0.5921674376928081,16,19
2024-01-28 20:00:00,58.86,61.07126242558086,2.2112624255808626,2.2112624255808626,16,20
2024-01-28 21:00:00,60.34,59.086813533499345,-1.253186466500658,1.253186466500658,16,21
2024-01-28 22:00:00,56.0,55.14001008947495,-0.8599899105250515,0.8599899105250515,16,22
2024-01-28 23:00:00,49.97,37.73610979090989,-12.233890209090106,12.233890209090106,16,23
2024-01-29 00:00:00,47.26,64.95414799699387,17.69414799699387,17.69414799699387,17,0
2024-01-29 01:00:00,48.12,62.618029081734,14.498029081734003,14.498029081734003,17,1
2024-01-29 02:00:00,47.97,56.02804994424309,8.058049944243088,8.058049944243088,17,2
2024-01-29 03:00:00,51.58,52.606570817260554,1.0265708172605557,1.0265708172605557,17,3
2024-01-29 04:00:00,60.06,54.81189213921768,-5.248107860782319,5.248107860782319,17,4
2024-01-29 05:00:00,80.66,62.12579945858383,-18.53420054141617,18.53420054141617,17,5
2024-01-29 06:00:00,88.7,71.8571260287653,-16.84287397123471,16.84287397123471,17,6
2024-01-29 07:00:00,99.26,70.22744436625706,-29.032555633742945,29.032555633742945,17,7
2024-01-29 08:00:00,88.39,77.39720037832927,-10.992799621670727,10.992799621670727,17,8
2024-01-29 09:00:00,78.9,75.93352523947308,-2.9664747605269213,2.9664747605269213,17,9
2024-01-29 10:00:00,71.27,80.41946165471981,9.149461654719815,9.149461654719815,17,10
2024-01-29 11:00:00,70.24,77.75405861498756,7.514058614987562,7.514058614987562,17,11
2024-01-29 12:00:00,73.81,76.0163010399491,2.2063010399490963,2.2063010399490963,17,12
2024-01-29 13:00:00,78.03,76.10203535189643,-1.9279646481035684,1.9279646481035684,17,13
2024-01-29 14:00:00,78.78,74.85528179732295,-3.924718202677056,3.924718202677056,17,14
2024-01-29 15:00:00,82.87,82.74797978591012,-0.12202021408988628,0.12202021408988628,17,15
2024-01-29 16:00:00,89.86,90.27155336105852,0.41155336105852314,0.41155336105852314,17,16
2024-01-29 17:00:00,110.0,98.20429784073734,-11.79570215926266,11.79570215926266,17,17
2024-01-29 18:00:00,107.52,99.68772239560501,-7.832277604394989,7.832277604394989,17,18
2024-01-29 19:00:00,86.29,97.5429111204374,11.252911120437389,11.252911120437389,17,19
2024-01-29 20:00:00,81.09,89.28225565231556,8.192255652315552,8.192255652315552,17,20
2024-01-29 21:00:00,82.55,90.94238042804996,8.392380428049961,8.392380428049961,17,21
2024-01-29 22:00:00,80.29,85.92464935512436,5.634649355124353,5.634649355124353,17,22
2024-01-29 23:00:00,71.94,71.2153857379766,-0.724614262023394,0.724614262023394,17,23
2024-01-30 00:00:00,68.64,61.69898610054869,-6.941013899451313,6.941013899451313,18,0
2024-01-30 01:00:00,69.37,55.99452660133934,-13.375473398660667,13.375473398660667,18,1
2024-01-30 02:00:00,65.1,56.95228760775112,-8.147712392248877,8.147712392248877,18,2
2024-01-30 03:00:00,64.0,59.205874219272324,-4.794125780727676,4.794125780727676,18,3
2024-01-30 04:00:00,69.37,65.44508559910119,-3.924914400898814,3.924914400898814,18,4
2024-01-30 05:00:00,79.02,85.57683467175758,6.556834671757585,6.556834671757585,18,5
2024-01-30 06:00:00,91.04,99.98932425294133,8.949324252941324,8.949324252941324,18,6
2024-01-30 07:00:00,95.95,103.64918158128918,7.6991815812891815,7.6991815812891815,18,7
2024-01-30 08:00:00,84.93,88.25693833187898,3.326938331878978,3.326938331878978,18,8
2024-01-30 09:00:00,77.15,87.56767570602062,10.417675706020617,10.417675706020617,18,9
2024-01-30 10:00:00,70.1,85.44656695644925,15.346566956449252,15.346566956449252,18,10
2024-01-30 11:00:00,68.1,81.46580809313977,13.365808093139776,13.365808093139776,18,11
2024-01-30 12:00:00,68.23,85.09955840537901,16.86955840537901,16.86955840537901,18,12
2024-01-30 13:00:00,71.93,86.44404604459052,14.514046044590515,14.514046044590515,18,13
2024-01-30 14:00:00,71.95,91.14313136476218,19.19313136476218,19.19313136476218,18,14
2024-01-30 15:00:00,78.89,98.8375706210998,19.9475706210998,19.9475706210998,18,15
2024-01-30 16:00:00,88.83,99.45665569212134,10.626655692121346,10.626655692121346,18,16
2024-01-30 17:00:00,99.76,113.25705948868557,13.497059488685565,13.497059488685565,18,17
2024-01-30 18:00:00,98.44,111.63514778861034,13.195147788610342,13.195147788610342,18,18
2024-01-30 19:00:00,88.32,90.24373838434687,1.9237383843468763,1.9237383843468763,18,19
2024-01-30 20:00:00,78.99,83.41000090723503,4.4200009072350355,4.4200009072350355,18,20
2024-01-30 21:00:00,78.24,85.10290291913198,6.862902919131983,6.862902919131983,18,21
2024-01-30 22:00:00,74.46,78.6758040135798,4.215804013579813,4.215804013579813,18,22
2024-01-30 23:00:00,74.09,63.56976310754513,-10.520236892454875,10.520236892454875,18,23
2024-01-31 00:00:00,71.48,54.27272008181509,-17.207279918184916,17.207279918184916,19,0
2024-01-31 01:00:00,70.89,49.34496127751099,-21.54503872248901,21.54503872248901,19,1
2024-01-31 02:00:00,69.82,44.25272859547798,-25.56727140452201,25.56727140452201,19,2
2024-01-31 03:00:00,69.25,44.6978437172053,-24.552156282794698,24.552156282794698,19,3
2024-01-31 04:00:00,74.01,44.04267551206038,-29.967324487939628,29.967324487939628,19,4
2024-01-31 05:00:00,84.44,50.43512940503899,-34.004870594961005,34.004870594961005,19,5
2024-01-31 06:00:00,93.29,66.21364787243857,-27.076352127561435,27.076352127561435,19,6
2024-01-31 07:00:00,120.23,66.95322043848503,-53.27677956151497,53.27677956151497,19,7
2024-01-31 08:00:00,93.23,59.86146226352865,-33.36853773647135,33.36853773647135,19,8
2024-01-31 09:00:00,82.98,62.928449904003564,-20.05155009599644,20.05155009599644,19,9
2024-01-31 10:00:00,77.09,67.20111865882886,-9.888881341171142,9.888881341171142,19,10
2024-01-31 11:00:00,74.91,67.1259139856864,-7.784086014313601,7.784086014313601,19,11
2024-01-31 12:00:00,66.5,68.84014744286878,2.3401474428687834,2.3401474428687834,19,12
2024-01-31 13:00:00,65.8,73.5461767767615,7.7461767767615015,7.7461767767615015,19,13
2024-01-31 14:00:00,64.95,75.46441401503183,10.514414015031832,10.514414015031832,19,14
2024-01-31 15:00:00,66.26,80.38860321548984,14.128603215489832,14.128603215489832,19,15
2024-01-31 16:00:00,77.0,87.6791993669269,10.679199366926895,10.679199366926895,19,16
2024-01-31 17:00:00,90.16,91.6798492034411,1.5198492034410975,1.5198492034410975,19,17
2024-01-31 18:00:00,80.72,94.56535664035216,13.845356640352165,13.845356640352165,19,18
2024-01-31 19:00:00,73.02,90.26450745542894,17.244507455428945,17.244507455428945,19,19
2024-01-31 20:00:00,61.67,80.80467759589366,19.134677595893663,19.134677595893663,19,20
2024-01-31 21:00:00,58.81,84.18296815043611,25.372968150436108,25.372968150436108,19,21
2024-01-31 22:00:00,44.31,78.84249568347734,34.532495683477336,34.532495683477336,19,22
2024-01-31 23:00:00,51.9,72.96408534969636,21.064085349696363,21.064085349696363,19,23
2024-02-01 00:00:00,46.99,76.3407149207352,29.350714920735193,29.350714920735193,20,0
2024-02-01 01:00:00,46.66,70.90536934487577,24.24536934487577,24.24536934487577,20,1
2024-02-01 02:00:00,47.04,69.95096100944163,22.91096100944163,22.91096100944163,20,2
2024-02-01 03:00:00,51.06,71.96505251004828,20.90505251004828,20.90505251004828,20,3
2024-02-01 04:00:00,59.82,73.9538797794209,14.133879779420901,14.133879779420901,20,4
2024-02-01 05:00:00,72.42,78.8997259935632,6.479725993563193,6.479725993563193,20,5
2024-02-01 06:00:00,88.76,87.83343180621489,-0.9265681937851156,0.9265681937851156,20,6
2024-02-01 07:00:00,95.76,102.64374370199536,6.883743701995357,6.883743701995357,20,7
2024-02-01 08:00:00,88.77,82.91537078281219,-5.8546292171878065,5.8546292171878065,20,8
2024-02-01 09:00:00,83.9,80.11433073343096,-3.7856692665690446,3.7856692665690446,20,9
2024-02-01 10:00:00,79.29,77.59904791340492,-1.6909520865950896,1.6909520865950896,20,10
2024-02-01 11:00:00,69.75,80.19460298015925,10.444602980159246,10.444602980159246,20,11
2024-02-01 12:00:00,62.23,73.83401256674716,11.604012566747166,11.604012566747166,20,12
2024-02-01 13:00:00,71.62,69.7659065930601,-1.85409340693991,1.85409340693991,20,13
2024-02-01 14:00:00,80.6,73.18511008008609,-7.414889919913904,7.414889919913904,20,14
2024-02-01 15:00:00,80.69,72.73133120718087,-7.958668792819125,7.958668792819125,20,15
2024-02-01 16:00:00,94.1,80.0576714756261,-14.0423285243739,14.0423285243739,20,16
2024-02-01 17:00:00,101.89,93.52917930053498,-8.360820699465023,8.360820699465023,20,17
2024-02-01 18:00:00,99.05,92.6106519339779,-6.439348066022092,6.439348066022092,20,18
2024-02-01 19:00:00,91.84,83.84541033448171,-7.994589665518291,7.994589665518291,20,19
2024-02-01 20:00:00,83.66,70.84591331806348,-12.814086681936516,12.814086681936516,20,20
2024-02-01 21:00:00,82.13,71.97136895931597,-10.158631040684028,10.158631040684028,20,21
2024-02-01 22:00:00,73.69,60.6999561536176,-12.990043846382399,12.990043846382399,20,22
2024-02-01 23:00:00,64.62,56.94683312314625,-7.673166876853756,7.673166876853756,20,23
2024-02-02 00:00:00,60.05,47.06229627094675,-12.987703729053244,12.987703729053244,21,0
2024-02-02 01:00:00,58.0,48.846238819823164,-9.153761180176836,9.153761180176836,21,1
2024-02-02 02:00:00,54.69,53.61351606483017,-1.0764839351698257,1.0764839351698257,21,2
2024-02-02 03:00:00,52.41,52.12064523793111,-0.2893547620688892,0.2893547620688892,21,3
2024-02-02 04:00:00,55.0,47.45005664008488,-7.549943359915119,7.549943359915119,21,4
2024-02-02 05:00:00,63.27,57.8112003373354,-5.458799662664603,5.458799662664603,21,5
2024-02-02 06:00:00,80.34,65.78543384575723,-14.554566154242778,14.554566154242778,21,6
2024-02-02 07:00:00,90.75,69.03133503921255,-21.71866496078745,21.71866496078745,21,7
2024-02-02 08:00:00,86.39,68.35008135044009,-18.039918649559908,18.039918649559908,21,8
2024-02-02 09:00:00,80.89,71.62772280636878,-9.26227719363122,9.26227719363122,21,9
2024-02-02 10:00:00,75.25,67.08825638361371,-8.161743616386289,8.161743616386289,21,10
2024-02-02 11:00:00,65.25,68.01368154984165,2.7636815498416496,2.7636815498416496,21,11
2024-02-02 12:00:00,59.77,64.76196389370281,4.99196389370281,4.99196389370281,21,12
2024-02-02 13:00:00,59.82,66.48424493855487,6.664244938554866,6.664244938554866,21,13
2024-02-02 14:00:00,58.3,68.9525667350373,10.652566735037297,10.652566735037297,21,14
2024-02-02 15:00:00,63.2,76.1171496346572,12.917149634657193,12.917149634657193,21,15
2024-02-02 16:00:00,70.95,83.27030994977368,12.320309949773673,12.320309949773673,21,16
2024-02-02 17:00:00,80.16,84.9721954410415,4.81219544104151,4.81219544104151,21,17
2024-02-02 18:00:00,81.4,84.33405230596637,2.934052305966361,2.934052305966361,21,18
2024-02-02 19:00:00,73.06,78.87697583635997,5.816975836359973,5.816975836359973,21,19
2024-02-02 20:00:00,62.27,77.30118202592432,15.031182025924316,15.031182025924316,21,20
2024-02-02 21:00:00,62.6,74.68006941144887,12.080069411448868,12.080069411448868,21,21
2024-02-02 22:00:00,53.51,67.219766452164,13.709766452163997,13.709766452163997,21,22
2024-02-02 23:00:00,39.99,52.283940008970184,12.293940008970182,12.293940008970182,21,23
2024-02-03 00:00:00,38.77,43.79111869668186,5.02111869668186,5.02111869668186,22,0
2024-02-03 01:00:00,32.83,35.48800173657997,2.658001736579969,2.658001736579969,22,1
2024-02-03 02:00:00,20.22,35.833220358335346,15.613220358335347,15.613220358335347,22,2
2024-02-03 03:00:00,15.45,34.827226624387144,19.377226624387145,19.377226624387145,22,3
2024-02-03 04:00:00,16.58,41.704455500190555,25.124455500190557,25.124455500190557,22,4
2024-02-03 05:00:00,26.33,51.696828720587824,25.366828720587826,25.366828720587826,22,5
2024-02-03 06:00:00,42.87,62.50976848790056,19.63976848790056,19.63976848790056,22,6
2024-02-03 07:00:00,52.09,70.43257906596908,18.342579065969076,18.342579065969076,22,7
2024-02-03 08:00:00,59.1,55.82770348001897,-3.272296519981033,3.272296519981033,22,8
2024-02-03 09:00:00,53.28,56.54593366257301,3.265933662573012,3.265933662573012,22,9
2024-02-03 10:00:00,45.27,55.92287674580438,10.652876745804377,10.652876745804377,22,10
2024-02-03 11:00:00,41.58,52.17892810991119,10.598928109911192,10.598928109911192,22,11
2024-02-03 12:00:00,39.81,42.762285612570984,2.952285612570982,2.952285612570982,22,12
2024-02-03 13:00:00,41.76,46.163785404470204,4.403785404470206,4.403785404470206,22,13
2024-02-03 14:00:00,46.44,38.30683274842561,-8.133167251574385,8.133167251574385,22,14
2024-02-03 15:00:00,53.0,43.27383319200506,-9.726166807994943,9.726166807994943,22,15
2024-02-03 16:00:00,64.87,56.82479784735481,-8.045202152645196,8.045202152645196,22,16
2024-02-03 17:00:00,81.43,61.518016316789115,-19.91198368321089,19.91198368321089,22,17
2024-02-03 18:00:00,77.05,63.44220016431087,-13.607799835689129,13.607799835689129,22,18
2024-02-03 19:00:00,63.57,49.18563369373603,-14.38436630626397,14.38436630626397,22,19
2024-02-03 20:00:00,59.08,46.41153061394518,-12.668469386054817,12.668469386054817,22,20
2024-02-03 21:00:00,52.42,45.90323446477513,-6.51676553522487,6.51676553522487,22,21
2024-02-03 22:00:00,42.6,31.347496796151432,-11.252503203848569,11.252503203848569,22,22
2024-02-03 23:00:00,39.91,22.57245241973598,-17.337547580264015,17.337547580264015,22,23
2024-02-04 00:00:00,24.29,24.36263800820396,0.07263800820395971,0.07263800820395971,23,0
2024-02-04 01:00:00,11.35,16.04980689843093,4.69980689843093,4.69980689843093,23,1
2024-02-04 02:00:00,3.47,8.979989588586264,5.509989588586263,5.509989588586263,23,2
2024-02-04 03:00:00,1.55,11.598347421178289,10.048347421178288,10.048347421178288,23,3
2024-02-04 04:00:00,6.16,18.576976343625006,12.416976343625006,12.416976343625006,23,4
2024-02-04 05:00:00,7.04,27.74583847872752,20.70583847872752,20.70583847872752,23,5
2024-02-04 06:00:00,12.68,35.230022973736126,22.550022973736127,22.550022973736127,23,6
2024-02-04 07:00:00,20.39,42.30221964172948,21.91221964172948,21.91221964172948,23,7
2024-02-04 08:00:00,24.16,37.424403964588414,13.264403964588414,13.264403964588414,23,8
2024-02-04 09:00:00,26.47,38.83334820284599,12.363348202845991,12.363348202845991,23,9
2024-02-04 10:00:00,19.5,39.68329332942366,20.183293329423662,20.183293329423662,23,10
2024-02-04 11:00:00,16.68,33.531484809019446,16.851484809019446,16.851484809019446,23,11
2024-02-04 12:00:00,6.16,29.89174463264851,23.73174463264851,23.73174463264851,23,12
2024-02-04 13:00:00,13.07,34.99880342362363,21.928803423623627,21.928803423623627,23,13
2024-02-04 14:00:00,24.69,43.16841072104649,18.47841072104649,18.47841072104649,23,14
2024-02-04 15:00:00,34.72,43.47838672881825,8.758386728818252,8.758386728818252,23,15
2024-02-04 16:00:00,54.93,57.67180719937306,2.7418071993730635,2.7418071993730635,23,16
2024-02-04 17:00:00,65.25,71.89751120502154,6.647511205021544,6.647511205021544,23,17
2024-02-04 18:00:00,69.99,67.51772332918745,-2.4722766708125476,2.4722766708125476,23,18
2024-02-04 19:00:00,51.73,55.96210723415422,4.2321072341542205,4.2321072341542205,23,19
2024-02-04 20:00:00,50.06,43.72722977329071,-6.332770226709293,6.332770226709293,23,20
2024-02-04 21:00:00,48.4,44.659602591012266,-3.7403974089877323,3.7403974089877323,23,21
2024-02-04 22:00:00,38.08,33.57307116605106,-4.50692883394894,4.50692883394894,23,22
2024-02-04 23:00:00,11.28,27.17551247019948,15.89551247019948,15.89551247019948,23,23
2024-02-05 00:00:00,15.85,42.520190718187365,26.670190718187364,26.670190718187364,24,0
2024-02-05 01:00:00,8.91,38.71427401890341,29.80427401890341,29.80427401890341,24,1
2024-02-05 02:00:00,2.71,29.218429941464905,26.508429941464904,26.508429941464904,24,2
2024-02-05 03:00:00,1.25,26.957123455490645,25.707123455490645,25.707123455490645,24,3
2024-02-05 04:00:00,7.53,29.623338651809007,22.093338651809006,22.093338651809006,24,4
2024-02-05 05:00:00,48.09,38.553740466008875,-9.536259533991128,9.536259533991128,24,5
2024-02-05 06:00:00,83.15,52.87249744383569,-30.277502556164315,30.277502556164315,24,6
2024-02-05 07:00:00,90.36,53.638366899655715,-36.721633100344285,36.721633100344285,24,7
2024-02-05 08:00:00,87.36,52.80410738536697,-34.55589261463303,34.55589261463303,24,8
2024-02-05 09:00:00,76.68,55.05338169228638,-21.626618307713628,21.626618307713628,24,9
2024-02-05 10:00:00,69.74,50.84071280044716,-18.899287199552838,18.899287199552838,24,10
2024-02-05 11:00:00,60.0,42.62621932564764,-17.37378067435236,17.37378067435236,24,11
2024-02-05 12:00:00,42.86,36.77506714346871,-6.084932856531289,6.084932856531289,24,12
2024-02-05 13:00:00,51.0,45.26124197406569,-5.73875802593431,5.73875802593431,24,13
2024-02-05 14:00:00,59.71,50.996379171863424,-8.713620828136577,8.713620828136577,24,14
2024-02-05 15:00:00,64.49,66.02653859214811,1.5365385921481192,1.5365385921481192,24,15
2024-02-05 16:00:00,76.44,74.4075684259773,-2.032431574022695,2.032431574022695,24,16
2024-02-05 17:00:00,89.13,93.24565280376274,4.1156528037627425,4.1156528037627425,24,17
2024-02-05 18:00:00,86.67,87.32464551865642,0.6546455186564231,0.6546455186564231,24,18
2024-02-05 19:00:00,80.04,73.87635087324692,-6.163649126753086,6.163649126753086,24,19
2024-02-05 20:00:00,65.69,61.76393704893594,-3.9260629510640612,3.9260629510640612,24,20
2024-02-05 21:00:00,57.11,63.956767352689404,6.846767352689405,6.846767352689405,24,21
2024-02-05 22:00:00,48.19,55.23311586959813,7.043115869598132,7.043115869598132,24,22
2024-02-05 23:00:00,36.8,22.91452769164644,-13.885472308353556,13.885472308353556,24,23
2024-02-06 00:00:00,30.13,26.551389887040074,-3.5786101129599253,3.5786101129599253,25,0
2024-02-06 01:00:00,20.41,13.176214142644042,-7.233785857355958,7.233785857355958,25,1
2024-02-06 02:00:00,11.83,9.61546108377685,-2.21453891622315,2.21453891622315,25,2
2024-02-06 03:00:00,7.1,1.8930865672680284,-5.206913432731971,5.206913432731971,25,3
2024-02-06 04:00:00,23.4,18.967543418951394,-4.432456581048605,4.432456581048605,25,4
2024-02-06 05:00:00,54.26,51.39887961335722,-2.8611203866427815,2.8611203866427815,25,5
2024-02-06 06:00:00,71.91,83.29258897831501,11.382588978315013,11.382588978315013,25,6
2024-02-06 07:00:00,80.87,80.71779897325825,-0.15220102674174996,0.15220102674174996,25,7
2024-02-06 08:00:00,78.68,87.26936491262036,8.589364912620354,8.589364912620354,25,8
2024-02-06 09:00:00,74.72,79.24384378688677,4.523843786886772,4.523843786886772,25,9
2024-02-06 10:00:00,60.64,74.705098427806,14.065098427806006,14.065098427806006,25,10
2024-02-06 11:00:00,51.08,61.94077078416325,10.86077078416325,10.86077078416325,25,11
2024-02-06 12:00:00,48.62,46.7118727312428,-1.9081272687571982,1.9081272687571982,25,12
2024-02-06 13:00:00,49.79,55.59557357394181,5.805573573941814,5.805573573941814,25,13
2024-02-06 14:00:00,56.44,68.02882037641402,11.58882037641402,11.58882037641402,25,14
2024-02-06 15:00:00,61.33,72.41889338439229,11.088893384392293,11.088893384392293,25,15
2024-02-06 16:00:00,71.0,87.25163417409998,16.251634174099976,16.251634174099976,25,16
2024-02-06 17:00:00,78.77,97.69228397916281,18.922283979162813,18.922283979162813,25,17
2024-02-06 18:00:00,80.36,92.71943316314676,12.359433163146761,12.359433163146761,25,18
2024-02-06 19:00:00,65.16,77.53238945388686,12.372389453886868,12.372389453886868,25,19
2024-02-06 20:00:00,60.17,64.26894363621574,4.098943636215736,4.098943636215736,25,20
2024-02-06 21:00:00,57.09,65.47875884779987,8.388758847799863,8.388758847799863,25,21
2024-02-06 22:00:00,52.76,60.55413171871186,7.79413171871186,7.79413171871186,25,22
2024-02-06 23:00:00,41.7,36.824246508609264,-4.875753491390739,4.875753491390739,25,23
2024-02-07 00:00:00,39.0,31.685970686554292,-7.314029313445708,7.314029313445708,26,0
2024-02-07 01:00:00,37.45,20.26076042241722,-17.189239577582782,17.189239577582782,26,1
2024-02-07 02:00:00,33.21,15.03216866776718,-18.17783133223282,18.17783133223282,26,2
2024-02-07 03:00:00,16.02,18.732488877042243,2.7124888770422437,2.7124888770422437,26,3
2024-02-07 04:00:00,38.0,38.52603082419856,0.526030824198557,0.526030824198557,26,4
2024-02-07 05:00:00,47.28,57.04034862074611,9.760348620746107,9.760348620746107,26,5
2024-02-07 06:00:00,69.99,73.96799722850609,3.977997228506098,3.977997228506098,26,6
2024-02-07 07:00:00,74.49,71.93460447361964,-2.5553955263803516,2.5553955263803516,26,7
2024-02-07 08:00:00,68.61,63.06403781170013,-5.5459621882998675,5.5459621882998675,26,8
2024-02-07 09:00:00,66.04,66.996354308955,0.9563543089549995,0.9563543089549995,26,9
2024-02-07 10:00:00,64.03,54.89473598358865,-9.135264016411348,9.135264016411348,26,10
2024-02-07 11:00:00,58.87,54.4372277566444,-4.4327722433556005,4.4327722433556005,26,11
2024-02-07 12:00:00,50.67,41.04462633460328,-9.625373665396722,9.625373665396722,26,12
2024-02-07 13:00:00,61.13,37.07107323042725,-24.05892676957275,24.05892676957275,26,13
2024-02-07 14:00:00,56.65,51.40316261059374,-5.246837389406259,5.246837389406259,26,14
2024-02-07 15:00:00,57.61,50.212079499629354,-7.397920500370645,7.397920500370645,26,15
2024-02-07 16:00:00,58.96,66.87741384469655,7.917413844696547,7.917413844696547,26,16
2024-02-07 17:00:00,79.34,76.21432357300637,-3.1256764269936355,3.1256764269936355,26,17
2024-02-07 18:00:00,92.09,82.07641090324516,-10.013589096754842,10.013589096754842,26,18
2024-02-07 19:00:00,76.89,60.80603547628893,-16.083964523711067,16.083964523711067,26,19
2024-02-07 20:00:00,67.72,62.49741948520233,-5.22258051479767,5.22258051479767,26,20
2024-02-07 21:00:00,62.03,56.24982410372404,-5.7801758962759635,5.7801758962759635,26,21
2024-02-07 22:00:00,63.48,41.666024967062924,-21.813975032937073,21.813975032937073,26,22
2024-02-07 23:00:00,73.7,25.80496562583005,-47.89503437416995,47.89503437416995,26,23
2024-02-08 00:00:00,73.2,33.13733461224917,-40.06266538775083,40.06266538775083,27,0
2024-02-08 01:00:00,72.15,26.993080253309174,-45.15691974669083,45.15691974669083,27,1
2024-02-08 02:00:00,54.34,21.368514567382377,-32.97148543261763,32.97148543261763,27,2
2024-02-08 03:00:00,45.75,12.730331876435457,-33.01966812356454,33.01966812356454,27,3
2024-02-08 04:00:00,47.49,22.892025937674546,-24.597974062325456,24.597974062325456,27,4
2024-02-08 05:00:00,65.24,35.66566989698846,-29.574330103011533,29.574330103011533,27,5
2024-02-08 06:00:00,72.26,58.14979433962581,-14.110205660374199,14.110205660374199,27,6
2024-02-08 07:00:00,73.09,68.22915749567545,-4.860842504324552,4.860842504324552,27,7
2024-02-08 08:00:00,60.17,58.449754108839755,-1.7202458911602463,1.7202458911602463,27,8
2024-02-08 09:00:00,50.01,59.46007127504036,9.450071275040365,9.450071275040365,27,9
2024-02-08 10:00:00,44.69,61.14666415553282,16.45666415553282,16.45666415553282,27,10
2024-02-08 11:00:00,38.0,56.59803532054421,18.598035320544213,18.598035320544213,27,11
2024-02-08 12:00:00,31.7,47.65053446806827,15.950534468068273,15.950534468068273,27,12
2024-02-08 13:00:00,33.8,48.05892538508382,14.25892538508382,14.25892538508382,27,13
2024-02-08 14:00:00,33.08,51.553680973646436,18.473680973646438,18.473680973646438,27,14
2024-02-08 15:00:00,39.4,61.023606312690724,21.623606312690725,21.623606312690725,27,15
2024-02-08 16:00:00,41.5,65.06513571683632,23.565135716836323,23.565135716836323,27,16
2024-02-08 17:00:00,45.5,89.70683608528935,44.20683608528935,44.20683608528935,27,17
2024-02-08 18:00:00,61.09,82.60260404267834,21.512604042678333,21.512604042678333,27,18
2024-02-08 19:00:00,53.34,71.54098499260498,18.200984992604972,18.200984992604972,27,19
2024-02-08 20:00:00,46.21,67.9684440888102,21.7584440888102,21.7584440888102,27,20
2024-02-08 21:00:00,43.83,60.58885442074912,16.758854420749124,16.758854420749124,27,21
2024-02-08 22:00:00,40.46,61.003133498354366,20.543133498354365,20.543133498354365,27,22
2024-02-08 23:00:00,22.04,59.508378195883985,37.468378195883986,37.468378195883986,27,23
2024-02-10 00:00:00,64.08,15.88212926687872,-48.19787073312128,48.19787073312128,29,0
2024-02-10 01:00:00,64.4,8.269496676304215,-56.13050332369579,56.13050332369579,29,1
2024-02-10 02:00:00,64.39,2.9905837049332007,-61.3994162950668,61.3994162950668,29,2
2024-02-10 03:00:00,64.41,1.140514126792894,-63.2694858732071,63.2694858732071,29,3
2024-02-10 04:00:00,65.82,-1.8973406836807811,-67.71734068368077,67.71734068368077,29,4
2024-02-10 05:00:00,70.91,22.066223953650393,-48.8437760463496,48.8437760463496,29,5
2024-02-10 06:00:00,74.86,40.90352475253972,-33.95647524746028,33.95647524746028,29,6
2024-02-10 07:00:00,77.7,47.31442641044843,-30.385573589551576,30.385573589551576,29,7
2024-02-10 08:00:00,80.38,46.71330335535203,-33.66669664464796,33.66669664464796,29,8
2024-02-10 09:00:00,74.83,42.881775911535264,-31.948224088464734,31.948224088464734,29,9
2024-02-10 10:00:00,69.7,42.398475921183206,-27.301524078816797,27.301524078816797,29,10
2024-02-10 11:00:00,68.36,36.34145200163642,-32.01854799836358,32.01854799836358,29,11
2024-02-10 12:00:00,66.72,38.40674475560384,-28.31325524439616,28.31325524439616,29,12
2024-02-10 13:00:00,69.53,25.388066938368056,-44.141933061631946,44.141933061631946,29,13
2024-02-10 14:00:00,77.17,30.97033640063198,-46.19966359936802,46.19966359936802,29,14
2024-02-10 15:00:00,78.99,29.12836654269023,-49.861633457309765,49.861633457309765,29,15
2024-02-10 16:00:00,82.9,42.01009965477465,-40.88990034522536,40.88990034522536,29,16
2024-02-10 17:00:00,89.85,50.21660217743216,-39.63339782256784,39.63339782256784,29,17
2024-02-10 18:00:00,82.46,65.68061423281566,-16.779385767184337,16.779385767184337,29,18
2024-02-10 19:00:00,74.4,53.35432847721874,-21.045671522781262,21.045671522781262,29,19
2024-02-10 20:00:00,68.54,40.570566594201054,-27.969433405798952,27.969433405798952,29,20
2024-02-10 21:00:00,69.54,46.41007884207291,-23.129921157927093,23.129921157927093,29,21
2024-02-10 22:00:00,63.82,55.065097974414456,-8.754902025585544,8.754902025585544,29,22
2024-02-10 23:00:00,60.48,43.6903128743182,-16.789687125681795,16.789687125681795,29,23
2024-02-11 00:00:00,55.66,44.57459651897636,-11.08540348102364,11.08540348102364,30,0
2024-02-11 01:00:00,52.6,42.016472327788854,-10.583527672211147,10.583527672211147,30,1
2024-02-11 02:00:00,46.83,44.69555661654135,-2.1344433834586454,2.1344433834586454,30,2
2024-02-11 03:00:00,39.23,36.904641984467766,-2.325358015532231,2.325358015532231,30,3
2024-02-11 04:00:00,44.88,37.15932476634462,-7.720675233655385,7.720675233655385,30,4
2024-02-11 05:00:00,45.47,46.2522089319655,0.7822089319654992,0.7822089319654992,30,5
2024-02-11 06:00:00,48.34,54.97670358971088,6.636703589710876,6.636703589710876,30,6
2024-02-11 07:00:00,57.13,48.79766471138769,-8.332335288612313,8.332335288612313,30,7
2024-02-11 08:00:00,58.82,47.66903831994878,-11.150961680051218,11.150961680051218,30,8
2024-02-11 09:00:00,61.77,44.12021442152453,-17.649785578475473,17.649785578475473,30,9
2024-02-11 10:00:00,65.01,42.04199686776127,-22.968003132238735,22.968003132238735,30,10
2024-02-11 11:00:00,62.63,41.22485769186974,-21.405142308130266,21.405142308130266,30,11
2024-02-11 12:00:00,44.47,38.06088266594927,-6.409117334050727,6.409117334050727,30,12
2024-02-11 13:00:00,39.98,42.24832879930576,2.2683287993057633,2.2683287993057633,30,13
2024-02-11 14:00:00,39.99,46.80192613546197,6.811926135461967,6.811926135461967,30,14
2024-02-11 15:00:00,46.73,47.70586065984477,0.9758606598447699,0.9758606598447699,30,15
2024-02-11 16:00:00,61.94,46.95123023960083,-14.988769760399165,14.988769760399165,30,16
2024-02-11 17:00:00,83.56,57.42427954009791,-26.13572045990209,26.13572045990209,30,17
2024-02-11 18:00:00,83.98,54.468480901364536,-29.511519098635468,29.511519098635468,30,18
2024-02-11 19:00:00,76.82,52.06423394927485,-24.755766050725143,24.755766050725143,30,19
2024-02-11 20:00:00,70.72,43.75371001970707,-26.966289980292927,26.966289980292927,30,20
2024-02-11 21:00:00,68.39,47.183560636251755,-21.206439363748245,21.206439363748245,30,21
2024-02-11 22:00:00,64.01,42.24301473584313,-21.766985264156872,21.766985264156872,30,22
2024-02-11 23:00:00,64.35,32.60725689288029,-31.742743107119708,31.742743107119708,30,23
2024-02-12 00:00:00,61.87,58.549747703979854,-3.3202522960201435,3.3202522960201435,31,0
2024-02-12 01:00:00,61.01,50.01537678589941,-10.994623214100585,10.994623214100585,31,1
2024-02-12 02:00:00,59.75,46.25672912341888,-13.493270876581121,13.493270876581121,31,2
2024-02-12 03:00:00,59.21,43.280301772793315,-15.929698227206686,15.929698227206686,31,3
2024-02-12 04:00:00,65.0,53.10505115654102,-11.894948843458977,11.894948843458977,31,4
2024-02-12 05:00:00,76.0,59.72348358500604,-16.276516414993957,16.276516414993957,31,5
2024-02-12 06:00:00,85.41,73.67696093314404,-11.733039066855952,11.733039066855952,31,6
2024-02-12 07:00:00,104.0,81.11359238511113,-22.886407614888867,22.886407614888867,31,7
2024-02-12 08:00:00,96.5,79.93914491919783,-16.56085508080217,16.56085508080217,31,8
2024-02-12 09:00:00,85.47,83.65906552220675,-1.8109344777932534,1.8109344777932534,31,9
2024-02-12 10:00:00,78.96,77.28260783850857,-1.6773921614914258,1.6773921614914258,31,10
2024-02-12 11:00:00,67.64,78.96330988955035,11.323309889550345,11.323309889550345,31,11
2024-02-12 12:00:00,64.41,62.84179290740067,-1.56820709259933,1.56820709259933,31,12
2024-02-12 13:00:00,64.93,53.520250556570936,-11.409749443429071,11.409749443429071,31,13
2024-02-12 14:00:00,67.25,50.36344799071625,-16.886552009283747,16.886552009283747,31,14
2024-02-12 15:00:00,69.83,53.23514059059682,-16.594859409403178,16.594859409403178,31,15
2024-02-12 16:00:00,67.07,68.64924791142671,1.5792479114267195,1.5792479114267195,31,16
2024-02-12 17:00:00,96.0,92.78468360995889,-3.21531639004111,3.21531639004111,31,17
2024-02-12 18:00:00,89.08,85.25669255298206,-3.823307447017939,3.823307447017939,31,18
2024-02-12 19:00:00,79.15,76.65805899435871,-2.4919410056412943,2.4919410056412943,31,19
2024-02-12 20:00:00,71.54,74.66682546318155,3.1268254631815466,3.1268254631815466,31,20
2024-02-12 21:00:00,65.87,71.82286818097081,5.95286818097081,5.95286818097081,31,21
2024-02-12 22:00:00,61.9,66.30676894675528,4.406768946755285,4.406768946755285,31,22
2024-02-12 23:00:00,68.59,55.763330142273944,-12.82666985772606,12.82666985772606,31,23
2024-02-13 00:00:00,65.37,54.28301886390893,-11.086981136091076,11.086981136091076,32,0
2024-02-13 01:00:00,63.41,45.68941945580306,-17.720580544196935,17.720580544196935,32,1
2024-02-13 02:00:00,60.49,51.831257321146126,-8.658742678853876,8.658742678853876,32,2
2024-02-13 03:00:00,60.06,49.54900315435101,-10.51099684564899,10.51099684564899,32,3
2024-02-13 04:00:00,63.59,56.31606591265247,-7.273934087347534,7.273934087347534,32,4
2024-02-13 05:00:00,70.74,73.5435776055393,2.803577605539303,2.803577605539303,32,5
2024-02-13 06:00:00,82.84,85.75123808824662,2.91123808824662,2.91123808824662,32,6
2024-02-13 07:00:00,89.12,101.47996942235106,12.359969422351057,12.359969422351057,32,7
2024-02-13 08:00:00,75.12,91.0728340029402,15.952834002940193,15.952834002940193,32,8
2024-02-13 09:00:00,69.21,81.82520042456488,12.61520042456489,12.61520042456489,32,9
2024-02-13 10:00:00,63.87,72.54234859337993,8.67234859337993,8.67234859337993,32,10
2024-02-13 11:00:00,60.53,70.36323632795872,9.833236327958716,9.833236327958716,32,11
2024-02-13 12:00:00,60.26,56.06730021800063,-4.192699781999366,4.192699781999366,32,12
2024-02-13 13:00:00,63.1,70.4007244174045,7.300724417404503,7.300724417404503,32,13
2024-02-13 14:00:00,70.7,70.32712554397372,-0.3728744560262811,0.3728744560262811,32,14
2024-02-13 15:00:00,74.51,76.76723738738141,2.2572373873814087,2.2572373873814087,32,15
2024-02-13 16:00:00,69.95,74.32142310443028,4.371423104430278,4.371423104430278,32,16
2024-02-13 17:00:00,94.53,101.93619033579989,7.4061903357998915,7.4061903357998915,32,17
2024-02-13 18:00:00,91.81,93.41229604274083,1.6022960427408321,1.6022960427408321,32,18
2024-02-13 19:00:00,79.23,79.75301694145776,0.5230169414577546,0.5230169414577546,32,19
2024-02-13 20:00:00,73.17,69.03621287544793,-4.133787124552072,4.133787124552072,32,20
2024-02-13 21:00:00,69.18,70.00356221417303,0.8235622141730232,0.8235622141730232,32,21
2024-02-13 22:00:00,65.0,64.32299699668113,-0.6770030033188732,0.6770030033188732,32,22
2024-02-13 23:00:00,60.63,61.60647540526802,0.9764754052680189,0.9764754052680189,32,23
2024-02-14 00:00:00,59.34,52.56984548869592,-6.770154511304085,6.770154511304085,33,0
2024-02-14 01:00:00,55.76,56.13442690439683,0.37442690439683446,0.37442690439683446,33,1
2024-02-14 02:00:00,54.79,46.323018462608566,-8.466981537391433,8.466981537391433,33,2
2024-02-14 03:00:00,55.06,47.579076817279315,-7.480923182720687,7.480923182720687,33,3
2024-02-14 04:00:00,59.21,58.75884596067021,-0.4511540393297935,0.4511540393297935,33,4
2024-02-14 05:00:00,64.95,71.2700750644727,6.320075064472704,6.320075064472704,33,5
2024-02-14 06:00:00,74.28,80.11376349466079,5.833763494660786,5.833763494660786,33,6
2024-02-14 07:00:00,80.56,84.58543626823987,4.025436268239872,4.025436268239872,33,7
2024-02-14 08:00:00,69.65,71.13227874805176,1.4822787480517547,1.4822787480517547,33,8
2024-02-14 09:00:00,63.86,69.84829543849813,5.9882954384981275,5.9882954384981275,33,9
2024-02-14 10:00:00,63.29,71.93608753454085,8.646087534540847,8.646087534540847,33,10
2024-02-14 11:00:00,58.41,73.13100274779924,14.721002747799247,14.721002747799247,33,11
2024-02-14 12:00:00,46.65,67.15831867102912,20.508318671029123,20.508318671029123,33,12
2024-02-14 13:00:00,53.33,64.89601072335478,11.566010723354779,11.566010723354779,33,13
2024-02-14 14:00:00,58.89,69.88086085438935,10.990860854389354,10.990860854389354,33,14
2024-02-14 15:00:00,58.06,72.14390473476763,14.083904734767628,14.083904734767628,33,15
2024-02-14 16:00:00,71.66,80.79260634549537,9.132606345495375,9.132606345495375,33,16
2024-02-14 17:00:00,88.11,98.25511222010304,10.145112220103044,10.145112220103044,33,17
2024-02-14 18:00:00,85.16,95.53328500004625,10.373285000046252,10.373285000046252,33,18
2024-02-14 19:00:00,77.1,79.84955931094008,2.7495593109400858,2.7495593109400858,33,19
2024-02-14 20:00:00,69.59,73.14490256675879,3.554902566758784,3.554902566758784,33,20
2024-02-14 21:00:00,68.2,68.91343221546825,0.7134322154682451,0.7134322154682451,33,21
2024-02-14 22:00:00,63.8,63.43339756781957,-0.36660243218042865,0.36660243218042865,33,22
2024-02-14 23:00:00,61.52,52.9778263344937,-8.542173665506304,8.542173665506304,33,23
2024-02-15 00:00:00,54.9,53.88930064817489,-1.0106993518251102,1.0106993518251102,34,0
2024-02-15 01:00:00,50.42,45.68743591290855,-4.732564087091454,4.732564087091454,34,1
2024-02-15 02:00:00,43.77,39.82414163788196,-3.945858362118045,3.945858362118045,34,2
2024-02-15 03:00:00,38.25,40.31376658901499,2.063766589014989,2.063766589014989,34,3
2024-02-15 04:00:00,43.79,42.71246305964467,-1.0775369403553299,1.0775369403553299,34,4
2024-02-15 05:00:00,58.08,46.91462896601299,-11.165371033987007,11.165371033987007,34,5
2024-02-15 06:00:00,67.2,56.5535133212484,-10.6464866787516,10.6464866787516,34,6
2024-02-15 07:00:00,77.18,60.92951763685698,-16.25048236314303,16.25048236314303,34,7
2024-02-15 08:00:00,72.32,54.810333058123085,-17.509666941876908,17.509666941876908,34,8
2024-02-15 09:00:00,68.64,52.10124681816649,-16.538753181833513,16.538753181833513,34,9
2024-02-15 10:00:00,58.98,51.55279223433491,-7.427207765665088,7.427207765665088,34,10
2024-02-15 11:00:00,52.65,53.952744904865696,1.3027449048656976,1.3027449048656976,34,11
2024-02-15 12:00:00,48.01,47.18990127430322,-0.8200987256967807,0.8200987256967807,34,12
2024-02-15 13:00:00,45.56,54.52870097867207,8.968700978672068,8.968700978672068,34,13
2024-02-15 14:00:00,46.89,59.95854579918179,13.068545799181791,13.068545799181791,34,14
2024-02-15 15:00:00,45.39,58.06061389807864,12.670613898078642,12.670613898078642,34,15
2024-02-15 16:00:00,53.24,73.08353527245448,19.84353527245448,19.84353527245448,34,16
2024-02-15 17:00:00,69.13,87.03730324992365,17.907303249923658,17.907303249923658,34,17
2024-02-15 18:00:00,71.32,77.88658275765151,6.566582757651517,6.566582757651517,34,18
2024-02-15 19:00:00,63.29,64.66299150108965,1.3729915010896505,1.3729915010896505,34,19
2024-02-15 20:00:00,60.0,65.39700468366729,5.397004683667291,5.397004683667291,34,20
2024-02-15 21:00:00,59.5,67.87943619230577,8.379436192305775,8.379436192305775,34,21
2024-02-15 22:00:00,55.68,65.3274489328197,9.647448932819707,9.647448932819707,34,22
2024-02-15 23:00:00,51.76,59.53383016943679,7.773830169436792,7.773830169436792,34,23
2024-02-16 00:00:00,51.08,51.17297045263577,0.0929704526357682,0.0929704526357682,35,0
2024-02-16 01:00:00,49.92,43.840802390373405,-6.079197609626597,6.079197609626597,35,1
2024-02-16 02:00:00,47.06,38.06624757530759,-8.99375242469241,8.99375242469241,35,2
2024-02-16 03:00:00,42.0,35.34806423700324,-6.651935762996757,6.651935762996757,35,3
2024-02-16 04:00:00,46.0,41.26804196933842,-4.7319580306615805,4.7319580306615805,35,4
2024-02-16 05:00:00,53.48,51.60852242018158,-1.8714775798184178,1.8714775798184178,35,5
2024-02-16 06:00:00,69.81,59.919711604901266,-9.890288395098736,9.890288395098736,35,6
2024-02-16 07:00:00,70.5,63.3266689659029,-7.173331034097103,7.173331034097103,35,7
2024-02-16 08:00:00,65.52,52.371105952914746,-13.14889404708525,13.14889404708525,35,8
2024-02-16 09:00:00,56.43,52.6343302305058,-3.7956697694941965,3.7956697694941965,35,9
2024-02-16 10:00:00,56.99,53.01616518196378,-3.9738348180362237,3.9738348180362237,35,10
2024-02-16 11:00:00,55.56,49.27232459500276,-6.287675404997245,6.287675404997245,35,11
2024-02-16 12:00:00,54.27,46.231310710554375,-8.038689289445628,8.038689289445628,35,12
2024-02-16 13:00:00,55.57,47.80190373321749,-7.768096266782507,7.768096266782507,35,13
2024-02-16 14:00:00,62.58,51.2307269575516,-11.349273042448395,11.349273042448395,35,14
2024-02-16 15:00:00,70.03,48.325924618294366,-21.704075381705636,21.704075381705636,35,15
2024-02-16 16:00:00,70.6,56.492308300278616,-14.107691699721379,14.107691699721379,35,16
2024-02-16 17:00:00,78.13,75.64431609683234,-2.4856839031676543,2.4856839031676543,35,17
2024-02-16 18:00:00,77.93,70.4984016340228,-7.431598365977209,7.431598365977209,35,18
2024-02-16 19:00:00,73.09,62.79372072187577,-10.296279278124231,10.296279278124231,35,19
2024-02-16 20:00:00,69.66,56.917421829913295,-12.742578170086702,12.742578170086702,35,20
2024-02-16 21:00:00,68.49,60.78362809771466,-7.706371902285333,7.706371902285333,35,21
2024-02-16 22:00:00,61.6,56.411391400926554,-5.188608599073447,5.188608599073447,35,22
2024-02-16 23:00:00,59.94,45.29837577834685,-14.641624221653146,14.641624221653146,35,23
2024-02-17 00:00:00,58.74,35.43174787565101,-23.30825212434899,23.30825212434899,36,0
2024-02-17 01:00:00,58.43,32.63783917743398,-25.792160822566018,25.792160822566018,36,1
2024-02-17 02:00:00,54.66,27.17262321532536,-27.487376784674638,27.487376784674638,36,2
2024-02-17 03:00:00,53.96,29.05821659151823,-24.90178340848177,24.90178340848177,36,3
2024-02-17 04:00:00,56.26,29.393653484244936,-26.866346515755062,26.866346515755062,36,4
2024-02-17 05:00:00,56.46,33.59762616132381,-22.86237383867619,22.86237383867619,36,5
2024-02-17 06:00:00,59.68,45.0349234866806,-14.645076513319403,14.645076513319403,36,6
2024-02-17 07:00:00,67.31,43.43889346444159,-23.87110653555841,23.87110653555841,36,7
2024-02-17 08:00:00,67.08,32.759705724203414,-34.320294275796584,34.320294275796584,36,8
2024-02-17 09:00:00,63.08,31.32225791349145,-31.75774208650855,31.75774208650855,36,9
2024-02-17 10:00:00,60.61,32.900761315253476,-27.709238684746524,27.709238684746524,36,10
2024-02-17 11:00:00,58.18,31.252507086401003,-26.927492913598996,26.927492913598996,36,11
2024-02-17 12:00:00,55.24,28.74482316656531,-26.49517683343469,26.49517683343469,36,12
2024-02-17 13:00:00,58.96,33.936322369082234,-25.023677630917767,25.023677630917767,36,13
2024-02-17 14:00:00,52.44,42.96495757297346,-9.475042427026537,9.475042427026537,36,14
2024-02-17 15:00:00,49.27,41.99547263391867,-7.27452736608133,7.27452736608133,36,15
2024-02-17 16:00:00,66.66,41.953717685449384,-24.706282314550613,24.706282314550613,36,16
2024-02-17 17:00:00,67.45,54.50877332743811,-12.941226672561896,12.941226672561896,36,17
2024-02-17 18:00:00,82.93,44.780183216394796,-38.14981678360521,38.14981678360521,36,18
2024-02-17 19:00:00,75.03,39.46942112454963,-35.56057887545037,35.56057887545037,36,19
2024-02-17 20:00:00,70.75,37.66236498096906,-33.08763501903094,33.08763501903094,36,20
2024-02-17 21:00:00,68.2,46.608062699238936,-21.591937300761067,21.591937300761067,36,21
2024-02-17 22:00:00,69.11,35.23690523823942,-33.873094761760576,33.873094761760576,36,22
2024-02-17 23:00:00,59.98,30.021149924800547,-29.95885007519945,29.95885007519945,36,23
2024-02-18 00:00:00,54.81,28.751576901474493,-26.05842309852551,26.05842309852551,37,0
2024-02-18 01:00:00,51.05,31.637283918468043,-19.412716081531954,19.412716081531954,37,1
2024-02-18 02:00:00,49.16,21.042113450407612,-28.117886549592384,28.117886549592384,37,2
2024-02-18 03:00:00,47.72,22.24107871910148,-25.47892128089852,25.47892128089852,37,3
2024-02-18 04:00:00,48.47,32.785978789162456,-15.684021210837543,15.684021210837543,37,4
2024-02-18 05:00:00,46.02,38.620628528735054,-7.399371471264949,7.399371471264949,37,5
2024-02-18 06:00:00,48.97,44.452029793789414,-4.517970206210585,4.517970206210585,37,6
2024-02-18 07:00:00,47.28,46.870189649813,-0.4098103501870014,0.4098103501870014,37,7
2024-02-18 08:00:00,43.03,41.64172613643529,-1.388273863564713,1.388273863564713,37,8
2024-02-18 09:00:00,40.45,39.85409669990681,-0.595903300093191,0.595903300093191,37,9
2024-02-18 10:00:00,41.0,33.8222770928807,-7.177722907119303,7.177722907119303,37,10
2024-02-18 11:00:00,34.8,33.27948375157847,-1.5205162484215293,1.5205162484215293,37,11
2024-02-18 12:00:00,33.5,31.134203013117563,-2.3657969868824367,2.3657969868824367,37,12
2024-02-18 13:00:00,33.2,33.48967664712283,0.2896766471228247,0.2896766471228247,37,13
2024-02-18 14:00:00,30.18,37.713642819195755,7.533642819195755,7.533642819195755,37,14
2024-02-18 15:00:00,32.2,34.57359159835297,2.3735915983529665,2.3735915983529665,37,15
2024-02-18 16:00:00,41.2,34.26195080892068,-6.9380491910793225,6.9380491910793225,37,16
2024-02-18 17:00:00,51.96,46.556427349620094,-5.403572650379907,5.403572650379907,37,17
2024-02-18 18:00:00,66.99,51.099452314448115,-15.89054768555188,15.89054768555188,37,18
2024-02-18 19:00:00,64.71,39.61553447500039,-25.094465524999606,25.094465524999606,37,19
2024-02-18 20:00:00,59.83,41.11925333186474,-18.710746668135258,18.710746668135258,37,20
2024-02-18 21:00:00,57.33,44.28296772610548,-13.047032273894516,13.047032273894516,37,21
2024-02-18 22:00:00,53.94,43.09976151101407,-10.840238488985925,10.840238488985925,37,22
2024-02-18 23:00:00,44.0,29.81320500610866,-14.18679499389134,14.18679499389134,37,23
2024-02-19 00:00:00,44.33,60.39670841568051,16.06670841568051,16.06670841568051,38,0
2024-02-19 01:00:00,44.63,54.82999673672602,10.199996736726014,10.199996736726014,38,1
2024-02-19 02:00:00,43.91,53.952614562377015,10.042614562377018,10.042614562377018,38,2
2024-02-19 03:00:00,44.92,55.37563882895763,10.455638828957625,10.455638828957625,38,3
2024-02-19 04:00:00,51.57,60.193345154276656,8.623345154276656,8.623345154276656,38,4
2024-02-19 05:00:00,68.87,57.62662890651654,-11.243371093483468,11.243371093483468,38,5
2024-02-19 06:00:00,79.26,68.1153066563057,-11.1446933436943,11.1446933436943,38,6
2024-02-19 07:00:00,83.97,71.59940966129471,-12.370590338705284,12.370590338705284,38,7
2024-02-19 08:00:00,75.14,64.25459852057027,-10.885401479429731,10.885401479429731,38,8
2024-02-19 09:00:00,71.05,62.69679243449542,-8.353207565504576,8.353207565504576,38,9
2024-02-19 10:00:00,69.5,66.01634810054988,-3.4836518994501233,3.4836518994501233,38,10
2024-02-19 11:00:00,60.55,60.2286735977563,-0.3213264022436988,0.3213264022436988,38,11
2024-02-19 12:00:00,50.65,57.66355553638751,7.013555536387514,7.013555536387514,38,12
2024-02-19 13:00:00,46.73,60.47882209445107,13.748822094451072,13.748822094451072,38,13
2024-02-19 14:00:00,49.08,57.52880557093931,8.448805570939314,8.448805570939314,38,14
2024-02-19 15:00:00,56.9,61.26055451686848,4.360554516868483,4.360554516868483,38,15
2024-02-19 16:00:00,64.07,68.00319984691028,3.9331998469102842,3.9331998469102842,38,16
2024-02-19 17:00:00,76.13,80.98137322798432,4.851373227984325,4.851373227984325,38,17
2024-02-19 18:00:00,80.24,90.11767843152322,9.877678431523222,9.877678431523222,38,18
2024-02-19 19:00:00,72.26,80.51036513822741,8.250365138227409,8.250365138227409,38,19
2024-02-19 20:00:00,67.57,80.59234690067105,13.022346900671053,13.022346900671053,38,20
2024-02-19 21:00:00,66.27,76.29702476635242,10.027024766352426,10.027024766352426,38,21
2024-02-19 22:00:00,59.07,71.08639020079315,12.016390200793147,12.016390200793147,38,22
2024-02-19 23:00:00,58.06,56.01820072798559,-2.0417992720144156,2.0417992720144156,38,23
2024-02-20 00:00:00,54.32,48.43871157114044,-5.881288428859563,5.881288428859563,39,0
2024-02-20 01:00:00,53.96,41.56864777331711,-12.39135222668289,12.39135222668289,39,1
2024-02-20 02:00:00,53.66,43.3443057129165,-10.315694287083495,10.315694287083495,39,2
2024-02-20 03:00:00,53.05,45.41474180860601,-7.635258191393987,7.635258191393987,39,3
2024-02-20 04:00:00,54.98,57.49443710659087,2.5144371065908757,2.5144371065908757,39,4
2024-02-20 05:00:00,66.58,70.12407107321346,3.544071073213459,3.544071073213459,39,5
2024-02-20 06:00:00,72.64,83.9155579525649,11.275557952564895,11.275557952564895,39,6
2024-02-20 07:00:00,81.47,87.31048144460962,5.8404814446096225,5.8404814446096225,39,7
2024-02-20 08:00:00,76.88,79.49433820130535,2.614338201305358,2.614338201305358,39,8
2024-02-20 09:00:00,69.89,70.30582545097053,0.41582545097053014,0.41582545097053014,39,9
2024-02-20 10:00:00,61.11,78.22316826665912,17.113168266659116,17.113168266659116,39,10
2024-02-20 11:00:00,53.81,64.41898137611328,10.608981376113277,10.608981376113277,39,11
2024-02-20 12:00:00,51.92,52.99332012157019,1.073320121570191,1.073320121570191,39,12
2024-02-20 13:00:00,52.34,62.228155051077394,9.88815505107739,9.88815505107739,39,13
2024-02-20 14:00:00,56.86,51.920761829203315,-4.939238170796685,4.939238170796685,39,14
2024-02-20 15:00:00,61.0,56.75756146268087,-4.242438537319131,4.242438537319131,39,15
2024-02-20 16:00:00,63.6,65.97752595511422,2.3775259551142156,2.3775259551142156,39,16
2024-02-20 17:00:00,72.64,79.38068969424317,6.740689694243173,6.740689694243173,39,17
2024-02-20 18:00:00,75.44,78.0612253158889,2.621225315888907,2.621225315888907,39,18
2024-02-20 19:00:00,69.36,70.35632838973751,0.9963283897375135,0.9963283897375135,39,19
2024-02-20 20:00:00,64.7,50.492419016649144,-14.207580983350859,14.207580983350859,39,20
2024-02-20 21:00:00,63.16,63.09742278934124,-0.06257721065875899,0.06257721065875899,39,21
2024-02-20 22:00:00,54.76,60.50748014995433,5.747480149954335,5.747480149954335,39,22
2024-02-20 23:00:00,52.84,40.33224853701902,-12.507751462980984,12.507751462980984,39,23
2024-02-21 00:00:00,49.5,45.07307040851829,-4.426929591481709,4.426929591481709,40,0
2024-02-21 01:00:00,46.99,46.84400890757899,-0.1459910924210135,0.1459910924210135,40,1
2024-02-21 02:00:00,44.95,36.790179842240306,-8.159820157759697,8.159820157759697,40,2
2024-02-21 03:00:00,45.68,40.59548901331722,-5.08451098668278,5.08451098668278,40,3
2024-02-21 04:00:00,50.35,46.51934901683399,-3.8306509831660094,3.8306509831660094,40,4
2024-02-21 05:00:00,61.69,59.977163129495565,-1.7128368705044323,1.7128368705044323,40,5
2024-02-21 06:00:00,69.6,63.56393786947946,-6.036062130520534,6.036062130520534,40,6
2024-02-21 07:00:00,76.7,58.69683716812746,-18.003162831872544,18.003162831872544,40,7
2024-02-21 08:00:00,65.61,57.89523800100953,-7.714761998990468,7.714761998990468,40,8
2024-02-21 09:00:00,64.1,49.09328846769338,-15.006711532306618,15.006711532306618,40,9
2024-02-21 10:00:00,60.39,47.72489176638525,-12.665108233614752,12.665108233614752,40,10
2024-02-21 11:00:00,53.01,43.81261094420486,-9.197389055795135,9.197389055795135,40,11
2024-02-21 12:00:00,51.22,36.96290434791917,-14.257095652080828,14.257095652080828,40,12
2024-02-21 13:00:00,53.79,33.17856820119287,-20.611431798807132,20.611431798807132,40,13
2024-02-21 14:00:00,55.94,47.687794005157684,-8.252205994842313,8.252205994842313,40,14
2024-02-21 15:00:00,50.59,39.235804466500475,-11.354195533499528,11.354195533499528,40,15
2024-02-21 16:00:00,55.08,46.991740325562766,-8.088259674437232,8.088259674437232,40,16
2024-02-21 17:00:00,66.19,63.168083434876024,-3.0219165651239734,3.0219165651239734,40,17
2024-02-21 18:00:00,63.47,67.61407821385731,4.144078213857313,4.144078213857313,40,18
2024-02-21 19:00:00,54.76,57.27891412751557,2.518914127515572,2.518914127515572,40,19
2024-02-21 20:00:00,47.91,60.89437244324488,12.984372443244887,12.984372443244887,40,20
2024-02-21 21:00:00,43.76,55.80164303367898,12.04164303367898,12.04164303367898,40,21
2024-02-21 22:00:00,37.14,53.96412876466674,16.82412876466674,16.82412876466674,40,22
2024-02-21 23:00:00,32.79,42.00690061148982,9.21690061148982,9.21690061148982,40,23
2024-02-23 00:00:00,4.09,39.30706955010334,35.217069550103346,35.217069550103346,42,0
2024-02-23 01:00:00,3.2,32.907769855292194,29.707769855292195,29.707769855292195,42,1
2024-02-23 02:00:00,1.83,37.13054885117588,35.30054885117588,35.30054885117588,42,2
2024-02-23 03:00:00,2.58,26.579373382765468,23.99937338276547,23.99937338276547,42,3
2024-02-23 04:00:00,7.78,40.655060110597844,32.87506011059784,32.87506011059784,42,4
2024-02-23 05:00:00,43.84,56.714902370620585,12.874902370620582,12.874902370620582,42,5
2024-02-23 06:00:00,60.73,70.55288966750147,9.822889667501478,9.822889667501478,42,6
2024-02-23 07:00:00,62.15,66.63856066506554,4.488560665065542,4.488560665065542,42,7
2024-02-23 08:00:00,55.21,56.86979593076529,1.6597959307652914,1.6597959307652914,42,8
2024-02-23 09:00:00,48.82,50.02926157110289,1.2092615711028927,1.2092615711028927,42,9
2024-02-23 10:00:00,44.03,52.41362135294658,8.383621352946577,8.383621352946577,42,10
2024-02-23 11:00:00,39.96,41.94613869797544,1.9861386979754414,1.9861386979754414,42,11
2024-02-23 12:00:00,36.33,36.24083968255826,-0.08916031744173836,0.08916031744173836,42,12
2024-02-23 13:00:00,41.87,44.35734209084881,2.487342090848813,2.487342090848813,42,13
2024-02-23 14:00:00,50.97,43.74552868508259,-7.224471314917409,7.224471314917409,42,14
2024-02-23 15:00:00,63.96,43.291516623840806,-20.668483376159195,20.668483376159195,42,15
2024-02-23 16:00:00,72.61,45.683118438052425,-26.926881561947575,26.926881561947575,42,16
2024-02-23 17:00:00,86.44,72.72856092562931,-13.711439074370688,13.711439074370688,42,17
2024-02-23 18:00:00,84.01,61.739975104078965,-22.27002489592104,22.27002489592104,42,18
2024-02-23 19:00:00,72.97,51.47965490253625,-21.490345097463752,21.490345097463752,42,19
2024-02-23 20:00:00,69.26,35.39777251128616,-33.86222748871384,33.86222748871384,42,20
2024-02-23 21:00:00,67.98,28.08469115227561,-39.895308847724394,39.895308847724394,42,21
2024-02-23 22:00:00,65.1,27.911997450776695,-37.1880025492233,37.1880025492233,42,22
2024-02-23 23:00:00,66.47,22.96490218761579,-43.50509781238421,43.50509781238421,42,23
2024-02-24 00:00:00,63.9,8.632122944214629,-55.26787705578537,55.26787705578537,43,0
2024-02-24 01:00:00,59.5,9.964634826887249,-49.53536517311275,49.53536517311275,43,1
2024-02-24 02:00:00,55.2,11.536134756456931,-43.66386524354307,43.66386524354307,43,2
2024-02-24 03:00:00,55.39,12.12438245065887,-43.26561754934113,43.26561754934113,43,3
2024-02-24 04:00:00,57.1,26.941991060847073,-30.15800893915293,30.15800893915293,43,4
2024-02-24 05:00:00,61.67,48.50239653462781,-13.167603465372189,13.167603465372189,43,5
2024-02-24 06:00:00,66.11,65.10528614472517,-1.0047138552748294,1.0047138552748294,43,6
2024-02-24 07:00:00,64.4,57.774559334903536,-6.62544066509647,6.62544066509647,43,7
2024-02-24 08:00:00,57.6,52.483660392742195,-5.116339607257807,5.116339607257807,43,8
2024-02-24 09:00:00,49.11,53.74005152401782,4.630051524017823,4.630051524017823,43,9
2024-02-24 10:00:00,45.71,39.85961806180234,-5.850381938197664,5.850381938197664,43,10
2024-02-24 11:00:00,40.3,41.216149484131876,0.9161494841318785,0.9161494841318785,43,11
2024-02-24 12:00:00,32.22,44.10540047103301,11.885400471033009,11.885400471033009,43,12
2024-02-24 13:00:00,37.6,37.57561729212374,-0.02438270787626351,0.02438270787626351,43,13
2024-02-24 14:00:00,45.0,44.93900673957798,-0.060993260422023354,0.060993260422023354,43,14
2024-02-24 15:00:00,55.94,57.411048465753666,1.4710484657536682,1.4710484657536682,43,15
2024-02-24 16:00:00,63.83,54.441088044996775,-9.388911955003223,9.388911955003223,43,16
2024-02-24 17:00:00,68.16,73.75086011916254,5.590860119162542,5.590860119162542,43,17
2024-02-24 18:00:00,74.13,66.41545061538868,-7.714549384611317,7.714549384611317,43,18
2024-02-24 19:00:00,65.17,54.106269685373924,-11.063730314626078,11.063730314626078,43,19
2024-02-24 20:00:00,59.94,40.39751007386391,-19.542489926136085,19.542489926136085,43,20
2024-02-24 21:00:00,58.03,51.11446473202358,-6.9155352679764235,6.9155352679764235,43,21
2024-02-24 22:00:00,54.98,48.80530919664336,-6.17469080335664,6.17469080335664,43,22
2024-02-24 23:00:00,56.57,43.64816203811695,-12.92183796188305,12.92183796188305,43,23
2024-02-25 00:00:00,55.44,49.3647937352842,-6.075206264715796,6.075206264715796,44,0
2024-02-25 01:00:00,55.39,38.322631926185366,-17.067368073814634,17.067368073814634,44,1
2024-02-25 02:00:00,54.9,33.701206131337244,-21.198793868662754,21.198793868662754,44,2
2024-02-25 03:00:00,55.2,33.94782621409127,-21.25217378590873,21.25217378590873,44,3
2024-02-25 04:00:00,55.07,43.72768885325383,-11.34231114674617,11.34231114674617,44,4
2024-02-25 05:00:00,57.02,50.53121244810088,-6.488787551899122,6.488787551899122,44,5
2024-02-25 06:00:00,59.92,55.686517012747196,-4.233482987252806,4.233482987252806,44,6
2024-02-25 07:00:00,63.82,54.07723912123729,-9.74276087876271,9.74276087876271,44,7
2024-02-25 08:00:00,63.42,42.45245829884349,-20.967541701156513,20.967541701156513,44,8
2024-02-25 09:00:00,56.69,39.543144192820456,-17.14685580717954,17.14685580717954,44,9
2024-02-25 10:00:00,54.37,39.31239994260487,-15.057600057395128,15.057600057395128,44,10
2024-02-25 11:00:00,50.0,37.30708304436857,-12.692916955631432,12.692916955631432,44,11
2024-02-25 12:00:00,46.03,26.91314519024114,-19.116854809758863,19.116854809758863,44,12
2024-02-25 13:00:00,49.84,32.5637344419588,-17.276265558041203,17.276265558041203,44,13
2024-02-25 14:00:00,55.0,31.542463209542746,-23.457536790457254,23.457536790457254,44,14
2024-02-25 15:00:00,60.61,33.87325664648028,-26.73674335351972,26.73674335351972,44,15
2024-02-25 16:00:00,58.85,34.78516485670653,-24.06483514329347,24.06483514329347,44,16
2024-02-25 17:00:00,67.75,41.76964303350235,-25.980356966497652,25.980356966497652,44,17
2024-02-25 18:00:00,76.28,49.24457670516917,-27.035423294830828,27.035423294830828,44,18
2024-02-25 19:00:00,69.62,36.4521597176314,-33.1678402823686,33.1678402823686,44,19
2024-02-25 20:00:00,64.49,25.75398803050257,-38.736011969497426,38.736011969497426,44,20
2024-02-25 21:00:00,65.23,29.051418072619867,-36.17858192738014,36.17858192738014,44,21
2024-02-25 22:00:00,58.38,22.203468374261277,-36.176531625738725,36.176531625738725,44,22
2024-02-25 23:00:00,57.83,22.425781650537743,-35.404218349462255,35.404218349462255,44,23
2024-02-26 00:00:00,56.82,52.93851654420323,-3.8814834557967686,3.8814834557967686,45,0
2024-02-26 01:00:00,55.68,42.85830530287947,-12.821694697120527,12.821694697120527,45,1
2024-02-26 02:00:00,51.8,49.16360499620048,-2.636395003799514,2.636395003799514,45,2
2024-02-26 03:00:00,52.46,44.767734024625604,-7.692265975374397,7.692265975374397,45,3
2024-02-26 04:00:00,57.92,52.02483702377801,-5.8951629762219895,5.8951629762219895,45,4
2024-02-26 05:00:00,64.85,65.98965220006525,1.1396522000652567,1.1396522000652567,45,5
2024-02-26 06:00:00,74.25,73.88011208855167,-0.36988791144833044,0.36988791144833044,45,6
2024-02-26 07:00:00,81.6,76.55529840367784,-5.044701596322156,5.044701596322156,45,7
2024-02-26 08:00:00,73.83,72.59293542153502,-1.237064578464981,1.237064578464981,45,8
2024-02-26 09:00:00,66.65,73.77375440542468,7.123754405424677,7.123754405424677,45,9
2024-02-26 10:00:00,65.03,67.45086261461735,2.4208626146173486,2.4208626146173486,45,10
2024-02-26 11:00:00,58.42,69.57544131743322,11.155441317433215,11.155441317433215,45,11
2024-02-26 12:00:00,58.19,63.30326644748132,5.1132664474813225,5.1132664474813225,45,12
2024-02-26 13:00:00,61.29,63.888188060449366,2.598188060449367,2.598188060449367,45,13
2024-02-26 14:00:00,64.95,69.43655449740784,4.4865544974078375,4.4865544974078375,45,14
2024-02-26 15:00:00,69.41,80.46509253911769,11.055092539117695,11.055092539117695,45,15
2024-02-26 16:00:00,77.0,77.13417455442271,0.13417455442271375,0.13417455442271375,45,16
2024-02-26 17:00:00,85.48,84.24681331368978,-1.2331866863102192,1.2331866863102192,45,17
2024-02-26 18:00:00,81.55,88.24901032351153,6.69901032351153,6.69901032351153,45,18
2024-02-26 19:00:00,73.13,86.87263936077373,13.742639360773737,13.742639360773737,45,19
2024-02-26 20:00:00,66.12,77.3138595831287,11.193859583128699,11.193859583128699,45,20
2024-02-26 21:00:00,65.21,78.71404476220815,13.504044762208153,13.504044762208153,45,21
2024-02-26 22:00:00,60.76,75.37936301426825,14.619363014268252,14.619363014268252,45,22
2024-02-26 23:00:00,57.62,64.84888552031508,7.228885520315082,7.228885520315082,45,23
2024-02-27 00:00:00,57.55,53.35981074427474,-4.190189255725258,4.190189255725258,46,0
2024-02-27 01:00:00,57.35,53.05872014419063,-4.291279855809371,4.291279855809371,46,1
2024-02-27 02:00:00,56.87,53.26480333540558,-3.6051966645944162,3.6051966645944162,46,2
2024-02-27 03:00:00,57.35,59.912520081763226,2.5625200817632248,2.5625200817632248,46,3
2024-02-27 04:00:00,61.16,64.74624315158528,3.586243151585279,3.586243151585279,46,4
2024-02-27 05:00:00,65.76,77.25094489628007,11.49094489628007,11.49094489628007,46,5
2024-02-27 06:00:00,69.24,91.27145296804085,22.031452968040853,22.031452968040853,46,6
2024-02-27 07:00:00,90.77,97.47539667481496,6.705396674814963,6.705396674814963,46,7
2024-02-27 08:00:00,80.81,88.54020951714422,7.730209517144218,7.730209517144218,46,8
2024-02-27 09:00:00,68.71,81.3684091053814,12.65840910538141,12.65840910538141,46,9
2024-02-27 10:00:00,63.86,80.818749899925,16.958749899924996,16.958749899924996,46,10
2024-02-27 11:00:00,58.19,70.68604832759193,12.496048327591936,12.496048327591936,46,11
2024-02-27 12:00:00,58.22,62.667821389141366,4.447821389141367,4.447821389141367,46,12
2024-02-27 13:00:00,62.3,68.44468337623618,6.144683376236188,6.144683376236188,46,13
2024-02-27 14:00:00,65.97,76.22956507391524,10.25956507391524,10.25956507391524,46,14
2024-02-27 15:00:00,58.29,77.05784071398807,18.767840713988072,18.767840713988072,46,15
2024-02-27 16:00:00,59.74,86.53477208083625,26.794772080836246,26.794772080836246,46,16
2024-02-27 17:00:00,96.67,97.6434937383783,0.9734937383782949,0.9734937383782949,46,17
2024-02-27 18:00:00,105.17,90.37834696498498,-14.791653035015017,14.791653035015017,46,18
2024-02-27 19:00:00,84.69,76.34646598353544,-8.34353401646456,8.34353401646456,46,19
2024-02-27 20:00:00,73.05,71.76882055198593,-1.281179448014072,1.281179448014072,46,20
2024-02-27 21:00:00,70.45,70.99199490919264,0.5419949091926384,0.5419949091926384,46,21
2024-02-27 22:00:00,64.97,69.2778951318119,4.307895131811904,4.307895131811904,46,22
2024-02-27 23:00:00,60.36,58.671672429288634,-1.6883275707113654,1.6883275707113654,46,23
2024-02-28 00:00:00,59.4,54.58902003968085,-4.810979960319152,4.810979960319152,47,0
2024-02-28 01:00:00,61.34,54.501481209848585,-6.838518790151419,6.838518790151419,47,1
2024-02-28 02:00:00,63.46,54.29340332168427,-9.166596678315727,9.166596678315727,47,2
2024-02-28 03:00:00,63.87,53.70628561739514,-10.163714382604859,10.163714382604859,47,3
2024-02-28 04:00:00,67.63,57.49507391422564,-10.134926085774353,10.134926085774353,47,4
2024-02-28 05:00:00,71.04,69.47693838777225,-1.5630616122277559,1.5630616122277559,47,5
2024-02-28 06:00:00,80.1,71.71361539370209,-8.38638460629791,8.38638460629791,47,6
2024-02-28 07:00:00,104.49,87.14822734931047,-17.34177265068952,17.34177265068952,47,7
2024-02-28 08:00:00,85.46,77.48558169374377,-7.974418306256226,7.974418306256226,47,8
2024-02-28 09:00:00,73.99,68.72326751286934,-5.266732487130653,5.266732487130653,47,9
2024-02-28 10:00:00,67.55,69.93415426336836,2.384154263368359,2.384154263368359,47,10
2024-02-28 11:00:00,63.93,67.90223152973634,3.972231529736341,3.972231529736341,47,11
2024-02-28 12:00:00,56.78,65.25691400831678,8.476914008316783,8.476914008316783,47,12
2024-02-28 13:00:00,56.38,59.25613930355884,2.876139303558837,2.876139303558837,47,13
2024-02-28 14:00:00,53.64,61.437623321009156,7.797623321009155,7.797623321009155,47,14
2024-02-28 15:00:00,49.65,64.7813977625857,15.1313977625857,15.1313977625857,47,15
2024-02-28 16:00:00,60.25,65.93388163318485,5.683881633184853,5.683881633184853,47,16
2024-02-28 17:00:00,75.86,89.19151121345509,13.331511213455087,13.331511213455087,47,17
2024-02-28 18:00:00,79.0,88.31367375960458,9.313673759604583,9.313673759604583,47,18
2024-02-28 19:00:00,66.96,73.36974897881706,6.409748978817063,6.409748978817063,47,19
2024-02-28 20:00:00,64.07,67.59836531116423,3.5283653111642366,3.5283653111642366,47,20
2024-02-28 21:00:00,64.77,68.42127043459364,3.6512704345936413,3.6512704345936413,47,21
2024-02-28 22:00:00,55.68,57.77869461828204,2.098694618282039,2.098694618282039,47,22
2024-02-28 23:00:00,55.78,51.059245481295285,-4.720754518704716,4.720754518704716,47,23
2024-02-29 00:00:00,54.03,53.08807150157636,-0.9419284984236427,0.9419284984236427,48,0
2024-02-29 01:00:00,50.87,57.78992660131072,6.919926601310721,6.919926601310721,48,1
2024-02-29 02:00:00,47.97,60.59197769019872,12.621977690198719,12.621977690198719,48,2
2024-02-29 03:00:00,47.1,66.6940841951346,19.59408419513459,19.59408419513459,48,3
2024-02-29 04:00:00,52.71,70.28131391506781,17.57131391506781,17.57131391506781,48,4
2024-02-29 05:00:00,63.5,69.27585290613766,5.775852906137658,5.775852906137658,48,5
2024-02-29 06:00:00,74.85,78.40032107562453,3.550321075624538,3.550321075624538,48,6
2024-02-29 07:00:00,74.95,91.45856711755798,16.508567117557973,16.508567117557973,48,7
2024-02-29 08:00:00,70.71,67.10429755907911,-3.6057024409208793,3.6057024409208793,48,8
2024-02-29 09:00:00,64.43,58.16050865117324,-6.269491348826769,6.269491348826769,48,9
2024-02-29 10:00:00,62.96,53.42344999103127,-9.536550008968732,9.536550008968732,48,10
2024-02-29 11:00:00,57.36,63.703602783756956,6.343602783756957,6.343602783756957,48,11
2024-02-29 12:00:00,56.34,59.787974387763356,3.4479743877633524,3.4479743877633524,48,12
2024-02-29 13:00:00,58.18,49.644098665064185,-8.535901334935815,8.535901334935815,48,13
2024-02-29 14:00:00,65.39,54.46809220112435,-10.921907798875651,10.921907798875651,48,14
2024-02-29 15:00:00,66.5,55.05278641790554,-11.447213582094463,11.447213582094463,48,15
2024-02-29 16:00:00,69.34,56.67452585904477,-12.665474140955233,12.665474140955233,48,16
2024-02-29 17:00:00,86.26,72.57130279498762,-13.688697205012389,13.688697205012389,48,17
2024-02-29 18:00:00,80.99,73.99365366842162,-6.99634633157838,6.99634633157838,48,18
2024-02-29 19:00:00,72.77,54.378339470815014,-18.391660529184982,18.391660529184982,48,19
2024-02-29 20:00:00,67.25,58.35882648200132,-8.89117351799868,8.89117351799868,48,20
2024-02-29 21:00:00,64.9,57.111288943263396,-7.788711056736609,7.788711056736609,48,21
2024-02-29 22:00:00,60.9,55.1178780326638,-5.782121967336195,5.782121967336195,48,22
2024-02-29 23:00:00,62.04,44.131068385217475,-17.908931614782524,17.908931614782524,48,23
2024-03-01 00:00:00,61.42,48.66882534025445,-12.751174659745551,12.751174659745551,49,0
2024-03-01 01:00:00,58.14,44.64834987754335,-13.491650122456647,13.491650122456647,49,1
2024-03-01 02:00:00,57.83,36.82452590906062,-21.00547409093938,21.00547409093938,49,2
2024-03-01 03:00:00,58.3,42.00803808421248,-16.291961915787518,16.291961915787518,49,3
2024-03-01 04:00:00,62.49,48.557902095302396,-13.932097904697606,13.932097904697606,49,4
2024-03-01 05:00:00,71.58,54.37545397530076,-17.20454602469924,17.20454602469924,49,5
2024-03-01 06:00:00,79.36,67.20109101795181,-12.158908982048189,12.158908982048189,49,6
2024-03-01 07:00:00,79.07,62.41263451249146,-16.657365487508535,16.657365487508535,49,7
2024-03-01 08:00:00,71.34,53.55795060750281,-17.782049392497193,17.782049392497193,49,8
2024-03-01 09:00:00,66.55,55.61051721506719,-10.939482784932807,10.939482784932807,49,9
2024-03-01 10:00:00,65.24,48.74930700712411,-16.490692992875886,16.490692992875886,49,10
2024-03-01 11:00:00,63.87,48.24908568673663,-15.62091431326337,15.62091431326337,49,11
2024-03-01 12:00:00,59.7,59.37823765746711,-0.3217623425328924,0.3217623425328924,49,12
2024-03-01 13:00:00,64.9,57.334021222980155,-7.5659787770198506,7.5659787770198506,49,13
2024-03-01 14:00:00,59.83,67.79441695048493,7.964416950484932,7.964416950484932,49,14
2024-03-01 15:00:00,55.55,65.8320370448863,10.282037044886309,10.282037044886309,49,15
2024-03-01 16:00:00,60.71,76.51149198926451,15.801491989264512,15.801491989264512,49,16
2024-03-01 17:00:00,82.45,95.20785289275828,12.75785289275828,12.75785289275828,49,17
2024-03-01 18:00:00,87.19,87.1513501274212,-0.03864987257880159,0.03864987257880159,49,18
2024-03-01 19:00:00,77.49,75.40364226282382,-2.086357737176172,2.086357737176172,49,19
2024-03-01 20:00:00,71.62,68.88209166401725,-2.737908335982752,2.737908335982752,49,20
2024-03-01 21:00:00,70.06,67.94952675505901,-2.110473244940991,2.110473244940991,49,21
2024-03-01 22:00:00,66.39,64.3740498989292,-2.0159501010708,2.0159501010708,49,22
2024-03-01 23:00:00,59.95,57.27520647106565,-2.6747935289343516,2.6747935289343516,49,23
2024-03-02 00:00:00,56.03,50.829246260299705,-5.200753739700296,5.200753739700296,50,0
2024-03-02 01:00:00,56.02,46.81336354120127,-9.206636458798734,9.206636458798734,50,1
2024-03-02 02:00:00,55.48,47.44522904302826,-8.034770956971734,8.034770956971734,50,2
2024-03-02 03:00:00,54.88,48.51044683388053,-6.3695531661194735,6.3695531661194735,50,3
2024-03-02 04:00:00,55.99,51.96292032461637,-4.027079675383632,4.027079675383632,50,4
2024-03-02 05:00:00,56.58,58.45892238771367,1.878922387713672,1.878922387713672,50,5
2024-03-02 06:00:00,60.67,65.94308841958357,5.273088419583573,5.273088419583573,50,6
2024-03-02 07:00:00,63.76,60.52643316888231,-3.2335668311176846,3.2335668311176846,50,7
2024-03-02 08:00:00,65.75,51.14466691119382,-14.605333088806177,14.605333088806177,50,8
2024-03-02 09:00:00,60.44,50.04406254269236,-10.395937457307639,10.395937457307639,50,9
2024-03-02 10:00:00,61.61,49.81154102108405,-11.798458978915953,11.798458978915953,50,10
2024-03-02 11:00:00,57.66,49.090916056305886,-8.56908394369411,8.56908394369411,50,11
2024-03-02 12:00:00,54.9,44.11744134055676,-10.78255865944324,10.78255865944324,50,12
2024-03-02 13:00:00,59.86,49.85834128581656,-10.001658714183442,10.001658714183442,50,13
2024-03-02 14:00:00,66.08,48.57751660595622,-17.50248339404378,17.50248339404378,50,14
2024-03-02 15:00:00,73.0,40.92951454427154,-32.07048545572846,32.07048545572846,50,15
2024-03-02 16:00:00,79.55,50.728520348831196,-28.8214796511688,28.8214796511688,50,16
2024-03-02 17:00:00,93.6,69.34038918063453,-24.259610819365463,24.259610819365463,50,17
2024-03-02 18:00:00,89.9,68.03072566968801,-21.869274330311995,21.869274330311995,50,18
2024-03-02 19:00:00,76.98,56.66887760285427,-20.31112239714573,20.31112239714573,50,19
2024-03-02 20:00:00,72.28,52.01486066550847,-20.26513933449153,20.26513933449153,50,20
2024-03-02 21:00:00,79.63,56.41910935248979,-23.210890647510205,23.210890647510205,50,21
2024-03-02 22:00:00,74.41,54.0066606906015,-20.403339309398497,20.403339309398497,50,22
2024-03-02 23:00:00,59.74,40.28943480216116,-19.45056519783884,19.45056519783884,50,23
2024-03-03 00:00:00,61.28,45.60978324004665,-15.670216759953348,15.670216759953348,51,0
2024-03-03 01:00:00,61.14,41.826144437011635,-19.313855562988365,19.313855562988365,51,1
2024-03-03 02:00:00,56.91,38.14291766477166,-18.767082335228338,18.767082335228338,51,2
2024-03-03 03:00:00,55.41,41.60274368966051,-13.80725631033949,13.80725631033949,51,3
2024-03-03 04:00:00,57.57,47.19478550860586,-10.37521449139414,10.37521449139414,51,4
2024-03-03 05:00:00,61.13,48.53086145550202,-12.599138544497983,12.599138544497983,51,5
2024-03-03 06:00:00,63.71,53.22117564687516,-10.48882435312484,10.48882435312484,51,6
2024-03-03 07:00:00,63.35,46.43445726024696,-16.915542739753043,16.915542739753043,51,7
2024-03-03 08:00:00,63.01,47.10542451713435,-15.904575482865646,15.904575482865646,51,8
2024-03-03 09:00:00,62.41,47.8911047645233,-14.518895235476698,14.518895235476698,51,9
2024-03-03 10:00:00,60.53,44.37140096814174,-16.15859903185826,16.15859903185826,51,10
2024-03-03 11:00:00,50.96,39.399791517629154,-11.560208482370847,11.560208482370847,51,11
2024-03-03 12:00:00,42.51,37.875288414539476,-4.634711585460522,4.634711585460522,51,12
2024-03-03 13:00:00,46.84,44.24622097539573,-2.593779024604274,2.593779024604274,51,13
2024-03-03 14:00:00,54.93,51.618008422318646,-3.311991577681354,3.311991577681354,51,14
2024-03-03 15:00:00,60.28,51.703049262835584,-8.576950737164417,8.576950737164417,51,15
2024-03-03 16:00:00,71.86,57.692936289433135,-14.167063710566865,14.167063710566865,51,16
2024-03-03 17:00:00,78.53,74.53687851452862,-3.9931214854713772,3.9931214854713772,51,17
2024-03-03 18:00:00,86.96,72.32400431856266,-14.635995681437336,14.635995681437336,51,18
2024-03-03 19:00:00,81.8,60.133404662283255,-21.666595337716743,21.666595337716743,51,19
2024-03-03 20:00:00,75.0,52.47920188313436,-22.52079811686564,22.52079811686564,51,20
2024-03-03 21:00:00,72.18,61.95649795912583,-10.22350204087418,10.22350204087418,51,21
2024-03-03 22:00:00,72.42,52.86956190111687,-19.550438098883134,19.550438098883134,51,22
2024-03-03 23:00:00,69.13,32.95946778092852,-36.170532219071475,36.170532219071475,51,23
2024-03-04 00:00:00,67.9,62.1631674182489,-5.736832581751109,5.736832581751109,52,0
2024-03-04 01:00:00,67.41,65.8700436597845,-1.5399563402154968,1.5399563402154968,52,1
2024-03-04 02:00:00,66.22,65.57956996228155,-0.6404300377184455,0.6404300377184455,52,2
2024-03-04 03:00:00,65.59,64.15467616036112,-1.4353238396388832,1.4353238396388832,52,3
2024-03-04 04:00:00,70.83,64.22676032928368,-6.60323967071632,6.60323967071632,52,4
2024-03-04 05:00:00,81.18,77.21723698603614,-3.9627630139638654,3.9627630139638654,52,5
2024-03-04 06:00:00,96.67,77.57620950540048,-19.093790494599517,19.093790494599517,52,6
2024-03-04 07:00:00,102.97,77.68253422045822,-25.287465779541776,25.287465779541776,52,7
2024-03-04 08:00:00,85.02,76.9973832561078,-8.0226167438922,8.0226167438922,52,8
2024-03-04 09:00:00,73.56,74.94430815065951,1.384308150659507,1.384308150659507,52,9
2024-03-04 10:00:00,66.02,78.002917643806,11.982917643806005,11.982917643806005,52,10
2024-03-04 11:00:00,64.69,71.60936887189773,6.919368871897731,6.919368871897731,52,11
2024-03-04 12:00:00,61.29,59.32951113270138,-1.960488867298622,1.960488867298622,52,12
2024-03-04 13:00:00,62.5,65.82909672256173,3.3290967225617294,3.3290967225617294,52,13
2024-03-04 14:00:00,69.86,75.53989128953205,5.679891289532051,5.679891289532051,52,14
2024-03-04 15:00:00,68.31,74.00197183840366,5.69197183840366,5.69197183840366,52,15
2024-03-04 16:00:00,68.04,87.78503271733297,19.74503271733296,19.74503271733296,52,16
2024-03-04 17:00:00,105.18,99.62646522381205,-5.553534776187959,5.553534776187959,52,17
2024-03-04 18:00:00,99.13,100.67358337781214,1.5435833778121406,1.5435833778121406,52,18
2024-03-04 19:00:00,80.52,98.33494437914729,17.814944379147292,17.814944379147292,52,19
2024-03-04 20:00:00,71.39,90.25025505701105,18.860255057011045,18.860255057011045,52,20
2024-03-04 21:00:00,67.49,90.62048979713042,23.130489797130423,23.130489797130423,52,21
2024-03-04 22:00:00,63.93,88.1391595412078,24.209159541207804,24.209159541207804,52,22
2024-03-04 23:00:00,61.96,73.98805995136745,12.028059951367446,12.028059951367446,52,23
2024-03-05 00:00:00,61.67,66.15749174167266,4.487491741672656,4.487491741672656,53,0
2024-03-05 01:00:00,61.33,64.37952400459326,3.049524004593266,3.049524004593266,53,1
2024-03-05 02:00:00,59.86,67.19296729898734,7.332967298987342,7.332967298987342,53,2
2024-03-05 03:00:00,60.56,68.81394393188357,8.253943931883569,8.253943931883569,53,3
2024-03-05 04:00:00,61.67,76.56047625667291,14.890476256672912,14.890476256672912,53,4
2024-03-05 05:00:00,71.53,86.19961504089129,14.669615040891287,14.669615040891287,53,5
2024-03-05 06:00:00,79.28,102.92399736334005,23.64399736334005,23.64399736334005,53,6
2024-03-05 07:00:00,83.02,110.2875358898406,27.2675358898406,27.2675358898406,53,7
2024-03-05 08:00:00,77.0,95.04345054441752,18.043450544417524,18.043450544417524,53,8
2024-03-05 09:00:00,71.15,87.69144322667337,16.541443226673366,16.541443226673366,53,9
2024-03-05 10:00:00,69.72,85.0648995637672,15.3448995637672,15.3448995637672,53,10
2024-03-05 11:00:00,66.17,81.59430476165701,15.424304761657012,15.424304761657012,53,11
2024-03-05 12:00:00,66.07,76.53601777241907,10.466017772419079,10.466017772419079,53,12
2024-03-05 13:00:00,69.85,81.41880385232102,11.568803852321025,11.568803852321025,53,13
2024-03-05 14:00:00,71.15,85.84877234223336,14.698772342233354,14.698772342233354,53,14
2024-03-05 15:00:00,76.39,88.07107022740936,11.681070227409364,11.681070227409364,53,15
2024-03-05 16:00:00,83.15,88.34448709459275,5.194487094592745,5.194487094592745,53,16
2024-03-05 17:00:00,104.66,121.47909311931429,16.81909311931429,16.81909311931429,53,17
2024-03-05 18:00:00,125.17,114.82961254143689,-10.340387458563114,10.340387458563114,53,18
2024-03-05 19:00:00,104.29,91.26507998249905,-13.02492001750096,13.02492001750096,53,19
2024-03-05 20:00:00,90.11,83.33490047551857,-6.775099524481433,6.775099524481433,53,20
2024-03-05 21:00:00,85.41,84.71530648461163,-0.6946935153883658,0.6946935153883658,53,21
2024-03-05 22:00:00,72.86,76.95819800856884,4.098198008568843,4.098198008568843,53,22
2024-03-05 23:00:00,71.0,69.5598590020713,-1.4401409979286939,1.4401409979286939,53,23
2024-03-06 00:00:00,70.7,71.42773513767028,0.7277351376702796,0.7277351376702796,54,0
2024-03-06 01:00:00,70.46,66.53815920123924,-3.921840798760755,3.921840798760755,54,1
2024-03-06 02:00:00,69.74,64.85175844029749,-4.888241559702507,4.888241559702507,54,2
2024-03-06 03:00:00,70.46,66.26749514703454,-4.192504852965456,4.192504852965456,54,3
2024-03-06 04:00:00,73.91,68.78114853482285,-5.128851465177149,5.128851465177149,54,4
2024-03-06 05:00:00,83.98,74.78769844715347,-9.19230155284653,9.19230155284653,54,5
2024-03-06 06:00:00,106.64,84.63727590925696,-22.002724090743044,22.002724090743044,54,6
2024-03-06 07:00:00,108.7,86.64094322694288,-22.059056773057122,22.059056773057122,54,7
2024-03-06 08:00:00,87.21,75.37389832281724,-11.836101677182754,11.836101677182754,54,8
2024-03-06 09:00:00,76.82,72.15051057063077,-4.6694894293692215,4.6694894293692215,54,9
2024-03-06 10:00:00,72.74,74.47722054693303,1.737220546933031,1.737220546933031,54,10
2024-03-06 11:00:00,69.37,67.98288741511924,-1.387112584880768,1.387112584880768,54,11
2024-03-06 12:00:00,69.29,68.0614079517094,-1.2285920482906079,1.2285920482906079,54,12
2024-03-06 13:00:00,70.64,61.74490561258103,-8.895094387418972,8.895094387418972,54,13
2024-03-06 14:00:00,72.35,64.81647184197683,-7.5335281580231594,7.5335281580231594,54,14
2024-03-06 15:00:00,74.51,67.99785468908576,-6.512145310914249,6.512145310914249,54,15
2024-03-06 16:00:00,79.47,75.95242790832316,-3.51757209167684,3.51757209167684,54,16
2024-03-06 17:00:00,116.74,94.89373364303705,-21.846266356962943,21.846266356962943,54,17
2024-03-06 18:00:00,119.27,105.8798037686324,-13.390196231367597,13.390196231367597,54,18
2024-03-06 19:00:00,93.48,90.41560980334489,-3.0643901966551113,3.0643901966551113,54,19
2024-03-06 20:00:00,80.15,80.98661753018042,0.8366175301804191,0.8366175301804191,54,20
2024-03-06 21:00:00,77.98,78.10351212477713,0.12351212477712181,0.12351212477712181,54,21
2024-03-06 22:00:00,74.34,69.78592235723973,-4.5540776427602765,4.5540776427602765,54,22
2024-03-06 23:00:00,73.33,62.15492798709917,-11.175072012900827,11.175072012900827,54,23
2024-03-07 00:00:00,72.32,65.80466481087058,-6.5153351891294164,6.5153351891294164,55,0
2024-03-07 01:00:00,70.34,62.13682989527606,-8.203170104723945,8.203170104723945,55,1
2024-03-07 02:00:00,68.71,65.5772420532481,-3.1327579467518945,3.1327579467518945,55,2
2024-03-07 03:00:00,69.89,65.8677719110092,-4.022228088990801,4.022228088990801,55,3
2024-03-07 04:00:00,73.13,76.51647661627158,3.3864766162715796,3.3864766162715796,55,4
2024-03-07 05:00:00,84.27,87.1402056307707,2.8702056307706982,2.8702056307706982,55,5
2024-03-07 06:00:00,103.2,104.45360463208851,1.2536046320885106,1.2536046320885106,55,6
2024-03-07 07:00:00,96.7,104.27479381482812,7.574793814828112,7.574793814828112,55,7
2024-03-07 08:00:00,79.09,75.32036491752659,-3.769635082473414,3.769635082473414,55,8
2024-03-07 09:00:00,71.31,78.03477654530876,6.724776545308757,6.724776545308757,55,9
2024-03-07 10:00:00,66.16,74.55080972754405,8.390809727544053,8.390809727544053,55,10
2024-03-07 11:00:00,61.58,72.87750271482608,11.29750271482608,11.29750271482608,55,11
2024-03-07 12:00:00,59.82,63.36729893948309,3.547298939483092,3.547298939483092,55,12
2024-03-07 13:00:00,63.19,67.02852147452803,3.8385214745280365,3.8385214745280365,55,13
2024-03-07 14:00:00,60.97,73.28265880891476,12.312658808914762,12.312658808914762,55,14
2024-03-07 15:00:00,57.7,80.22101223797621,22.52101223797621,22.52101223797621,55,15
2024-03-07 16:00:00,69.07,76.20300139751532,7.133001397515329,7.133001397515329,55,16
2024-03-07 17:00:00,78.06,109.09132312887077,31.031323128870767,31.031323128870767,55,17
2024-03-07 18:00:00,89.57,109.19085710737232,19.62085710737233,19.62085710737233,55,18
2024-03-07 19:00:00,74.06,81.64992283681023,7.589922836810231,7.589922836810231,55,19
2024-03-07 20:00:00,73.78,66.22375447719138,-7.556245522808624,7.556245522808624,55,20
2024-03-07 21:00:00,73.56,63.524548953149704,-10.035451046850298,10.035451046850298,55,21
2024-03-07 22:00:00,68.02,63.90254853014493,-4.1174514698550695,4.1174514698550695,55,22
2024-03-07 23:00:00,68.69,58.46934584430572,-10.220654155694277,10.220654155694277,55,23
2024-03-08 00:00:00,66.96,55.98548433292344,-10.974515667076552,10.974515667076552,56,0
2024-03-08 01:00:00,67.01,57.60373405399808,-9.406265946001923,9.406265946001923,56,1
2024-03-08 02:00:00,65.99,57.09144986082106,-8.898550139178937,8.898550139178937,56,2
2024-03-08 03:00:00,62.91,58.445818816993416,-4.4641811830065805,4.4641811830065805,56,3
2024-03-08 04:00:00,67.42,64.2610522755612,-3.1589477244388036,3.1589477244388036,56,4
2024-03-08 05:00:00,76.72,74.14027108658675,-2.5797289134132484,2.5797289134132484,56,5
2024-03-08 06:00:00,94.66,84.33123550247909,-10.328764497520908,10.328764497520908,56,6
2024-03-08 07:00:00,88.89,79.43315649339442,-9.45684350660558,9.45684350660558,56,7
2024-03-08 08:00:00,74.36,67.4959783272206,-6.864021672779401,6.864021672779401,56,8
2024-03-08 09:00:00,59.02,62.75572455488913,3.7357245548891242,3.7357245548891242,56,9
2024-03-08 10:00:00,52.52,60.03289266989574,7.512892669895734,7.512892669895734,56,10
2024-03-08 11:00:00,42.33,59.487832200288175,17.157832200288176,17.157832200288176,56,11
2024-03-08 12:00:00,29.07,53.77137059922279,24.70137059922279,24.70137059922279,56,12
2024-03-08 13:00:00,42.96,53.55248933163216,10.592489331632159,10.592489331632159,56,13
2024-03-08 14:00:00,48.91,57.78755175708018,8.877551757080184,8.877551757080184,56,14
2024-03-08 15:00:00,58.06,66.50123463759147,8.441234637591464,8.441234637591464,56,15
2024-03-08 16:00:00,73.96,68.61137922364773,-5.348620776352263,5.348620776352263,56,16
2024-03-08 17:00:00,85.55,86.58352821880554,1.033528218805543,1.033528218805543,56,17
2024-03-08 18:00:00,81.96,91.39151104536744,9.431511045367444,9.431511045367444,56,18
2024-03-08 19:00:00,73.13,70.95327519958886,-2.1767248004111366,2.1767248004111366,56,19
2024-03-08 20:00:00,66.03,69.35394926647484,3.323949266474841,3.323949266474841,56,20
2024-03-08 21:00:00,65.68,73.42938696605401,7.749386966054004,7.749386966054004,56,21
2024-03-08 22:00:00,60.54,64.60614281638257,4.066142816382573,4.066142816382573,56,22
2024-03-08 23:00:00,57.31,56.80407421704054,-0.5059257829594657,0.5059257829594657,56,23
2024-03-10 00:00:00,46.06,52.384751855059605,6.324751855059603,6.324751855059603,58,0
2024-03-10 01:00:00,40.98,46.66744888638273,5.687448886382732,5.687448886382732,58,1
2024-03-10 02:00:00,35.55,41.744645652984445,6.194645652984448,6.194645652984448,58,2
2024-03-10 03:00:00,32.39,40.8001277518042,8.410127751804197,8.410127751804197,58,3
2024-03-10 04:00:00,32.28,43.65167120130151,11.37167120130151,11.37167120130151,58,4
2024-03-10 05:00:00,33.91,47.257602977896205,13.347602977896209,13.347602977896209,58,5
2024-03-10 06:00:00,39.49,51.69526659767403,12.205266597674026,12.205266597674026,58,6
2024-03-10 07:00:00,47.34,50.42407070769983,3.08407070769983,3.08407070769983,58,7
2024-03-10 08:00:00,52.11,38.13238420626673,-13.977615793733271,13.977615793733271,58,8
2024-03-10 09:00:00,44.88,29.908927999310514,-14.971072000689489,14.971072000689489,58,9
2024-03-10 10:00:00,49.22,22.937130361198655,-26.282869638801344,26.282869638801344,58,10
2024-03-10 11:00:00,52.04,17.766064184253892,-34.27393581574611,34.27393581574611,58,11
2024-03-10 12:00:00,45.26,9.657068489072145,-35.60293151092785,35.60293151092785,58,12
2024-03-10 13:00:00,39.58,14.377274309186632,-25.202725690813367,25.202725690813367,58,13
2024-03-10 14:00:00,45.81,24.374641116008746,-21.435358883991256,21.435358883991256,58,14
2024-03-10 15:00:00,61.44,39.894028914487954,-21.545971085512043,21.545971085512043,58,15
2024-03-10 16:00:00,74.13,44.21652887925461,-29.913471120745385,29.913471120745385,58,16
2024-03-10 17:00:00,79.54,63.32593268126591,-16.214067318734095,16.214067318734095,58,17
2024-03-10 18:00:00,89.63,68.51402050571446,-21.11597949428554,21.11597949428554,58,18
2024-03-10 19:00:00,80.97,61.05435425884744,-19.91564574115256,19.91564574115256,58,19
2024-03-10 20:00:00,74.72,51.63009384365252,-23.08990615634748,23.08990615634748,58,20
2024-03-10 21:00:00,73.78,49.724285825197896,-24.055714174802105,24.055714174802105,58,21
2024-03-10 22:00:00,70.04,52.07929055901679,-17.960709440983216,17.960709440983216,58,22
2024-03-10 23:00:00,58.59,33.41016157290235,-25.179838427097657,25.179838427097657,58,23
2024-03-11 00:00:00,58.03,61.09805421902895,3.0680542190289515,3.0680542190289515,59,0
2024-03-11 01:00:00,54.19,61.881278689263254,7.691278689263257,7.691278689263257,59,1
2024-03-11 02:00:00,52.69,56.46555482376898,3.775554823768985,3.775554823768985,59,2
2024-03-11 03:00:00,52.22,53.996228347509636,1.7762283475096368,1.7762283475096368,59,3
2024-03-11 04:00:00,56.77,54.716504439965256,-2.0534955600347473,2.0534955600347473,59,4
2024-03-11 05:00:00,76.75,64.77074338994952,-11.979256610050484,11.979256610050484,59,5
2024-03-11 06:00:00,82.95,72.02916635902614,-10.920833640973868,10.920833640973868,59,6
2024-03-11 07:00:00,85.86,83.47004561183057,-2.3899543881694285,2.3899543881694285,59,7
2024-03-11 08:00:00,81.92,81.04049532008817,-0.8795046799118325,0.8795046799118325,59,8
2024-03-11 09:00:00,74.75,71.9888168319053,-2.7611831680947034,2.7611831680947034,59,9
2024-03-11 10:00:00,67.34,77.61362746040535,10.27362746040535,10.27362746040535,59,10
2024-03-11 11:00:00,68.42,73.70724181811642,5.287241818116414,5.287241818116414,59,11
2024-03-11 12:00:00,66.72,64.9172436055725,-1.8027563944275045,1.8027563944275045,59,12
2024-03-11 13:00:00,67.0,63.4108894226449,-3.5891105773551004,3.5891105773551004,59,13
2024-03-11 14:00:00,73.17,63.87510197751786,-9.294898022482144,9.294898022482144,59,14
2024-03-11 15:00:00,67.96,72.29176948696733,4.331769486967332,4.331769486967332,59,15
2024-03-11 16:00:00,78.55,79.97522642921207,1.4252264292120742,1.4252264292120742,59,16
2024-03-11 17:00:00,94.53,92.9103597789735,-1.6196402210265006,1.6196402210265006,59,17
2024-03-11 18:00:00,107.93,96.77035955034145,-11.159640449658554,11.159640449658554,59,18
2024-03-11 19:00:00,87.97,89.3747964077052,1.4047964077052058,1.4047964077052058,59,19
2024-03-11 20:00:00,76.64,81.31801643388678,4.678016433886782,4.678016433886782,59,20
2024-03-11 21:00:00,75.0,82.42708804779465,7.427088047794655,7.427088047794655,59,21
2024-03-11 22:00:00,67.08,75.07783296196133,7.997832961961336,7.997832961961336,59,22
2024-03-11 23:00:00,69.16,58.10336267630989,-11.056637323690104,11.056637323690104,59,23
2024-03-12 00:00:00,65.56,57.544123695076486,-8.015876304923516,8.015876304923516,60,0
2024-03-12 01:00:00,66.51,48.02409073725864,-18.485909262741366,18.485909262741366,60,1
2024-03-12 02:00:00,65.2,51.23668021655831,-13.96331978344169,13.96331978344169,60,2
2024-03-12 03:00:00,61.85,48.30661230107986,-13.543387698920142,13.543387698920142,60,3
2024-03-12 04:00:00,67.37,52.39510741036515,-14.974892589634855,14.974892589634855,60,4
2024-03-12 05:00:00,70.53,76.66536770356677,6.1353677035667715,6.1353677035667715,60,5
2024-03-12 06:00:00,89.8,88.5948295696205,-1.2051704303794963,1.2051704303794963,60,6
2024-03-12 07:00:00,99.44,93.66480528192155,-5.775194718078453,5.775194718078453,60,7
2024-03-12 08:00:00,93.57,83.9016951049691,-9.6683048950309,9.6683048950309,60,8
2024-03-12 09:00:00,79.58,79.78219960499672,0.2021996049967214,0.2021996049967214,60,9
2024-03-12 10:00:00,68.84,68.1879185368721,-0.6520814631278995,0.6520814631278995,60,10
2024-03-12 11:00:00,69.17,65.78572810920093,-3.38427189079907,3.38427189079907,60,11
2024-03-12 12:00:00,64.03,65.28144999774204,1.2514499977420428,1.2514499977420428,60,12
2024-03-12 13:00:00,64.35,66.46691699874027,2.1169169987402796,2.1169169987402796,60,13
2024-03-12 14:00:00,68.03,76.3787790078466,8.348779007846602,8.348779007846602,60,14
2024-03-12 15:00:00,57.42,78.75699807102897,21.336998071028972,21.336998071028972,60,15
2024-03-12 16:00:00,65.2,92.07373678917678,26.873736789176775,26.873736789176775,60,16
2024-03-12 17:00:00,71.32,104.77145961289739,33.451459612897395,33.451459612897395,60,17
2024-03-12 18:00:00,98.99,114.22651624427681,15.236516244276814,15.236516244276814,60,18
2024-03-12 19:00:00,77.6,97.9899672348093,20.389967234809305,20.389967234809305,60,19
2024-03-12 20:00:00,70.12,89.62155459958545,19.501554599585447,19.501554599585447,60,20
2024-03-12 21:00:00,70.54,90.4869022726805,19.94690227268049,19.94690227268049,60,21
2024-03-12 22:00:00,61.99,81.68228892818492,19.692288928184915,19.692288928184915,60,22
2024-03-12 23:00:00,55.09,66.03896501880192,10.948965018801914,10.948965018801914,60,23
2024-03-13 00:00:00,50.5,67.6346765678306,17.134676567830596,17.134676567830596,61,0
2024-03-13 01:00:00,48.09,67.13246915303799,19.042469153037985,19.042469153037985,61,1
2024-03-13 02:00:00,45.97,63.84194331783128,17.87194331783128,17.87194331783128,61,2
2024-03-13 03:00:00,44.49,62.95702065445465,18.46702065445465,18.46702065445465,61,3
2024-03-13 04:00:00,52.1,68.80567282939921,16.705672829399212,16.705672829399212,61,4
2024-03-13 05:00:00,65.68,69.25050375069776,3.5705037506977533,3.5705037506977533,61,5
2024-03-13 06:00:00,88.03,86.66728216436962,-1.3627178356303773,1.3627178356303773,61,6
2024-03-13 07:00:00,88.66,93.79372074001472,5.133720740014724,5.133720740014724,61,7
2024-03-13 08:00:00,70.07,86.67783144338142,16.60783144338143,16.60783144338143,61,8
2024-03-13 09:00:00,61.85,80.71464547383674,18.864645473836738,18.864645473836738,61,9
2024-03-13 10:00:00,56.15,70.26486911397824,14.114869113978237,14.114869113978237,61,10
2024-03-13 11:00:00,50.16,66.53723388307544,16.377233883075448,16.377233883075448,61,11
2024-03-13 12:00:00,40.24,64.94031894201638,24.700318942016374,24.700318942016374,61,12
2024-03-13 13:00:00,43.08,65.1921058429388,22.112105842938803,22.112105842938803,61,13
2024-03-13 14:00:00,46.93,70.5475099584476,23.617509958447606,23.617509958447606,61,14
2024-03-13 15:00:00,49.98,65.29767111597373,15.31767111597373,15.31767111597373,61,15
2024-03-13 16:00:00,62.14,75.05684141942079,12.916841419420791,12.916841419420791,61,16
2024-03-13 17:00:00,79.09,84.02467009799028,4.934670097990278,4.934670097990278,61,17
2024-03-13 18:00:00,98.78,94.7134126553429,-4.066587344657094,4.066587344657094,61,18
2024-03-13 19:00:00,82.75,79.99641167847132,-2.7535883215286816,2.7535883215286816,61,19
2024-03-13 20:00:00,67.44,68.06260708487953,0.6226070848795331,0.6226070848795331,61,20
2024-03-13 21:00:00,68.26,68.3373691552724,0.07736915527239319,0.07736915527239319,61,21
2024-03-13 22:00:00,63.88,62.040780128447906,-1.8392198715520962,1.8392198715520962,61,22
2024-03-13 23:00:00,63.29,46.483378434449996,-16.806621565550003,16.806621565550003,61,23
2024-03-14 00:00:00,56.9,60.2885449158364,3.3885449158363983,3.3885449158363983,62,0
2024-03-14 01:00:00,57.52,49.27097541430816,-8.249024585691842,8.249024585691842,62,1
2024-03-14 02:00:00,57.0,35.71972879538413,-21.28027120461587,21.28027120461587,62,2
2024-03-14 03:00:00,48.53,38.34047617983346,-10.189523820166542,10.189523820166542,62,3
2024-03-14 04:00:00,56.6,47.308228635423895,-9.291771364576107,9.291771364576107,62,4
2024-03-14 05:00:00,69.26,63.478435589320725,-5.78156441067928,5.78156441067928,62,5
2024-03-14 06:00:00,87.85,72.2534111648581,-15.596588835141901,15.596588835141901,62,6
2024-03-14 07:00:00,81.99,76.6927053136027,-5.297294686397294,5.297294686397294,62,7
2024-03-14 08:00:00,65.71,62.9044867838483,-2.805513216151695,2.805513216151695,62,8
2024-03-14 09:00:00,54.32,55.755987192646494,1.4359871926464933,1.4359871926464933,62,9
2024-03-14 10:00:00,48.68,49.847975265930245,1.1679752659302451,1.1679752659302451,62,10
2024-03-14 11:00:00,40.73,48.830233749830875,8.100233749830878,8.100233749830878,62,11
2024-03-14 12:00:00,42.6,44.32516323058449,1.725163230584485,1.725163230584485,62,12
2024-03-14 13:00:00,42.63,41.91771233521896,-0.7122876647810443,0.7122876647810443,62,13
2024-03-14 14:00:00,41.56,54.31569490352739,12.755694903527385,12.755694903527385,62,14
2024-03-14 15:00:00,39.42,47.81367522802485,8.393675228024847,8.393675228024847,62,15
2024-03-14 16:00:00,59.81,60.55154244859412,0.7415424485941173,0.7415424485941173,62,16
2024-03-14 17:00:00,62.91,70.2014614683294,7.291461468329402,7.291461468329402,62,17
2024-03-14 18:00:00,85.82,88.1951722593865,2.3751722593865026,2.3751722593865026,62,18
2024-03-14 19:00:00,74.87,71.02855052289131,-3.8414494771086964,3.8414494771086964,62,19
2024-03-14 20:00:00,62.8,62.47211225184901,-0.3278877481509852,0.3278877481509852,62,20
2024-03-14 21:00:00,59.91,66.33604652359928,6.4260465235992825,6.4260465235992825,62,21
2024-03-14 22:00:00,49.55,64.42889226161184,14.878892261611838,14.878892261611838,62,22
2024-03-14 23:00:00,45.97,48.0196626059797,2.049662605979698,2.049662605979698,62,23
2024-03-15 00:00:00,39.66,45.42641192929969,5.766411929299693,5.766411929299693,63,0
2024-03-15 01:00:00,38.68,44.248540176059166,5.568540176059166,5.568540176059166,63,1
2024-03-15 02:00:00,33.93,43.86610784957235,9.936107849572352,9.936107849572352,63,2
2024-03-15 03:00:00,21.96,39.17899877296438,17.218998772964376,17.218998772964376,63,3
2024-03-15 04:00:00,33.17,47.47264817703805,14.302648177038051,14.302648177038051,63,4
2024-03-15 05:00:00,40.36,58.75482292651036,18.394822926510358,18.394822926510358,63,5
2024-03-15 06:00:00,51.92,71.26519473462562,19.345194734625622,19.345194734625622,63,6
2024-03-15 07:00:00,62.42,70.18531406798581,7.765314067985813,7.765314067985813,63,7
2024-03-15 08:00:00,53.8,54.52044530224383,0.7204453022438315,0.7204453022438315,63,8
2024-03-15 09:00:00,43.34,52.31033401594901,8.970334015949007,8.970334015949007,63,9
2024-03-15 10:00:00,37.11,43.39982060269814,6.289820602698143,6.289820602698143,63,10
2024-03-15 11:00:00,30.56,43.22260641494379,12.662606414943792,12.662606414943792,63,11
2024-03-15 12:00:00,26.5,43.16259099257449,16.662590992574493,16.662590992574493,63,12
2024-03-15 13:00:00,15.81,44.192299513962155,28.382299513962153,28.382299513962153,63,13
2024-03-15 14:00:00,10.55,45.21137882098493,34.661378820984936,34.661378820984936,63,14
2024-03-15 15:00:00,25.46,46.23787064681688,20.77787064681688,20.77787064681688,63,15
2024-03-15 16:00:00,39.48,59.98909207636546,20.509092076365462,20.509092076365462,63,16
2024-03-15 17:00:00,57.52,66.16458811045345,8.644588110453448,8.644588110453448,63,17
2024-03-15 18:00:00,88.01,87.81954320727279,-0.19045679272721827,0.19045679272721827,63,18
2024-03-15 19:00:00,65.02,69.16722798281573,4.1472279828157355,4.1472279828157355,63,19
2024-03-15 20:00:00,56.28,60.89796989735795,4.617969897357952,4.617969897357952,63,20
2024-03-15 21:00:00,57.03,64.4571747949121,7.427174794912105,7.427174794912105,63,21
2024-03-15 22:00:00,49.59,54.780323266937145,5.190323266937142,5.190323266937142,63,22
2024-03-15 23:00:00,45.18,41.35407273815194,-3.825927261848058,3.825927261848058,63,23
2024-03-16 00:00:00,42.31,31.62654257271931,-10.683457427280693,10.683457427280693,64,0
2024-03-16 01:00:00,40.69,23.202354707233667,-17.48764529276633,17.48764529276633,64,1
2024-03-16 02:00:00,39.03,20.542430566561848,-18.487569433438154,18.487569433438154,64,2
2024-03-16 03:00:00,39.0,16.017579058456647,-22.982420941543353,22.982420941543353,64,3
2024-03-16 04:00:00,41.17,21.57710652082841,-19.592893479171593,19.592893479171593,64,4
2024-03-16 05:00:00,48.28,29.25445015213122,-19.02554984786878,19.02554984786878,64,5
2024-03-16 06:00:00,53.47,38.725486974251076,-14.744513025748923,14.744513025748923,64,6
2024-03-16 07:00:00,52.8,39.26857399050791,-13.531426009492087,13.531426009492087,64,7
2024-03-16 08:00:00,47.01,33.40892516491401,-13.601074835085988,13.601074835085988,64,8
2024-03-16 09:00:00,44.88,28.740313481027385,-16.139686518972617,16.139686518972617,64,9
2024-03-16 10:00:00,41.72,24.074893513090572,-17.645106486909427,17.645106486909427,64,10
2024-03-16 11:00:00,37.0,23.702597632754134,-13.297402367245866,13.297402367245866,64,11
2024-03-16 12:00:00,22.3,15.777068148992413,-6.522931851007588,6.522931851007588,64,12
2024-03-16 13:00:00,15.9,13.271602505996086,-2.6283974940039148,2.6283974940039148,64,13
2024-03-16 14:00:00,33.81,12.314150801893135,-21.495849198106868,21.495849198106868,64,14
2024-03-16 15:00:00,50.8,18.27508016975294,-32.52491983024706,32.52491983024706,64,15
2024-03-16 16:00:00,72.84,36.81365389979627,-36.02634610020373,36.02634610020373,64,16
2024-03-16 17:00:00,83.02,53.94554947285961,-29.074450527140385,29.074450527140385,64,17
2024-03-16 18:00:00,92.37,75.63677798142115,-16.733222018578857,16.733222018578857,64,18
2024-03-16 19:00:00,82.61,55.76220094759724,-26.847799052402756,26.847799052402756,64,19
2024-03-16 20:00:00,73.35,45.28729161611371,-28.06270838388628,28.06270838388628,64,20
2024-03-16 21:00:00,72.47,51.30621203288123,-21.163787967118772,21.163787967118772,64,21
2024-03-16 22:00:00,67.1,47.11588338242765,-19.984116617572347,19.984116617572347,64,22
2024-03-16 23:00:00,64.99,36.81071960038767,-28.179280399612324,28.179280399612324,64,23
2024-03-17 00:00:00,54.68,38.78661695468689,-15.893383045313108,15.893383045313108,65,0
2024-03-17 01:00:00,54.45,34.347894386869655,-20.102105613130348,20.102105613130348,65,1
2024-03-17 02:00:00,43.72,31.597294178858398,-12.1227058211416,12.1227058211416,65,2
2024-03-17 03:00:00,38.42,28.94181200228592,-9.47818799771408,9.47818799771408,65,3
2024-03-17 04:00:00,37.6,32.19102549226821,-5.4089745077317914,5.4089745077317914,65,4
2024-03-17 05:00:00,36.17,31.360481886186022,-4.809518113813979,4.809518113813979,65,5
2024-03-17 06:00:00,37.74,39.08130564948414,1.3413056494841413,1.3413056494841413,65,6
2024-03-17 07:00:00,35.67,39.62352485279199,3.953524852791986,3.953524852791986,65,7
2024-03-17 08:00:00,40.59,30.75983110615391,-9.830168893846093,9.830168893846093,65,8
2024-03-17 09:00:00,30.95,30.536793011634572,-0.41320698836542746,0.41320698836542746,65,9
2024-03-17 10:00:00,34.78,32.046950736852175,-2.7330492631478265,2.7330492631478265,65,10
2024-03-17 11:00:00,37.71,31.344825467110624,-6.365174532889377,6.365174532889377,65,11
2024-03-17 12:00:00,29.15,20.64339184568253,-8.506608154317469,8.506608154317469,65,12
2024-03-17 13:00:00,25.76,13.324599554680887,-12.435400445319114,12.435400445319114,65,13
2024-03-17 14:00:00,28.24,26.73033865407261,-1.5096613459273875,1.5096613459273875,65,14
2024-03-17 15:00:00,36.17,35.02226123255512,-1.147738767444885,1.147738767444885,65,15
2024-03-17 16:00:00,37.56,51.589160745170126,14.029160745170124,14.029160745170124,65,16
2024-03-17 17:00:00,49.26,62.54734924451757,13.287349244517571,13.287349244517571,65,17
2024-03-17 18:00:00,79.96,73.9277604751432,-6.0322395248567915,6.0322395248567915,65,18
2024-03-17 19:00:00,77.89,60.87483389142113,-17.015166108578867,17.015166108578867,65,19
2024-03-17 20:00:00,72.33,53.859923127092976,-18.470076872907022,18.470076872907022,65,20
2024-03-17 21:00:00,72.1,59.456870264138196,-12.643129735861798,12.643129735861798,65,21
2024-03-17 22:00:00,65.91,52.59066087200136,-13.319339127998639,13.319339127998639,65,22
2024-03-17 23:00:00,64.12,40.075690799415355,-24.04430920058465,24.04430920058465,65,23
2024-03-18 00:00:00,57.14,64.70032880963588,7.560328809635877,7.560328809635877,66,0
2024-03-18 01:00:00,58.31,62.818422113153275,4.508422113153273,4.508422113153273,66,1
2024-03-18 02:00:00,49.93,54.759831518331566,4.8298315183315665,4.8298315183315665,66,2
2024-03-18 03:00:00,46.03,50.93073427702014,4.900734277020142,4.900734277020142,66,3
2024-03-18 04:00:00,44.28,53.049750486026056,8.769750486026055,8.769750486026055,66,4
2024-03-18 05:00:00,61.71,56.08232825486093,-5.627671745139068,5.627671745139068,66,5
2024-03-18 06:00:00,94.68,67.1203384942782,-27.559661505721806,27.559661505721806,66,6
2024-03-18 07:00:00,94.45,65.82707585942023,-28.62292414057977,28.62292414057977,66,7
2024-03-18 08:00:00,82.8,58.469258826027946,-24.33074117397205,24.33074117397205,66,8
2024-03-18 09:00:00,72.81,53.932770257099655,-18.877229742900347,18.877229742900347,66,9
2024-03-18 10:00:00,66.63,55.76724938585576,-10.862750614144232,10.862750614144232,66,10
2024-03-18 11:00:00,62.52,54.08606110983121,-8.43393889016879,8.43393889016879,66,11
2024-03-18 12:00:00,49.98,44.189220748462695,-5.790779251537302,5.790779251537302,66,12
2024-03-18 13:00:00,35.0,44.533929675397154,9.533929675397154,9.533929675397154,66,13
2024-03-18 14:00:00,35.85,45.42348124054772,9.573481240547721,9.573481240547721,66,14
2024-03-18 15:00:00,43.86,51.166996167545896,7.306996167545897,7.306996167545897,66,15
2024-03-18 16:00:00,47.7,58.681093806203116,10.981093806203113,10.981093806203113,66,16
2024-03-18 17:00:00,73.45,75.83818162030472,2.388181620304721,2.388181620304721,66,17
2024-03-18 18:00:00,125.16,99.12662894669681,-26.033371053303185,26.033371053303185,66,18
2024-03-18 19:00:00,102.86,89.52468173397544,-13.335318266024558,13.335318266024558,66,19
2024-03-18 20:00:00,79.42,79.58052100281176,0.16052100281176251,0.16052100281176251,66,20
2024-03-18 21:00:00,77.8,85.79876506240937,7.998765062409376,7.998765062409376,66,21
2024-03-18 22:00:00,70.51,76.84422222936685,6.334222229366844,6.334222229366844,66,22
2024-03-18 23:00:00,69.14,65.71470283587644,-3.425297164123563,3.425297164123563,66,23
2024-03-19 00:00:00,65.06,55.859460783304236,-9.200539216695766,9.200539216695766,67,0
2024-03-19 01:00:00,59.62,53.96200554775218,-5.65799445224782,5.65799445224782,67,1
2024-03-19 02:00:00,56.18,50.6848600227957,-5.495139977204303,5.495139977204303,67,2
2024-03-19 03:00:00,53.0,51.07509095261725,-1.924909047382748,1.924909047382748,67,3
2024-03-19 04:00:00,58.76,52.30262358790234,-6.457376412097659,6.457376412097659,67,4
2024-03-19 05:00:00,76.18,68.0594569674082,-8.120543032591812,8.120543032591812,67,5
2024-03-19 06:00:00,101.64,96.34883064543574,-5.291169354564261,5.291169354564261,67,6
2024-03-19 07:00:00,95.87,100.66319706461968,4.793197064619676,4.793197064619676,67,7
2024-03-19 08:00:00,71.75,86.75340990928738,15.003409909287384,15.003409909287384,67,8
2024-03-19 09:00:00,51.67,81.91506155298835,30.245061552988346,30.245061552988346,67,9
2024-03-19 10:00:00,50.57,74.40584861581881,23.83584861581881,23.83584861581881,67,10
2024-03-19 11:00:00,47.82,68.26852886054655,20.448528860546553,20.448528860546553,67,11
2024-03-19 12:00:00,38.66,54.70538712008129,16.045387120081294,16.045387120081294,67,12
2024-03-19 13:00:00,37.34,45.11712629334155,7.777126293341546,7.777126293341546,67,13
2024-03-19 14:00:00,38.07,50.22375657650325,12.153756576503248,12.153756576503248,67,14
2024-03-19 15:00:00,45.59,59.63060758276282,14.040607582762817,14.040607582762817,67,15
2024-03-19 16:00:00,62.94,65.74756663497432,2.8075666349743216,2.8075666349743216,67,16
2024-03-19 17:00:00,76.62,88.97991831078431,12.359918310784309,12.359918310784309,67,17
2024-03-19 18:00:00,128.96,118.87864565113915,-10.081354348860856,10.081354348860856,67,18
2024-03-19 19:00:00,110.0,98.16730862165774,-11.832691378342261,11.832691378342261,67,19
2024-03-19 20:00:00,89.11,77.69105256463904,-11.418947435360963,11.418947435360963,67,20
2024-03-19 21:00:00,81.75,84.24588467135715,2.495884671357146,2.495884671357146,67,21
2024-03-19 22:00:00,76.1,74.91831033988251,-1.1816896601174847,1.1816896601174847,67,22
2024-03-19 23:00:00,76.01,63.87317257491203,-12.136827425087972,12.136827425087972,67,23
2024-03-20 00:00:00,69.0,60.97485079143317,-8.02514920856683,8.02514920856683,68,0
2024-03-20 01:00:00,61.27,57.7843582613842,-3.4856417386158043,3.4856417386158043,68,1
2024-03-20 02:00:00,50.53,48.114673221228955,-2.415326778771046,2.415326778771046,68,2
2024-03-20 03:00:00,42.84,47.40850385766351,4.568503857663508,4.568503857663508,68,3
2024-03-20 04:00:00,59.84,54.368535088593376,-5.471464911406628,5.471464911406628,68,4
2024-03-20 05:00:00,68.0,69.33311022416837,1.3331102241683652,1.3331102241683652,68,5
2024-03-20 06:00:00,88.38,89.800239275871,1.4202392758709976,1.4202392758709976,68,6
2024-03-20 07:00:00,85.25,81.66015443200664,-3.5898455679933647,3.5898455679933647,68,7
2024-03-20 08:00:00,61.76,65.1169792126559,3.356979212655908,3.356979212655908,68,8
2024-03-20 09:00:00,39.72,53.217167452387365,13.497167452387366,13.497167452387366,68,9
2024-03-20 10:00:00,35.0,58.96391773273043,23.96391773273043,23.96391773273043,68,10
2024-03-20 11:00:00,33.26,56.84752705453585,23.587527054535855,23.587527054535855,68,11
2024-03-20 12:00:00,27.0,44.2393374168995,17.239337416899502,17.239337416899502,68,12
2024-03-20 13:00:00,27.28,42.14469037519989,14.864690375199892,14.864690375199892,68,13
2024-03-20 14:00:00,28.69,46.98614554578214,18.296145545782142,18.296145545782142,68,14
2024-03-20 15:00:00,34.15,51.413438071642105,17.263438071642106,17.263438071642106,68,15
2024-03-20 16:00:00,43.07,63.61330790399539,20.54330790399539,20.54330790399539,68,16
2024-03-20 17:00:00,66.87,78.69821499049941,11.828214990499404,11.828214990499404,68,17
2024-03-20 18:00:00,124.69,116.33086428951385,-8.359135710486143,8.359135710486143,68,18
2024-03-20 19:00:00,100.76,101.71578760679377,0.9557876067937627,0.9557876067937627,68,19
2024-03-20 20:00:00,79.25,85.68749360704254,6.437493607042541,6.437493607042541,68,20
2024-03-20 21:00:00,68.0,85.66409657675788,17.664096576757885,17.664096576757885,68,21
2024-03-20 22:00:00,62.48,77.17404643359279,14.694046433592796,14.694046433592796,68,22
2024-03-20 23:00:00,65.6,72.26231431229616,6.662314312296161,6.662314312296161,68,23
2024-03-21 00:00:00,43.08,70.25536081229325,27.17536081229325,27.17536081229325,69,0
2024-03-21 01:00:00,48.64,63.103773545185575,14.463773545185575,14.463773545185575,69,1
2024-03-21 02:00:00,40.4,53.552682978342126,13.152682978342128,13.152682978342128,69,2
2024-03-21 03:00:00,35.14,50.66190141726382,15.52190141726382,15.52190141726382,69,3
2024-03-21 04:00:00,35.56,63.50629437757904,27.946294377579036,27.946294377579036,69,4
2024-03-21 05:00:00,52.71,74.19052287599396,21.480522875993962,21.480522875993962,69,5
2024-03-21 06:00:00,80.38,94.74191424568433,14.361914245684332,14.361914245684332,69,6
2024-03-21 07:00:00,73.35,91.06234357400021,17.712343574000215,17.712343574000215,69,7
2024-03-21 08:00:00,69.71,67.01366879595201,-2.696331204047979,2.696331204047979,69,8
2024-03-21 09:00:00,50.91,54.72159728574237,3.8115972857423728,3.8115972857423728,69,9
2024-03-21 10:00:00,47.82,53.281697013759356,5.4616970137593555,5.4616970137593555,69,10
2024-03-21 11:00:00,43.08,54.79091587580967,11.710915875809668,11.710915875809668,69,11
2024-03-21 12:00:00,44.99,39.598675313313095,-5.391324686686907,5.391324686686907,69,12
2024-03-21 13:00:00,31.69,30.009217968070857,-1.6807820319291444,1.6807820319291444,69,13
2024-03-21 14:00:00,34.81,40.37870358515713,5.568703585157131,5.568703585157131,69,14
2024-03-21 15:00:00,35.37,35.560826715463705,0.19082671546370733,0.19082671546370733,69,15
2024-03-21 16:00:00,39.8,50.432832575349906,10.632832575349909,10.632832575349909,69,16
2024-03-21 17:00:00,61.45,75.45216847364534,14.002168473645341,14.002168473645341,69,17
2024-03-21 18:00:00,108.7,117.67338655180782,8.97338655180782,8.97338655180782,69,18
2024-03-21 19:00:00,89.33,93.10904233132192,3.779042331321918,3.779042331321918,69,19
2024-03-21 20:00:00,65.86,77.96520398144095,12.105203981440951,12.105203981440951,69,20
2024-03-21 21:00:00,54.76,71.0073301975782,16.2473301975782,16.2473301975782,69,21
2024-03-21 22:00:00,44.21,68.97967747719716,24.769677477197156,24.769677477197156,69,22
2024-03-21 23:00:00,39.6,54.28699072995704,14.686990729957039,14.686990729957039,69,23
2024-03-22 00:00:00,37.92,35.769240535879995,-2.150759464120007,2.150759464120007,70,0
2024-03-22 01:00:00,34.8,39.23267656190194,4.432676561901943,4.432676561901943,70,1
2024-03-22 02:00:00,26.95,34.18443345297374,7.234433452973743,7.234433452973743,70,2
2024-03-22 03:00:00,20.97,36.67877331625659,15.70877331625659,15.70877331625659,70,3
2024-03-22 04:00:00,25.0,34.24345430697697,9.243454306976972,9.243454306976972,70,4
2024-03-22 05:00:00,35.0,48.15731337472587,13.157313374725867,13.157313374725867,70,5
2024-03-22 06:00:00,59.46,71.16914287183324,11.709142871833244,11.709142871833244,70,6
2024-03-22 07:00:00,60.96,61.843429481029894,0.8834294810298928,0.8834294810298928,70,7
2024-03-22 08:00:00,32.87,49.49706275879401,16.62706275879401,16.62706275879401,70,8
2024-03-22 09:00:00,21.99,43.46026276435275,21.47026276435275,21.47026276435275,70,9
2024-03-22 10:00:00,24.43,37.24289093097593,12.812890930975932,12.812890930975932,70,10
2024-03-22 11:00:00,25.84,35.036258632121935,9.196258632121936,9.196258632121936,70,11
2024-03-22 12:00:00,30.68,27.056973003080415,-3.6230269969195845,3.6230269969195845,70,12
2024-03-22 13:00:00,32.37,21.637942952188524,-10.732057047811473,10.732057047811473,70,13
2024-03-22 14:00:00,25.58,29.82270703486541,4.242707034865411,4.242707034865411,70,14
2024-03-22 15:00:00,27.2,31.9326366362978,4.732636636297801,4.732636636297801,70,15
2024-03-22 16:00:00,37.84,36.71115100594354,-1.1288489940564617,1.1288489940564617,70,16
2024-03-22 17:00:00,48.78,64.96597403540997,16.18597403540997,16.18597403540997,70,17
2024-03-22 18:00:00,74.73,101.61440284692782,26.884402846927813,26.884402846927813,70,18
2024-03-22 19:00:00,53.92,77.29458647941654,23.374586479416536,23.374586479416536,70,19
2024-03-22 20:00:00,35.0,56.91817928725375,21.91817928725375,21.91817928725375,70,20
2024-03-22 21:00:00,29.16,53.726849157681336,24.566849157681336,24.566849157681336,70,21
2024-03-22 22:00:00,24.13,46.61125166253656,22.48125166253656,22.48125166253656,70,22
2024-03-22 23:00:00,14.7,40.34079591578205,25.640795915782054,25.640795915782054,70,23
2024-03-23 00:00:00,14.22,34.71565794542829,20.49565794542829,20.49565794542829,71,0
2024-03-23 01:00:00,7.93,22.75446719230939,14.824467192309392,14.824467192309392,71,1
2024-03-23 02:00:00,3.04,18.368563679816376,15.328563679816376,15.328563679816376,71,2
2024-03-23 03:00:00,2.05,14.216858002257212,12.16685800225721,12.16685800225721,71,3
2024-03-23 04:00:00,2.03,20.927751205578517,18.897751205578516,18.897751205578516,71,4
2024-03-23 05:00:00,5.36,33.85080624647786,28.49080624647786,28.49080624647786,71,5
2024-03-23 06:00:00,7.57,48.045804095116175,40.475804095116175,40.475804095116175,71,6
2024-03-23 07:00:00,9.64,42.38171618836961,32.74171618836961,32.74171618836961,71,7
2024-03-23 08:00:00,1.58,20.6409792542767,19.060979254276702,19.060979254276702,71,8
2024-03-23 09:00:00,0.02,10.316886882721931,10.296886882721932,10.296886882721932,71,9
2024-03-23 10:00:00,-0.03,9.222907422422495,9.252907422422494,9.252907422422494,71,10
2024-03-23 11:00:00,-0.08,15.565887980213517,15.645887980213518,15.645887980213518,71,11
2024-03-23 12:00:00,-1.88,10.372761063908413,12.252761063908412,12.252761063908412,71,12
2024-03-23 13:00:00,-7.1,9.109594086311205,16.209594086311206,16.209594086311206,71,13
2024-03-23 14:00:00,-0.07,13.281663922946123,13.351663922946123,13.351663922946123,71,14
2024-03-23 15:00:00,0.0,11.142997527396929,11.142997527396929,11.142997527396929,71,15
2024-03-23 16:00:00,4.39,25.271305169078985,20.881305169078985,20.881305169078985,71,16
2024-03-23 17:00:00,14.8,49.592865922860575,34.79286592286057,34.79286592286057,71,17
2024-03-23 18:00:00,37.01,70.7190447991549,33.7090447991549,33.7090447991549,71,18
2024-03-23 19:00:00,37.06,54.00182400517784,16.941824005177835,16.941824005177835,71,19
2024-03-23 20:00:00,27.07,41.81815136856456,14.748151368564557,14.748151368564557,71,20
2024-03-23 21:00:00,29.6,41.93595699816392,12.335956998163915,12.335956998163915,71,21
2024-03-23 22:00:00,22.24,38.20504165392299,15.965041653922992,15.965041653922992,71,22
2024-03-23 23:00:00,6.98,26.84906078708518,19.86906078708518,19.86906078708518,71,23
2024-03-25 00:00:00,42.85,42.76125532174094,-0.08874467825906152,0.08874467825906152,73,0
2024-03-25 01:00:00,40.64,38.16784548048552,-2.4721545195144827,2.4721545195144827,73,1
2024-03-25 02:00:00,38.7,52.97466414913873,14.27466414913873,14.27466414913873,73,2
2024-03-25 03:00:00,33.19,70.48866506542336,37.298665065423364,37.298665065423364,73,3
2024-03-25 04:00:00,52.41,65.48587463666175,13.075874636661752,13.075874636661752,73,4
2024-03-25 05:00:00,84.91,60.73923593922556,-24.170764060774438,24.170764060774438,73,5
2024-03-25 06:00:00,113.87,68.23579199434013,-45.63420800565987,45.63420800565987,73,6
2024-03-25 07:00:00,99.68,66.49979371282741,-33.180206287172595,33.180206287172595,73,7
2024-03-25 08:00:00,49.65,51.51430252184591,1.8643025218459144,1.8643025218459144,73,8
2024-03-25 09:00:00,37.27,52.85094451085782,15.580944510857819,15.580944510857819,73,9
2024-03-25 10:00:00,32.87,62.25430680929138,29.38430680929138,29.38430680929138,73,10
2024-03-25 11:00:00,32.85,62.59271666015354,29.74271666015354,29.74271666015354,73,11
2024-03-25 12:00:00,26.07,56.760994604747545,30.690994604747544,30.690994604747544,73,12
2024-03-25 13:00:00,27.92,56.126319719962886,28.206319719962885,28.206319719962885,73,13
2024-03-25 14:00:00,27.54,58.170597995145556,30.630597995145557,30.630597995145557,73,14
2024-03-25 15:00:00,21.14,65.5093561065325,44.36935610653249,44.36935610653249,73,15
2024-03-25 16:00:00,19.25,68.05406767911174,48.80406767911174,48.80406767911174,73,16
2024-03-25 17:00:00,48.74,79.05025387298903,30.31025387298903,30.31025387298903,73,17
2024-03-25 18:00:00,106.19,101.3432691859194,-4.846730814080601,4.846730814080601,73,18
2024-03-25 19:00:00,40.26,91.34728198972198,51.08728198972198,51.08728198972198,73,19
2024-03-25 20:00:00,29.11,67.57232180417287,38.46232180417287,38.46232180417287,73,20
2024-03-25 21:00:00,31.56,74.1800414556044,42.620041455604394,42.620041455604394,73,21
2024-03-25 22:00:00,44.07,74.8496417308356,30.7796417308356,30.7796417308356,73,22
2024-03-25 23:00:00,16.44,72.94233212279941,56.502332122799416,56.502332122799416,73,23
2024-03-26 00:00:00,26.86,60.729184996935444,33.869184996935445,33.869184996935445,74,0
2024-03-26 01:00:00,26.14,53.25009039428496,27.11009039428496,27.11009039428496,74,1
2024-03-26 02:00:00,19.57,59.565115714270306,39.995115714270305,39.995115714270305,74,2
2024-03-26 03:00:00,24.49,54.31772223241824,29.827722232418242,29.827722232418242,74,3
2024-03-26 04:00:00,29.04,56.48660295767475,27.44660295767475,27.44660295767475,74,4
2024-03-26 05:00:00,62.4,76.41877002355388,14.018770023553877,14.018770023553877,74,5
2024-03-26 06:00:00,79.19,100.80008846253718,21.610088462537178,21.610088462537178,74,6
2024-03-26 07:00:00,72.05,89.92915650846557,17.87915650846557,17.87915650846557,74,7
2024-03-26 08:00:00,62.0,55.09789444609339,-6.902105553906608,6.902105553906608,74,8
2024-03-26 09:00:00,49.5,47.90812396606405,-1.5918760339359466,1.5918760339359466,74,9
2024-03-26 10:00:00,37.03,48.31776660408485,11.287766604084851,11.287766604084851,74,10
2024-03-26 11:00:00,29.31,49.17210643866269,19.86210643866269,19.86210643866269,74,11
2024-03-26 12:00:00,29.76,46.922478972703246,17.162478972703244,17.162478972703244,74,12
2024-03-26 13:00:00,37.1,42.1963294754365,5.096329475436498,5.096329475436498,74,13
2024-03-26 14:00:00,43.08,41.98149173941741,-1.0985082605825909,1.0985082605825909,74,14
2024-03-26 15:00:00,33.57,49.93345836067681,16.36345836067681,16.36345836067681,74,15
2024-03-26 16:00:00,36.81,53.2037082732563,16.393708273256294,16.393708273256294,74,16
2024-03-26 17:00:00,92.45,64.45947950361062,-27.99052049638938,27.99052049638938,74,17
2024-03-26 18:00:00,100.3,96.59128261815343,-3.7087173818465686,3.7087173818465686,74,18
2024-03-26 19:00:00,75.72,52.59940796812437,-23.12059203187563,23.12059203187563,74,19
2024-03-26 20:00:00,37.57,46.310531731647465,8.740531731647465,8.740531731647465,74,20
2024-03-26 21:00:00,46.99,49.49270903878419,2.5027090387841895,2.5027090387841895,74,21
2024-03-26 22:00:00,51.35,52.34054230061228,0.990542300612276,0.990542300612276,74,22
2024-03-26 23:00:00,58.35,23.194484789273176,-35.155515210726826,35.155515210726826,74,23
2024-03-27 00:00:00,57.09,30.69535160218789,-26.394648397812112,26.394648397812112,75,0
2024-03-27 01:00:00,57.28,32.41339183216868,-24.866608167831323,24.866608167831323,75,1
2024-03-27 02:00:00,48.13,22.214907833840684,-25.91509216615932,25.91509216615932,75,2
2024-03-27 03:00:00,46.15,30.88292450674448,-15.267075493255518,15.267075493255518,75,3
2024-03-27 04:00:00,32.09,35.98267080362293,3.892670803622927,3.892670803622927,75,4
2024-03-27 05:00:00,68.21,56.05425362474614,-12.155746375253855,12.155746375253855,75,5
2024-03-27 06:00:00,82.78,72.18903245189911,-10.590967548100892,10.590967548100892,75,6
2024-03-27 07:00:00,79.99,68.15016473988257,-11.839835260117425,11.839835260117425,75,7
2024-03-27 08:00:00,67.73,48.6081181406056,-19.121881859394406,19.121881859394406,75,8
2024-03-27 09:00:00,63.52,33.51719814377606,-30.00280185622394,30.00280185622394,75,9
2024-03-27 10:00:00,43.78,34.027084587302575,-9.752915412697426,9.752915412697426,75,10
2024-03-27 11:00:00,41.02,26.45665784802921,-14.563342151970794,14.563342151970794,75,11
2024-03-27 12:00:00,38.1,24.332726992670402,-13.7672730073296,13.7672730073296,75,12
2024-03-27 13:00:00,21.07,28.34317106748027,7.27317106748027,7.27317106748027,75,13
2024-03-27 14:00:00,19.41,39.94166651330928,20.53166651330928,20.53166651330928,75,14
2024-03-27 15:00:00,29.6,32.022794798358234,2.4227947983582325,2.4227947983582325,75,15
2024-03-27 16:00:00,29.96,39.50011577254122,9.54011577254122,9.54011577254122,75,16
2024-03-27 17:00:00,47.35,76.27837832646783,28.92837832646783,28.92837832646783,75,17
2024-03-27 18:00:00,95.41,90.61040839985931,-4.799591600140687,4.799591600140687,75,18
2024-03-27 19:00:00,60.95,65.62096583840518,4.670965838405181,4.670965838405181,75,19
2024-03-27 20:00:00,49.5,38.25447322139141,-11.245526778608593,11.245526778608593,75,20
2024-03-27 21:00:00,46.21,50.604086443187825,4.394086443187824,4.394086443187824,75,21
2024-03-27 22:00:00,32.66,57.112413629862665,24.45241362986267,24.45241362986267,75,22
2024-03-27 23:00:00,21.24,51.25191150394736,30.011911503947363,30.011911503947363,75,23
2024-03-28 00:00:00,12.82,61.0452753555541,48.225275355554096,48.225275355554096,76,0
2024-03-28 01:00:00,11.19,64.61859921347177,53.42859921347177,53.42859921347177,76,1
2024-03-28 02:00:00,10.37,58.16355298730454,47.793552987304544,47.793552987304544,76,2
2024-03-28 03:00:00,5.16,56.56127174847007,51.401271748470066,51.401271748470066,76,3
2024-03-28 04:00:00,12.43,49.68984202565402,37.259842025654024,37.259842025654024,76,4
2024-03-28 05:00:00,17.92,79.75093729755775,61.83093729755775,61.83093729755775,76,5
2024-03-28 06:00:00,28.62,92.40462759244079,63.784627592440785,63.784627592440785,76,6
2024-03-28 07:00:00,19.39,84.89139770239201,65.50139770239201,65.50139770239201,76,7
2024-03-28 08:00:00,22.91,70.61482775462885,47.70482775462885,47.70482775462885,76,8
2024-03-28 09:00:00,8.98,55.92449331342576,46.94449331342575,46.94449331342575,76,9
2024-03-28 10:00:00,3.68,49.02311722558132,45.343117225581324,45.343117225581324,76,10
2024-03-28 11:00:00,6.71,48.49932869730332,41.78932869730332,41.78932869730332,76,11
2024-03-28 12:00:00,0.05,39.10622092916201,39.056220929162016,39.056220929162016,76,12
2024-03-28 13:00:00,0.15,33.65708112637453,33.50708112637453,33.50708112637453,76,13
2024-03-28 14:00:00,5.57,36.16362571988604,30.59362571988604,30.59362571988604,76,14
2024-03-28 15:00:00,7.89,41.96058342210995,34.07058342210995,34.07058342210995,76,15
2024-03-28 16:00:00,15.03,45.6000962874248,30.570096287424796,30.570096287424796,76,16
2024-03-28 17:00:00,26.64,64.13584182451339,37.49584182451339,37.49584182451339,76,17
2024-03-28 18:00:00,59.87,97.31182898096638,37.441828980966385,37.441828980966385,76,18
2024-03-28 19:00:00,34.46,60.47150126006831,26.011501260068307,26.011501260068307,76,19
2024-03-28 20:00:00,18.71,54.835384077956554,36.125384077956554,36.125384077956554,76,20
2024-03-28 21:00:00,32.06,56.66894456482759,24.60894456482759,24.60894456482759,76,21
2024-03-28 22:00:00,25.0,48.44657296597618,23.44657296597618,23.44657296597618,76,22
2024-03-28 23:00:00,20.6,31.1423399812003,10.5423399812003,10.5423399812003,76,23
2024-03-29 00:00:00,18.83,31.15116183749886,12.321161837498863,12.321161837498863,77,0
2024-03-29 01:00:00,12.43,30.148783977375793,17.718783977375793,17.718783977375793,77,1
2024-03-29 02:00:00,10.24,30.477548592999277,20.237548592999275,20.237548592999275,77,2
2024-03-29 03:00:00,12.59,31.8823729057505,19.2923729057505,19.2923729057505,77,3
2024-03-29 04:00:00,14.32,38.0800818754042,23.760081875404197,23.760081875404197,77,4
2024-03-29 05:00:00,22.02,48.64997767401567,26.629977674015674,26.629977674015674,77,5
2024-03-29 06:00:00,28.65,56.7835266086454,28.133526608645404,28.133526608645404,77,6
2024-03-29 07:00:00,29.09,46.013601799113715,16.923601799113715,16.923601799113715,77,7
2024-03-29 08:00:00,27.25,43.27336945540196,16.023369455401962,16.023369455401962,77,8
2024-03-29 09:00:00,20.9,35.32739957674589,14.427399576745891,14.427399576745891,77,9
2024-03-29 10:00:00,18.75,23.021390105036588,4.271390105036588,4.271390105036588,77,10
2024-03-29 11:00:00,12.96,30.190668975337893,17.230668975337892,17.230668975337892,77,11
2024-03-29 12:00:00,9.86,22.371741904971216,12.511741904971217,12.511741904971217,77,12
2024-03-29 13:00:00,13.44,27.355237388952773,13.915237388952773,13.915237388952773,77,13
2024-03-29 14:00:00,19.61,30.748759241603274,11.138759241603275,11.138759241603275,77,14
2024-03-29 15:00:00,23.45,33.04257127475075,9.59257127475075,9.59257127475075,77,15
2024-03-29 16:00:00,44.46,42.000641348099585,-2.4593586519004162,2.4593586519004162,77,16
2024-03-29 17:00:00,74.71,58.23114151413498,-16.47885848586501,16.47885848586501,77,17
2024-03-29 18:00:00,105.5,72.99244945365243,-32.507550546347574,32.507550546347574,77,18
2024-03-29 19:00:00,87.4,51.606667497730555,-35.79333250226945,35.79333250226945,77,19
2024-03-29 20:00:00,59.64,32.06583648059755,-27.574163519402454,27.574163519402454,77,20
2024-03-29 21:00:00,75.89,53.123305558575645,-22.766694441424356,22.766694441424356,77,21
2024-03-29 22:00:00,70.0,46.74962096104779,-23.25037903895221,23.25037903895221,77,22
2024-03-29 23:00:00,69.3,33.00782901120615,-36.29217098879385,36.29217098879385,77,23
2024-03-30 00:00:00,58.16,31.41681543711846,-26.743184562881538,26.743184562881538,78,0
2024-03-30 01:00:00,48.54,26.438820534903066,-22.101179465096934,22.101179465096934,78,1
2024-03-30 02:00:00,59.09,21.96516776006412,-37.124832239935884,37.124832239935884,78,2
2024-03-30 03:00:00,59.74,26.659689125510525,-33.08031087448948,33.08031087448948,78,3
2024-03-30 04:00:00,65.05,24.53841332194547,-40.51158667805453,40.51158667805453,78,4
2024-03-30 05:00:00,52.81,37.383806765571904,-15.426193234428098,15.426193234428098,78,5
2024-03-30 06:00:00,45.85,37.78304110725437,-8.066958892745632,8.066958892745632,78,6
2024-03-30 07:00:00,38.47,36.68939362026624,-1.7806063797337615,1.7806063797337615,78,7
2024-03-30 08:00:00,43.38,20.136842733225876,-23.243157266774126,23.243157266774126,78,8
2024-03-30 09:00:00,35.74,15.44897586592323,-20.29102413407677,20.29102413407677,78,9
2024-03-30 10:00:00,24.48,15.126394496574235,-9.353605503425765,9.353605503425765,78,10
2024-03-30 11:00:00,20.26,8.464346923466707,-11.795653076533295,11.795653076533295,78,11
2024-03-30 12:00:00,9.93,2.535497533765664,-7.394502466234336,7.394502466234336,78,12
2024-03-30 13:00:00,15.93,6.833797864025485,-9.096202135974515,9.096202135974515,78,13
2024-03-30 14:00:00,28.91,17.794982637433293,-11.115017362566707,11.115017362566707,78,14
2024-03-30 15:00:00,52.52,19.909062699830514,-32.61093730016949,32.61093730016949,78,15
2024-03-30 16:00:00,59.64,36.23615892173378,-23.40384107826622,23.40384107826622,78,16
2024-03-30 17:00:00,76.23,49.54475914605765,-26.685240853942354,26.685240853942354,78,17
2024-03-30 18:00:00,94.24,70.43261033741285,-23.80738966258714,23.80738966258714,78,18
2024-03-30 19:00:00,82.4,56.856736042605604,-25.5432639573944,25.5432639573944,78,19
2024-03-30 20:00:00,71.61,40.14978895233632,-31.460211047663677,31.460211047663677,78,20
2024-03-30 21:00:00,70.83,50.84407077423172,-19.98592922576828,19.98592922576828,78,21
2024-03-30 22:00:00,65.74,43.553393238236794,-22.1866067617632,22.1866067617632,78,22
2024-03-30 23:00:00,60.13,40.30292097938033,-19.82707902061967,19.82707902061967,78,23
2024-03-31 00:00:00,48.46,30.768099140125017,-17.691900859874984,17.691900859874984,79,0
2024-03-31 01:00:00,17.66,27.123188652887052,9.463188652887052,9.463188652887052,79,1
2024-03-31 02:00:00,15.96,29.009644850455302,13.049644850455302,13.049644850455302,79,2
2024-03-31 03:00:00,29.91,36.37345349092891,6.463453490928909,6.463453490928909,79,3
2024-03-31 04:00:00,23.52,35.394250719401576,11.874250719401577,11.874250719401577,79,4
2024-03-31 05:00:00,33.29,28.2286363911064,-5.0613636088936005,5.0613636088936005,79,5
2024-03-31 06:00:00,29.83,30.751873302516046,0.9218733025160475,0.9218733025160475,79,6
2024-03-31 07:00:00,24.53,15.035595505138787,-9.494404494861215,9.494404494861215,79,7
2024-03-31 08:00:00,31.25,12.128603220674634,-19.121396779325366,19.121396779325366,79,8
2024-03-31 09:00:00,29.25,11.462081824444311,-17.78791817555569,17.78791817555569,79,9
2024-03-31 10:00:00,20.47,8.445381850846502,-12.024618149153497,12.024618149153497,79,10
2024-03-31 11:00:00,3.2,2.366264420804683,-0.8337355791953174,0.8337355791953174,79,11
2024-03-31 12:00:00,1.03,-1.6190738115156194,-2.6490738115156196,2.6490738115156196,79,12
2024-03-31 13:00:00,10.88,-7.821439276955218,-18.70143927695522,18.70143927695522,79,13
2024-03-31 14:00:00,8.19,12.100692120211036,3.9106921202110367,3.9106921202110367,79,14
2024-03-31 15:00:00,10.15,15.365372951690944,5.215372951690943,5.215372951690943,79,15
2024-03-31 16:00:00,14.41,25.246342382203537,10.836342382203537,10.836342382203537,79,16
2024-03-31 17:00:00,21.76,39.39069399344899,17.63069399344899,17.63069399344899,79,17
2024-03-31 18:00:00,31.62,58.18633066682475,26.56633066682475,26.56633066682475,79,18
2024-03-31 19:00:00,26.12,43.47093391095302,17.35093391095302,17.35093391095302,79,19
2024-03-31 20:00:00,24.53,32.22919397750426,7.699193977504258,7.699193977504258,79,20
2024-03-31 21:00:00,32.35,35.7248821582807,3.3748821582806983,3.3748821582806983,79,21
2024-03-31 22:00:00,40.7,35.040334141713366,-5.659665858286637,5.659665858286637,79,22
2024-03-31 23:00:00,32.1,20.151629219761205,-11.948370780238797,11.948370780238797,79,23
2024-04-05 00:00:00,8.35,34.18343002288397,25.833430022883967,25.833430022883967,84,0
2024-04-05 01:00:00,4.77,25.73559912166641,20.96559912166641,20.96559912166641,84,1
2024-04-05 02:00:00,2.42,12.56322372456259,10.14322372456259,10.14322372456259,84,2
2024-04-05 03:00:00,3.71,5.032999382618343,1.3229993826183426,1.3229993826183426,84,3
2024-04-05 04:00:00,9.34,-2.1661779951294164,-11.506177995129416,11.506177995129416,84,4
2024-04-05 05:00:00,5.15,5.825013633404396,0.6750136334043955,0.6750136334043955,84,5
2024-04-05 06:00:00,12.65,12.195369446882978,-0.4546305531170223,0.4546305531170223,84,6
2024-04-05 07:00:00,3.86,15.30928642540374,11.449286425403741,11.449286425403741,84,7
2024-04-05 08:00:00,3.4,8.220455603410997,4.820455603410997,4.820455603410997,84,8
2024-04-05 09:00:00,2.0,14.581017065122253,12.581017065122253,12.581017065122253,84,9
2024-04-05 10:00:00,2.09,14.259875816191055,12.169875816191055,12.169875816191055,84,10
2024-04-05 11:00:00,0.0,12.61672786737357,12.61672786737357,12.61672786737357,84,11
2024-04-05 12:00:00,-0.02,7.362830751834011,7.38283075183401,7.38283075183401,84,12
2024-04-05 13:00:00,-0.05,1.4261062824021025,1.4761062824021025,1.4761062824021025,84,13
2024-04-05 14:00:00,0.0,3.613283412067986,3.613283412067986,3.613283412067986,84,14
2024-04-05 15:00:00,0.08,-5.550711753647036,-5.630711753647036,5.630711753647036,84,15
2024-04-05 16:00:00,7.54,9.880169545868654,2.3401695458686538,2.3401695458686538,84,16
2024-04-05 17:00:00,11.3,25.098284923744473,13.798284923744472,13.798284923744472,84,17
2024-04-05 18:00:00,14.4,31.642389099123378,17.24238909912338,17.24238909912338,84,18
2024-04-05 19:00:00,5.14,33.562329678869204,28.422329678869204,28.422329678869204,84,19
2024-04-05 20:00:00,14.75,25.76690370777476,11.016903707774759,11.016903707774759,84,20
2024-04-05 21:00:00,15.78,27.588847539120913,11.808847539120913,11.808847539120913,84,21
2024-04-05 22:00:00,5.35,23.729732336220565,18.379732336220563,18.379732336220563,84,22
2024-04-05 23:00:00,0.0,9.799071449962867,9.799071449962867,9.799071449962867,84,23
2024-04-10 00:00:00,6.7,8.812926385680996,2.1129263856809954,2.1129263856809954,89,0
2024-04-10 01:00:00,9.06,17.327161808036962,8.267161808036962,8.267161808036962,89,1
2024-04-10 02:00:00,9.76,9.21675448240785,-0.5432455175921493,0.5432455175921493,89,2
2024-04-10 03:00:00,18.71,2.67290956207988,-16.03709043792012,16.03709043792012,89,3
2024-04-10 04:00:00,46.16,-6.039189947551918,-52.199189947551915,52.199189947551915,89,4
2024-04-10 05:00:00,99.63,1.6558345630378852,-97.97416543696211,97.97416543696211,89,5
2024-04-10 06:00:00,108.69,9.853677928973767,-98.83632207102623,98.83632207102623,89,6
2024-04-10 07:00:00,83.56,6.5672939010031826,-76.99270609899682,76.99270609899682,89,7
2024-04-10 08:00:00,67.5,6.847499435227405,-60.652500564772595,60.652500564772595,89,8
2024-04-10 09:00:00,49.03,12.600339104213532,-36.42966089578647,36.42966089578647,89,9
2024-04-10 10:00:00,35.86,18.144153113838854,-17.715846886161145,17.715846886161145,89,10
2024-04-10 11:00:00,27.96,29.759625881017534,1.7996258810175334,1.7996258810175334,89,11
2024-04-10 12:00:00,23.37,34.24165715898593,10.87165715898593,10.87165715898593,89,12
2024-04-10 13:00:00,21.84,29.701115510673212,7.861115510673212,7.861115510673212,89,13
2024-04-10 14:00:00,17.93,21.215924772508387,3.2859247725083875,3.2859247725083875,89,14
2024-04-10 15:00:00,52.7,17.844774128338884,-34.85522587166112,34.85522587166112,89,15
2024-04-10 16:00:00,31.85,16.19370204861221,-15.656297951387792,15.656297951387792,89,16
2024-04-10 17:00:00,46.49,21.6088467389921,-24.881153261007903,24.881153261007903,89,17
2024-04-10 18:00:00,35.71,21.14123608871583,-14.568763911284172,14.568763911284172,89,18
2024-04-10 19:00:00,34.45,26.415169149698258,-8.034830850301745,8.034830850301745,89,19
2024-04-10 20:00:00,48.22,15.525754623195468,-32.69424537680453,32.69424537680453,89,20
2024-04-10 21:00:00,27.59,16.566822268019465,-11.023177731980535,11.023177731980535,89,21
2024-04-10 22:00:00,3.25,27.493525978851544,24.243525978851544,24.243525978851544,89,22
2024-04-10 23:00:00,1.0,12.507502071186707,11.507502071186707,11.507502071186707,89,23
2024-04-12 00:00:00,12.5,0.18550953855292107,-12.314490461447079,12.314490461447079,91,0
2024-04-12 01:00:00,11.94,4.522984800925286,-7.417015199074713,7.417015199074713,91,1
2024-04-12 02:00:00,12.49,6.699273690661215,-5.790726309338785,5.790726309338785,91,2
2024-04-12 03:00:00,16.93,6.64093364149376,-10.28906635850624,10.28906635850624,91,3
2024-04-12 04:00:00,33.47,10.052766288201681,-23.417233711798318,23.417233711798318,91,4
2024-04-12 05:00:00,78.44,14.165054617701173,-64.27494538229882,64.27494538229882,91,5
2024-04-12 06:00:00,74.04,33.65183479599386,-40.38816520400615,40.38816520400615,91,6
2024-04-12 07:00:00,14.86,17.010547097428415,2.150547097428415,2.150547097428415,91,7
2024-04-12 08:00:00,11.8,5.468196341847801,-6.3318036581522,6.3318036581522,91,8
2024-04-12 09:00:00,18.7,11.085541212039743,-7.614458787960256,7.614458787960256,91,9
2024-04-12 10:00:00,0.0,9.284110640812528,9.284110640812528,9.284110640812528,91,10
2024-04-12 11:00:00,-0.06,6.69638624648222,6.7563862464822195,6.7563862464822195,91,11
2024-04-12 12:00:00,-0.09,3.18052472861379,3.2705247286137897,3.2705247286137897,91,12
2024-04-12 13:00:00,-0.37,1.5080468751079223,1.8780468751079225,1.8780468751079225,91,13
2024-04-12 14:00:00,-0.03,0.7657978818496929,0.7957978818496929,0.7957978818496929,91,14
2024-04-12 15:00:00,4.69,7.243976021995493,2.553976021995493,2.553976021995493,91,15
2024-04-12 16:00:00,8.46,12.055985881668818,3.595985881668817,3.595985881668817,91,16
2024-04-12 17:00:00,25.61,20.53001417952109,-5.07998582047891,5.07998582047891,91,17
2024-04-12 18:00:00,39.35,46.99979525447732,7.6497952544773185,7.6497952544773185,91,18
2024-04-12 19:00:00,38.47,47.815064803756115,9.345064803756117,9.345064803756117,91,19
2024-04-12 20:00:00,38.05,46.524733176263894,8.474733176263896,8.474733176263896,91,20
2024-04-12 21:00:00,26.67,27.68609719922845,1.0160971992284473,1.0160971992284473,91,21
2024-04-12 22:00:00,24.15,15.221174854214752,-8.928825145785247,8.928825145785247,91,22
2024-04-12 23:00:00,17.73,7.539322084862235,-10.190677915137766,10.190677915137766,91,23
2024-04-13 00:00:00,17.15,-4.32671483273559,-21.47671483273559,21.47671483273559,92,0
2024-04-13 01:00:00,11.13,-3.1136674401859636,-14.243667440185964,14.243667440185964,92,1
2024-04-13 02:00:00,7.74,-7.218550973704069,-14.95855097370407,14.95855097370407,92,2
2024-04-13 03:00:00,6.79,-2.042867581362941,-8.83286758136294,8.83286758136294,92,3
2024-04-13 04:00:00,10.39,9.247168409936265,-1.1428315900637358,1.1428315900637358,92,4
2024-04-13 05:00:00,11.76,39.14280082093815,27.38280082093815,27.38280082093815,92,5
2024-04-13 06:00:00,13.26,52.19286122730708,38.93286122730708,38.93286122730708,92,6
2024-04-13 07:00:00,8.8,18.808836355503118,10.008836355503117,10.008836355503117,92,7
2024-04-13 08:00:00,-0.02,10.06340222313112,10.08340222313112,10.08340222313112,92,8
2024-04-13 09:00:00,-9.79,13.400996264162913,23.190996264162912,23.190996264162912,92,9
2024-04-13 10:00:00,-20.64,1.1856300117108987,21.8256300117109,21.8256300117109,92,10
2024-04-13 11:00:00,-50.0,-1.0877625987615716,48.91223740123843,48.91223740123843,92,11
2024-04-13 12:00:00,-55.01,-1.5651284147958222,53.444871585204176,53.444871585204176,92,12
2024-04-13 13:00:00,-49.91,-3.1708220595924956,46.7391779404075,46.7391779404075,92,13
2024-04-13 14:00:00,-19.0,-4.667021492413696,14.332978507586304,14.332978507586304,92,14
2024-04-13 15:00:00,-0.08,-2.803607843391447,-2.723607843391447,2.723607843391447,92,15
2024-04-13 16:00:00,1.2,3.1576829422073445,1.9576829422073445,1.9576829422073445,92,16
2024-04-13 17:00:00,11.66,10.064593288305915,-1.5954067116940855,1.5954067116940855,92,17
2024-04-13 18:00:00,24.96,18.103668202434392,-6.856331797565609,6.856331797565609,92,18
2024-04-13 19:00:00,33.82,23.3605622858082,-10.4594377141918,10.4594377141918,92,19
2024-04-13 20:00:00,24.26,17.612845673023145,-6.647154326976857,6.647154326976857,92,20
2024-04-13 21:00:00,13.83,6.4445562747179395,-7.385443725282061,7.385443725282061,92,21
2024-04-13 22:00:00,5.79,0.12853784755678532,-5.661462152443215,5.661462152443215,92,22
2024-04-13 23:00:00,2.74,-7.220385871635045,-9.960385871635046,9.960385871635046,92,23
2024-04-14 00:00:00,1.69,-2.061254976497466,-3.751254976497466,3.751254976497466,93,0
2024-04-14 01:00:00,1.51,-8.5513452217467,-10.0613452217467,10.0613452217467,93,1
2024-04-14 02:00:00,3.25,-13.397794725877304,-16.647794725877304,16.647794725877304,93,2
2024-04-14 03:00:00,6.35,-17.862590898114192,-24.212590898114193,24.212590898114193,93,3
2024-04-14 04:00:00,12.86,-15.821940527422825,-28.681940527422825,28.681940527422825,93,4
2024-04-14 05:00:00,13.0,-16.63607601529978,-29.63607601529978,29.63607601529978,93,5
2024-04-14 06:00:00,7.65,-6.560084237037714,-14.210084237037714,14.210084237037714,93,6
2024-04-14 07:00:00,0.0,-19.14291791831448,-19.14291791831448,19.14291791831448,93,7
2024-04-14 08:00:00,-0.53,-31.523723804946542,-30.99372380494654,30.99372380494654,93,8
2024-04-14 09:00:00,-7.37,-29.24151312111387,-21.871513121113868,21.871513121113868,93,9
2024-04-14 10:00:00,-2.16,-44.51593332575871,-42.35593332575871,42.35593332575871,93,10
2024-04-14 11:00:00,-10.58,-54.01507376313691,-43.43507376313691,43.43507376313691,93,11
2024-04-14 12:00:00,-23.62,-52.7290822211676,-29.1090822211676,29.1090822211676,93,12
2024-04-14 13:00:00,-39.89,-54.12039540379109,-14.230395403791093,14.230395403791093,93,13
2024-04-14 14:00:00,-6.25,-37.12511831303219,-30.87511831303219,30.87511831303219,93,14
2024-04-14 15:00:00,1.57,-25.78151364572598,-27.35151364572598,27.35151364572598,93,15
2024-04-14 16:00:00,7.96,-35.290494973575505,-43.250494973575506,43.250494973575506,93,16
2024-04-14 17:00:00,2.5,-8.759489972904518,-11.259489972904518,11.259489972904518,93,17
2024-04-14 18:00:00,18.41,8.756478912704097,-9.653521087295903,9.653521087295903,93,18
2024-04-14 19:00:00,30.77,19.19504392654946,-11.57495607345054,11.57495607345054,93,19
2024-04-14 20:00:00,19.72,10.181373082134641,-9.538626917865358,9.538626917865358,93,20
2024-04-14 21:00:00,17.0,7.887843666657531,-9.112156333342469,9.112156333342469,93,21
2024-04-14 22:00:00,7.3,-8.755162951205634,-16.055162951205634,16.055162951205634,93,22
2024-04-14 23:00:00,3.25,-21.6508137413597,-24.9008137413597,24.9008137413597,93,23
2024-04-17 00:00:00,9.62,17.159735666713743,7.539735666713744,7.539735666713744,96,0
2024-04-17 01:00:00,4.84,12.952729759423121,8.112729759423122,8.112729759423122,96,1
2024-04-17 02:00:00,8.03,8.781349614262922,0.7513496142629226,0.7513496142629226,96,2
2024-04-17 03:00:00,22.03,12.393760826711286,-9.636239173288715,9.636239173288715,96,3
2024-04-17 04:00:00,65.62,17.179151037616236,-48.44084896238377,48.44084896238377,96,4
2024-04-17 05:00:00,140.0,20.960963286306637,-119.03903671369336,119.03903671369336,96,5
2024-04-17 06:00:00,101.53,31.504387907224086,-70.02561209277592,70.02561209277592,96,6
2024-04-17 07:00:00,48.78,35.55338669655759,-13.226613303442413,13.226613303442413,96,7
2024-04-17 08:00:00,15.68,32.361775592425545,16.681775592425545,16.681775592425545,96,8
2024-04-17 09:00:00,1.15,33.08165047041028,31.931650470410283,31.931650470410283,96,9
2024-04-17 10:00:00,0.0,33.97268349437935,33.97268349437935,33.97268349437935,96,10
2024-04-17 11:00:00,0.04,35.077185971996684,35.037185971996685,35.037185971996685,96,11
2024-04-17 12:00:00,6.7,27.704464575547092,21.004464575547093,21.004464575547093,96,12
2024-04-17 13:00:00,6.36,23.282894916622226,16.922894916622226,16.922894916622226,96,13
2024-04-17 14:00:00,0.96,16.766418185057603,15.806418185057602,15.806418185057602,96,14
2024-04-17 15:00:00,18.91,17.35887662780533,-1.5511233721946702,1.5511233721946702,96,15
2024-04-17 16:00:00,35.8,23.53258043297143,-12.267419567028568,12.267419567028568,96,16
2024-04-17 17:00:00,96.46,22.341656644399038,-74.11834335560096,74.11834335560096,96,17
2024-04-17 18:00:00,113.9,30.085752436613106,-83.8142475633869,83.8142475633869,96,18
2024-04-17 19:00:00,115.63,39.362810825743786,-76.2671891742562,76.2671891742562,96,19
2024-04-17 20:00:00,52.63,38.86515495377909,-13.764845046220913,13.764845046220913,96,20
2024-04-17 21:00:00,54.83,48.74542383914831,-6.0845761608516895,6.0845761608516895,96,21
2024-04-17 22:00:00,89.04,32.2902650317334,-56.74973496826661,56.74973496826661,96,22
2024-04-17 23:00:00,74.94,27.829669421788118,-47.11033057821188,47.11033057821188,96,23
2024-04-18 00:00:00,52.58,29.41494030622573,-23.165059693774268,23.165059693774268,97,0
2024-04-18 01:00:00,25.27,19.242601661723782,-6.0273983382762175,6.0273983382762175,97,1
2024-04-18 02:00:00,38.86,15.127630546164895,-23.732369453835105,23.732369453835105,97,2
2024-04-18 03:00:00,19.22,22.696024081470853,3.476024081470854,3.476024081470854,97,3
2024-04-18 04:00:00,62.47,56.14880277892824,-6.321197221071756,6.321197221071756,97,4
2024-04-18 05:00:00,114.87,96.48243319286368,-18.387566807136324,18.387566807136324,97,5
2024-04-18 06:00:00,131.19,72.43965189160438,-58.75034810839561,58.75034810839561,97,6
2024-04-18 07:00:00,101.12,40.79448040265285,-60.32551959734715,60.32551959734715,97,7
2024-04-18 08:00:00,49.74,17.672720548242623,-32.06727945175738,32.06727945175738,97,8
2024-04-18 09:00:00,21.72,13.598438935154348,-8.12156106484565,8.12156106484565,97,9
2024-04-18 10:00:00,23.17,9.598332675499378,-13.571667324500623,13.571667324500623,97,10
2024-04-18 11:00:00,33.29,6.023853346482582,-27.266146653517417,27.266146653517417,97,11
2024-04-18 12:00:00,26.02,13.234690489605256,-12.785309510394743,12.785309510394743,97,12
2024-04-18 13:00:00,12.23,12.18208492334523,-0.04791507665477113,0.04791507665477113,97,13
2024-04-18 14:00:00,13.21,12.117775978197074,-1.0922240218029273,1.0922240218029273,97,14
2024-04-18 15:00:00,13.27,19.81419663847734,6.544196638477342,6.544196638477342,97,15
2024-04-18 16:00:00,29.08,31.2197181798049,2.139718179804902,2.139718179804902,97,16
2024-04-18 17:00:00,112.33,66.19538241604451,-46.13461758395549,46.13461758395549,97,17
2024-04-18 18:00:00,115.6,74.21317785827287,-41.38682214172712,41.38682214172712,97,18
2024-04-18 19:00:00,95.07,73.27725516732241,-21.792744832677585,21.792744832677585,97,19
2024-04-18 20:00:00,89.68,43.13417292755005,-46.54582707244996,46.54582707244996,97,20
2024-04-18 21:00:00,75.67,41.910837545734985,-33.75916245426502,33.75916245426502,97,21
2024-04-18 22:00:00,36.21,66.46508175320756,30.255081753207556,30.255081753207556,97,22
2024-04-18 23:00:00,15.82,57.976344280005705,42.156344280005705,42.156344280005705,97,23
2024-04-21 00:00:00,44.07,12.583477716414166,-31.486522283585835,31.486522283585835,100,0
2024-04-21 01:00:00,44.88,17.95552295503788,-26.924477044962124,26.924477044962124,100,1
2024-04-21 02:00:00,30.0,18.088248554384407,-11.911751445615593,11.911751445615593,100,2
2024-04-21 03:00:00,17.14,12.117139349813357,-5.022860650186644,5.022860650186644,100,3
2024-04-21 04:00:00,18.93,11.394253459945986,-7.535746540054014,7.535746540054014,100,4
2024-04-21 05:00:00,9.36,19.554478053280477,10.194478053280477,10.194478053280477,100,5
2024-04-21 06:00:00,9.72,15.108326251214166,5.388326251214165,5.388326251214165,100,6
2024-04-21 07:00:00,6.22,22.428909294828102,16.208909294828103,16.208909294828103,100,7
2024-04-21 08:00:00,0.0,15.839065488084202,15.839065488084202,15.839065488084202,100,8
2024-04-21 09:00:00,-0.01,24.581545013439964,24.591545013439966,24.591545013439966,100,9
2024-04-21 10:00:00,-0.07,13.337769913862857,13.407769913862857,13.407769913862857,100,10
2024-04-21 11:00:00,-1.21,7.3653615728159565,8.575361572815957,8.575361572815957,100,11
2024-04-21 12:00:00,-1.49,6.658345981566541,8.14834598156654,8.14834598156654,100,12
2024-04-21 13:00:00,-1.5,-0.6349069325435579,0.8650930674564421,0.8650930674564421,100,13
2024-04-21 14:00:00,-1.32,2.8845608870387736,4.204560887038774,4.204560887038774,100,14
2024-04-21 15:00:00,-0.19,-4.771554192854282,-4.581554192854282,4.581554192854282,100,15
2024-04-21 16:00:00,3.88,-2.4483618205330657,-6.328361820533066,6.328361820533066,100,16
2024-04-21 17:00:00,42.05,12.923614640208697,-29.1263853597913,29.1263853597913,100,17
2024-04-21 18:00:00,31.74,14.850235478506434,-16.889764521493564,16.889764521493564,100,18
2024-04-21 19:00:00,35.88,14.056635961588483,-21.82336403841152,21.82336403841152,100,19
2024-04-21 20:00:00,34.18,32.37249460706668,-1.8075053929333222,1.8075053929333222,100,20
2024-04-21 21:00:00,27.65,46.06000347525162,18.41000347525162,18.41000347525162,100,21
2024-04-21 22:00:00,32.08,44.378525754935936,12.298525754935937,12.298525754935937,100,22
2024-04-21 23:00:00,78.05,33.84124073766361,-44.208759262336386,44.208759262336386,100,23
2024-04-22 00:00:00,78.44,67.36616148070192,-11.073838519298079,11.073838519298079,101,0
2024-04-22 01:00:00,26.29,57.78620986715947,31.49620986715947,31.49620986715947,101,1
2024-04-22 02:00:00,10.78,48.47298912304259,37.69298912304259,37.69298912304259,101,2
2024-04-22 03:00:00,36.17,44.19848472245065,8.02848472245065,8.02848472245065,101,3
2024-04-22 04:00:00,90.5,43.94739123623687,-46.55260876376313,46.55260876376313,101,4
2024-04-22 05:00:00,125.48,41.512510118087675,-83.96748988191233,83.96748988191233,101,5
2024-04-22 06:00:00,117.46,45.79805166435541,-71.66194833564458,71.66194833564458,101,6
2024-04-22 07:00:00,97.05,37.492999464536915,-59.55700053546308,59.55700053546308,101,7
2024-04-22 08:00:00,48.22,27.7027595417373,-20.517240458262698,20.517240458262698,101,8
2024-04-22 09:00:00,14.64,28.6396175566029,13.9996175566029,13.9996175566029,101,9
2024-04-22 10:00:00,33.07,24.005627469672795,-9.064372530327205,9.064372530327205,101,10
2024-04-22 11:00:00,44.17,28.433058566151765,-15.736941433848237,15.736941433848237,101,11
2024-04-22 12:00:00,18.99,22.232309066477157,3.2423090664771586,3.2423090664771586,101,12
2024-04-22 13:00:00,11.88,21.36682626582258,9.48682626582258,9.48682626582258,101,13
2024-04-22 14:00:00,13.73,25.13329198032553,11.40329198032553,11.40329198032553,101,14
2024-04-22 15:00:00,40.05,25.098335417025957,-14.95166458297404,14.95166458297404,101,15
2024-04-22 16:00:00,56.81,28.55161130792039,-28.258388692079613,28.258388692079613,101,16
2024-04-22 17:00:00,73.78,51.25938316402865,-22.520616835971353,22.520616835971353,101,17
2024-04-22 18:00:00,93.48,52.527174377558794,-40.95282562244121,40.95282562244121,101,18
2024-04-22 19:00:00,100.33,58.823064083943436,-41.50693591605656,41.50693591605656,101,19
2024-04-22 20:00:00,95.67,57.970401730618335,-37.69959826938167,37.69959826938167,101,20
2024-04-22 21:00:00,93.45,54.31243076810301,-39.13756923189699,39.13756923189699,101,21
2024-04-22 22:00:00,88.32,53.52058790889504,-34.799412091104955,34.799412091104955,101,22
2024-04-22 23:00:00,86.69,74.80835007503184,-11.881649924968158,11.881649924968158,101,23
2024-04-23 00:00:00,85.95,63.84417886661923,-22.105821133380772,22.105821133380772,102,0
2024-04-23 01:00:00,77.99,28.942449781111044,-49.04755021888895,49.04755021888895,102,1
2024-04-23 02:00:00,69.73,26.159608646173986,-43.57039135382602,43.57039135382602,102,2
2024-04-23 03:00:00,62.56,41.184215508048595,-21.375784491951407,21.375784491951407,102,3
2024-04-23 04:00:00,99.92,68.71586409025863,-31.204135909741368,31.204135909741368,102,4
2024-04-23 05:00:00,131.47,92.71131015818513,-38.75868984181487,38.75868984181487,102,5
2024-04-23 06:00:00,136.28,88.87581441799506,-47.40418558200494,47.40418558200494,102,6
2024-04-23 07:00:00,98.42,78.54229817983713,-19.87770182016287,19.87770182016287,102,7
2024-04-23 08:00:00,82.9,45.24176517869108,-37.65823482130892,37.65823482130892,102,8
2024-04-23 09:00:00,78.03,25.279103596879814,-52.75089640312019,52.75089640312019,102,9
2024-04-23 10:00:00,76.5,29.431143935539502,-47.0688560644605,47.0688560644605,102,10
2024-04-23 11:00:00,67.84,31.716062588495774,-36.12393741150423,36.12393741150423,102,11
2024-04-23 12:00:00,78.62,25.60888964733922,-53.011110352660786,53.011110352660786,102,12
2024-04-23 13:00:00,66.4,18.500686285475922,-47.899313714524084,47.899313714524084,102,13
2024-04-23 14:00:00,65.39,24.474884506539773,-40.91511549346023,40.91511549346023,102,14
2024-04-23 15:00:00,75.12,37.006990780689335,-38.11300921931067,38.11300921931067,102,15
2024-04-23 16:00:00,79.08,48.06185328959012,-31.01814671040988,31.01814671040988,102,16
2024-04-23 17:00:00,80.16,61.321249343449395,-18.8387506565506,18.8387506565506,102,17
2024-04-23 18:00:00,81.0,74.4110759748979,-6.588924025102102,6.588924025102102,102,18
2024-04-23 19:00:00,86.69,80.95687110647832,-5.73312889352168,5.73312889352168,102,19
2024-04-23 20:00:00,95.37,77.90683229774643,-17.46316770225357,17.46316770225357,102,20
2024-04-23 21:00:00,81.58,83.1195125326955,1.5395125326954968,1.5395125326954968,102,21
2024-04-23 22:00:00,68.73,82.72526490998668,13.995264909986673,13.995264909986673,102,22
2024-04-23 23:00:00,60.47,77.1526336126934,16.682633612693408,16.682633612693408,102,23
2024-04-24 00:00:00,64.94,79.64893347313539,14.708933473135389,14.708933473135389,103,0
2024-04-24 01:00:00,51.73,72.11644019684444,20.38644019684444,20.38644019684444,103,1
2024-04-24 02:00:00,49.32,64.52447850618813,15.204478506188131,15.204478506188131,103,2
2024-04-24 03:00:00,62.35,54.59417286233297,-7.755827137667033,7.755827137667033,103,3
2024-04-24 04:00:00,74.67,75.0714304689759,0.40143046897590295,0.40143046897590295,103,4
2024-04-24 05:00:00,98.86,93.10088435014259,-5.7591156498574065,5.7591156498574065,103,5
2024-04-24 06:00:00,107.62,101.77741635136229,-5.842583648637714,5.842583648637714,103,6
2024-04-24 07:00:00,89.1,79.43402890310402,-9.665971096895973,9.665971096895973,103,7
2024-04-24 08:00:00,61.53,70.6585298925542,9.128529892554198,9.128529892554198,103,8
2024-04-24 09:00:00,68.62,67.92583804110913,-0.6941619588908736,0.6941619588908736,103,9
2024-04-24 10:00:00,79.01,62.110178411319,-16.899821588681007,16.899821588681007,103,10
2024-04-24 11:00:00,44.72,53.93626057296438,9.21626057296438,9.21626057296438,103,11
2024-04-24 12:00:00,39.81,63.06128779846658,23.251287798466578,23.251287798466578,103,12
2024-04-24 13:00:00,34.24,55.69012799022798,21.450127990227976,21.450127990227976,103,13
2024-04-24 14:00:00,14.8,54.61067861523551,39.8106786152355,39.8106786152355,103,14
2024-04-24 15:00:00,42.88,64.71914047090813,21.839140470908127,21.839140470908127,103,15
2024-04-24 16:00:00,52.38,59.20397389030641,6.823973890306405,6.823973890306405,103,16
2024-04-24 17:00:00,74.7,67.74652533948071,-6.953474660519291,6.953474660519291,103,17
2024-04-24 18:00:00,92.45,71.08629655566699,-21.363703444333012,21.363703444333012,103,18
2024-04-24 19:00:00,101.48,77.28143639852547,-24.198563601474532,24.198563601474532,103,19
2024-04-24 20:00:00,93.06,84.78375563386587,-8.276244366134136,8.276244366134136,103,20
2024-04-24 21:00:00,88.28,78.97676791740453,-9.303232082595471,9.303232082595471,103,21
2024-04-24 22:00:00,83.5,72.45814228696118,-11.041857713038823,11.041857713038823,103,22
2024-04-24 23:00:00,80.0,64.45549168515953,-15.54450831484047,15.54450831484047,103,23
2024-04-25 00:00:00,77.39,72.64295670298155,-4.74704329701845,4.74704329701845,104,0
2024-04-25 01:00:00,69.18,52.51287909174156,-16.667120908258447,16.667120908258447,104,1
2024-04-25 02:00:00,64.31,46.794516913922955,-17.515483086077047,17.515483086077047,104,2
2024-04-25 03:00:00,79.97,53.46144148862855,-26.508558511371447,26.508558511371447,104,3
2024-04-25 04:00:00,77.13,65.62192434236633,-11.508075657633668,11.508075657633668,104,4
2024-04-25 05:00:00,102.24,82.51411284311709,-19.725887156882905,19.725887156882905,104,5
2024-04-25 06:00:00,105.05,95.49957994339967,-9.55042005660033,9.55042005660033,104,6
2024-04-25 07:00:00,92.1,85.16223680842259,-6.937763191577403,6.937763191577403,104,7
2024-04-25 08:00:00,80.01,58.60991604057573,-21.400083959424272,21.400083959424272,104,8
2024-04-25 09:00:00,78.2,63.226099307645356,-14.973900692354647,14.973900692354647,104,9
2024-04-25 10:00:00,73.92,66.74585527854043,-7.1741447214595695,7.1741447214595695,104,10
2024-04-25 11:00:00,61.32,53.85234141574316,-7.467658584256839,7.467658584256839,104,11
2024-04-25 12:00:00,57.04,40.10866676674194,-16.93133323325806,16.93133323325806,104,12
2024-04-25 13:00:00,60.0,36.08344226837153,-23.916557731628473,23.916557731628473,104,13
2024-04-25 14:00:00,61.19,34.40191010139337,-26.78808989860663,26.78808989860663,104,14
2024-04-25 15:00:00,66.64,50.07077138317447,-16.569228616825534,16.569228616825534,104,15
2024-04-25 16:00:00,88.59,53.05460934802386,-35.535390651976144,35.535390651976144,104,16
2024-04-25 17:00:00,71.86,68.7988318674741,-3.061168132525893,3.061168132525893,104,17
2024-04-25 18:00:00,88.61,83.71570852620312,-4.8942914737968835,4.8942914737968835,104,18
2024-04-25 19:00:00,109.9,92.78416898308828,-17.115831016911727,17.115831016911727,104,19
2024-04-25 20:00:00,91.35,91.47049381489549,0.1204938148954966,0.1204938148954966,104,20
2024-04-25 21:00:00,79.74,93.10541582985257,13.36541582985258,13.36541582985258,104,21
2024-04-25 22:00:00,79.87,88.9477604765154,9.077760476515394,9.077760476515394,104,22
2024-04-25 23:00:00,74.0,81.91335941882998,7.913359418829984,7.913359418829984,104,23
2024-04-26 00:00:00,67.81,77.06028724445241,9.250287244452409,9.250287244452409,105,0
2024-04-26 01:00:00,74.07,67.98821321881356,-6.0817867811864375,6.0817867811864375,105,1
2024-04-26 02:00:00,77.1,62.037278136608144,-15.06272186339185,15.06272186339185,105,2
2024-04-26 03:00:00,73.88,66.59622070808476,-7.283779291915238,7.283779291915238,105,3
2024-04-26 04:00:00,91.82,65.54697777599814,-26.27302222400185,26.27302222400185,105,4
2024-04-26 05:00:00,104.06,84.11324695425002,-19.946753045749986,19.946753045749986,105,5
2024-04-26 06:00:00,96.06,91.56090265418268,-4.499097345817319,4.499097345817319,105,6
2024-04-26 07:00:00,81.08,75.39959630874657,-5.6804036912534315,5.6804036912534315,105,7
2024-04-26 08:00:00,79.11,64.04826310092167,-15.061736899078326,15.061736899078326,105,8
2024-04-26 09:00:00,72.95,59.76643393223302,-13.183566067766982,13.183566067766982,105,9
2024-04-26 10:00:00,70.35,57.22803170616011,-13.121968293839885,13.121968293839885,105,10
2024-04-26 11:00:00,68.74,55.68650254375711,-13.053497456242887,13.053497456242887,105,11
2024-04-26 12:00:00,65.37,50.89467734644406,-14.475322653555942,14.475322653555942,105,12
2024-04-26 13:00:00,69.92,54.727069183623875,-15.192930816376126,15.192930816376126,105,13
2024-04-26 14:00:00,69.86,55.427808317936154,-14.432191682063845,14.432191682063845,105,14
2024-04-26 15:00:00,76.07,66.452886507281,-9.617113492719,9.617113492719,105,15
2024-04-26 16:00:00,81.36,68.63715379617905,-12.72284620382095,12.72284620382095,105,16
2024-04-26 17:00:00,101.16,59.3784282569681,-41.7815717430319,41.7815717430319,105,17
2024-04-26 18:00:00,95.09,72.33485888828672,-22.755141111713286,22.755141111713286,105,18
2024-04-26 19:00:00,96.06,87.30216966603653,-8.757830333963469,8.757830333963469,105,19
2024-04-26 20:00:00,81.49,76.17143010329308,-5.318569896706919,5.318569896706919,105,20
2024-04-26 21:00:00,88.26,68.54578565456633,-19.714214345433675,19.714214345433675,105,21
2024-04-26 22:00:00,88.04,59.482985748177676,-28.55701425182233,28.55701425182233,105,22
2024-04-26 23:00:00,72.39,46.86483216596685,-25.525167834033148,25.525167834033148,105,23
2024-04-28 00:00:00,39.6,61.306247680800425,21.706247680800423,21.706247680800423,107,0
2024-04-28 01:00:00,20.97,48.057756406305316,27.087756406305317,27.087756406305317,107,1
2024-04-28 02:00:00,5.7,46.8783754988936,41.178375498893594,41.178375498893594,107,2
2024-04-28 03:00:00,8.43,27.781168416575383,19.351168416575383,19.351168416575383,107,3
2024-04-28 04:00:00,9.92,26.03009131498112,16.11009131498112,16.11009131498112,107,4
2024-04-28 05:00:00,0.1,28.835442557907122,28.73544255790712,28.73544255790712,107,5
2024-04-28 06:00:00,-0.07,28.9087765312688,28.9787765312688,28.9787765312688,107,6
2024-04-28 07:00:00,-1.02,33.171339897293386,34.19133989729339,34.19133989729339,107,7
2024-04-28 08:00:00,-16.64,22.90435509431329,39.54435509431329,39.54435509431329,107,8
2024-04-28 09:00:00,-36.74,27.453500880632618,64.19350088063263,64.19350088063263,107,9
2024-04-28 10:00:00,-13.14,19.576600081980075,32.716600081980076,32.716600081980076,107,10
2024-04-28 11:00:00,-26.98,2.721072452383112,29.701072452383112,29.701072452383112,107,11
2024-04-28 12:00:00,-65.06,-8.501776261901725,56.55822373809828,56.55822373809828,107,12
2024-04-28 13:00:00,-52.43,-7.9317280405328745,44.498271959467125,44.498271959467125,107,13
2024-04-28 14:00:00,-23.25,1.2220739624464443,24.472073962446444,24.472073962446444,107,14
2024-04-28 15:00:00,-0.02,1.4351348663743835,1.4551348663743835,1.4551348663743835,107,15
2024-04-28 16:00:00,20.66,23.501537385962735,2.8415373859627344,2.8415373859627344,107,16
2024-04-28 17:00:00,53.18,30.98839485882778,-22.191605141172218,22.191605141172218,107,17
2024-04-28 18:00:00,62.32,37.57725418251852,-24.742745817481477,24.742745817481477,107,18
2024-04-28 19:00:00,78.56,51.96134919863359,-26.59865080136641,26.59865080136641,107,19
2024-04-28 20:00:00,72.21,49.511423658849736,-22.698576341150257,22.698576341150257,107,20
2024-04-28 21:00:00,66.94,52.39043557917964,-14.54956442082036,14.54956442082036,107,21
2024-04-28 22:00:00,63.15,43.32381381426617,-19.82618618573383,19.82618618573383,107,22
2024-04-28 23:00:00,60.05,23.768506640908967,-36.28149335909103,36.28149335909103,107,23
2024-04-29 00:00:00,58.93,54.608698323371094,-4.321301676628906,4.321301676628906,108,0
2024-04-29 01:00:00,58.87,36.36811224248251,-22.501887757517487,22.501887757517487,108,1
2024-04-29 02:00:00,56.0,26.29177295638238,-29.70822704361762,29.70822704361762,108,2
2024-04-29 03:00:00,58.52,27.1380757606699,-31.381924239330104,31.381924239330104,108,3
2024-04-29 04:00:00,52.25,36.4646607708388,-15.785339229161202,15.785339229161202,108,4
2024-04-29 05:00:00,102.26,36.74172441271495,-65.51827558728505,65.51827558728505,108,5
2024-04-29 06:00:00,99.96,47.34279089183392,-52.61720910816607,52.61720910816607,108,6
2024-04-29 07:00:00,74.49,52.69674861678259,-21.793251383217402,21.793251383217402,108,7
2024-04-29 08:00:00,59.36,35.95292939637641,-23.407070603623588,23.407070603623588,108,8
2024-04-29 09:00:00,36.73,24.351533012892105,-12.378466987107892,12.378466987107892,108,9
2024-04-29 10:00:00,37.45,34.919372138430695,-2.5306278615693074,2.5306278615693074,108,10
2024-04-29 11:00:00,42.39,24.243477589569487,-18.146522410430514,18.146522410430514,108,11
2024-04-29 12:00:00,35.53,1.4854920932878315,-34.04450790671217,34.04450790671217,108,12
2024-04-29 13:00:00,35.45,3.432362950731573,-32.01763704926843,32.01763704926843,108,13
2024-04-29 14:00:00,47.68,15.285334315654666,-32.394665684345334,32.394665684345334,108,14
2024-04-29 15:00:00,41.74,29.658043626809928,-12.081956373190074,12.081956373190074,108,15
2024-04-29 16:00:00,49.67,43.01250760929642,-6.657492390703581,6.657492390703581,108,16
2024-04-29 17:00:00,60.53,64.71691384669295,4.186913846692946,4.186913846692946,108,17
2024-04-29 18:00:00,87.21,78.87686634342036,-8.333133656579633,8.333133656579633,108,18
2024-04-29 19:00:00,97.92,98.91188973139049,0.9918897313904864,0.9918897313904864,108,19
2024-04-29 20:00:00,83.75,85.87783119223144,2.12783119223144,2.12783119223144,108,20
2024-04-29 21:00:00,69.77,90.880926927267,21.110926927267002,21.110926927267002,108,21
2024-04-29 22:00:00,73.73,83.65958917740167,9.929589177401667,9.929589177401667,108,22
2024-04-29 23:00:00,57.83,79.09731040414009,21.26731040414009,21.26731040414009,108,23
2024-04-30 00:00:00,58.99,69.59018768842,10.60018768842,10.60018768842,109,0
2024-04-30 01:00:00,68.81,65.48840202331697,-3.3215979766830372,3.3215979766830372,109,1
2024-04-30 02:00:00,64.77,60.664188531962914,-4.105811468037082,4.105811468037082,109,2
2024-04-30 03:00:00,77.13,60.35789755152027,-16.77210244847973,16.77210244847973,109,3
2024-04-30 04:00:00,85.36,56.95536666929523,-28.40463333070477,28.40463333070477,109,4
2024-04-30 05:00:00,99.32,88.36666484287818,-10.953335157121813,10.953335157121813,109,5
2024-04-30 06:00:00,84.41,93.22341143845617,8.813411438456171,8.813411438456171,109,6
2024-04-30 07:00:00,58.0,80.15865921801698,22.15865921801698,22.15865921801698,109,7
2024-04-30 08:00:00,61.61,67.51944443389583,5.909444433895828,5.909444433895828,109,8
2024-04-30 09:00:00,44.89,50.02685215789401,5.136852157894012,5.136852157894012,109,9
2024-04-30 10:00:00,28.26,46.23781399905915,17.977813999059148,17.977813999059148,109,10
2024-04-30 11:00:00,15.1,43.02756494090027,27.927564940900268,27.927564940900268,109,11
2024-04-30 12:00:00,17.5,39.52908124175355,22.029081241753552,22.029081241753552,109,12
2024-04-30 13:00:00,19.14,47.33603803943123,28.19603803943123,28.19603803943123,109,13
2024-04-30 14:00:00,27.33,59.0513248733936,31.7213248733936,31.7213248733936,109,14
2024-04-30 15:00:00,39.07,52.41313507153373,13.34313507153373,13.34313507153373,109,15
2024-04-30 16:00:00,86.2,58.77830343155752,-27.421696568442485,27.421696568442485,109,16
2024-04-30 17:00:00,55.2,67.53407393535048,12.334073935350474,12.334073935350474,109,17
2024-04-30 18:00:00,60.1,83.55330139928311,23.453301399283113,23.453301399283113,109,18
2024-04-30 19:00:00,83.91,86.44728437915214,2.5372843791521404,2.5372843791521404,109,19
2024-04-30 20:00:00,70.98,71.48494729783812,0.5049472978381147,0.5049472978381147,109,20
2024-04-30 21:00:00,75.79,64.71832210024044,-11.071677899759564,11.071677899759564,109,21
2024-04-30 22:00:00,35.01,75.46387701683396,40.453877016833964,40.453877016833964,109,22
2024-04-30 23:00:00,34.99,54.356582335538256,19.366582335538254,19.366582335538254,109,23
2024-05-02 00:00:00,10.0,43.605927670446086,33.605927670446086,33.605927670446086,111,0
2024-05-02 01:00:00,7.8,29.97457532922811,22.17457532922811,22.17457532922811,111,1
2024-05-02 02:00:00,8.0,30.769008144686453,22.769008144686453,22.769008144686453,111,2
2024-05-02 03:00:00,10.94,23.564089198964453,12.624089198964453,12.624089198964453,111,3
2024-05-02 04:00:00,22.9,30.698481958534025,7.798481958534026,7.798481958534026,111,4
2024-05-02 05:00:00,35.01,23.11276786281561,-11.897232137184389,11.897232137184389,111,5
2024-05-02 06:00:00,35.0,33.13316298366929,-1.866837016330713,1.866837016330713,111,6
2024-05-02 07:00:00,31.45,21.63194678765707,-9.818053212342928,9.818053212342928,111,7
2024-05-02 08:00:00,10.89,6.086008877709546,-4.803991122290455,4.803991122290455,111,8
2024-05-02 09:00:00,7.1,15.416047004037452,8.316047004037452,8.316047004037452,111,9
2024-05-02 10:00:00,7.78,11.148812247208582,3.3688122472085817,3.3688122472085817,111,10
2024-05-02 11:00:00,4.46,1.571487085704561,-2.888512914295439,2.888512914295439,111,11
2024-05-02 12:00:00,0.0,6.888010117546983,6.888010117546983,6.888010117546983,111,12
2024-05-02 13:00:00,0.88,8.699076255677042,7.819076255677042,7.819076255677042,111,13
2024-05-02 14:00:00,5.17,10.986035523783485,5.816035523783485,5.816035523783485,111,14
2024-05-02 15:00:00,0.44,18.34287569639376,17.90287569639376,17.90287569639376,111,15
2024-05-02 16:00:00,5.39,28.959546755963636,23.569546755963636,23.569546755963636,111,16
2024-05-02 17:00:00,17.6,45.495674737427365,27.895674737427363,27.895674737427363,111,17
2024-05-02 18:00:00,35.4,44.66209253837112,9.262092538371121,9.262092538371121,111,18
2024-05-02 19:00:00,59.14,60.29796886773791,1.1579688677379067,1.1579688677379067,111,19
2024-05-02 20:00:00,43.9,60.81398414480685,16.913984144806854,16.913984144806854,111,20
2024-05-02 21:00:00,35.64,54.934249503815884,19.294249503815884,19.294249503815884,111,21
2024-05-02 22:00:00,17.85,45.57880215633051,27.72880215633051,27.72880215633051,111,22
2024-05-02 23:00:00,31.2,37.803321615578746,6.603321615578746,6.603321615578746,111,23
2024-05-03 00:00:00,24.96,30.73761403483718,5.777614034837178,5.777614034837178,112,0
2024-05-03 01:00:00,16.72,23.93982893492597,7.219828934925971,7.219828934925971,112,1
2024-05-03 02:00:00,4.98,28.269723589607985,23.289723589607984,23.289723589607984,112,2
2024-05-03 03:00:00,10.28,34.175137833411476,23.895137833411475,23.895137833411475,112,3
2024-05-03 04:00:00,20.47,43.240106113818214,22.770106113818215,22.770106113818215,112,4
2024-05-03 05:00:00,41.0,57.97633679617266,16.97633679617266,16.97633679617266,112,5
2024-05-03 06:00:00,35.0,64.02560561393307,29.025605613933067,29.025605613933067,112,6
2024-05-03 07:00:00,28.9,54.75002978269954,25.850029782699544,25.850029782699544,112,7
2024-05-03 08:00:00,16.26,33.623111486507675,17.363111486507673,17.363111486507673,112,8
2024-05-03 09:00:00,14.21,32.72309928775872,18.51309928775872,18.51309928775872,112,9
2024-05-03 10:00:00,9.06,22.795932962776327,13.735932962776326,13.735932962776326,112,10
2024-05-03 11:00:00,11.89,19.028996466151114,7.138996466151113,7.138996466151113,112,11
2024-05-03 12:00:00,13.39,19.8874486383463,6.497448638346299,6.497448638346299,112,12
2024-05-03 13:00:00,2.51,21.859293604122016,19.349293604122018,19.349293604122018,112,13
2024-05-03 14:00:00,10.82,24.00327159236187,13.18327159236187,13.18327159236187,112,14
2024-05-03 15:00:00,16.19,25.809880085972488,9.619880085972486,9.619880085972486,112,15
2024-05-03 16:00:00,20.4,28.875833143193788,8.475833143193789,8.475833143193789,112,16
2024-05-03 17:00:00,36.95,45.799496483982665,8.849496483982662,8.849496483982662,112,17
2024-05-03 18:00:00,40.0,56.563273727719306,16.563273727719306,16.563273727719306,112,18
2024-05-03 19:00:00,66.52,68.17555161381084,1.655551613810843,1.655551613810843,112,19
2024-05-03 20:00:00,50.02,60.48375013710736,10.463750137107354,10.463750137107354,112,20
2024-05-03 21:00:00,47.8,57.437822342261384,9.637822342261387,9.637822342261387,112,21
2024-05-03 22:00:00,64.32,54.81163313863412,-9.508366861365872,9.508366861365872,112,22
2024-05-03 23:00:00,40.06,48.299934765683,8.239934765682996,8.239934765682996,112,23
2024-05-04 00:00:00,28.59,41.40838424828175,12.818384248281749,12.818384248281749,113,0
2024-05-04 01:00:00,20.04,30.11991442311553,10.079914423115532,10.079914423115532,113,1
2024-05-04 02:00:00,16.2,23.084190003343238,6.884190003343239,6.884190003343239,113,2
2024-05-04 03:00:00,20.65,24.045272050003703,3.3952720500037046,3.3952720500037046,113,3
2024-05-04 04:00:00,22.23,26.352622718556972,4.122622718556972,4.122622718556972,113,4
2024-05-04 05:00:00,26.22,38.61244643383847,12.392446433838472,12.392446433838472,113,5
2024-05-04 06:00:00,43.4,32.080793689338186,-11.319206310661812,11.319206310661812,113,6
2024-05-04 07:00:00,52.05,20.40676449059343,-31.643235509406566,31.643235509406566,113,7
2024-05-04 08:00:00,41.17,11.617908027124003,-29.552091972876,29.552091972876,113,8
2024-05-04 09:00:00,30.98,20.080772159770476,-10.899227840229525,10.899227840229525,113,9
2024-05-04 10:00:00,24.46,11.327916740673885,-13.132083259326116,13.132083259326116,113,10
2024-05-04 11:00:00,14.2,11.028304594276506,-3.1716954057234936,3.1716954057234936,113,11
2024-05-04 12:00:00,13.17,5.899995047453288,-7.270004952546712,7.270004952546712,113,12
2024-05-04 13:00:00,25.22,0.5977988215887393,-24.62220117841126,24.62220117841126,113,13
2024-05-04 14:00:00,32.08,14.502857750925813,-17.577142249074186,17.577142249074186,113,14
2024-05-04 15:00:00,31.71,17.747238577056137,-13.962761422943863,13.962761422943863,113,15
2024-05-04 16:00:00,35.19,23.718282571182357,-11.471717428817641,11.471717428817641,113,16
2024-05-04 17:00:00,28.84,38.38997989024667,9.549979890246671,9.549979890246671,113,17
2024-05-04 18:00:00,30.0,34.634989930919836,4.634989930919836,4.634989930919836,113,18
2024-05-04 19:00:00,35.01,51.97060994229019,16.96060994229019,16.96060994229019,113,19
2024-05-04 20:00:00,35.02,39.388501205871876,4.368501205871873,4.368501205871873,113,20
2024-05-04 21:00:00,52.51,40.21052010278024,-12.299479897219761,12.299479897219761,113,21
2024-05-04 22:00:00,45.81,48.76336226411248,2.953362264112478,2.953362264112478,113,22
2024-05-04 23:00:00,31.36,29.493753273836177,-1.8662467261638227,1.8662467261638227,113,23
2024-05-05 00:00:00,40.09,24.74571257251192,-15.344287427488084,15.344287427488084,114,0
2024-05-05 01:00:00,29.55,16.467829146405606,-13.082170853594395,13.082170853594395,114,1
2024-05-05 02:00:00,29.06,11.736780386581202,-17.323219613418797,17.323219613418797,114,2
2024-05-05 03:00:00,30.92,2.573767044968477,-28.346232955031525,28.346232955031525,114,3
2024-05-05 04:00:00,35.65,0.7930293939827493,-34.85697060601725,34.85697060601725,114,4
2024-05-05 05:00:00,37.98,1.0919599589459779,-36.88804004105402,36.88804004105402,114,5
2024-05-05 06:00:00,33.72,12.654451714992774,-21.065548285007225,21.065548285007225,114,6
2024-05-05 07:00:00,25.94,21.92801942882454,-4.01198057117546,4.01198057117546,114,7
2024-05-05 08:00:00,8.71,11.889970428785304,3.1799704287853032,3.1799704287853032,114,8
2024-05-05 09:00:00,0.44,-1.0083208337670442,-1.4483208337670441,1.4483208337670441,114,9
2024-05-05 10:00:00,0.0,0.8298013204266823,0.8298013204266823,0.8298013204266823,114,10
2024-05-05 11:00:00,-0.04,-7.204910051690447,-7.164910051690447,7.164910051690447,114,11
2024-05-05 12:00:00,-0.97,-0.4639708346268492,0.5060291653731508,0.5060291653731508,114,12
2024-05-05 13:00:00,-0.1,-1.6580707074510173,-1.5580707074510172,1.5580707074510172,114,13
2024-05-05 14:00:00,0.0,7.835564742745291,7.835564742745291,7.835564742745291,114,14
2024-05-05 15:00:00,32.0,4.383150679363183,-27.616849320636817,27.616849320636817,114,15
2024-05-05 16:00:00,45.82,8.963208606813893,-36.85679139318611,36.85679139318611,114,16
2024-05-05 17:00:00,55.76,15.034966603498248,-40.72503339650175,40.72503339650175,114,17
2024-05-05 18:00:00,50.55,20.715008057150513,-29.834991942849484,29.834991942849484,114,18
2024-05-05 19:00:00,54.33,31.793628311287577,-22.53637168871242,22.53637168871242,114,19
2024-05-05 20:00:00,51.61,30.13263102633539,-21.47736897366461,21.47736897366461,114,20
2024-05-05 21:00:00,58.48,40.63702148765089,-17.842978512349106,17.842978512349106,114,21
2024-05-05 22:00:00,82.86,36.270685298312074,-46.589314701687925,46.589314701687925,114,22
2024-05-05 23:00:00,55.99,23.660133205595734,-32.32986679440427,32.32986679440427,114,23
2024-05-06 00:00:00,51.91,53.6698092425941,1.7598092425941019,1.7598092425941019,115,0
2024-05-06 01:00:00,53.96,42.83387648513685,-11.126123514863153,11.126123514863153,115,1
2024-05-06 02:00:00,51.08,42.29653807013917,-8.783461929860827,8.783461929860827,115,2
2024-05-06 03:00:00,53.96,40.45875891251116,-13.501241087488843,13.501241087488843,115,3
2024-05-06 04:00:00,57.1,43.98896914272177,-13.11103085727823,13.11103085727823,115,4
2024-05-06 05:00:00,84.03,47.16628417899829,-36.86371582100171,36.86371582100171,115,5
2024-05-06 06:00:00,101.13,51.496489051220784,-49.63351094877921,49.63351094877921,115,6
2024-05-06 07:00:00,89.0,44.080946832702324,-44.919053167297676,44.919053167297676,115,7
2024-05-06 08:00:00,71.7,24.09745953007588,-47.60254046992412,47.60254046992412,115,8
2024-05-06 09:00:00,71.89,22.94685800739053,-48.94314199260947,48.94314199260947,115,9
2024-05-06 10:00:00,69.29,20.25402168503257,-49.03597831496744,49.03597831496744,115,10
2024-05-06 11:00:00,58.72,23.81785703106076,-34.90214296893924,34.90214296893924,115,11
2024-05-06 12:00:00,51.95,20.851430528548377,-31.098569471451626,31.098569471451626,115,12
2024-05-06 13:00:00,55.03,18.24667374462527,-36.78332625537473,36.78332625537473,115,13
2024-05-06 14:00:00,52.88,20.03496470528475,-32.84503529471525,32.84503529471525,115,14
2024-05-06 15:00:00,43.24,36.726579251057004,-6.513420748942998,6.513420748942998,115,15
2024-05-06 16:00:00,58.28,39.50618054942406,-18.773819450575942,18.773819450575942,115,16
2024-05-06 17:00:00,79.12,51.608416191722256,-27.51158380827775,27.51158380827775,115,17
2024-05-06 18:00:00,75.1,52.557752646421,-22.542247353578993,22.542247353578993,115,18
2024-05-06 19:00:00,97.69,64.02959497184013,-33.66040502815987,33.66040502815987,115,19
2024-05-06 20:00:00,93.2,54.45972076108404,-38.74027923891596,38.74027923891596,115,20
2024-05-06 21:00:00,84.42,61.0140469342343,-23.4059530657657,23.4059530657657,115,21
2024-05-06 22:00:00,81.73,80.1334600060473,-1.5965399939527032,1.5965399939527032,115,22
2024-05-06 23:00:00,77.64,54.05554282909536,-23.584457170904642,23.584457170904642,115,23
2024-05-07 00:00:00,74.77,42.278430492778085,-32.49156950722191,32.49156950722191,116,0
2024-05-07 01:00:00,68.24,38.19385220000321,-30.04614779999679,30.04614779999679,116,1
2024-05-07 02:00:00,66.82,38.45156427417466,-28.368435725825336,28.368435725825336,116,2
2024-05-07 03:00:00,69.09,42.79021860487695,-26.299781395123055,26.299781395123055,116,3
2024-05-07 04:00:00,75.98,42.794022313839804,-33.1859776861602,33.1859776861602,116,4
2024-05-07 05:00:00,99.87,67.87583650857371,-31.994163491426292,31.994163491426292,116,5
2024-05-07 06:00:00,112.66,85.34358697743419,-27.31641302256581,27.31641302256581,116,6
2024-05-07 07:00:00,91.75,77.18320968087758,-14.566790319122418,14.566790319122418,116,7
2024-05-07 08:00:00,70.36,60.65318384554678,-9.706816154453222,9.706816154453222,116,8
2024-05-07 09:00:00,46.71,62.24696370108521,15.536963701085206,15.536963701085206,116,9
2024-05-07 10:00:00,55.61,54.520731745693624,-1.0892682543063756,1.0892682543063756,116,10
2024-05-07 11:00:00,42.05,44.80690583404251,2.756905834042513,2.756905834042513,116,11
2024-05-07 12:00:00,32.3,40.6517541536378,8.351754153637806,8.351754153637806,116,12
2024-05-07 13:00:00,30.88,46.31660166946695,15.436601669466949,15.436601669466949,116,13
2024-05-07 14:00:00,35.28,49.57932009795251,14.29932009795251,14.29932009795251,116,14
2024-05-07 15:00:00,40.07,48.16939322667432,8.099393226674323,8.099393226674323,116,15
2024-05-07 16:00:00,61.83,52.88535516262485,-8.94464483737515,8.94464483737515,116,16
2024-05-07 17:00:00,61.11,66.40356899011613,5.293568990116128,5.293568990116128,116,17
2024-05-07 18:00:00,56.18,63.878210199837824,7.698210199837824,7.698210199837824,116,18
2024-05-07 19:00:00,67.44,78.96226994650154,11.522269946501538,11.522269946501538,116,19
2024-05-07 20:00:00,62.0,73.9469747602084,11.946974760208406,11.946974760208406,116,20
2024-05-07 21:00:00,50.01,74.47714400409944,24.467144004099445,24.467144004099445,116,21
2024-05-07 22:00:00,30.0,73.77005068893064,43.77005068893064,43.77005068893064,116,22
2024-05-07 23:00:00,20.18,59.9070922856382,39.7270922856382,39.7270922856382,116,23
2024-05-08 00:00:00,19.47,59.09079978528782,39.62079978528782,39.62079978528782,117,0
2024-05-08 01:00:00,17.27,50.174456455813946,32.90445645581394,32.90445645581394,117,1
2024-05-08 02:00:00,19.47,50.563944223136026,31.093944223136027,31.093944223136027,117,2
2024-05-08 03:00:00,18.67,50.08271726736635,31.412717267366347,31.412717267366347,117,3
2024-05-08 04:00:00,21.07,56.97882248078592,35.90882248078592,35.90882248078592,117,4
2024-05-08 05:00:00,35.01,72.06376952280125,37.053769522801254,37.053769522801254,117,5
2024-05-08 06:00:00,30.0,79.82539905629481,49.82539905629481,49.82539905629481,117,6
2024-05-08 07:00:00,18.67,64.24884252711365,45.57884252711365,45.57884252711365,117,7
2024-05-08 08:00:00,20.76,47.1248621432476,26.364862143247596,26.364862143247596,117,8
2024-05-08 09:00:00,13.94,29.964494322467424,16.024494322467426,16.024494322467426,117,9
2024-05-08 10:00:00,11.68,36.23821955826021,24.558219558260213,24.558219558260213,117,10
2024-05-08 11:00:00,7.67,32.17078239914968,24.500782399149678,24.500782399149678,117,11
2024-05-08 12:00:00,6.14,25.50434458370154,19.364344583701538,19.364344583701538,117,12
2024-05-08 13:00:00,5.05,21.911126448301957,16.861126448301956,16.861126448301956,117,13
2024-05-08 14:00:00,4.78,26.721034117081544,21.941034117081543,21.941034117081543,117,14
2024-05-08 15:00:00,3.6,33.827915521824735,30.227915521824734,30.227915521824734,117,15
2024-05-08 16:00:00,10.0,45.081896710674464,35.081896710674464,35.081896710674464,117,16
2024-05-08 17:00:00,24.5,53.0596620292069,28.559662029206898,28.559662029206898,117,17
2024-05-08 18:00:00,39.52,54.79039914590224,15.270399145902239,15.270399145902239,117,18
2024-05-08 19:00:00,43.8,56.42528777383707,12.625287773837073,12.625287773837073,117,19
2024-05-08 20:00:00,54.36,48.53080007408065,-5.829199925919347,5.829199925919347,117,20
2024-05-08 21:00:00,51.91,46.26416805188887,-5.645831948111123,5.645831948111123,117,21
2024-05-08 22:00:00,35.01,36.84727266899227,1.83727266899227,1.83727266899227,117,22
2024-05-08 23:00:00,31.31,18.962091234164106,-12.347908765835893,12.347908765835893,117,23
2024-05-09 00:00:00,32.19,24.388467644793657,-7.801532355206341,7.801532355206341,118,0
2024-05-09 01:00:00,26.24,23.100374208139883,-3.139625791860116,3.139625791860116,118,1
2024-05-09 02:00:00,15.58,23.213149926634927,7.6331499266349265,7.6331499266349265,118,2
2024-05-09 03:00:00,16.61,16.094612299537374,-0.5153877004626253,0.5153877004626253,118,3
2024-05-09 04:00:00,27.51,23.62940432863285,-3.88059567136715,3.88059567136715,118,4
2024-05-09 05:00:00,19.85,34.082293283594176,14.232293283594174,14.232293283594174,118,5
2024-05-09 06:00:00,21.07,38.47252159356734,17.402521593567343,17.402521593567343,118,6
2024-05-09 07:00:00,23.77,30.69269331817315,6.922693318173149,6.922693318173149,118,7
2024-05-09 08:00:00,6.01,24.07040449935821,18.060404499358214,18.060404499358214,118,8
2024-05-09 09:00:00,0.34,18.815002944827455,18.475002944827455,18.475002944827455,118,9
2024-05-09 10:00:00,-0.01,22.19844171473484,22.208441714734843,22.208441714734843,118,10
2024-05-09 11:00:00,-0.53,16.234286685718544,16.764286685718545,16.764286685718545,118,11
2024-05-09 12:00:00,-1.15,13.995646039358448,15.145646039358448,15.145646039358448,118,12
2024-05-09 13:00:00,-0.01,12.205977184008361,12.215977184008361,12.215977184008361,118,13
2024-05-09 14:00:00,1.74,16.13344958356764,14.393449583567639,14.393449583567639,118,14
2024-05-09 15:00:00,5.89,9.88190229535735,3.9919022953573498,3.9919022953573498,118,15
2024-05-09 16:00:00,13.01,15.75621709296503,2.746217092965031,2.746217092965031,118,16
2024-05-09 17:00:00,27.47,34.989107953390885,7.519107953390886,7.519107953390886,118,17
2024-05-09 18:00:00,36.72,47.922156951057936,11.202156951057937,11.202156951057937,118,18
2024-05-09 19:00:00,31.97,57.992518171430724,26.022518171430725,26.022518171430725,118,19
2024-05-09 20:00:00,32.25,58.05214067226242,25.802140672262418,25.802140672262418,118,20
2024-05-09 21:00:00,32.12,58.082898653909666,25.96289865390967,25.96289865390967,118,21
2024-05-09 22:00:00,18.43,49.48772422079446,31.057724220794462,31.057724220794462,118,22
2024-05-09 23:00:00,9.66,36.129983389825156,26.469983389825156,26.469983389825156,118,23
2024-05-11 00:00:00,10.19,8.620416262681246,-1.5695837373187533,1.5695837373187533,120,0
2024-05-11 01:00:00,9.91,5.178972346002979,-4.731027653997021,4.731027653997021,120,1
2024-05-11 02:00:00,8.34,1.4397910150880762,-6.900208984911924,6.900208984911924,120,2
2024-05-11 03:00:00,9.81,5.7479167831552616,-4.062083216844739,4.062083216844739,120,3
2024-05-11 04:00:00,21.73,11.046439335760212,-10.683560664239788,10.683560664239788,120,4
2024-05-11 05:00:00,13.07,13.783397955854937,0.713397955854937,0.713397955854937,120,5
2024-05-11 06:00:00,12.95,26.85982774834654,13.90982774834654,13.90982774834654,120,6
2024-05-11 07:00:00,6.4,27.59719285370685,21.197192853706852,21.197192853706852,120,7
2024-05-11 08:00:00,0.0,15.270508197360655,15.270508197360655,15.270508197360655,120,8
2024-05-11 09:00:00,-10.37,8.857164165251817,19.227164165251814,19.227164165251814,120,9
2024-05-11 10:00:00,-16.69,0.17677594476198522,16.866775944761986,16.866775944761986,120,10
2024-05-11 11:00:00,-22.76,-0.061531142858925136,22.698468857141076,22.698468857141076,120,11
2024-05-11 12:00:00,-18.79,-3.7249830777300446,15.065016922269955,15.065016922269955,120,12
2024-05-11 13:00:00,-11.64,-0.3705639021582243,11.269436097841776,11.269436097841776,120,13
2024-05-11 14:00:00,-0.41,1.6368931926613897,2.04689319266139,2.04689319266139,120,14
2024-05-11 15:00:00,0.83,6.300215381058109,5.470215381058109,5.470215381058109,120,15
2024-05-11 16:00:00,7.1,4.8945249526662025,-2.205475047333797,2.205475047333797,120,16
2024-05-11 17:00:00,11.1,17.095959532443132,5.995959532443132,5.995959532443132,120,17
2024-05-11 18:00:00,35.0,11.395696441616437,-23.604303558383563,23.604303558383563,120,18
2024-05-11 19:00:00,26.85,20.394912589149044,-6.4550874108509575,6.4550874108509575,120,19
2024-05-11 20:00:00,36.92,26.813782930332422,-10.10621706966758,10.10621706966758,120,20
2024-05-11 21:00:00,41.46,29.892255580773835,-11.567744419226166,11.567744419226166,120,21
2024-05-11 22:00:00,35.01,17.080650458612112,-17.929349541387886,17.929349541387886,120,22
2024-05-11 23:00:00,17.85,4.938269160744014,-12.911730839255988,12.911730839255988,120,23
2024-05-12 00:00:00,24.06,4.093167909309059,-19.96683209069094,19.96683209069094,121,0
2024-05-12 01:00:00,17.39,3.5591401367489652,-13.830859863251035,13.830859863251035,121,1
2024-05-12 02:00:00,11.66,-2.6079473134957993,-14.2679473134958,14.2679473134958,121,2
2024-05-12 03:00:00,7.55,1.731693384392102,-5.818306615607898,5.818306615607898,121,3
2024-05-12 04:00:00,17.61,9.07469648443633,-8.535303515563669,8.535303515563669,121,4
2024-05-12 05:00:00,4.79,2.9267691761541954,-1.8632308238458046,1.8632308238458046,121,5
2024-05-12 06:00:00,2.35,1.979548749729318,-0.37045125027068204,0.37045125027068204,121,6
2024-05-12 07:00:00,-2.78,4.433193068518975,7.213193068518974,7.213193068518974,121,7
2024-05-12 08:00:00,-23.49,-3.6516298154591453,19.838370184540853,19.838370184540853,121,8
2024-05-12 09:00:00,-39.97,-9.673579962439504,30.296420037560495,30.296420037560495,121,9
2024-05-12 10:00:00,-27.61,-14.70736415249452,12.90263584750548,12.90263584750548,121,10
2024-05-12 11:00:00,-66.52,-17.689100579706576,48.83089942029342,48.83089942029342,121,11
2024-05-12 12:00:00,-87.29,-18.017203642100526,69.27279635789948,69.27279635789948,121,12
2024-05-12 13:00:00,-64.39,-12.260081843807669,52.12991815619233,52.12991815619233,121,13
2024-05-12 14:00:00,-26.87,-9.77169827704644,17.09830172295356,17.09830172295356,121,14
2024-05-12 15:00:00,0.0,-3.0050455703963195,-3.0050455703963195,3.0050455703963195,121,15
2024-05-12 16:00:00,21.23,6.542634693190308,-14.687365306809692,14.687365306809692,121,16
2024-05-12 17:00:00,35.0,10.190660672050342,-24.809339327949658,24.809339327949658,121,17
2024-05-12 18:00:00,39.53,33.120354971978394,-6.4096450280216075,6.4096450280216075,121,18
2024-05-12 19:00:00,61.5,28.890071534160782,-32.60992846583922,32.60992846583922,121,19
2024-05-12 20:00:00,49.18,27.24389232923832,-21.93610767076168,21.93610767076168,121,20
2024-05-12 21:00:00,39.68,31.31574305920695,-8.364256940793048,8.364256940793048,121,21
2024-05-12 22:00:00,28.33,28.19802358172577,-0.13197641827422757,0.13197641827422757,121,22
2024-05-12 23:00:00,27.11,9.665802021876658,-17.44419797812334,17.44419797812334,121,23
2024-05-13 00:00:00,26.53,38.36129306452154,11.831293064521539,11.831293064521539,122,0
2024-05-13 01:00:00,25.57,28.791389278035325,3.221389278035325,3.221389278035325,122,1
2024-05-13 02:00:00,28.22,28.0389086438215,-0.18109135617849859,0.18109135617849859,122,2
2024-05-13 03:00:00,34.0,23.267237505687802,-10.732762494312198,10.732762494312198,122,3
2024-05-13 04:00:00,32.06,28.963739664041384,-3.0962603359586183,3.0962603359586183,122,4
2024-05-13 05:00:00,49.35,20.914318102859596,-28.435681897140405,28.435681897140405,122,5
2024-05-13 06:00:00,50.0,34.09577035127401,-15.904229648725988,15.904229648725988,122,6
2024-05-13 07:00:00,38.03,34.246076418561465,-3.783923581438536,3.783923581438536,122,7
2024-05-13 08:00:00,11.7,18.60576293610123,6.90576293610123,6.90576293610123,122,8
2024-05-13 09:00:00,1.52,13.265367307982373,11.745367307982374,11.745367307982374,122,9
2024-05-13 10:00:00,-0.01,15.992956350259178,16.00295635025918,16.00295635025918,122,10
2024-05-13 11:00:00,-0.03,-9.585039128538469,-9.55503912853847,9.55503912853847,122,11
2024-05-13 12:00:00,-0.01,-13.834704419610887,-13.824704419610887,13.824704419610887,122,12
2024-05-13 13:00:00,0.0,-4.051736928013199,-4.051736928013199,4.051736928013199,122,13
2024-05-13 14:00:00,3.08,18.045166016041634,14.965166016041634,14.965166016041634,122,14
2024-05-13 15:00:00,12.06,33.81033153723988,21.75033153723988,21.75033153723988,122,15
2024-05-13 16:00:00,17.93,45.71677228057252,27.78677228057252,27.78677228057252,122,16
2024-05-13 17:00:00,32.14,55.99222484280439,23.85222484280439,23.85222484280439,122,17
2024-05-13 18:00:00,35.0,60.11424544440386,25.114245444403863,25.114245444403863,122,18
2024-05-13 19:00:00,38.03,71.97575630574133,33.94575630574133,33.94575630574133,122,19
2024-05-13 20:00:00,39.68,65.31197231609895,25.631972316098945,25.631972316098945,122,20
2024-05-13 21:00:00,35.01,62.12847893069522,27.118478930695225,27.118478930695225,122,21
2024-05-13 22:00:00,11.1,50.21035195148095,39.11035195148095,39.11035195148095,122,22
2024-05-13 23:00:00,5.0,42.84474098709342,37.84474098709342,37.84474098709342,122,23
2024-05-15 00:00:00,12.03,23.03835449858802,11.008354498588021,11.008354498588021,124,0
2024-05-15 01:00:00,10.96,18.23509548142188,7.275095481421879,7.275095481421879,124,1
2024-05-15 02:00:00,11.0,17.67607693898249,6.67607693898249,6.67607693898249,124,2
2024-05-15 03:00:00,16.55,17.089345799758348,0.5393457997583475,0.5393457997583475,124,3
2024-05-15 04:00:00,17.27,13.531751894468371,-3.7382481055316283,3.7382481055316283,124,4
2024-05-15 05:00:00,34.56,18.499451788598876,-16.060548211401127,16.060548211401127,124,5
2024-05-15 06:00:00,30.0,31.11020378180138,1.1102037818013812,1.1102037818013812,124,6
2024-05-15 07:00:00,16.62,30.94114760713306,14.32114760713306,14.32114760713306,124,7
2024-05-15 08:00:00,10.44,14.399937954075227,3.9599379540752278,3.9599379540752278,124,8
2024-05-15 09:00:00,8.65,7.072789920477305,-1.577210079522695,1.577210079522695,124,9
2024-05-15 10:00:00,3.98,0.8669313751406094,-3.1130686248593906,3.1130686248593906,124,10
2024-05-15 11:00:00,2.65,-8.000661881431341,-10.650661881431342,10.650661881431342,124,11
2024-05-15 12:00:00,2.85,-19.822804427857363,-22.672804427857365,22.672804427857365,124,12
2024-05-15 13:00:00,6.66,-19.057022796657037,-25.717022796657037,25.717022796657037,124,13
2024-05-15 14:00:00,9.65,-3.3934619467312785,-13.043461946731279,13.043461946731279,124,14
2024-05-15 15:00:00,5.48,5.968606555802026,0.4886065558020256,0.4886065558020256,124,15
2024-05-15 16:00:00,25.3,17.997929933038634,-7.302070066961367,7.302070066961367,124,16
2024-05-15 17:00:00,36.11,32.512533360711885,-3.5974666392881147,3.5974666392881147,124,17
2024-05-15 18:00:00,32.79,42.48748730343145,9.697487303431451,9.697487303431451,124,18
2024-05-15 19:00:00,43.12,40.78743704996053,-2.332562950039467,2.332562950039467,124,19
2024-05-15 20:00:00,51.29,46.92430734956741,-4.365692650432592,4.365692650432592,124,20
2024-05-15 21:00:00,35.01,42.10626268089921,7.0962626808992155,7.0962626808992155,124,21
2024-05-15 22:00:00,53.52,32.36700914467355,-21.15299085532645,21.15299085532645,124,22
2024-05-15 23:00:00,39.52,26.597193962228673,-12.92280603777133,12.92280603777133,124,23
2024-05-16 00:00:00,35.5,29.995510731815514,-5.504489268184486,5.504489268184486,125,0
2024-05-16 01:00:00,35.01,25.922800283074395,-9.087199716925603,9.087199716925603,125,1
2024-05-16 02:00:00,12.84,25.209188830383226,12.369188830383226,12.369188830383226,125,2
2024-05-16 03:00:00,3.55,29.720682733736794,26.170682733736793,26.170682733736793,125,3
2024-05-16 04:00:00,16.2,32.36003829955358,16.16003829955358,16.16003829955358,125,4
2024-05-16 05:00:00,35.01,42.07433340425023,7.064333404250235,7.064333404250235,125,5
2024-05-16 06:00:00,44.03,42.65122273100987,-1.3787772689901345,1.3787772689901345,125,6
2024-05-16 07:00:00,65.43,30.520245877823008,-34.909754122177,34.909754122177,125,7
2024-05-16 08:00:00,26.75,25.382958055854452,-1.367041944145548,1.367041944145548,125,8
2024-05-16 09:00:00,9.0,17.900980428399166,8.900980428399166,8.900980428399166,125,9
2024-05-16 10:00:00,5.97,14.463879564925023,8.493879564925024,8.493879564925024,125,10
2024-05-16 11:00:00,2.95,14.672892665023468,11.722892665023469,11.722892665023469,125,11
2024-05-16 12:00:00,4.32,12.814463965025553,8.494463965025552,8.494463965025552,125,12
2024-05-16 13:00:00,6.93,9.337907218230129,2.407907218230129,2.407907218230129,125,13
2024-05-16 14:00:00,8.24,18.182774511397568,9.942774511397568,9.942774511397568,125,14
2024-05-16 15:00:00,15.59,12.880368432414087,-2.7096315675859124,2.7096315675859124,125,15
2024-05-16 16:00:00,14.52,29.065933898604982,14.545933898604982,14.545933898604982,125,16
2024-05-16 17:00:00,30.0,39.44446604673731,9.444466046737311,9.444466046737311,125,17
2024-05-16 18:00:00,39.52,42.96184927769754,3.4418492776975356,3.4418492776975356,125,18
2024-05-16 19:00:00,78.66,48.78099684994761,-29.879003150052384,29.879003150052384,125,19
2024-05-16 20:00:00,82.57,51.70694939473643,-30.863050605263567,30.863050605263567,125,20
2024-05-16 21:00:00,69.18,42.595430478833244,-26.584569521166763,26.584569521166763,125,21
2024-05-16 22:00:00,68.85,55.90896534864605,-12.941034651353945,12.941034651353945,125,22
2024-05-16 23:00:00,24.96,38.56142336101921,13.601423361019208,13.601423361019208,125,23
2024-05-17 00:00:00,24.91,32.69938553784207,7.789385537842069,7.789385537842069,126,0
2024-05-17 01:00:00,37.26,29.169366261407227,-8.090633738592771,8.090633738592771,126,1
2024-05-17 02:00:00,44.49,14.942429102025386,-29.547570897974616,29.547570897974616,126,2
2024-05-17 03:00:00,27.41,5.775752530366361,-21.63424746963364,21.63424746963364,126,3
2024-05-17 04:00:00,40.05,13.758136111610341,-26.291863888389656,26.291863888389656,126,4
2024-05-17 05:00:00,89.92,25.66834040413113,-64.25165959586887,64.25165959586887,126,5
2024-05-17 06:00:00,89.46,37.608261718897545,-51.85173828110245,51.85173828110245,126,6
2024-05-17 07:00:00,34.35,48.17944724115821,13.829447241158206,13.829447241158206,126,7
2024-05-17 08:00:00,27.79,17.742062484498405,-10.047937515501594,10.047937515501594,126,8
2024-05-17 09:00:00,33.49,6.6188115274357955,-26.871188472564207,26.871188472564207,126,9
2024-05-17 10:00:00,35.01,0.5608907034887949,-34.4491092965112,34.4491092965112,126,10
2024-05-17 11:00:00,20.39,-2.88591299359733,-23.27591299359733,23.27591299359733,126,11
2024-05-17 12:00:00,16.84,-3.5809557673556753,-20.420955767355675,20.420955767355675,126,12
2024-05-17 13:00:00,11.9,3.1710339629751445,-8.728966037024856,8.728966037024856,126,13
2024-05-17 14:00:00,10.61,3.4117620504968045,-7.198237949503195,7.198237949503195,126,14
2024-05-17 15:00:00,17.74,12.935603550615909,-4.80439644938409,4.80439644938409,126,15
2024-05-17 16:00:00,29.57,12.817002942297535,-16.752997057702466,16.752997057702466,126,16
2024-05-17 17:00:00,37.93,24.307600265528656,-13.622399734471344,13.622399734471344,126,17
2024-05-17 18:00:00,64.8,37.53615597983183,-27.263844020168165,27.263844020168165,126,18
2024-05-17 19:00:00,84.24,55.6453680674687,-28.594631932531293,28.594631932531293,126,19
2024-05-17 20:00:00,89.4,57.70299577774535,-31.697004222254655,31.697004222254655,126,20
2024-05-17 21:00:00,77.18,50.886855820014844,-26.293144179985163,26.293144179985163,126,21
2024-05-17 22:00:00,71.37,52.54977615522069,-18.820223844779314,18.820223844779314,126,22
2024-05-17 23:00:00,63.23,21.038132673332186,-42.19186732666781,42.19186732666781,126,23
2024-05-18 00:00:00,31.13,15.444050027682849,-15.68594997231715,15.68594997231715,127,0
2024-05-18 01:00:00,32.9,19.887551724909486,-13.012448275090513,13.012448275090513,127,1
2024-05-18 02:00:00,25.5,22.24020960676023,-3.2597903932397685,3.2597903932397685,127,2
2024-05-18 03:00:00,28.09,11.116952767674093,-16.973047232325907,16.973047232325907,127,3
2024-05-18 04:00:00,31.52,19.369891710653974,-12.150108289346026,12.150108289346026,127,4
2024-05-18 05:00:00,35.64,43.933876603342114,8.293876603342113,8.293876603342113,127,5
2024-05-18 06:00:00,31.96,49.2036308412115,17.2436308412115,17.2436308412115,127,6
2024-05-18 07:00:00,20.6,16.34361558217057,-4.25638441782943,4.25638441782943,127,7
2024-05-18 08:00:00,9.43,6.5200028313152245,-2.909997168684775,2.909997168684775,127,8
2024-05-18 09:00:00,0.71,12.075387046733226,11.365387046733225,11.365387046733225,127,9
2024-05-18 10:00:00,-0.02,13.995169838018867,14.015169838018867,14.015169838018867,127,10
2024-05-18 11:00:00,-1.27,6.334146389030224,7.604146389030223,7.604146389030223,127,11
2024-05-18 12:00:00,-2.73,4.2637866885110185,6.993786688511019,6.993786688511019,127,12
2024-05-18 13:00:00,-1.78,-1.1004493418776917,0.6795506581223083,0.6795506581223083,127,13
2024-05-18 14:00:00,0.0,1.4794878172453139,1.4794878172453139,1.4794878172453139,127,14
2024-05-18 15:00:00,4.9,2.7798981344036378,-2.1201018655963626,2.1201018655963626,127,15
2024-05-18 16:00:00,15.25,9.304032350188663,-5.945967649811337,5.945967649811337,127,16
2024-05-18 17:00:00,35.0,15.49239932313111,-19.50760067686889,19.50760067686889,127,17
2024-05-18 18:00:00,45.42,35.626988394936205,-9.793011605063796,9.793011605063796,127,18
2024-05-18 19:00:00,35.32,49.437854928277766,14.117854928277765,14.117854928277765,127,19
2024-05-18 20:00:00,74.46,54.248433406025654,-20.21156659397434,20.21156659397434,127,20
2024-05-18 21:00:00,66.17,45.39964716405487,-20.770352835945133,20.770352835945133,127,21
2024-05-18 22:00:00,58.15,47.00860404519386,-11.141395954806136,11.141395954806136,127,22
2024-05-18 23:00:00,23.94,32.6998435384303,8.7598435384303,8.7598435384303,127,23
2024-05-19 00:00:00,25.84,16.425728132854644,-9.414271867145356,9.414271867145356,128,0
2024-05-19 01:00:00,21.73,14.81978097357684,-6.91021902642316,6.91021902642316,128,1
2024-05-19 02:00:00,15.76,3.152840053001114,-12.607159946998886,12.607159946998886,128,2
2024-05-19 03:00:00,18.97,2.537587514247818,-16.43241248575218,16.43241248575218,128,3
2024-05-19 04:00:00,29.35,1.6252001194299908,-27.72479988057001,27.72479988057001,128,4
2024-05-19 05:00:00,49.19,7.164630781124529,-42.02536921887547,42.02536921887547,128,5
2024-05-19 06:00:00,35.0,6.816156591163306,-28.183843408836694,28.183843408836694,128,6
2024-05-19 07:00:00,6.69,0.7553393805327318,-5.934660619467269,5.934660619467269,128,7
2024-05-19 08:00:00,-0.01,-9.986729311294482,-9.976729311294482,9.976729311294482,128,8
2024-05-19 09:00:00,-12.4,-21.873069578318834,-9.473069578318833,9.473069578318833,128,9
2024-05-19 10:00:00,-17.34,-20.672069215692375,-3.332069215692375,3.332069215692375,128,10
2024-05-19 11:00:00,-24.95,-18.2358797452481,6.714120254751901,6.714120254751901,128,11
2024-05-19 12:00:00,-28.27,-22.07585009571777,6.194149904282231,6.194149904282231,128,12
2024-05-19 13:00:00,-18.8,-22.113575534804923,-3.3135755348049223,3.3135755348049223,128,13
2024-05-19 14:00:00,-6.22,-23.102889113578485,-16.882889113578486,16.882889113578486,128,14
2024-05-19 15:00:00,0.0,-10.694480637749606,-10.694480637749606,10.694480637749606,128,15
2024-05-19 16:00:00,8.18,-0.5856377098610324,-8.765637709861032,8.765637709861032,128,16
2024-05-19 17:00:00,20.8,16.966017557652677,-3.833982442347324,3.833982442347324,128,17
2024-05-19 18:00:00,31.99,29.673569689965817,-2.316430310034182,2.316430310034182,128,18
2024-05-19 19:00:00,35.03,30.732116189294608,-4.297883810705393,4.297883810705393,128,19
2024-05-19 20:00:00,45.54,52.495566225947854,6.955566225947855,6.955566225947855,128,20
2024-05-19 21:00:00,48.15,45.06670245872128,-3.083297541278718,3.083297541278718,128,21
2024-05-19 22:00:00,49.12,41.3757748900409,-7.744225109959096,7.744225109959096,128,22
2024-05-19 23:00:00,21.43,9.334198574093094,-12.095801425906906,12.095801425906906,128,23
2024-05-20 00:00:00,15.26,38.4711523132665,23.211152313266503,23.211152313266503,129,0
2024-05-20 01:00:00,12.72,34.38855847198972,21.66855847198972,21.66855847198972,129,1
2024-05-20 02:00:00,13.77,34.35576741756399,20.58576741756399,20.58576741756399,129,2
2024-05-20 03:00:00,17.23,32.18300225519441,14.95300225519441,14.95300225519441,129,3
2024-05-20 04:00:00,13.76,41.57259082025092,27.812590820250925,27.812590820250925,129,4
2024-05-20 05:00:00,18.54,61.851724414106144,43.311724414106145,43.311724414106145,129,5
2024-05-20 06:00:00,30.16,55.442450838080006,25.282450838080006,25.282450838080006,129,6
2024-05-20 07:00:00,22.14,25.365025686141053,3.225025686141052,3.225025686141052,129,7
2024-05-20 08:00:00,13.5,16.54599253091409,3.0459925309140914,3.0459925309140914,129,8
2024-05-20 09:00:00,8.33,11.142068027270426,2.812068027270426,2.812068027270426,129,9
2024-05-20 10:00:00,3.26,9.178413373456394,5.918413373456394,5.918413373456394,129,10
2024-05-20 11:00:00,1.09,4.165970696077707,3.0759706960777073,3.0759706960777073,129,11
2024-05-20 12:00:00,0.78,3.919978158777411,3.139978158777411,3.139978158777411,129,12
2024-05-20 13:00:00,0.54,11.249788725765058,10.709788725765058,10.709788725765058,129,13
2024-05-20 14:00:00,7.36,13.865593713607169,6.505593713607168,6.505593713607168,129,14
2024-05-20 15:00:00,8.3,22.34407009316631,14.044070093166308,14.044070093166308,129,15
2024-05-20 16:00:00,15.17,27.344443290030036,12.174443290030036,12.174443290030036,129,16
2024-05-20 17:00:00,33.8,40.686666051600994,6.886666051600997,6.886666051600997,129,17
2024-05-20 18:00:00,43.67,51.11088940476529,7.4408894047652865,7.4408894047652865,129,18
2024-05-20 19:00:00,33.78,58.08287660130636,24.30287660130636,24.30287660130636,129,19
2024-05-20 20:00:00,36.85,58.3790745354219,21.5290745354219,21.5290745354219,129,20
2024-05-20 21:00:00,47.34,60.723751137883326,13.383751137883323,13.383751137883323,129,21
2024-05-20 22:00:00,39.42,63.287306468059825,23.867306468059823,23.867306468059823,129,22
2024-05-20 23:00:00,21.46,37.16821428846033,15.708214288460326,15.708214288460326,129,23
2024-05-21 00:00:00,26.47,19.45131100546584,-7.018688994534159,7.018688994534159,130,0
2024-05-21 01:00:00,25.57,13.678247994435196,-11.891752005564804,11.891752005564804,130,1
2024-05-21 02:00:00,21.71,13.175773311404086,-8.534226688595915,8.534226688595915,130,2
2024-05-21 03:00:00,21.67,14.27540015125362,-7.394599848746381,7.394599848746381,130,3
2024-05-21 04:00:00,24.15,14.031422428654167,-10.118577571345831,10.118577571345831,130,4
2024-05-21 05:00:00,67.92,23.462124771211265,-44.45787522878874,44.45787522878874,130,5
2024-05-21 06:00:00,72.87,35.017419184174436,-37.85258081582557,37.85258081582557,130,6
2024-05-21 07:00:00,41.7,23.743701904476694,-17.95629809552331,17.95629809552331,130,7
2024-05-21 08:00:00,30.0,6.872413706293159,-23.12758629370684,23.12758629370684,130,8
2024-05-21 09:00:00,18.82,5.4508906478529155,-13.369109352147085,13.369109352147085,130,9
2024-05-21 10:00:00,20.43,3.0156461080125894,-17.41435389198741,17.41435389198741,130,10
2024-05-21 11:00:00,14.7,-0.1257717926719124,-14.825771792671912,14.825771792671912,130,11
2024-05-21 12:00:00,9.66,-0.6114081988173297,-10.27140819881733,10.27140819881733,130,12
2024-05-21 13:00:00,8.21,0.8885488547172713,-7.3214511452827296,7.3214511452827296,130,13
2024-05-21 14:00:00,7.44,6.981230606029001,-0.45876939397099914,0.45876939397099914,130,14
2024-05-21 15:00:00,14.7,14.175377769483788,-0.5246222305162114,0.5246222305162114,130,15
2024-05-21 16:00:00,19.44,15.032600270495905,-4.407399729504096,4.407399729504096,130,16
2024-05-21 17:00:00,34.79,34.884155618652954,0.0941556186529553,0.0941556186529553,130,17
2024-05-21 18:00:00,62.73,49.041127915633695,-13.688872084366302,13.688872084366302,130,18
2024-05-21 19:00:00,67.22,38.6520182827824,-28.5679817172176,28.5679817172176,130,19
2024-05-21 20:00:00,65.07,40.25467901837837,-24.815320981621625,24.815320981621625,130,20
2024-05-21 21:00:00,34.07,50.26094642357569,16.19094642357569,16.19094642357569,130,21
2024-05-21 22:00:00,26.85,43.919796720926946,17.069796720926945,17.069796720926945,130,22
2024-05-21 23:00:00,35.3,21.049647204945515,-14.250352795054482,14.250352795054482,130,23
2024-05-23 00:00:00,15.99,36.4054028294273,20.4154028294273,20.4154028294273,132,0
2024-05-23 01:00:00,25.56,28.0760834785844,2.5160834785844024,2.5160834785844024,132,1
2024-05-23 02:00:00,14.15,22.66512113107848,8.515121131078478,8.515121131078478,132,2
2024-05-23 03:00:00,27.4,22.076213066046968,-5.323786933953031,5.323786933953031,132,3
2024-05-23 04:00:00,29.15,30.912266496027677,1.762266496027678,1.762266496027678,132,4
2024-05-23 05:00:00,76.75,29.57315038168344,-47.17684961831656,47.17684961831656,132,5
2024-05-23 06:00:00,82.67,52.68127818568648,-29.98872181431352,29.98872181431352,132,6
2024-05-23 07:00:00,71.74,51.89442309862759,-19.845576901372404,19.845576901372404,132,7
2024-05-23 08:00:00,49.21,35.147122473405844,-14.062877526594157,14.062877526594157,132,8
2024-05-23 09:00:00,42.63,24.682707426184848,-17.947292573815155,17.947292573815155,132,9
2024-05-23 10:00:00,35.01,10.989787221426212,-24.020212778573786,24.020212778573786,132,10
2024-05-23 11:00:00,35.0,19.615902903685736,-15.384097096314264,15.384097096314264,132,11
2024-05-23 12:00:00,30.39,14.330647216399086,-16.059352783600914,16.059352783600914,132,12
2024-05-23 13:00:00,26.1,15.560695828330608,-10.539304171669393,10.539304171669393,132,13
2024-05-23 14:00:00,26.31,14.44242540125991,-11.867574598740088,11.867574598740088,132,14
2024-05-23 15:00:00,35.01,14.209645997023728,-20.80035400297627,20.80035400297627,132,15
2024-05-23 16:00:00,43.56,26.61828092886404,-16.941719071135964,16.941719071135964,132,16
2024-05-23 17:00:00,71.12,38.501874935912475,-32.61812506408753,32.61812506408753,132,17
2024-05-23 18:00:00,68.43,49.34586646340989,-19.084133536590116,19.084133536590116,132,18
2024-05-23 19:00:00,91.73,44.181410104405956,-47.54858989559405,47.54858989559405,132,19
2024-05-23 20:00:00,92.3,60.85380231526684,-31.446197684733157,31.446197684733157,132,20
2024-05-23 21:00:00,85.65,58.91094130397852,-26.739058696021488,26.739058696021488,132,21
2024-05-23 22:00:00,85.0,50.19934093192748,-34.80065906807252,34.80065906807252,132,22
2024-05-23 23:00:00,78.34,34.06625578529424,-44.273744214705765,44.273744214705765,132,23
2024-05-24 00:00:00,77.51,19.9755256752755,-57.534474324724506,57.534474324724506,133,0
2024-05-24 01:00:00,72.0,23.50781517794873,-48.49218482205127,48.49218482205127,133,1
2024-05-24 02:00:00,67.5,18.878419691627414,-48.621580308372586,48.621580308372586,133,2
2024-05-24 03:00:00,81.09,29.992289497383616,-51.09771050261639,51.09771050261639,133,3
2024-05-24 04:00:00,83.34,31.769618615942562,-51.57038138405744,51.57038138405744,133,4
2024-05-24 05:00:00,89.72,58.326095837525315,-31.393904162474684,31.393904162474684,133,5
2024-05-24 06:00:00,86.84,75.07912517121171,-11.760874828788289,11.760874828788289,133,6
2024-05-24 07:00:00,74.9,62.89640355128462,-12.003596448715385,12.003596448715385,133,7
2024-05-24 08:00:00,61.22,37.36303162053406,-23.85696837946594,23.85696837946594,133,8
2024-05-24 09:00:00,48.1,30.96076864251905,-17.139231357480952,17.139231357480952,133,9
2024-05-24 10:00:00,48.3,25.96902765365123,-22.330972346348766,22.330972346348766,133,10
2024-05-24 11:00:00,40.8,27.13975709599687,-13.660242904003127,13.660242904003127,133,11
2024-05-24 12:00:00,36.76,21.335645225600878,-15.42435477439912,15.42435477439912,133,12
2024-05-24 13:00:00,35.01,13.368751163388097,-21.6412488366119,21.6412488366119,133,13
2024-05-24 14:00:00,38.5,18.5057851068175,-19.9942148931825,19.9942148931825,133,14
2024-05-24 15:00:00,41.1,25.088229367051078,-16.011770632948924,16.011770632948924,133,15
2024-05-24 16:00:00,68.0,32.683699630072425,-35.316300369927575,35.316300369927575,133,16
2024-05-24 17:00:00,81.56,47.832409038296284,-33.72759096170372,33.72759096170372,133,17
2024-05-24 18:00:00,92.76,49.944968811345284,-42.81503118865472,42.81503118865472,133,18
2024-05-24 19:00:00,115.92,70.23325651803422,-45.68674348196578,45.68674348196578,133,19
2024-05-24 20:00:00,109.67,66.54141290388523,-43.12858709611477,43.12858709611477,133,20
2024-05-24 21:00:00,99.84,69.75122587620238,-30.08877412379762,30.08877412379762,133,21
2024-05-24 22:00:00,94.88,61.353599225052136,-33.52640077494786,33.52640077494786,133,22
2024-05-24 23:00:00,85.74,51.79258173459438,-33.94741826540562,33.94741826540562,133,23
2024-05-26 00:00:00,28.04,49.53131191131613,21.49131191131613,21.49131191131613,135,0
2024-05-26 01:00:00,25.15,28.09115192018922,2.9411519201892204,2.9411519201892204,135,1
2024-05-26 02:00:00,20.02,22.02224840436697,2.00224840436697,2.00224840436697,135,2
2024-05-26 03:00:00,21.16,16.06395130766758,-5.09604869233242,5.09604869233242,135,3
2024-05-26 04:00:00,17.72,23.379520798412265,5.659520798412267,5.659520798412267,135,4
2024-05-26 05:00:00,11.22,20.98298772140737,9.762987721407368,9.762987721407368,135,5
2024-05-26 06:00:00,13.25,17.56304135067728,4.313041350677281,4.313041350677281,135,6
2024-05-26 07:00:00,0.02,12.66482873784446,12.64482873784446,12.64482873784446,135,7
2024-05-26 08:00:00,0.0,3.5253217712697023,3.5253217712697023,3.5253217712697023,135,8
2024-05-26 09:00:00,-0.09,-4.669513852405871,-4.579513852405871,4.579513852405871,135,9
2024-05-26 10:00:00,-2.11,-4.3528432620123425,-2.2428432620123426,2.2428432620123426,135,10
2024-05-26 11:00:00,-10.62,-12.703392455665664,-2.083392455665665,2.083392455665665,135,11
2024-05-26 12:00:00,-23.79,-11.652620921899342,12.137379078100658,12.137379078100658,135,12
2024-05-26 13:00:00,-9.87,-14.524421963017318,-4.6544219630173185,4.6544219630173185,135,13
2024-05-26 14:00:00,-0.6,-15.162306376779583,-14.562306376779583,14.562306376779583,135,14
2024-05-26 15:00:00,0.0,-9.2322862595219,-9.2322862595219,9.2322862595219,135,15
2024-05-26 16:00:00,1.59,10.158807839964055,8.568807839964055,8.568807839964055,135,16
2024-05-26 17:00:00,16.72,12.890010064272929,-3.8299899357270704,3.8299899357270704,135,17
2024-05-26 18:00:00,35.23,41.30725583587992,6.0772558358799245,6.0772558358799245,135,18
2024-05-26 19:00:00,46.0,54.49036879440662,8.49036879440662,8.49036879440662,135,19
2024-05-26 20:00:00,55.52,61.9387443475383,6.4187443475382935,6.4187443475382935,135,20
2024-05-26 21:00:00,35.6,59.39662336861146,23.796623368611456,23.796623368611456,135,21
2024-05-26 22:00:00,32.3,32.06576099680473,-0.23423900319527036,0.23423900319527036,135,22
2024-05-26 23:00:00,33.0,18.195784155233497,-14.804215844766503,14.804215844766503,135,23
2024-05-29 00:00:00,23.5,41.9641387863867,18.464138786386698,18.464138786386698,138,0
2024-05-29 01:00:00,14.6,31.694494367906138,17.094494367906137,17.094494367906137,138,1
2024-05-29 02:00:00,5.7,25.475357795907172,19.775357795907173,19.775357795907173,138,2
2024-05-29 03:00:00,24.98,26.54343709652757,1.5634370965275686,1.5634370965275686,138,3
2024-05-29 04:00:00,30.5,30.180366418553845,-0.31963358144615484,0.31963358144615484,138,4
2024-05-29 05:00:00,49.22,31.49197048178695,-17.72802951821305,17.72802951821305,138,5
2024-05-29 06:00:00,52.19,23.792488269870034,-28.397511730129963,28.397511730129963,138,6
2024-05-29 07:00:00,38.5,36.244407136769155,-2.255592863230845,2.255592863230845,138,7
2024-05-29 08:00:00,29.0,33.0358625642376,4.035862564237597,4.035862564237597,138,8
2024-05-29 09:00:00,20.5,28.992195614242775,8.492195614242775,8.492195614242775,138,9
2024-05-29 10:00:00,24.08,35.42839890272437,11.34839890272437,11.34839890272437,138,10
2024-05-29 11:00:00,18.4,20.77750772100562,2.377507721005621,2.377507721005621,138,11
2024-05-29 12:00:00,17.47,14.306237041428602,-3.1637629585713967,3.1637629585713967,138,12
2024-05-29 13:00:00,11.98,10.255423793397568,-1.724576206602432,1.724576206602432,138,13
2024-05-29 14:00:00,11.0,5.2813973550326665,-5.7186026449673335,5.7186026449673335,138,14
2024-05-29 15:00:00,19.76,9.588230323478257,-10.171769676521745,10.171769676521745,138,15
2024-05-29 16:00:00,29.38,9.27558141088926,-20.10441858911074,20.10441858911074,138,16
2024-05-29 17:00:00,35.01,34.1782508919032,-0.8317491080968011,0.8317491080968011,138,17
2024-05-29 18:00:00,40.94,38.378184873406134,-2.5618151265938636,2.5618151265938636,138,18
2024-05-29 19:00:00,67.94,28.923151585613667,-39.01684841438633,39.01684841438633,138,19
2024-05-29 20:00:00,69.87,38.02348846354512,-31.846511536454884,31.846511536454884,138,20
2024-05-29 21:00:00,63.95,38.37687426253984,-25.57312573746016,25.57312573746016,138,21
2024-05-29 22:00:00,50.94,49.95207850111072,-0.9879214988892784,0.9879214988892784,138,22
2024-05-29 23:00:00,28.97,34.82915386594299,5.859153865942993,5.859153865942993,138,23
2024-06-02 00:00:00,6.15,8.33515262106377,2.1851526210637697,2.1851526210637697,142,0
2024-06-02 01:00:00,4.78,2.6156949019653553,-2.164305098034645,2.164305098034645,142,1
2024-06-02 02:00:00,5.22,-3.522521651971033,-8.742521651971032,8.742521651971032,142,2
2024-06-02 03:00:00,5.3,-0.554002683269303,-5.854002683269303,5.854002683269303,142,3
2024-06-02 04:00:00,4.91,9.441393675951943,4.531393675951943,4.531393675951943,142,4
2024-06-02 05:00:00,4.11,21.042098031394623,16.932098031394624,16.932098031394624,142,5
2024-06-02 06:00:00,0.97,23.402312118109904,22.432312118109905,22.432312118109905,142,6
2024-06-02 07:00:00,-0.01,27.940854234948752,27.950854234948753,27.950854234948753,142,7
2024-06-02 08:00:00,-1.05,21.115767393958215,22.165767393958216,22.165767393958216,142,8
2024-06-02 09:00:00,-4.0,20.661130914605728,24.661130914605728,24.661130914605728,142,9
2024-06-02 10:00:00,-3.58,15.16764213871771,18.74764213871771,18.74764213871771,142,10
2024-06-02 11:00:00,-16.82,8.930434389950861,25.75043438995086,25.75043438995086,142,11
2024-06-02 12:00:00,-29.26,2.700936274690889,31.96093627469089,31.96093627469089,142,12
2024-06-02 13:00:00,-40.74,4.737380528341205,45.47738052834121,45.47738052834121,142,13
2024-06-02 14:00:00,-14.64,3.4954861367538683,18.13548613675387,18.13548613675387,142,14
2024-06-02 15:00:00,-1.0,-5.053353466346167,-4.053353466346167,4.053353466346167,142,15
2024-06-02 16:00:00,0.03,-1.5999050168668276,-1.6299050168668276,1.6299050168668276,142,16
2024-06-02 17:00:00,7.27,3.1492786454788586,-4.120721354521141,4.120721354521141,142,17
2024-06-02 18:00:00,11.35,6.533702557990992,-4.816297442009008,4.816297442009008,142,18
2024-06-02 19:00:00,25.01,5.267244089817581,-19.74275591018242,19.74275591018242,142,19
2024-06-02 20:00:00,28.87,6.960875025048978,-21.909124974951023,21.909124974951023,142,20
2024-06-02 21:00:00,17.34,14.764099330220219,-2.575900669779781,2.575900669779781,142,21
2024-06-02 22:00:00,9.16,14.248751302680446,5.088751302680446,5.088751302680446,142,22
2024-06-02 23:00:00,14.1,0.5802747887819208,-13.519725211218079,13.519725211218079,142,23
2024-06-04 00:00:00,75.92,25.150190236053653,-50.76980976394635,50.76980976394635,144,0
2024-06-04 01:00:00,36.8,20.583668604091145,-16.216331395908853,16.216331395908853,144,1
2024-06-04 02:00:00,27.82,16.455982263499763,-11.364017736500237,11.364017736500237,144,2
2024-06-04 03:00:00,48.69,17.4417122222696,-31.248287777730397,31.248287777730397,144,3
2024-06-04 04:00:00,90.41,35.750928295036054,-54.65907170496394,54.65907170496394,144,4
2024-06-04 05:00:00,96.64,44.00161964395159,-52.63838035604841,52.63838035604841,144,5
2024-06-04 06:00:00,113.22,52.987542745590346,-60.23245725440965,60.23245725440965,144,6
2024-06-04 07:00:00,81.82,47.773284243007645,-34.04671575699235,34.04671575699235,144,7
2024-06-04 08:00:00,70.0,35.46657379399545,-34.53342620600455,34.53342620600455,144,8
2024-06-04 09:00:00,37.3,25.906938021859546,-11.393061978140452,11.393061978140452,144,9
2024-06-04 10:00:00,35.01,25.37156453029594,-9.638435469704056,9.638435469704056,144,10
2024-06-04 11:00:00,14.84,16.388296367604838,1.5482963676048378,1.5482963676048378,144,11
2024-06-04 12:00:00,1.17,18.41033005956065,17.240330059560648,17.240330059560648,144,12
2024-06-04 13:00:00,-0.01,17.490897321704153,17.500897321704155,17.500897321704155,144,13
2024-06-04 14:00:00,0.0,19.718100106330624,19.718100106330624,19.718100106330624,144,14
2024-06-04 15:00:00,10.62,28.05436369008772,17.43436369008772,17.43436369008772,144,15
2024-06-04 16:00:00,31.78,42.57556750015318,10.795567500153176,10.795567500153176,144,16
2024-06-04 17:00:00,45.71,48.60745738198846,2.8974573819884597,2.8974573819884597,144,17
2024-06-04 18:00:00,40.05,66.36264619426422,26.312646194264218,26.312646194264218,144,18
2024-06-04 19:00:00,39.47,63.52033670953813,24.05033670953813,24.05033670953813,144,19
2024-06-04 20:00:00,55.95,66.05680627061228,10.106806270612282,10.106806270612282,144,20
2024-06-04 21:00:00,49.51,52.09041113186264,2.5804111318626397,2.5804111318626397,144,21
2024-06-04 22:00:00,57.02,78.64474174697577,21.624741746975765,21.624741746975765,144,22
2024-06-04 23:00:00,46.6,65.74210552320372,19.142105523203718,19.142105523203718,144,23
2024-06-05 00:00:00,47.14,54.32325741406555,7.183257414065551,7.183257414065551,145,0
2024-06-05 01:00:00,39.65,32.40137877603187,-7.248621223968129,7.248621223968129,145,1
2024-06-05 02:00:00,48.23,27.959054700857948,-20.27094529914205,20.27094529914205,145,2
2024-06-05 03:00:00,46.94,40.6041300157943,-6.335869984205701,6.335869984205701,145,3
2024-06-05 04:00:00,48.9,64.97889024369778,16.078890243697778,16.078890243697778,145,4
2024-06-05 05:00:00,35.13,67.10871346043191,31.978713460431912,31.978713460431912,145,5
2024-06-05 06:00:00,43.72,75.23809585805157,31.518095858051566,31.518095858051566,145,6
2024-06-05 07:00:00,29.19,54.59573282905582,25.405732829055818,25.405732829055818,145,7
2024-06-05 08:00:00,4.4,43.248977474693575,38.84897747469358,38.84897747469358,145,8
2024-06-05 09:00:00,3.63,26.812457487186343,23.182457487186344,23.182457487186344,145,9
2024-06-05 10:00:00,0.06,22.817279170040322,22.757279170040324,22.757279170040324,145,10
2024-06-05 11:00:00,1.48,10.843661911328368,9.363661911328368,9.363661911328368,145,11
2024-06-05 12:00:00,-0.01,0.3121319311343598,0.3221319311343598,0.3221319311343598,145,12
2024-06-05 13:00:00,0.0,2.1895333739270058,2.1895333739270058,2.1895333739270058,145,13
2024-06-05 14:00:00,-0.01,1.318526135376402,1.328526135376402,1.328526135376402,145,14
2024-06-05 15:00:00,15.51,10.046993048314988,-5.463006951685012,5.463006951685012,145,15
2024-06-05 16:00:00,44.32,24.173456096195693,-20.146543903804307,20.146543903804307,145,16
2024-06-05 17:00:00,76.06,31.640924868294476,-44.419075131705526,44.419075131705526,145,17
2024-06-05 18:00:00,79.26,29.127453137198877,-50.13254686280113,50.13254686280113,145,18
2024-06-05 19:00:00,87.0,33.89171150582336,-53.10828849417664,53.10828849417664,145,19
2024-06-05 20:00:00,90.56,45.412595223649184,-45.14740477635082,45.14740477635082,145,20
2024-06-05 21:00:00,93.25,35.73747973498135,-57.51252026501865,57.51252026501865,145,21
2024-06-05 22:00:00,59.59,41.898137030541264,-17.69186296945874,17.69186296945874,145,22
2024-06-05 23:00:00,38.76,33.711287535890605,-5.048712464109393,5.048712464109393,145,23
2024-06-06 00:00:00,35.35,45.194217331476814,9.844217331476813,9.844217331476813,146,0
2024-06-06 01:00:00,27.95,38.205674878465295,10.255674878465296,10.255674878465296,146,1
2024-06-06 02:00:00,27.83,41.312501747405015,13.482501747405017,13.482501747405017,146,2
2024-06-06 03:00:00,32.37,38.67648847860364,6.30648847860364,6.30648847860364,146,3
2024-06-06 04:00:00,59.76,41.79828088325435,-17.96171911674565,17.96171911674565,146,4
2024-06-06 05:00:00,74.13,36.537535186497024,-37.59246481350297,37.59246481350297,146,5
2024-06-06 06:00:00,79.12,46.50388738867858,-32.61611261132143,32.61611261132143,146,6
2024-06-06 07:00:00,68.55,36.337025265283806,-32.21297473471619,32.21297473471619,146,7
2024-06-06 08:00:00,57.8,11.884166643580102,-45.915833356419895,45.915833356419895,146,8
2024-06-06 09:00:00,30.42,10.428688614579016,-19.991311385420985,19.991311385420985,146,9
2024-06-06 10:00:00,26.35,12.538983902585002,-13.811016097415,13.811016097415,146,10
2024-06-06 11:00:00,20.08,13.610797957945138,-6.46920204205486,6.46920204205486,146,11
2024-06-06 12:00:00,7.68,10.717950441468375,3.037950441468375,3.037950441468375,146,12
2024-06-06 13:00:00,4.97,7.869118212687852,2.899118212687852,2.899118212687852,146,13
2024-06-06 14:00:00,19.32,11.853328707486895,-7.466671292513105,7.466671292513105,146,14
2024-06-06 15:00:00,47.44,21.6936965150377,-25.746303484962297,25.746303484962297,146,15
2024-06-06 16:00:00,81.59,43.123975481341006,-38.466024518659,38.466024518659,146,16
2024-06-06 17:00:00,92.53,64.33043579606891,-28.19956420393109,28.19956420393109,146,17
2024-06-06 18:00:00,88.01,75.27031406204019,-12.73968593795982,12.73968593795982,146,18
2024-06-06 19:00:00,84.05,81.04855344664092,-3.0014465533590737,3.0014465533590737,146,19
2024-06-06 20:00:00,88.98,80.28643156406969,-8.693568435930317,8.693568435930317,146,20
2024-06-06 21:00:00,83.19,77.94773069237043,-5.24226930762957,5.24226930762957,146,21
2024-06-06 22:00:00,84.92,65.59090571908473,-19.32909428091527,19.32909428091527,146,22
2024-06-06 23:00:00,81.68,44.739722126167585,-36.94027787383242,36.94027787383242,146,23
2024-06-07 00:00:00,64.92,48.216927240933515,-16.703072759066487,16.703072759066487,147,0
2024-06-07 01:00:00,48.11,36.41256935442436,-11.697430645575636,11.697430645575636,147,1
2024-06-07 02:00:00,41.04,33.299065791615305,-7.740934208384694,7.740934208384694,147,2
2024-06-07 03:00:00,62.59,41.730135080229324,-20.85986491977068,20.85986491977068,147,3
2024-06-07 04:00:00,71.49,60.10572873177677,-11.384271268223223,11.384271268223223,147,4
2024-06-07 05:00:00,71.52,68.03325475260158,-3.4867452473984173,3.4867452473984173,147,5
2024-06-07 06:00:00,82.56,69.6054530779777,-12.954546922022303,12.954546922022303,147,6
2024-06-07 07:00:00,72.04,56.98516491440715,-15.054835085592856,15.054835085592856,147,7
2024-06-07 08:00:00,48.98,45.039469150885104,-3.940530849114893,3.940530849114893,147,8
2024-06-07 09:00:00,41.39,24.54584098098932,-16.844159019010682,16.844159019010682,147,9
2024-06-07 10:00:00,33.91,21.206935067729496,-12.7030649322705,12.7030649322705,147,10
2024-06-07 11:00:00,25.36,15.746946410421032,-9.613053589578968,9.613053589578968,147,11
2024-06-07 12:00:00,18.34,3.142427211927682,-15.197572788072318,15.197572788072318,147,12
2024-06-07 13:00:00,19.58,1.8748007834850853,-17.705199216514913,17.705199216514913,147,13
2024-06-07 14:00:00,27.08,14.029411684843794,-13.050588315156205,13.050588315156205,147,14
2024-06-07 15:00:00,37.54,31.954594782377605,-5.5854052176223945,5.5854052176223945,147,15
2024-06-07 16:00:00,56.2,52.62186815027319,-3.578131849726816,3.578131849726816,147,16
2024-06-07 17:00:00,82.84,60.91800101706529,-21.92199898293471,21.92199898293471,147,17
2024-06-07 18:00:00,69.29,58.346115879427565,-10.943884120572442,10.943884120572442,147,18
2024-06-07 19:00:00,61.33,56.37723258379925,-4.95276741620075,4.95276741620075,147,19
2024-06-07 20:00:00,78.62,66.70936183605995,-11.91063816394005,11.91063816394005,147,20
2024-06-07 21:00:00,84.29,62.743399307093746,-21.54660069290626,21.54660069290626,147,21
2024-06-07 22:00:00,72.52,66.7145076981433,-5.805492301856702,5.805492301856702,147,22
2024-06-07 23:00:00,41.36,60.63580575422333,19.275805754223327,19.275805754223327,147,23
2024-06-08 00:00:00,32.24,44.73403680340286,12.494036803402857,12.494036803402857,148,0
2024-06-08 01:00:00,23.3,32.074510746842556,8.774510746842555,8.774510746842555,148,1
2024-06-08 02:00:00,11.25,29.219350646251158,17.969350646251158,17.969350646251158,148,2
2024-06-08 03:00:00,10.53,39.82838594999523,29.29838594999523,29.29838594999523,148,3
2024-06-08 04:00:00,17.57,46.39942857771799,28.82942857771799,28.82942857771799,148,4
2024-06-08 05:00:00,12.7,41.02100590844109,28.32100590844109,28.32100590844109,148,5
2024-06-08 06:00:00,21.84,49.6286655967352,27.788665596735203,27.788665596735203,148,6
2024-06-08 07:00:00,12.82,39.252846697545195,26.432846697545195,26.432846697545195,148,7
2024-06-08 08:00:00,0.23,15.45593874140377,15.22593874140377,15.22593874140377,148,8
2024-06-08 09:00:00,-2.2,11.181513515836784,13.381513515836783,13.381513515836783,148,9
2024-06-08 10:00:00,-9.46,3.7385633512278247,13.198563351227826,13.198563351227826,148,10
2024-06-08 11:00:00,-22.13,3.594469008341761,25.72446900834176,25.72446900834176,148,11
2024-06-08 12:00:00,-28.4,-0.25559009478956796,28.14440990521043,28.14440990521043,148,12
2024-06-08 13:00:00,-19.22,1.7043230197256065,20.924323019725605,20.924323019725605,148,13
2024-06-08 14:00:00,-6.5,5.409947674323789,11.909947674323789,11.909947674323789,148,14
2024-06-08 15:00:00,4.13,14.409269092401516,10.279269092401517,10.279269092401517,148,15
2024-06-08 16:00:00,31.23,30.947361574045985,-0.28263842595401556,0.28263842595401556,148,16
2024-06-08 17:00:00,47.7,52.62584041062205,4.925840410622044,4.925840410622044,148,17
2024-06-08 18:00:00,58.07,44.77160609925202,-13.298393900747982,13.298393900747982,148,18
2024-06-08 19:00:00,60.09,41.261578071888025,-18.82842192811198,18.82842192811198,148,19
2024-06-08 20:00:00,59.09,53.750338692452786,-5.3396613075472175,5.3396613075472175,148,20
2024-06-08 21:00:00,56.59,57.5264498163594,0.9364498163593993,0.9364498163593993,148,21
2024-06-08 22:00:00,43.48,54.63477937742474,11.154779377424745,11.154779377424745,148,22
2024-06-08 23:00:00,22.41,24.895650625400904,2.485650625400904,2.485650625400904,148,23
2024-06-09 00:00:00,12.76,25.17518214987264,12.41518214987264,12.41518214987264,149,0
2024-06-09 01:00:00,8.46,9.04641583254903,0.5864158325490294,0.5864158325490294,149,1
2024-06-09 02:00:00,8.94,7.593037717448212,-1.3469622825517877,1.3469622825517877,149,2
2024-06-09 03:00:00,9.8,-0.3671128487059008,-10.167112848705901,10.167112848705901,149,3
2024-06-09 04:00:00,7.32,6.553523464194484,-0.7664765358055163,0.7664765358055163,149,4
2024-06-09 05:00:00,4.4,4.6387157106371575,0.23871571063715713,0.23871571063715713,149,5
2024-06-09 06:00:00,0.22,16.554481834510483,16.334481834510484,16.334481834510484,149,6
2024-06-09 07:00:00,-1.88,7.047457752748471,8.92745775274847,8.92745775274847,149,7
2024-06-09 08:00:00,-7.27,-5.073532778113318,2.1964672218866816,2.1964672218866816,149,8
2024-06-09 09:00:00,-14.35,-10.760108333723608,3.589891666276392,3.589891666276392,149,9
2024-06-09 10:00:00,-8.91,-16.937812901543097,-8.027812901543097,8.027812901543097,149,10
2024-06-09 11:00:00,-14.35,-20.92854746897214,-6.5785474689721415,6.5785474689721415,149,11
2024-06-09 12:00:00,-25.4,-29.875084552263658,-4.4750845522636595,4.4750845522636595,149,12
2024-06-09 13:00:00,-28.52,-17.892142231867837,10.627857768132163,10.627857768132163,149,13
2024-06-09 14:00:00,-4.84,-9.832992707598194,-4.992992707598194,4.992992707598194,149,14
2024-06-09 15:00:00,2.07,4.026692493699969,1.9566924936999688,1.9566924936999688,149,15
2024-06-09 16:00:00,23.74,18.33550644424419,-5.40449355575581,5.40449355575581,149,16
2024-06-09 17:00:00,47.2,35.59993063869955,-11.600069361300456,11.600069361300456,149,17
2024-06-09 18:00:00,41.8,42.59818994457352,0.7981899445735223,0.7981899445735223,149,18
2024-06-09 19:00:00,58.76,42.97425283706669,-15.785747162933305,15.785747162933305,149,19
2024-06-09 20:00:00,69.64,51.30387700239312,-18.33612299760688,18.33612299760688,149,20
2024-06-09 21:00:00,56.9,51.63912840133444,-5.26087159866556,5.26087159866556,149,21
2024-06-09 22:00:00,69.41,46.75156373705657,-22.658436262943425,22.658436262943425,149,22
2024-06-09 23:00:00,35.5,29.874001265629836,-5.625998734370164,5.625998734370164,149,23
2024-06-10 00:00:00,38.2,50.23245249680237,12.032452496802364,12.032452496802364,150,0
2024-06-10 01:00:00,30.86,43.59099676268126,12.730996762681258,12.730996762681258,150,1
2024-06-10 02:00:00,17.74,40.41048327168579,22.670483271685793,22.670483271685793,150,2
2024-06-10 03:00:00,35.01,46.647007578710934,11.637007578710936,11.637007578710936,150,3
2024-06-10 04:00:00,31.98,47.163121315383236,15.183121315383236,15.183121315383236,150,4
2024-06-10 05:00:00,55.05,43.768211471309115,-11.281788528690882,11.281788528690882,150,5
2024-06-10 06:00:00,35.5,48.39411441967374,12.894114419673741,12.894114419673741,150,6
2024-06-10 07:00:00,38.3,41.142346153608365,2.842346153608368,2.842346153608368,150,7
2024-06-10 08:00:00,18.08,28.67361927409224,10.59361927409224,10.59361927409224,150,8
2024-06-10 09:00:00,8.04,24.946790814722156,16.906790814722157,16.906790814722157,150,9
2024-06-10 10:00:00,10.6,26.021891864663026,15.421891864663026,15.421891864663026,150,10
2024-06-10 11:00:00,3.36,19.101573708697636,15.741573708697636,15.741573708697636,150,11
2024-06-10 12:00:00,0.03,11.916108330522022,11.886108330522022,11.886108330522022,150,12
2024-06-10 13:00:00,0.0,13.3201405000856,13.3201405000856,13.3201405000856,150,13
2024-06-10 14:00:00,-0.01,27.116868275385336,27.126868275385338,27.126868275385338,150,14
2024-06-10 15:00:00,0.09,31.133246138327806,31.043246138327806,31.043246138327806,150,15
2024-06-10 16:00:00,21.06,37.36462978549094,16.304629785490942,16.304629785490942,150,16
2024-06-10 17:00:00,40.56,67.74830644954989,27.188306449549884,27.188306449549884,150,17
2024-06-10 18:00:00,25.34,69.17670090153253,43.836700901532524,43.836700901532524,150,18
2024-06-10 19:00:00,28.78,76.53524575010378,47.75524575010378,47.75524575010378,150,19
2024-06-10 20:00:00,68.01,83.9831387921497,15.973138792149697,15.973138792149697,150,20
2024-06-10 21:00:00,70.06,79.67215309311898,9.612153093118977,9.612153093118977,150,21
2024-06-10 22:00:00,62.28,90.02585761011214,27.74585761011214,27.74585761011214,150,22
2024-06-10 23:00:00,58.69,58.69867487419957,0.008674874199570581,0.008674874199570581,150,23
2024-06-11 00:00:00,51.85,50.58132179713784,-1.2686782028621622,1.2686782028621622,151,0
2024-06-11 01:00:00,37.03,41.34279308536651,4.312793085366508,4.312793085366508,151,1
2024-06-11 02:00:00,22.74,30.092003286349026,7.352003286349028,7.352003286349028,151,2
2024-06-11 03:00:00,55.02,43.53808564029088,-11.481914359709123,11.481914359709123,151,3
2024-06-11 04:00:00,44.81,47.818496966975445,3.008496966975443,3.008496966975443,151,4
2024-06-11 05:00:00,68.77,66.69451562454955,-2.0754843754504435,2.0754843754504435,151,5
2024-06-11 06:00:00,70.0,58.71003448169472,-11.28996551830528,11.28996551830528,151,6
2024-06-11 07:00:00,66.84,48.2218788464021,-18.618121153597905,18.618121153597905,151,7
2024-06-11 08:00:00,42.39,31.979070163749327,-10.410929836250673,10.410929836250673,151,8
2024-06-11 09:00:00,37.05,25.76512131542826,-11.284878684571737,11.284878684571737,151,9
2024-06-11 10:00:00,19.51,23.93264296740481,4.4226429674048084,4.4226429674048084,151,10
2024-06-11 11:00:00,7.65,16.76275101543679,9.11275101543679,9.11275101543679,151,11
2024-06-11 12:00:00,6.62,15.070504823879489,8.450504823879488,8.450504823879488,151,12
2024-06-11 13:00:00,9.26,20.16227797470566,10.90227797470566,10.90227797470566,151,13
2024-06-11 14:00:00,13.89,21.788597915586116,7.898597915586116,7.898597915586116,151,14
2024-06-11 15:00:00,35.13,23.920498361509125,-11.209501638490877,11.209501638490877,151,15
2024-06-11 16:00:00,46.0,40.84126772101466,-5.15873227898534,5.15873227898534,151,16
2024-06-11 17:00:00,66.05,54.34642200504346,-11.70357799495654,11.70357799495654,151,17
2024-06-11 18:00:00,71.12,55.99983537419682,-15.120164625803184,15.120164625803184,151,18
2024-06-11 19:00:00,85.41,58.32182337382837,-27.088176626171624,27.088176626171624,151,19
2024-06-11 20:00:00,77.29,77.1071146905389,-0.18288530946109915,0.18288530946109915,151,20
2024-06-11 21:00:00,70.13,75.47212117121846,5.342121171218466,5.342121171218466,151,21
2024-06-11 22:00:00,27.82,74.58889901412023,46.76889901412023,46.76889901412023,151,22
2024-06-11 23:00:00,30.13,62.38482258835713,32.25482258835713,32.25482258835713,151,23
2024-06-12 00:00:00,30.31,55.3178427280121,25.007842728012104,25.007842728012104,152,0
2024-06-12 01:00:00,24.89,45.54199468882519,20.65199468882519,20.65199468882519,152,1
2024-06-12 02:00:00,19.98,35.227472009823366,15.247472009823365,15.247472009823365,152,2
2024-06-12 03:00:00,30.48,51.680873842695135,21.200873842695135,21.200873842695135,152,3
2024-06-12 04:00:00,40.08,46.98096228128256,6.90096228128256,6.90096228128256,152,4
2024-06-12 05:00:00,44.88,61.66506441022777,16.78506441022777,16.78506441022777,152,5
2024-06-12 06:00:00,44.45,65.34573179023816,20.89573179023816,20.89573179023816,152,6
2024-06-12 07:00:00,29.93,60.99572929593912,31.06572929593912,31.06572929593912,152,7
2024-06-12 08:00:00,15.29,40.575252958052424,25.285252958052425,25.285252958052425,152,8
2024-06-12 09:00:00,11.68,34.5029754434969,22.8229754434969,22.8229754434969,152,9
2024-06-12 10:00:00,20.06,23.753244826451265,3.6932448264512665,3.6932448264512665,152,10
2024-06-12 11:00:00,25.97,12.038541822517772,-13.931458177482227,13.931458177482227,152,11
2024-06-12 12:00:00,24.35,8.60160981603623,-15.748390183963771,15.748390183963771,152,12
2024-06-12 13:00:00,12.25,14.943375612666742,2.693375612666742,2.693375612666742,152,13
2024-06-12 14:00:00,10.43,13.910532016429329,3.480532016429329,3.480532016429329,152,14
2024-06-12 15:00:00,25.73,30.662361909249327,4.932361909249327,4.932361909249327,152,15
2024-06-12 16:00:00,40.0,41.14070234100532,1.1407023410053228,1.1407023410053228,152,16
2024-06-12 17:00:00,55.1,62.97026658492234,7.870266584922341,7.870266584922341,152,17
2024-06-12 18:00:00,52.77,70.45735204309064,17.687352043090634,17.687352043090634,152,18
2024-06-12 19:00:00,45.59,81.07006803658558,35.48006803658558,35.48006803658558,152,19
2024-06-12 20:00:00,66.09,75.03152318311382,8.941523183113816,8.941523183113816,152,20
2024-06-12 21:00:00,70.4,71.15448451142962,0.7544845114296095,0.7544845114296095,152,21
2024-06-12 22:00:00,65.68,47.21211200173094,-18.46788799826907,18.46788799826907,152,22
2024-06-12 23:00:00,34.24,36.86371945078469,2.623719450784691,2.623719450784691,152,23
2024-06-15 00:00:00,0.08,9.582185434821369,9.502185434821369,9.502185434821369,155,0
2024-06-15 01:00:00,0.09,1.7110790100178548,1.6210790100178547,1.6210790100178547,155,1
2024-06-15 02:00:00,2.47,1.123612731041689,-1.3463872689583112,1.3463872689583112,155,2
2024-06-15 03:00:00,0.26,-7.863923993823519,-8.123923993823519,8.123923993823519,155,3
2024-06-15 04:00:00,1.54,-10.128150529274592,-11.668150529274591,11.668150529274591,155,4
2024-06-15 05:00:00,0.09,2.5368230866553887,2.446823086655389,2.446823086655389,155,5
2024-06-15 06:00:00,0.0,12.418978876335686,12.418978876335686,12.418978876335686,155,6
2024-06-15 07:00:00,-0.06,31.181418073507537,31.241418073507536,31.241418073507536,155,7
2024-06-15 08:00:00,-10.08,36.663176718024275,46.74317671802427,46.74317671802427,155,8
2024-06-15 09:00:00,-28.87,29.925050953921172,58.79505095392118,58.79505095392118,155,9
2024-06-15 10:00:00,-44.68,10.45366488377124,55.13366488377124,55.13366488377124,155,10
2024-06-15 11:00:00,-65.47,2.1360939175911966,67.6060939175912,67.6060939175912,155,11
2024-06-15 12:00:00,-80.02,-4.1946382839067695,75.82536171609323,75.82536171609323,155,12
2024-06-15 13:00:00,-55.93,-7.779927670824478,48.15007232917552,48.15007232917552,155,13
2024-06-15 14:00:00,-28.08,-9.57897510008965,18.501024899910348,18.501024899910348,155,14
2024-06-15 15:00:00,-2.36,-5.28184269599015,-2.9218426959901502,2.9218426959901502,155,15
2024-06-15 16:00:00,0.0,-3.198859195943186,-3.198859195943186,3.198859195943186,155,16
2024-06-15 17:00:00,9.59,6.090178471612617,-3.4998215283873826,3.4998215283873826,155,17
2024-06-15 18:00:00,23.22,12.145071672007532,-11.074928327992467,11.074928327992467,155,18
2024-06-15 19:00:00,28.0,33.05268917081445,5.052689170814453,5.052689170814453,155,19
2024-06-15 20:00:00,47.7,27.779295791846707,-19.920704208153296,19.920704208153296,155,20
2024-06-15 21:00:00,41.76,26.67437296747677,-15.085627032523227,15.085627032523227,155,21
2024-06-15 22:00:00,27.49,20.820611768074635,-6.669388231925364,6.669388231925364,155,22
2024-06-15 23:00:00,10.62,6.9468814565092885,-3.6731185434907108,3.6731185434907108,155,23
2024-06-16 00:00:00,7.92,2.7562677089113805,-5.163732291088619,5.163732291088619,156,0
2024-06-16 01:00:00,5.94,9.113444740734849,3.1734447407348485,3.1734447407348485,156,1
2024-06-16 02:00:00,4.81,5.646610980317263,0.8366109803172632,0.8366109803172632,156,2
2024-06-16 03:00:00,4.39,2.867667799697358,-1.5223322003026416,1.5223322003026416,156,3
2024-06-16 04:00:00,4.53,0.9627922421281596,-3.5672077578718406,3.5672077578718406,156,4
2024-06-16 05:00:00,0.71,0.4893756224136183,-0.22062437758638165,0.22062437758638165,156,5
2024-06-16 06:00:00,-0.02,-0.37207150517302523,-0.3520715051730252,0.3520715051730252,156,6
2024-06-16 07:00:00,-1.26,-1.4004569272183431,-0.14045692721834313,0.14045692721834313,156,7
2024-06-16 08:00:00,-10.01,-12.702328845958462,-2.6923288459584622,2.6923288459584622,156,8
2024-06-16 09:00:00,-13.34,-13.038187372918657,0.30181262708134327,0.30181262708134327,156,9
2024-06-16 10:00:00,-20.01,-23.19646751196079,-3.186467511960789,3.186467511960789,156,10
2024-06-16 11:00:00,-30.01,-31.394205107444833,-1.3842051074448314,1.3842051074448314,156,11
2024-06-16 12:00:00,-35.68,-43.24197656693873,-7.561976566938732,7.561976566938732,156,12
2024-06-16 13:00:00,-29.05,-35.54779030517368,-6.497790305173677,6.497790305173677,156,13
2024-06-16 14:00:00,-9.52,-17.280143006134878,-7.760143006134879,7.760143006134879,156,14
2024-06-16 15:00:00,-0.06,-1.8842665235023333,-1.8242665235023332,1.8242665235023332,156,15
2024-06-16 16:00:00,6.47,-1.5651720133476488,-8.035172013347648,8.035172013347648,156,16
2024-06-16 17:00:00,11.33,6.371940345085889,-4.958059654914111,4.958059654914111,156,17
2024-06-16 18:00:00,16.8,18.9843851977894,2.1843851977893998,2.1843851977893998,156,18
2024-06-16 19:00:00,35.02,28.16514413523494,-6.854855864765064,6.854855864765064,156,19
2024-06-16 20:00:00,41.26,42.02380841638177,0.7638084163817709,0.7638084163817709,156,20
2024-06-16 21:00:00,41.62,38.48170043460579,-3.138299565394206,3.138299565394206,156,21
2024-06-16 22:00:00,41.49,32.84281064064056,-8.647189359359444,8.647189359359444,156,22
2024-06-16 23:00:00,35.01,17.43711077542435,-17.572889224575647,17.572889224575647,156,23
2024-06-18 00:00:00,34.15,36.74488878550508,2.594888785505084,2.594888785505084,158,0
2024-06-18 01:00:00,35.65,28.231066776499972,-7.4189332235000265,7.4189332235000265,158,1
2024-06-18 02:00:00,29.26,28.365851679650376,-0.8941483203496254,0.8941483203496254,158,2
2024-06-18 03:00:00,27.0,15.943845109744615,-11.056154890255385,11.056154890255385,158,3
2024-06-18 04:00:00,37.36,33.00050999167097,-4.359490008329033,4.359490008329033,158,4
2024-06-18 05:00:00,55.71,40.67176216078457,-15.038237839215434,15.038237839215434,158,5
2024-06-18 06:00:00,59.1,51.885953733479106,-7.214046266520896,7.214046266520896,158,6
2024-06-18 07:00:00,52.21,48.303940226213825,-3.9060597737861755,3.9060597737861755,158,7
2024-06-18 08:00:00,39.0,31.990582442479422,-7.009417557520578,7.009417557520578,158,8
2024-06-18 09:00:00,33.25,18.51960979279726,-14.730390207202738,14.730390207202738,158,9
2024-06-18 10:00:00,26.56,17.803172064922904,-8.756827935077094,8.756827935077094,158,10
2024-06-18 11:00:00,8.6,13.80239211896685,5.20239211896685,5.20239211896685,158,11
2024-06-18 12:00:00,11.21,8.846444661242728,-2.3635553387572728,2.3635553387572728,158,12
2024-06-18 13:00:00,10.6,5.498050245681995,-5.101949754318005,5.101949754318005,158,13
2024-06-18 14:00:00,9.99,21.018933910962794,11.028933910962794,11.028933910962794,158,14
2024-06-18 15:00:00,20.27,39.373851848903946,19.103851848903947,19.103851848903947,158,15
2024-06-18 16:00:00,35.0,49.299714975800825,14.299714975800825,14.299714975800825,158,16
2024-06-18 17:00:00,45.28,57.30179135664157,12.021791356641572,12.021791356641572,158,17
2024-06-18 18:00:00,49.65,52.07061910447826,2.420619104478263,2.420619104478263,158,18
2024-06-18 19:00:00,18.61,68.27714560512732,49.66714560512732,49.66714560512732,158,19
2024-06-18 20:00:00,54.98,73.69132072723889,18.711320727238892,18.711320727238892,158,20
2024-06-18 21:00:00,57.9,59.71119196016144,1.8111919601614446,1.8111919601614446,158,21
2024-06-18 22:00:00,99.83,53.06783030686897,-46.76216969313103,46.76216969313103,158,22
2024-06-18 23:00:00,54.0,39.3870184704445,-14.612981529555498,14.612981529555498,158,23
2024-06-19 00:00:00,44.1,33.856149714516086,-10.243850285483916,10.243850285483916,159,0
2024-06-19 01:00:00,34.92,31.03195105741007,-3.8880489425899327,3.8880489425899327,159,1
2024-06-19 02:00:00,24.0,24.725753041558995,0.7257530415589954,0.7257530415589954,159,2
2024-06-19 03:00:00,33.19,26.099153160461825,-7.090846839538173,7.090846839538173,159,3
2024-06-19 04:00:00,55.51,32.58602631044357,-22.923973689556426,22.923973689556426,159,4
2024-06-19 05:00:00,93.36,46.1582774023476,-47.2017225976524,47.2017225976524,159,5
2024-06-19 06:00:00,91.79,49.5934380398045,-42.19656196019551,42.19656196019551,159,6
2024-06-19 07:00:00,59.38,34.804677681477195,-24.575322318522808,24.575322318522808,159,7
2024-06-19 08:00:00,55.8,28.235845091771537,-27.56415490822846,27.56415490822846,159,8
2024-06-19 09:00:00,46.41,23.328579388140703,-23.081420611859294,23.081420611859294,159,9
2024-06-19 10:00:00,43.54,21.906696003165003,-21.633303996834996,21.633303996834996,159,10
2024-06-19 11:00:00,37.0,14.56527597085099,-22.43472402914901,22.43472402914901,159,11
2024-06-19 12:00:00,22.43,14.450315787377775,-7.9796842126222245,7.9796842126222245,159,12
2024-06-19 13:00:00,23.56,14.760760973602473,-8.799239026397526,8.799239026397526,159,13
2024-06-19 14:00:00,28.6,11.148961672523342,-17.45103832747666,17.45103832747666,159,14
2024-06-19 15:00:00,35.02,25.905976998843443,-9.11402300115656,9.11402300115656,159,15
2024-06-19 16:00:00,38.47,36.88428319947173,-1.5857168005282674,1.5857168005282674,159,16
2024-06-19 17:00:00,79.83,40.857955282217794,-38.972044717782204,38.972044717782204,159,17
2024-06-19 18:00:00,69.04,54.61627072582562,-14.423729274174384,14.423729274174384,159,18
2024-06-19 19:00:00,109.01,36.658450320210946,-72.35154967978906,72.35154967978906,159,19
2024-06-19 20:00:00,109.0,56.99526592224004,-52.00473407775996,52.00473407775996,159,20
2024-06-19 21:00:00,89.59,59.4013213495262,-30.188678650473804,30.188678650473804,159,21
2024-06-19 22:00:00,85.89,83.47813955960821,-2.4118604403917914,2.4118604403917914,159,22
2024-06-19 23:00:00,68.92,53.85132712687921,-15.06867287312079,15.06867287312079,159,23
2024-06-20 00:00:00,61.45,51.36562118638055,-10.084378813619452,10.084378813619452,160,0
2024-06-20 01:00:00,46.72,40.24695933561726,-6.4730406643827365,6.4730406643827365,160,1
2024-06-20 02:00:00,48.49,29.542402551395185,-18.947597448604817,18.947597448604817,160,2
2024-06-20 03:00:00,61.45,32.33330857682503,-29.11669142317497,29.11669142317497,160,3
2024-06-20 04:00:00,99.0,47.70215173586032,-51.29784826413968,51.29784826413968,160,4
2024-06-20 05:00:00,111.72,67.83634178227544,-43.88365821772456,43.88365821772456,160,5
2024-06-20 06:00:00,103.0,71.56007547604815,-31.439924523951845,31.439924523951845,160,6
2024-06-20 07:00:00,81.94,49.92629037241957,-32.013709627580425,32.013709627580425,160,7
2024-06-20 08:00:00,71.87,41.04600208953712,-30.823997910462886,30.823997910462886,160,8
2024-06-20 09:00:00,63.04,30.84945796698564,-32.19054203301436,32.19054203301436,160,9
2024-06-20 10:00:00,59.94,34.30534397216012,-25.63465602783988,25.63465602783988,160,10
2024-06-20 11:00:00,58.35,33.49881077573274,-24.85118922426726,24.85118922426726,160,11
2024-06-20 12:00:00,61.42,26.464716063658976,-34.955283936341026,34.955283936341026,160,12
2024-06-20 13:00:00,61.93,27.043241726382945,-34.886758273617055,34.886758273617055,160,13
2024-06-20 14:00:00,61.42,26.316345734657105,-35.1036542653429,35.1036542653429,160,14
2024-06-20 15:00:00,62.15,32.04953550264866,-30.10046449735134,30.10046449735134,160,15
2024-06-20 16:00:00,77.46,28.88092162256561,-48.579078377434385,48.579078377434385,160,16
2024-06-20 17:00:00,107.0,57.13790489102945,-49.86209510897055,49.86209510897055,160,17
2024-06-20 18:00:00,115.28,59.34127426978878,-55.938725730211225,55.938725730211225,160,18
2024-06-20 19:00:00,122.78,84.07035977096845,-38.70964022903155,38.70964022903155,160,19
2024-06-20 20:00:00,114.59,89.18880975797384,-25.40119024202616,25.40119024202616,160,20
2024-06-20 21:00:00,95.85,69.50298723610479,-26.347012763895208,26.347012763895208,160,21
2024-06-20 22:00:00,101.38,72.45918531048028,-28.920814689519716,28.920814689519716,160,22
2024-06-20 23:00:00,91.2,54.00196361696867,-37.19803638303133,37.19803638303133,160,23
2024-06-21 00:00:00,89.95,40.33112407681071,-49.61887592318929,49.61887592318929,161,0
2024-06-21 01:00:00,85.8,34.899183218226725,-50.90081678177327,50.90081678177327,161,1
2024-06-21 02:00:00,76.22,26.085709333565347,-50.13429066643465,50.13429066643465,161,2
2024-06-21 03:00:00,81.14,32.32292729428239,-48.817072705717614,48.817072705717614,161,3
2024-06-21 04:00:00,96.06,53.93049555778843,-42.12950444221157,42.12950444221157,161,4
2024-06-21 05:00:00,113.47,72.62105831649994,-40.84894168350006,40.84894168350006,161,5
2024-06-21 06:00:00,114.32,71.98637006632492,-42.33362993367507,42.33362993367507,161,6
2024-06-21 07:00:00,107.42,56.31836795824309,-51.101632041756915,51.101632041756915,161,7
2024-06-21 08:00:00,96.74,43.90854580224725,-52.83145419775275,52.83145419775275,161,8
2024-06-21 09:00:00,84.21,41.6431653345669,-42.56683466543309,42.56683466543309,161,9
2024-06-21 10:00:00,61.34,35.953842900995,-25.386157099005004,25.386157099005004,161,10
2024-06-21 11:00:00,57.4,35.222002738321194,-22.177997261678804,22.177997261678804,161,11
2024-06-21 12:00:00,55.1,35.68292786173588,-19.417072138264125,19.417072138264125,161,12
2024-06-21 13:00:00,43.17,29.999180662051288,-13.170819337948714,13.170819337948714,161,13
2024-06-21 14:00:00,40.0,38.15845897104474,-1.8415410289552625,1.8415410289552625,161,14
2024-06-21 15:00:00,49.8,30.33608905800427,-19.463910941995728,19.463910941995728,161,15
2024-06-21 16:00:00,56.75,36.09188879881483,-20.65811120118517,20.65811120118517,161,16
2024-06-21 17:00:00,77.46,67.09025086926687,-10.369749130733126,10.369749130733126,161,17
2024-06-21 18:00:00,100.01,72.32044915682445,-27.689550843175553,27.689550843175553,161,18
2024-06-21 19:00:00,105.14,76.09168489586922,-29.04831510413078,29.04831510413078,161,19
2024-06-21 20:00:00,96.49,78.13774273303586,-18.35225726696413,18.35225726696413,161,20
2024-06-21 21:00:00,83.26,68.50796673040978,-14.752033269590228,14.752033269590228,161,21
2024-06-21 22:00:00,81.53,84.74309347029,3.213093470290005,3.213093470290005,161,22
2024-06-21 23:00:00,70.19,67.47037141674068,-2.719628583259322,2.719628583259322,161,23
2024-06-22 00:00:00,56.12,57.124701975930066,1.0047019759300682,1.0047019759300682,162,0
2024-06-22 01:00:00,46.93,52.411097605746846,5.481097605746847,5.481097605746847,162,1
2024-06-22 02:00:00,46.16,43.90699473666097,-2.253005263339027,2.253005263339027,162,2
2024-06-22 03:00:00,42.96,44.57474605414191,1.6147460541419107,1.6147460541419107,162,3
2024-06-22 04:00:00,44.48,59.48468682926277,15.004686829262774,15.004686829262774,162,4
2024-06-22 05:00:00,47.76,72.91267251811921,25.15267251811921,25.15267251811921,162,5
2024-06-22 06:00:00,36.95,71.04340421919753,34.093404219197524,34.093404219197524,162,6
2024-06-22 07:00:00,34.65,61.25126638779446,26.60126638779446,26.60126638779446,162,7
2024-06-22 08:00:00,12.54,49.03899145053142,36.49899145053142,36.49899145053142,162,8
2024-06-22 09:00:00,3.59,39.32424807849982,35.73424807849982,35.73424807849982,162,9
2024-06-22 10:00:00,2.68,23.893543087002918,21.21354308700292,21.21354308700292,162,10
2024-06-22 11:00:00,0.03,25.908320705270256,25.878320705270255,25.878320705270255,162,11
2024-06-22 12:00:00,0.0,18.92703607737333,18.92703607737333,18.92703607737333,162,12
2024-06-22 13:00:00,0.8,11.228810505122453,10.428810505122453,10.428810505122453,162,13
2024-06-22 14:00:00,5.36,13.394565204781031,8.034565204781032,8.034565204781032,162,14
2024-06-22 15:00:00,14.93,19.97679693663993,5.046796936639929,5.046796936639929,162,15
2024-06-22 16:00:00,47.06,25.747553166378985,-21.312446833621017,21.312446833621017,162,16
2024-06-22 17:00:00,87.04,45.52726841074055,-41.51273158925946,41.51273158925946,162,17
2024-06-22 18:00:00,66.72,54.1493488561448,-12.570651143855201,12.570651143855201,162,18
2024-06-22 19:00:00,76.79,69.57616018393153,-7.213839816068472,7.213839816068472,162,19
2024-06-22 20:00:00,101.53,66.14610933821669,-35.38389066178331,35.38389066178331,162,20
2024-06-22 21:00:00,84.18,57.0799970172652,-27.100002982734807,27.100002982734807,162,21
2024-06-22 22:00:00,77.0,55.61417238442454,-21.385827615575458,21.385827615575458,162,22
2024-06-22 23:00:00,56.99,47.38347787464056,-9.60652212535944,9.60652212535944,162,23
2024-06-24 00:00:00,40.0,76.45051693946358,36.45051693946358,36.45051693946358,164,0
2024-06-24 01:00:00,35.4,67.10752681133488,31.70752681133488,31.70752681133488,164,1
2024-06-24 02:00:00,35.02,58.70674227192121,23.686742271921204,23.686742271921204,164,2
2024-06-24 03:00:00,49.07,46.86493347738106,-2.2050665226189423,2.2050665226189423,164,3
2024-06-24 04:00:00,55.03,50.37804319327235,-4.651956806727654,4.651956806727654,164,4
2024-06-24 05:00:00,70.0,52.66025673214151,-17.339743267858488,17.339743267858488,164,5
2024-06-24 06:00:00,77.04,50.756285058834024,-26.283714941165982,26.283714941165982,164,6
2024-06-24 07:00:00,52.86,50.837186348860854,-2.0228136511391455,2.0228136511391455,164,7
2024-06-24 08:00:00,35.0,43.37689228764509,8.376892287645092,8.376892287645092,164,8
2024-06-24 09:00:00,18.73,40.47333507961788,21.743335079617882,21.743335079617882,164,9
2024-06-24 10:00:00,30.7,38.512281651838094,7.812281651838095,7.812281651838095,164,10
2024-06-24 11:00:00,19.32,32.90107898359911,13.581078983599113,13.581078983599113,164,11
2024-06-24 12:00:00,18.78,24.853772585814923,6.073772585814922,6.073772585814922,164,12
2024-06-24 13:00:00,15.95,28.08379673994245,12.13379673994245,12.13379673994245,164,13
2024-06-24 14:00:00,24.17,28.763577637761756,4.593577637761754,4.593577637761754,164,14
2024-06-24 15:00:00,49.06,29.299606584097404,-19.7603934159026,19.7603934159026,164,15
2024-06-24 16:00:00,65.92,47.09748638071781,-18.82251361928219,18.82251361928219,164,16
2024-06-24 17:00:00,115.48,67.37805427039906,-48.10194572960094,48.10194572960094,164,17
2024-06-24 18:00:00,92.41,75.62844575595116,-16.781554244048834,16.781554244048834,164,18
2024-06-24 19:00:00,117.33,93.32070936743956,-24.009290632560436,24.009290632560436,164,19
2024-06-24 20:00:00,113.7,105.40684856446278,-8.293151435537226,8.293151435537226,164,20
2024-06-24 21:00:00,91.54,98.59991308165601,7.059913081656006,7.059913081656006,164,21
2024-06-24 22:00:00,44.55,77.26665287865205,32.716652878652056,32.716652878652056,164,22
2024-06-24 23:00:00,40.08,55.69155091789585,15.611550917895855,15.611550917895855,164,23
2024-06-25 00:00:00,45.1,47.58343213897932,2.4834321389793175,2.4834321389793175,165,0
2024-06-25 01:00:00,28.12,41.61980432716814,13.499804327168139,13.499804327168139,165,1
2024-06-25 02:00:00,12.49,39.10054839041445,26.61054839041445,26.61054839041445,165,2
2024-06-25 03:00:00,38.28,48.62770863957851,10.347708639578507,10.347708639578507,165,3
2024-06-25 04:00:00,45.6,55.95524983920215,10.355249839202152,10.355249839202152,165,4
2024-06-25 05:00:00,62.91,69.43609976803089,6.526099768030889,6.526099768030889,165,5
2024-06-25 06:00:00,74.77,74.74409643602223,-0.02590356397776361,0.02590356397776361,165,6
2024-06-25 07:00:00,64.9,62.67418390593565,-2.2258160940643563,2.2258160940643563,165,7
2024-06-25 08:00:00,35.69,43.87545143681002,8.18545143681002,8.18545143681002,165,8
2024-06-25 09:00:00,12.83,33.998086910827205,21.168086910827206,21.168086910827206,165,9
2024-06-25 10:00:00,0.0,36.803223922312725,36.803223922312725,36.803223922312725,165,10
2024-06-25 11:00:00,-0.05,29.446559925203033,29.496559925203034,29.496559925203034,165,11
2024-06-25 12:00:00,-0.04,31.382656633634802,31.4226566336348,31.4226566336348,165,12
2024-06-25 13:00:00,11.59,27.693974877742896,16.103974877742896,16.103974877742896,165,13
2024-06-25 14:00:00,25.0,36.585146339465396,11.585146339465396,11.585146339465396,165,14
2024-06-25 15:00:00,35.02,47.3562913779332,12.3362913779332,12.3362913779332,165,15
2024-06-25 16:00:00,48.99,60.08710218582251,11.097102185822507,11.097102185822507,165,16
2024-06-25 17:00:00,77.0,89.858454435325,12.858454435325001,12.858454435325001,165,17
2024-06-25 18:00:00,105.0,83.07968365969512,-21.92031634030488,21.92031634030488,165,18
2024-06-25 19:00:00,96.37,102.2351243134131,5.865124313413091,5.865124313413091,165,19
2024-06-25 20:00:00,106.57,100.52016257627044,-6.0498374237295565,6.0498374237295565,165,20
2024-06-25 21:00:00,87.03,77.79366669257837,-9.236333307421631,9.236333307421631,165,21
2024-06-25 22:00:00,107.43,58.46735519871163,-48.96264480128838,48.96264480128838,165,22
2024-06-25 23:00:00,99.96,51.66762395806114,-48.29237604193885,48.29237604193885,165,23
2024-06-26 00:00:00,95.32,57.14805874708142,-38.17194125291857,38.17194125291857,166,0
2024-06-26 01:00:00,95.46,38.151456913338855,-57.30854308666114,57.30854308666114,166,1
2024-06-26 02:00:00,91.7,25.34183664162778,-66.35816335837222,66.35816335837222,166,2
2024-06-26 03:00:00,97.12,37.09284206267564,-60.02715793732436,60.02715793732436,166,3
2024-06-26 04:00:00,109.59,40.16915062707676,-69.42084937292324,69.42084937292324,166,4
2024-06-26 05:00:00,130.0,49.946510844104864,-80.05348915589514,80.05348915589514,166,5
2024-06-26 06:00:00,121.1,62.217384752872135,-58.88261524712786,58.88261524712786,166,6
2024-06-26 07:00:00,101.76,51.623696228468404,-50.1363037715316,50.1363037715316,166,7
2024-06-26 08:00:00,90.98,31.053505463935494,-59.92649453606451,59.92649453606451,166,8
2024-06-26 09:00:00,85.99,15.649148786640765,-70.34085121335923,70.34085121335923,166,9
2024-06-26 10:00:00,79.41,7.302547601821431,-72.10745239817857,72.10745239817857,166,10
2024-06-26 11:00:00,77.24,8.634986798749466,-68.60501320125053,68.60501320125053,166,11
2024-06-26 12:00:00,80.62,10.609437089206267,-70.01056291079374,70.01056291079374,166,12
2024-06-26 13:00:00,90.59,14.752497285115481,-75.83750271488452,75.83750271488452,166,13
2024-06-26 14:00:00,100.08,30.51180581766097,-69.56819418233903,69.56819418233903,166,14
2024-06-26 15:00:00,105.96,30.970660048616267,-74.98933995138373,74.98933995138373,166,15
2024-06-26 16:00:00,114.98,43.32262591399084,-71.65737408600916,71.65737408600916,166,16
2024-06-26 17:00:00,145.0,67.04323331143564,-77.95676668856436,77.95676668856436,166,17
2024-06-26 18:00:00,156.98,91.34549215333583,-65.63450784666416,65.63450784666416,166,18
2024-06-26 19:00:00,137.18,91.08442145586739,-46.09557854413262,46.09557854413262,166,19
2024-06-26 20:00:00,118.98,99.27881958684944,-19.701180413150567,19.701180413150567,166,20
2024-06-26 21:00:00,110.0,85.60525350098527,-24.39474649901473,24.39474649901473,166,21
2024-06-26 22:00:00,96.0,94.03550663125351,-1.9644933687464885,1.9644933687464885,166,22
2024-06-26 23:00:00,86.92,76.21983638872273,-10.700163611277276,10.700163611277276,166,23
2024-06-27 00:00:00,80.64,83.5921030911097,2.9521030911097057,2.9521030911097057,167,0
2024-06-27 01:00:00,67.3,77.20249742745754,9.902497427457547,9.902497427457547,167,1
2024-06-27 02:00:00,59.82,72.56499804993089,12.744998049930892,12.744998049930892,167,2
2024-06-27 03:00:00,61.93,72.65028228260807,10.720282282608075,10.720282282608075,167,3
2024-06-27 04:00:00,76.05,84.41847700174846,8.36847700174846,8.36847700174846,167,4
2024-06-27 05:00:00,109.98,94.40875564419278,-15.571244355807224,15.571244355807224,167,5
2024-06-27 06:00:00,115.0,95.42843209680804,-19.571567903191962,19.571567903191962,167,6
2024-06-27 07:00:00,88.92,80.26318582004505,-8.65681417995495,8.65681417995495,167,7
2024-06-27 08:00:00,68.5,68.06329159519315,-0.4367084048068506,0.4367084048068506,167,8
2024-06-27 09:00:00,54.48,63.13189868262742,8.651898682627426,8.651898682627426,167,9
2024-06-27 10:00:00,43.22,60.96461291150153,17.744612911501534,17.744612911501534,167,10
2024-06-27 11:00:00,32.38,56.75583206686218,24.37583206686218,24.37583206686218,167,11
2024-06-27 12:00:00,27.15,58.0286094717986,30.878609471798605,30.878609471798605,167,12
2024-06-27 13:00:00,18.75,64.09299361492762,45.34299361492762,45.34299361492762,167,13
2024-06-27 14:00:00,23.34,72.08355899641386,48.74355899641385,48.74355899641385,167,14
2024-06-27 15:00:00,41.88,76.52599531713007,34.645995317130065,34.645995317130065,167,15
2024-06-27 16:00:00,63.43,82.33523233278615,18.90523233278615,18.90523233278615,167,16
2024-06-27 17:00:00,75.39,112.3623534798578,36.9723534798578,36.9723534798578,167,17
2024-06-27 18:00:00,93.5,123.0421979485566,29.542197948556606,29.542197948556606,167,18
2024-06-27 19:00:00,88.91,119.23453932591912,30.32453932591912,30.32453932591912,167,19
2024-06-27 20:00:00,92.81,106.1606512123151,13.3506512123151,13.3506512123151,167,20
2024-06-27 21:00:00,75.06,96.66733159774896,21.607331597748953,21.607331597748953,167,21
2024-06-27 22:00:00,22.35,83.75094010451618,61.400940104516174,61.400940104516174,167,22
2024-06-27 23:00:00,20.67,68.26012932141666,47.590129321416654,47.590129321416654,167,23
2024-06-28 00:00:00,15.66,57.909198265225584,42.24919826522559,42.24919826522559,168,0
2024-06-28 01:00:00,12.88,48.194561339664176,35.31456133966417,35.31456133966417,168,1
2024-06-28 02:00:00,9.63,47.941639903731804,38.3116399037318,38.3116399037318,168,2
2024-06-28 03:00:00,8.54,46.87670016799817,38.336700167998174,38.336700167998174,168,3
2024-06-28 04:00:00,10.02,56.77561352955372,46.75561352955373,46.75561352955373,168,4
2024-06-28 05:00:00,41.79,73.24339850332849,31.453398503328494,31.453398503328494,168,5
2024-06-28 06:00:00,51.18,84.69180100773298,33.51180100773298,33.51180100773298,168,6
2024-06-28 07:00:00,45.67,65.66304804155149,19.99304804155149,19.99304804155149,168,7
2024-06-28 08:00:00,14.36,44.012308321145795,29.652308321145796,29.652308321145796,168,8
2024-06-28 09:00:00,1.94,33.830440972257534,31.890440972257533,31.890440972257533,168,9
2024-06-28 10:00:00,0.77,29.463267972983232,28.693267972983232,28.693267972983232,168,10
2024-06-28 11:00:00,-0.01,24.89976992674685,24.90976992674685,24.90976992674685,168,11
2024-06-28 12:00:00,-2.06,18.4743760944119,20.5343760944119,20.5343760944119,168,12
2024-06-28 13:00:00,-0.01,14.887856881183055,14.897856881183055,14.897856881183055,168,13
2024-06-28 14:00:00,4.64,30.681126479834006,26.041126479834006,26.041126479834006,168,14
2024-06-28 15:00:00,13.0,36.400863113974395,23.400863113974395,23.400863113974395,168,15
2024-06-28 16:00:00,48.64,50.2678546109585,1.6278546109585008,1.6278546109585008,168,16
2024-06-28 17:00:00,88.5,68.68458808685098,-19.81541191314902,19.81541191314902,168,17
2024-06-28 18:00:00,94.04,85.3704462286725,-8.6695537713275,8.6695537713275,168,18
2024-06-28 19:00:00,105.42,83.4829498897749,-21.9370501102251,21.9370501102251,168,19
2024-06-28 20:00:00,113.3,79.28188167329947,-34.01811832670053,34.01811832670053,168,20
2024-06-28 21:00:00,105.18,72.88457077897634,-32.29542922102367,32.29542922102367,168,21
2024-06-28 22:00:00,62.19,45.1915581157357,-16.998441884264295,16.998441884264295,168,22
2024-06-28 23:00:00,32.38,43.1175796634723,10.737579663472296,10.737579663472296,168,23
2024-06-29 00:00:00,24.1,21.585027372339823,-2.5149726276601783,2.5149726276601783,169,0
2024-06-29 01:00:00,28.84,14.932478724022431,-13.907521275977569,13.907521275977569,169,1
2024-06-29 02:00:00,16.16,17.352078391506943,1.1920783915069428,1.1920783915069428,169,2
2024-06-29 03:00:00,20.61,13.139162875259785,-7.470837124740214,7.470837124740214,169,3
2024-06-29 04:00:00,18.52,19.236784418455542,0.7167844184555427,0.7167844184555427,169,4
2024-06-29 05:00:00,15.75,43.48769403021241,27.73769403021241,27.73769403021241,169,5
2024-06-29 06:00:00,27.79,45.13619592703275,17.346195927032753,17.346195927032753,169,6
2024-06-29 07:00:00,29.58,41.4472397355996,11.867239735599604,11.867239735599604,169,7
2024-06-29 08:00:00,5.04,17.74136620860245,12.701366208602451,12.701366208602451,169,8
2024-06-29 09:00:00,0.05,15.923618734439884,15.873618734439884,15.873618734439884,169,9
2024-06-29 10:00:00,0.0,13.777471581354291,13.777471581354291,13.777471581354291,169,10
2024-06-29 11:00:00,-0.19,16.69402440139409,16.88402440139409,16.88402440139409,169,11
2024-06-29 12:00:00,-0.06,15.53759763888597,15.59759763888597,15.59759763888597,169,12
2024-06-29 13:00:00,1.5,17.672429610847466,16.172429610847466,16.172429610847466,169,13
2024-06-29 14:00:00,12.76,23.8487849498146,11.0887849498146,11.0887849498146,169,14
2024-06-29 15:00:00,31.86,25.750622647442263,-6.109377352557736,6.109377352557736,169,15
2024-06-29 16:00:00,35.02,48.82910631155562,13.809106311555617,13.809106311555617,169,16
2024-06-29 17:00:00,46.6,76.66292259559357,30.06292259559357,30.06292259559357,169,17
2024-06-29 18:00:00,48.65,89.54990103316986,40.89990103316986,40.89990103316986,169,18
2024-06-29 19:00:00,38.29,99.6633876394207,61.373387639420706,61.373387639420706,169,19
2024-06-29 20:00:00,60.23,96.13185526535126,35.901855265351266,35.901855265351266,169,20
2024-06-29 21:00:00,53.9,91.37572139783623,37.47572139783623,37.47572139783623,169,21
2024-06-29 22:00:00,43.25,66.77339424048303,23.52339424048303,23.52339424048303,169,22
2024-06-29 23:00:00,25.3,35.47745984739851,10.177459847398506,10.177459847398506,169,23
2024-07-01 00:00:00,52.95,45.57246069559088,-7.377539304409126,7.377539304409126,171,0
2024-07-01 01:00:00,46.05,30.986681970839605,-15.063318029160392,15.063318029160392,171,1
2024-07-01 02:00:00,45.83,30.094271089088203,-15.735728910911796,15.735728910911796,171,2
2024-07-01 03:00:00,51.9,28.082945411561425,-23.817054588438573,23.817054588438573,171,3
2024-07-01 04:00:00,59.26,30.700976025369734,-28.559023974630264,28.559023974630264,171,4
2024-07-01 05:00:00,87.57,31.382429785125467,-56.187570214874526,56.187570214874526,171,5
2024-07-01 06:00:00,71.18,41.88237058928609,-29.297629410713917,29.297629410713917,171,6
2024-07-01 07:00:00,50.03,37.426702453999816,-12.603297546000185,12.603297546000185,171,7
2024-07-01 08:00:00,44.52,32.71991739372909,-11.800082606270912,11.800082606270912,171,8
2024-07-01 09:00:00,40.15,26.028745094842982,-14.121254905157016,14.121254905157016,171,9
2024-07-01 10:00:00,39.71,25.90669903841868,-13.803300961581321,13.803300961581321,171,10
2024-07-01 11:00:00,35.0,24.293819802713074,-10.706180197286926,10.706180197286926,171,11
2024-07-01 12:00:00,21.17,29.573397956017295,8.403397956017294,8.403397956017294,171,12
2024-07-01 13:00:00,15.02,26.432841957014105,11.412841957014106,11.412841957014106,171,13
2024-07-01 14:00:00,10.15,27.97651835573933,17.82651835573933,17.82651835573933,171,14
2024-07-01 15:00:00,21.17,30.89555270544831,9.725552705448308,9.725552705448308,171,15
2024-07-01 16:00:00,39.65,44.73642284868113,5.086422848681131,5.086422848681131,171,16
2024-07-01 17:00:00,49.28,65.10863548365627,15.82863548365627,15.82863548365627,171,17
2024-07-01 18:00:00,71.18,81.6558413205157,10.475841320515698,10.475841320515698,171,18
2024-07-01 19:00:00,80.79,99.66754500298478,18.877545002984775,18.877545002984775,171,19
2024-07-01 20:00:00,99.26,101.44015528071853,2.180155280718523,2.180155280718523,171,20
2024-07-01 21:00:00,87.46,105.31143147589574,17.85143147589575,17.85143147589575,171,21
2024-07-01 22:00:00,65.53,90.2813913924743,24.751391392474304,24.751391392474304,171,22
2024-07-01 23:00:00,49.9,70.09080149302743,20.19080149302743,20.19080149302743,171,23
2024-07-02 00:00:00,34.63,47.642749269643225,13.012749269643223,13.012749269643223,172,0
2024-07-02 01:00:00,37.52,40.50985635300723,2.9898563530072266,2.9898563530072266,172,1
2024-07-02 02:00:00,35.15,43.839534350813075,8.689534350813076,8.689534350813076,172,2
2024-07-02 03:00:00,41.07,43.62020550753055,2.550205507530549,2.550205507530549,172,3
2024-07-02 04:00:00,52.97,53.71431355259134,0.7443135525913434,0.7443135525913434,172,4
2024-07-02 05:00:00,81.82,77.06693537400466,-4.753064625995336,4.753064625995336,172,5
2024-07-02 06:00:00,92.99,72.90902949132983,-20.080970508670163,20.080970508670163,172,6
2024-07-02 07:00:00,51.2,58.789749407469806,7.589749407469803,7.589749407469803,172,7
2024-07-02 08:00:00,48.63,53.23002899008502,4.600028990085015,4.600028990085015,172,8
2024-07-02 09:00:00,47.16,47.04054219871163,-0.11945780128836958,0.11945780128836958,172,9
2024-07-02 10:00:00,26.79,41.455990564366715,14.665990564366716,14.665990564366716,172,10
2024-07-02 11:00:00,24.99,37.168283655311605,12.178283655311606,12.178283655311606,172,11
2024-07-02 12:00:00,17.95,26.34828137838233,8.398281378382332,8.398281378382332,172,12
2024-07-02 13:00:00,4.0,28.28653718503356,24.28653718503356,24.28653718503356,172,13
2024-07-02 14:00:00,18.01,25.396235114243602,7.3862351142436005,7.3862351142436005,172,14
2024-07-02 15:00:00,20.32,32.7314907203821,12.411490720382098,12.411490720382098,172,15
2024-07-02 16:00:00,49.57,41.02115778914372,-8.548842210856279,8.548842210856279,172,16
2024-07-02 17:00:00,67.87,54.198481407573695,-13.67151859242631,13.67151859242631,172,17
2024-07-02 18:00:00,74.64,74.83255394107148,0.1925539410714805,0.1925539410714805,172,18
2024-07-02 19:00:00,110.41,83.64550703945189,-26.76449296054811,26.76449296054811,172,19
2024-07-02 20:00:00,109.45,87.2858141329767,-22.164185867023306,22.164185867023306,172,20
2024-07-02 21:00:00,89.99,85.2637866158212,-4.726213384178791,4.726213384178791,172,21
2024-07-02 22:00:00,78.97,66.71931021718206,-12.250689782817943,12.250689782817943,172,22
2024-07-02 23:00:00,69.53,52.84870586532967,-16.68129413467033,16.68129413467033,172,23
2024-07-03 00:00:00,54.78,38.69003805594195,-16.089961944058054,16.089961944058054,173,0
2024-07-03 01:00:00,46.25,34.11684402286089,-12.133155977139111,12.133155977139111,173,1
2024-07-03 02:00:00,33.0,35.29155182424814,2.2915518242481383,2.2915518242481383,173,2
2024-07-03 03:00:00,27.48,38.09833871210889,10.61833871210889,10.61833871210889,173,3
2024-07-03 04:00:00,47.9,40.82364736715922,-7.076352632840781,7.076352632840781,173,4
2024-07-03 05:00:00,90.54,62.922624239386344,-27.617375760613662,27.617375760613662,173,5
2024-07-03 06:00:00,95.75,68.29301703383288,-27.456982966167118,27.456982966167118,173,6
2024-07-03 07:00:00,76.0,52.043975514032766,-23.956024485967234,23.956024485967234,173,7
2024-07-03 08:00:00,54.08,35.01971503296908,-19.060284967030917,19.060284967030917,173,8
2024-07-03 09:00:00,40.25,34.94520358506383,-5.30479641493617,5.30479641493617,173,9
2024-07-03 10:00:00,35.0,18.89587589420249,-16.10412410579751,16.10412410579751,173,10
2024-07-03 11:00:00,21.34,24.062003921906665,2.7220039219066656,2.7220039219066656,173,11
2024-07-03 12:00:00,14.0,22.464947728750168,8.464947728750168,8.464947728750168,173,12
2024-07-03 13:00:00,8.68,7.869709826771185,-0.8102901732288146,0.8102901732288146,173,13
2024-07-03 14:00:00,3.6,23.239024697478534,19.639024697478533,19.639024697478533,173,14
2024-07-03 15:00:00,12.17,24.55876204905202,12.388762049052021,12.388762049052021,173,15
2024-07-03 16:00:00,34.27,47.81932705214606,13.549327052146054,13.549327052146054,173,16
2024-07-03 17:00:00,27.83,58.53111577604536,30.701115776045363,30.701115776045363,173,17
2024-07-03 18:00:00,14.77,70.97471160752914,56.20471160752915,56.20471160752915,173,18
2024-07-03 19:00:00,4.6,97.40492456252822,92.80492456252823,92.80492456252823,173,19
2024-07-03 20:00:00,18.85,94.54675157122743,75.69675157122742,75.69675157122742,173,20
2024-07-03 21:00:00,4.88,83.88831568670983,79.00831568670984,79.00831568670984,173,21
2024-07-03 22:00:00,5.24,80.93592297569344,75.69592297569345,75.69592297569345,173,22
2024-07-03 23:00:00,0.0,67.62747884452808,67.62747884452808,67.62747884452808,173,23
2024-07-04 00:00:00,-0.01,59.203849894605504,59.2138498946055,59.2138498946055,174,0
2024-07-04 01:00:00,-0.53,53.67402790210506,54.20402790210506,54.20402790210506,174,1
2024-07-04 02:00:00,-0.84,39.906141329497885,40.74614132949789,40.74614132949789,174,2
2024-07-04 03:00:00,-0.01,36.795239815192716,36.805239815192714,36.805239815192714,174,3
2024-07-04 04:00:00,0.0,48.409364696174976,48.409364696174976,48.409364696174976,174,4
2024-07-04 05:00:00,10.63,78.19497567435184,67.56497567435184,67.56497567435184,174,5
2024-07-04 06:00:00,31.04,84.13187117150933,53.09187117150933,53.09187117150933,174,6
2024-07-04 07:00:00,24.4,63.877508410360946,39.47750841036095,39.47750841036095,174,7
2024-07-04 08:00:00,4.83,44.08632752081653,39.256327520816534,39.256327520816534,174,8
2024-07-04 09:00:00,0.0,37.2131014515195,37.2131014515195,37.2131014515195,174,9
2024-07-04 10:00:00,-0.01,29.668196311990208,29.67819631199021,29.67819631199021,174,10
2024-07-04 11:00:00,-9.8,18.39295047239306,28.19295047239306,28.19295047239306,174,11
2024-07-04 12:00:00,-20.93,10.367015367088683,31.297015367088683,31.297015367088683,174,12
2024-07-04 13:00:00,-18.03,9.735847266029893,27.765847266029894,27.765847266029894,174,13
2024-07-04 14:00:00,-12.21,1.259762018671779,13.46976201867178,13.46976201867178,174,14
2024-07-04 15:00:00,0.0,11.475247454152466,11.475247454152466,11.475247454152466,174,15
2024-07-04 16:00:00,6.77,34.811807570828385,28.041807570828386,28.041807570828386,174,16
2024-07-04 17:00:00,42.38,37.821615422182454,-4.558384577817549,4.558384577817549,174,17
2024-07-04 18:00:00,47.46,33.939054028607124,-13.520945971392877,13.520945971392877,174,18
2024-07-04 19:00:00,47.94,37.52084922421147,-10.41915077578853,10.41915077578853,174,19
2024-07-04 20:00:00,52.71,42.27674753917229,-10.43325246082771,10.43325246082771,174,20
2024-07-04 21:00:00,41.74,34.30617166395996,-7.433828336040044,7.433828336040044,174,21
2024-07-04 22:00:00,5.86,30.02750936580648,24.16750936580648,24.16750936580648,174,22
2024-07-04 23:00:00,5.76,17.236626123759173,11.476626123759173,11.476626123759173,174,23
2024-07-05 00:00:00,10.44,12.147000231015724,1.7070002310157246,1.7070002310157246,175,0
2024-07-05 01:00:00,12.58,17.286488651886742,4.706488651886742,4.706488651886742,175,1
2024-07-05 02:00:00,9.08,11.695626454182872,2.6156264541828715,2.6156264541828715,175,2
2024-07-05 03:00:00,6.78,10.017136887489798,3.2371368874897977,3.2371368874897977,175,3
2024-07-05 04:00:00,12.0,10.755165585978844,-1.244834414021156,1.244834414021156,175,4
2024-07-05 05:00:00,40.9,24.04516437431016,-16.854835625689837,16.854835625689837,175,5
2024-07-05 06:00:00,40.64,39.25661316960946,-1.3833868303905419,1.3833868303905419,175,6
2024-07-05 07:00:00,18.57,24.638685343932302,6.068685343932302,6.068685343932302,175,7
2024-07-05 08:00:00,3.04,18.39753531884554,15.357535318845542,15.357535318845542,175,8
2024-07-05 09:00:00,0.63,13.222203882712734,12.592203882712733,12.592203882712733,175,9
2024-07-05 10:00:00,0.92,12.569663072232132,11.649663072232132,11.649663072232132,175,10
2024-07-05 11:00:00,0.21,-1.2248340523172772,-1.4348340523172771,1.4348340523172771,175,11
2024-07-05 12:00:00,0.1,-2.86451006569348,-2.96451006569348,2.96451006569348,175,12
2024-07-05 13:00:00,1.23,-9.325607538498033,-10.555607538498034,10.555607538498034,175,13
2024-07-05 14:00:00,3.32,-2.1331636436293735,-5.453163643629374,5.453163643629374,175,14
2024-07-05 15:00:00,17.42,0.9408694292433069,-16.479130570756695,16.479130570756695,175,15
2024-07-05 16:00:00,38.0,12.894150146079213,-25.105849853920787,25.105849853920787,175,16
2024-07-05 17:00:00,63.31,38.56626125590463,-24.743738744095374,24.743738744095374,175,17
2024-07-05 18:00:00,82.7,58.97961621732507,-23.72038378267493,23.72038378267493,175,18
2024-07-05 19:00:00,95.0,61.04872050489216,-33.95127949510784,33.95127949510784,175,19
2024-07-05 20:00:00,106.33,65.08692934328158,-41.243070656718416,41.243070656718416,175,20
2024-07-05 21:00:00,85.45,47.76027328744265,-37.68972671255735,37.68972671255735,175,21
2024-07-05 22:00:00,45.55,32.52396751299107,-13.026032487008926,13.026032487008926,175,22
2024-07-05 23:00:00,14.77,33.50631082142746,18.736310821427463,18.736310821427463,175,23
2024-07-06 00:00:00,10.09,24.661907466265745,14.571907466265746,14.571907466265746,176,0
2024-07-06 01:00:00,8.49,17.961196121967305,9.471196121967305,9.471196121967305,176,1
2024-07-06 02:00:00,4.23,16.65986557253492,12.429865572534919,12.429865572534919,176,2
2024-07-06 03:00:00,4.2,7.14350835860445,2.9435083586044497,2.9435083586044497,176,3
2024-07-06 04:00:00,6.63,15.261533544342697,8.631533544342698,8.631533544342698,176,4
2024-07-06 05:00:00,5.38,37.7584495214016,32.3784495214016,32.3784495214016,176,5
2024-07-06 06:00:00,3.4,41.87908284106201,38.47908284106201,38.47908284106201,176,6
2024-07-06 07:00:00,0.0,20.636458647896546,20.636458647896546,20.636458647896546,176,7
2024-07-06 08:00:00,-9.57,4.091968976077794,13.661968976077794,13.661968976077794,176,8
2024-07-06 09:00:00,-28.12,-0.7812547279294932,27.338745272070508,27.338745272070508,176,9
2024-07-06 10:00:00,-28.91,-1.0100601214375757,27.899939878562424,27.899939878562424,176,10
2024-07-06 11:00:00,-28.33,2.119386867258271,30.44938686725827,30.44938686725827,176,11
2024-07-06 12:00:00,-48.08,-1.492997845037408,46.58700215496259,46.58700215496259,176,12
2024-07-06 13:00:00,-54.63,-2.214755153936011,52.41524484606399,52.41524484606399,176,13
2024-07-06 14:00:00,-45.93,-5.011950235905573,40.91804976409443,40.91804976409443,176,14
2024-07-06 15:00:00,-20.09,7.786493999657978,27.876493999657978,27.876493999657978,176,15
2024-07-06 16:00:00,-0.82,22.52270498203078,23.34270498203078,23.34270498203078,176,16
2024-07-06 17:00:00,2.38,38.174754715470044,35.79475471547004,35.79475471547004,176,17
2024-07-06 18:00:00,9.23,46.16260474778876,36.93260474778876,36.93260474778876,176,18
2024-07-06 19:00:00,10.44,58.54799254442265,48.10799254442265,48.10799254442265,176,19
2024-07-06 20:00:00,20.39,67.38442055881139,46.994420558811385,46.994420558811385,176,20
2024-07-06 21:00:00,16.43,54.84421952063961,38.41421952063961,38.41421952063961,176,21
2024-07-06 22:00:00,2.69,32.875469299794844,30.185469299794843,30.185469299794843,176,22
2024-07-06 23:00:00,2.39,8.976746447074305,6.5867464470743045,6.5867464470743045,176,23
2024-07-07 00:00:00,1.7,7.566305721253144,5.866305721253144,5.866305721253144,177,0
2024-07-07 01:00:00,1.89,3.1547919902334343,1.2647919902334344,1.2647919902334344,177,1
2024-07-07 02:00:00,1.98,-0.08949233249128952,-2.0694923324912895,2.0694923324912895,177,2
2024-07-07 03:00:00,1.42,-4.428492813517678,-5.848492813517678,5.848492813517678,177,3
2024-07-07 04:00:00,1.29,-5.643363184924723,-6.9333631849247235,6.9333631849247235,177,4
2024-07-07 05:00:00,0.29,-5.018047509234364,-5.308047509234364,5.308047509234364,177,5
2024-07-07 06:00:00,-0.52,-1.2930347308363253,-0.7730347308363252,0.7730347308363252,177,6
2024-07-07 07:00:00,-6.08,-7.261602889208675,-1.1816028892086745,1.1816028892086745,177,7
2024-07-07 08:00:00,-9.28,-19.528705085680613,-10.248705085680614,10.248705085680614,177,8
2024-07-07 09:00:00,-11.36,-29.382311875880518,-18.02231187588052,18.02231187588052,177,9
2024-07-07 10:00:00,-12.36,-26.06983342458149,-13.70983342458149,13.70983342458149,177,10
2024-07-07 11:00:00,-20.84,-32.203044780631416,-11.363044780631416,11.363044780631416,177,11
2024-07-07 12:00:00,-19.67,-35.92470774936125,-16.254707749361245,16.254707749361245,177,12
2024-07-07 13:00:00,-10.51,-40.464036236464565,-29.954036236464567,29.954036236464567,177,13
2024-07-07 14:00:00,-3.5,-30.154206950282486,-26.654206950282486,26.654206950282486,177,14
2024-07-07 15:00:00,0.0,-15.068565742835219,-15.068565742835219,15.068565742835219,177,15
2024-07-07 16:00:00,4.95,-2.927871050111065,-7.877871050111065,7.877871050111065,177,16
2024-07-07 17:00:00,35.94,2.81735698404529,-33.12264301595471,33.12264301595471,177,17
2024-07-07 18:00:00,48.94,17.66752794771557,-31.272472052284428,31.272472052284428,177,18
2024-07-07 19:00:00,61.36,25.518097625383177,-35.84190237461682,35.84190237461682,177,19
2024-07-07 20:00:00,104.58,31.50345846809082,-73.07654153190919,73.07654153190919,177,20
2024-07-07 21:00:00,92.58,28.164151389308408,-64.4158486106916,64.4158486106916,177,21
2024-07-07 22:00:00,81.72,16.37418036815871,-65.3458196318413,65.3458196318413,177,22
2024-07-07 23:00:00,76.33,9.944518571244203,-66.3854814287558,66.3854814287558,177,23
2024-07-08 00:00:00,63.88,37.29945138353702,-26.580548616462984,26.580548616462984,178,0
2024-07-08 01:00:00,64.42,33.14972473019442,-31.27027526980558,31.27027526980558,178,1
2024-07-08 02:00:00,66.92,31.46670152364831,-35.45329847635169,35.45329847635169,178,2
2024-07-08 03:00:00,65.5,28.053787539105365,-37.446212460894635,37.446212460894635,178,3
2024-07-08 04:00:00,76.11,29.83329572090939,-46.27670427909061,46.27670427909061,178,4
2024-07-08 05:00:00,101.38,32.798961777895535,-68.58103822210447,68.58103822210447,178,5
2024-07-08 06:00:00,100.61,37.85319533347707,-62.75680466652293,62.75680466652293,178,6
2024-07-08 07:00:00,78.22,28.497819933597,-49.722180066403,49.722180066403,178,7
2024-07-08 08:00:00,54.6,19.042487985675002,-35.557512014325,35.557512014325,178,8
2024-07-08 09:00:00,40.88,17.298324317829234,-23.58167568217077,23.58167568217077,178,9
2024-07-08 10:00:00,35.0,21.704062050907247,-13.295937949092753,13.295937949092753,178,10
2024-07-08 11:00:00,32.65,19.706423979154067,-12.943576020845931,12.943576020845931,178,11
2024-07-08 12:00:00,31.98,17.620086560785396,-14.359913439214605,14.359913439214605,178,12
2024-07-08 13:00:00,38.0,24.177088458886367,-13.822911541113633,13.822911541113633,178,13
2024-07-08 14:00:00,37.72,31.30911402142936,-6.41088597857064,6.41088597857064,178,14
2024-07-08 15:00:00,50.09,32.215447947453775,-17.87455205254623,17.87455205254623,178,15
2024-07-08 16:00:00,81.38,32.99406102630137,-48.38593897369863,48.38593897369863,178,16
2024-07-08 17:00:00,93.58,66.0954695620024,-27.48453043799759,27.48453043799759,178,17
2024-07-08 18:00:00,103.21,82.41518511728108,-20.79481488271891,20.79481488271891,178,18
2024-07-08 19:00:00,115.15,83.53560387468798,-31.614396125312027,31.614396125312027,178,19
2024-07-08 20:00:00,109.0,108.09895072983524,-0.9010492701647621,0.9010492701647621,178,20
2024-07-08 21:00:00,87.25,94.69501189237903,7.4450118923790285,7.4450118923790285,178,21
2024-07-08 22:00:00,58.29,82.47401666699348,24.18401666699348,24.18401666699348,178,22
2024-07-08 23:00:00,43.69,65.43198609030934,21.74198609030934,21.74198609030934,178,23
2024-07-09 00:00:00,28.64,50.94441628594639,22.304416285946388,22.304416285946388,179,0
2024-07-09 01:00:00,10.69,49.56700654627562,38.877006546275624,38.877006546275624,179,1
2024-07-09 02:00:00,8.71,50.0671632212621,41.3571632212621,41.3571632212621,179,2
2024-07-09 03:00:00,21.23,44.20527902295441,22.975279022954407,22.975279022954407,179,3
2024-07-09 04:00:00,25.7,53.69414567613637,27.994145676136373,27.994145676136373,179,4
2024-07-09 05:00:00,56.67,73.80365933549083,17.133659335490833,17.133659335490833,179,5
2024-07-09 06:00:00,63.44,74.12457901090325,10.68457901090325,10.68457901090325,179,6
2024-07-09 07:00:00,54.49,58.06862613270458,3.578626132704578,3.578626132704578,179,7
2024-07-09 08:00:00,46.63,35.06979515677199,-11.560204843228014,11.560204843228014,179,8
2024-07-09 09:00:00,33.71,30.624207585112117,-3.0857924148878837,3.0857924148878837,179,9
2024-07-09 10:00:00,21.95,20.91663654762054,-1.033363452379458,1.033363452379458,179,10
2024-07-09 11:00:00,9.63,25.134685506838707,15.504685506838706,15.504685506838706,179,11
2024-07-09 12:00:00,8.3,10.694430925408483,2.394430925408482,2.394430925408482,179,12
2024-07-09 13:00:00,15.59,15.99220274539038,0.4022027453903796,0.4022027453903796,179,13
2024-07-09 14:00:00,29.39,17.26163166769414,-12.128368332305861,12.128368332305861,179,14
2024-07-09 15:00:00,48.8,35.85113781494973,-12.948862185050267,12.948862185050267,179,15
2024-07-09 16:00:00,60.7,54.94278686894688,-5.7572131310531205,5.7572131310531205,179,16
2024-07-09 17:00:00,84.77,67.62728332055143,-17.14271667944857,17.14271667944857,179,17
2024-07-09 18:00:00,106.18,76.15741257415429,-30.022587425845714,30.022587425845714,179,18
2024-07-09 19:00:00,108.02,90.71842882439078,-17.30157117560921,17.30157117560921,179,19
2024-07-09 20:00:00,88.92,83.81338800501966,-5.106611994980341,5.106611994980341,179,20
2024-07-09 21:00:00,77.87,72.80465671207241,-5.06534328792759,5.06534328792759,179,21
2024-07-09 22:00:00,67.91,57.38357637522145,-10.526423624778545,10.526423624778545,179,22
2024-07-09 23:00:00,61.33,42.330229795505545,-18.999770204494453,18.999770204494453,179,23
2024-07-10 00:00:00,62.79,25.849027831780298,-36.9409721682197,36.9409721682197,180,0
2024-07-10 01:00:00,57.08,17.717581795085906,-39.36241820491409,39.36241820491409,180,1
2024-07-10 02:00:00,50.32,16.384992600629936,-33.935007399370065,33.935007399370065,180,2
2024-07-10 03:00:00,53.82,19.13664329382369,-34.68335670617631,34.68335670617631,180,3
2024-07-10 04:00:00,67.81,24.522659725989357,-43.287340274010646,43.287340274010646,180,4
2024-07-10 05:00:00,78.45,45.163188489454356,-33.28681151054565,33.28681151054565,180,5
2024-07-10 06:00:00,101.92,53.80873648630494,-48.111263513695064,48.111263513695064,180,6
2024-07-10 07:00:00,84.93,44.406764334841355,-40.52323566515865,40.52323566515865,180,7
2024-07-10 08:00:00,65.0,34.46977438895979,-30.53022561104021,30.53022561104021,180,8
2024-07-10 09:00:00,55.83,27.336155836052356,-28.493844163947642,28.493844163947642,180,9
2024-07-10 10:00:00,48.7,19.002072430630683,-29.69792756936932,29.69792756936932,180,10
2024-07-10 11:00:00,43.25,12.3403241652952,-30.9096758347048,30.9096758347048,180,11
2024-07-10 12:00:00,38.63,14.199816749859608,-24.430183250140395,24.430183250140395,180,12
2024-07-10 13:00:00,31.56,22.246313016739414,-9.313686983260585,9.313686983260585,180,13
2024-07-10 14:00:00,40.08,32.83908377435673,-7.240916225643268,7.240916225643268,180,14
2024-07-10 15:00:00,52.5,40.88894424176626,-11.61105575823374,11.61105575823374,180,15
2024-07-10 16:00:00,75.0,54.03630334040747,-20.96369665959253,20.96369665959253,180,16
2024-07-10 17:00:00,99.58,75.40810737048676,-24.171892629513238,24.171892629513238,180,17
2024-07-10 18:00:00,105.0,88.0445797370945,-16.955420262905506,16.955420262905506,180,18
2024-07-10 19:00:00,94.72,83.38715728877008,-11.332842711229915,11.332842711229915,180,19
2024-07-10 20:00:00,102.75,83.31572395166232,-19.43427604833768,19.43427604833768,180,20
2024-07-10 21:00:00,92.45,69.16456222332133,-23.285437776678677,23.285437776678677,180,21
2024-07-10 22:00:00,91.01,69.53671733296069,-21.473282667039314,21.473282667039314,180,22
2024-07-10 23:00:00,75.41,54.85851965497819,-20.551480345021808,20.551480345021808,180,23
2024-07-11 00:00:00,75.09,56.623837408065846,-18.466162591934157,18.466162591934157,181,0
2024-07-11 01:00:00,59.57,46.0075858268387,-13.5624141731613,13.5624141731613,181,1
2024-07-11 02:00:00,55.09,47.289666437729316,-7.800333562270687,7.800333562270687,181,2
2024-07-11 03:00:00,80.06,50.10601118543043,-29.95398881456957,29.95398881456957,181,3
2024-07-11 04:00:00,58.47,46.66700286625231,-11.802997133747688,11.802997133747688,181,4
2024-07-11 05:00:00,87.0,61.78973043222972,-25.210269567770283,25.210269567770283,181,5
2024-07-11 06:00:00,100.96,81.48348026825461,-19.476519731745384,19.476519731745384,181,6
2024-07-11 07:00:00,89.69,65.02735844458184,-24.662641555418162,24.662641555418162,181,7
2024-07-11 08:00:00,81.0,48.669926347273915,-32.330073652726085,32.330073652726085,181,8
2024-07-11 09:00:00,68.49,37.64096241439514,-30.849037585604854,30.849037585604854,181,9
2024-07-11 10:00:00,60.0,32.89335967466022,-27.106640325339782,27.106640325339782,181,10
2024-07-11 11:00:00,51.14,35.30726013303047,-15.832739866969533,15.832739866969533,181,11
2024-07-11 12:00:00,46.8,34.34143166641879,-12.458568333581205,12.458568333581205,181,12
2024-07-11 13:00:00,50.98,25.320538567132637,-25.65946143286736,25.65946143286736,181,13
2024-07-11 14:00:00,61.24,39.01337586494467,-22.22662413505533,22.22662413505533,181,14
2024-07-11 15:00:00,71.53,44.70317011040401,-26.82682988959599,26.82682988959599,181,15
2024-07-11 16:00:00,86.5,60.92528157379439,-25.574718426205607,25.574718426205607,181,16
2024-07-11 17:00:00,105.22,80.11903578860473,-25.100964211395265,25.100964211395265,181,17
2024-07-11 18:00:00,108.68,96.79794667291782,-11.88205332708219,11.88205332708219,181,18
2024-07-11 19:00:00,109.55,94.4196037815797,-15.130396218420302,15.130396218420302,181,19
2024-07-11 20:00:00,111.39,89.62826855321286,-21.761731446787138,21.761731446787138,181,20
2024-07-11 21:00:00,97.15,81.95619651644013,-15.193803483559876,15.193803483559876,181,21
2024-07-11 22:00:00,85.0,74.34676347907579,-10.65323652092421,10.65323652092421,181,22
2024-07-11 23:00:00,60.15,60.8637058812558,0.7137058812557981,0.7137058812557981,181,23
2024-07-12 00:00:00,61.46,60.418343545414245,-1.0416564545857554,1.0416564545857554,182,0
2024-07-12 01:00:00,53.45,47.154156069094554,-6.295843930905448,6.295843930905448,182,1
2024-07-12 02:00:00,27.71,43.57515569816013,15.86515569816013,15.86515569816013,182,2
2024-07-12 03:00:00,41.5,58.59682145745887,17.096821457458873,17.096821457458873,182,3
2024-07-12 04:00:00,38.08,43.79422758036919,5.71422758036919,5.71422758036919,182,4
2024-07-12 05:00:00,53.29,67.51679842040208,14.226798420402083,14.226798420402083,182,5
2024-07-12 06:00:00,73.72,79.02548824712827,5.305488247128267,5.305488247128267,182,6
2024-07-12 07:00:00,49.0,62.998323332156424,13.998323332156424,13.998323332156424,182,7
2024-07-12 08:00:00,47.35,55.45075018240877,8.100750182408767,8.100750182408767,182,8
2024-07-12 09:00:00,49.98,45.588430017001485,-4.3915699829985115,4.3915699829985115,182,9
2024-07-12 10:00:00,53.13,40.68209401254529,-12.44790598745471,12.44790598745471,182,10
2024-07-12 11:00:00,42.16,38.52526172773492,-3.634738272265075,3.634738272265075,182,11
2024-07-12 12:00:00,41.59,36.5684693987986,-5.021530601201405,5.021530601201405,182,12
2024-07-12 13:00:00,36.03,34.55597264823446,-1.4740273517655424,1.4740273517655424,182,13
2024-07-12 14:00:00,24.45,40.007392939492824,15.557392939492825,15.557392939492825,182,14
2024-07-12 15:00:00,38.36,52.05390127666397,13.693901276663972,13.693901276663972,182,15
2024-07-12 16:00:00,46.38,64.150099863442,17.77009986344199,17.77009986344199,182,16
2024-07-12 17:00:00,52.8,82.785045993625,29.985045993625008,29.985045993625008,182,17
2024-07-12 18:00:00,75.58,91.15599876543921,15.57599876543921,15.57599876543921,182,18
2024-07-12 19:00:00,89.93,94.70946742689716,4.779467426897156,4.779467426897156,182,19
2024-07-12 20:00:00,87.0,91.22393123526655,4.223931235266548,4.223931235266548,182,20
2024-07-12 21:00:00,79.97,81.2815427007992,1.3115427007992082,1.3115427007992082,182,21
2024-07-12 22:00:00,64.92,72.28529281806168,7.3652928180616755,7.3652928180616755,182,22
2024-07-12 23:00:00,57.52,51.04988705251027,-6.470112947489731,6.470112947489731,182,23
2024-07-13 00:00:00,43.46,44.6398746405615,1.1798746405615006,1.1798746405615006,183,0
2024-07-13 01:00:00,39.12,35.9296772195568,-3.1903227804431964,3.1903227804431964,183,1
2024-07-13 02:00:00,33.11,16.801250215445535,-16.308749784554465,16.308749784554465,183,2
2024-07-13 03:00:00,31.44,26.019841761224015,-5.420158238775986,5.420158238775986,183,3
2024-07-13 04:00:00,31.63,23.2595806634832,-8.3704193365168,8.3704193365168,183,4
2024-07-13 05:00:00,28.21,37.31670735106201,9.106707351062006,9.106707351062006,183,5
2024-07-13 06:00:00,26.6,55.74082917451655,29.140829174516547,29.140829174516547,183,6
2024-07-13 07:00:00,20.97,34.518678701141646,13.548678701141647,13.548678701141647,183,7
2024-07-13 08:00:00,5.16,25.36638439278002,20.20638439278002,20.20638439278002,183,8
2024-07-13 09:00:00,0.04,26.83996802118694,26.79996802118694,26.79996802118694,183,9
2024-07-13 10:00:00,0.0,25.831685410905216,25.831685410905216,25.831685410905216,183,10
2024-07-13 11:00:00,-4.97,15.016343686412,19.986343686412,19.986343686412,183,11
2024-07-13 12:00:00,-14.8,16.86810951440939,31.66810951440939,31.66810951440939,183,12
2024-07-13 13:00:00,-11.24,16.24638295685657,27.486382956856573,27.486382956856573,183,13
2024-07-13 14:00:00,-2.54,9.465567915049675,12.005567915049674,12.005567915049674,183,14
2024-07-13 15:00:00,0.9,23.946410793616707,23.046410793616708,23.046410793616708,183,15
2024-07-13 16:00:00,30.51,29.64978677023651,-0.8602132297634917,0.8602132297634917,183,16
2024-07-13 17:00:00,49.38,42.44588454434066,-6.934115455659345,6.934115455659345,183,17
2024-07-13 18:00:00,75.45,59.534374507897425,-15.915625492102578,15.915625492102578,183,18
2024-07-13 19:00:00,76.02,68.1315326839123,-7.888467316087699,7.888467316087699,183,19
2024-07-13 20:00:00,79.66,67.38249559177453,-12.277504408225468,12.277504408225468,183,20
2024-07-13 21:00:00,65.04,61.34377800930618,-3.6962219906938287,3.6962219906938287,183,21
2024-07-13 22:00:00,89.19,55.485385568719096,-33.7046144312809,33.7046144312809,183,22
2024-07-13 23:00:00,63.52,44.00268080915151,-19.517319190848497,19.517319190848497,183,23
2024-07-14 00:00:00,55.69,38.67796462593832,-17.012035374061675,17.012035374061675,184,0
2024-07-14 01:00:00,44.57,28.52629273898981,-16.04370726101019,16.04370726101019,184,1
2024-07-14 02:00:00,37.42,19.268174152779324,-18.151825847220678,18.151825847220678,184,2
2024-07-14 03:00:00,37.3,24.64323478589175,-12.656765214108248,12.656765214108248,184,3
2024-07-14 04:00:00,30.36,17.356215631423133,-13.003784368576866,13.003784368576866,184,4
2024-07-14 05:00:00,14.28,16.766652052732155,2.486652052732156,2.486652052732156,184,5
2024-07-14 06:00:00,0.29,20.22919579268963,19.93919579268963,19.93919579268963,184,6
2024-07-14 07:00:00,-3.29,12.648841777502525,15.938841777502525,15.938841777502525,184,7
2024-07-14 08:00:00,-21.03,-1.8915483932281916,19.13845160677181,19.13845160677181,184,8
2024-07-14 09:00:00,-40.51,-4.3206616505483595,36.18933834945164,36.18933834945164,184,9
2024-07-14 10:00:00,-59.43,-6.663206065474924,52.766793934525076,52.766793934525076,184,10
2024-07-14 11:00:00,-73.83,-10.589221656464687,63.24077834353531,63.24077834353531,184,11
2024-07-14 12:00:00,-74.02,-10.571417515900421,63.448582484099575,63.448582484099575,184,12
2024-07-14 13:00:00,-51.43,-4.924584035252167,46.50541596474783,46.50541596474783,184,13
2024-07-14 14:00:00,-19.34,-0.826601132406509,18.51339886759349,18.51339886759349,184,14
2024-07-14 15:00:00,0.0,7.750882708976405,7.750882708976405,7.750882708976405,184,15
2024-07-14 16:00:00,17.6,21.775389562166446,4.175389562166444,4.175389562166444,184,16
2024-07-14 17:00:00,44.81,26.629557587452837,-18.180442412547166,18.180442412547166,184,17
2024-07-14 18:00:00,74.57,62.2678673400909,-12.302132659909091,12.302132659909091,184,18
2024-07-14 19:00:00,95.73,56.37867648991283,-39.35132351008718,39.35132351008718,184,19
2024-07-14 20:00:00,106.12,59.8494051330551,-46.270594866944904,46.270594866944904,184,20
2024-07-14 21:00:00,87.53,49.12514649418553,-38.40485350581447,38.40485350581447,184,21
2024-07-14 22:00:00,80.02,57.14413709206579,-22.875862907934206,22.875862907934206,184,22
2024-07-14 23:00:00,66.64,31.794029861332405,-34.845970138667596,34.845970138667596,184,23
2024-07-15 00:00:00,58.98,61.68857191471974,2.708571914719741,2.708571914719741,185,0
2024-07-15 01:00:00,50.01,47.73365749282633,-2.2763425071736663,2.2763425071736663,185,1
2024-07-15 02:00:00,48.28,38.95867557259363,-9.321324427406374,9.321324427406374,185,2
2024-07-15 03:00:00,50.08,38.036033937731,-12.043966062269,12.043966062269,185,3
2024-07-15 04:00:00,53.8,36.7225275050974,-17.077472494902594,17.077472494902594,185,4
2024-07-15 05:00:00,66.61,35.773855876742765,-30.836144123257235,30.836144123257235,185,5
2024-07-15 06:00:00,82.15,25.05695540641495,-57.093044593585056,57.093044593585056,185,6
2024-07-15 07:00:00,62.01,21.283330638203545,-40.72666936179645,40.72666936179645,185,7
2024-07-15 08:00:00,39.49,0.49518569579494454,-38.99481430420506,38.99481430420506,185,8
2024-07-15 09:00:00,15.84,-12.9694385435172,-28.8094385435172,28.8094385435172,185,9
2024-07-15 10:00:00,6.06,-18.79477082636258,-24.85477082636258,24.85477082636258,185,10
2024-07-15 11:00:00,3.74,-23.133550806774238,-26.87355080677424,26.87355080677424,185,11
2024-07-15 12:00:00,3.9,-26.24899753293262,-30.14899753293262,30.14899753293262,185,12
2024-07-15 13:00:00,9.18,-4.024665093322767,-13.204665093322767,13.204665093322767,185,13
2024-07-15 14:00:00,26.52,11.133331990968983,-15.386668009031016,15.386668009031016,185,14
2024-07-15 15:00:00,31.5,23.726219740303186,-7.773780259696814,7.773780259696814,185,15
2024-07-15 16:00:00,44.85,33.344117269124325,-11.505882730875676,11.505882730875676,185,16
2024-07-15 17:00:00,60.0,54.627987240443446,-5.372012759556554,5.372012759556554,185,17
2024-07-15 18:00:00,80.0,81.81860493617084,1.8186049361708427,1.8186049361708427,185,18
2024-07-15 19:00:00,86.08,99.87795224109328,13.797952241093284,13.797952241093284,185,19
2024-07-15 20:00:00,93.93,105.38034921858178,11.450349218581778,11.450349218581778,185,20
2024-07-15 21:00:00,80.65,95.50784630871803,14.857846308718024,14.857846308718024,185,21
2024-07-15 22:00:00,45.49,88.7566602906871,43.26666029068709,43.26666029068709,185,22
2024-07-15 23:00:00,19.63,71.21173618628866,51.581736186288666,51.581736186288666,185,23
2024-07-17 00:00:00,73.14,53.7381895188045,-19.401810481195504,19.401810481195504,187,0
2024-07-17 01:00:00,70.76,34.70305561433906,-36.05694438566095,36.05694438566095,187,1
2024-07-17 02:00:00,71.23,40.56102531171031,-30.668974688289694,30.668974688289694,187,2
2024-07-17 03:00:00,77.84,38.24792976941785,-39.59207023058215,39.59207023058215,187,3
2024-07-17 04:00:00,91.02,36.91712045127827,-54.102879548721724,54.102879548721724,187,4
2024-07-17 05:00:00,100.9,41.528064801482934,-59.37193519851707,59.37193519851707,187,5
2024-07-17 06:00:00,105.7,52.1612764525922,-53.538723547407805,53.538723547407805,187,6
2024-07-17 07:00:00,79.04,45.39767130856842,-33.64232869143159,33.64232869143159,187,7
2024-07-17 08:00:00,60.26,48.43229679359312,-11.82770320640688,11.82770320640688,187,8
2024-07-17 09:00:00,44.8,41.80394626933141,-2.996053730668585,2.996053730668585,187,9
2024-07-17 10:00:00,36.48,24.124946067869864,-12.355053932130133,12.355053932130133,187,10
2024-07-17 11:00:00,26.62,10.45624213126132,-16.16375786873868,16.16375786873868,187,11
2024-07-17 12:00:00,17.04,2.4865978570919793,-14.55340214290802,14.55340214290802,187,12
2024-07-17 13:00:00,19.58,-1.7781415342833355,-21.358141534283334,21.358141534283334,187,13
2024-07-17 14:00:00,44.73,1.468149667052998,-43.261850332947,43.261850332947,187,14
2024-07-17 15:00:00,65.94,26.63210741191036,-39.307892588089636,39.307892588089636,187,15
2024-07-17 16:00:00,87.69,53.127254112515125,-34.56274588748487,34.56274588748487,187,16
2024-07-17 17:00:00,104.63,74.18719915672766,-30.442800843272337,30.442800843272337,187,17
2024-07-17 18:00:00,115.75,89.5957823794126,-26.154217620587403,26.154217620587403,187,18
2024-07-17 19:00:00,125.26,96.88207776031294,-28.377922239687067,28.377922239687067,187,19
2024-07-17 20:00:00,113.51,95.79375405231086,-17.716245947689146,17.716245947689146,187,20
2024-07-17 21:00:00,88.48,88.95891945748306,0.47891945748305886,0.47891945748305886,187,21
2024-07-17 22:00:00,91.06,89.3877269917592,-1.6722730082408077,1.6722730082408077,187,22
2024-07-17 23:00:00,80.65,68.39391841621234,-12.256081583787662,12.256081583787662,187,23
2024-07-18 00:00:00,67.9,70.54630807968765,2.6463080796876426,2.6463080796876426,188,0
2024-07-18 01:00:00,74.06,64.67316516958978,-9.386834830410223,9.386834830410223,188,1
2024-07-18 02:00:00,66.4,64.01057042844474,-2.3894295715552687,2.3894295715552687,188,2
2024-07-18 03:00:00,69.35,65.44200940715236,-3.9079905928476393,3.9079905928476393,188,3
2024-07-18 04:00:00,79.46,73.00880788165638,-6.451192118343613,6.451192118343613,188,4
2024-07-18 05:00:00,98.83,82.64237364521242,-16.187626354787582,16.187626354787582,188,5
2024-07-18 06:00:00,97.41,90.30939821198879,-7.100601788011204,7.100601788011204,188,6
2024-07-18 07:00:00,80.78,76.41599722538504,-4.36400277461496,4.36400277461496,188,7
2024-07-18 08:00:00,66.18,62.33940183490333,-3.8405981650966794,3.8405981650966794,188,8
2024-07-18 09:00:00,50.25,49.71148571026653,-0.5385142897334703,0.5385142897334703,188,9
2024-07-18 10:00:00,38.66,42.34067708428882,3.680677084288824,3.680677084288824,188,10
2024-07-18 11:00:00,37.79,30.99392440151962,-6.796075598480378,6.796075598480378,188,11
2024-07-18 12:00:00,40.97,21.72696940947592,-19.24303059052408,19.24303059052408,188,12
2024-07-18 13:00:00,52.36,19.427524923288573,-32.93247507671143,32.93247507671143,188,13
2024-07-18 14:00:00,70.97,39.437527210024705,-31.532472789975294,31.532472789975294,188,14
2024-07-18 15:00:00,88.98,51.424078966535745,-37.55592103346426,37.55592103346426,188,15
2024-07-18 16:00:00,102.85,70.10822835629529,-32.74177164370471,32.74177164370471,188,16
2024-07-18 17:00:00,121.22,84.63126489939249,-36.58873510060751,36.58873510060751,188,17
2024-07-18 18:00:00,130.05,95.76521767506377,-34.284782324936245,34.284782324936245,188,18
2024-07-18 19:00:00,138.23,107.36441848953189,-30.865581510468104,30.865581510468104,188,19
2024-07-18 20:00:00,121.89,97.33681936450314,-24.553180635496858,24.553180635496858,188,20
2024-07-18 21:00:00,102.25,84.76909527961577,-17.48090472038423,17.48090472038423,188,21
2024-07-18 22:00:00,91.24,91.20654745246176,-0.033452547538232125,0.033452547538232125,188,22
2024-07-18 23:00:00,80.86,68.8636385839026,-11.9963614160974,11.9963614160974,188,23
2024-07-19 00:00:00,80.31,58.64834279574745,-21.66165720425255,21.66165720425255,189,0
2024-07-19 01:00:00,70.62,55.68134643903389,-14.938653560966117,14.938653560966117,189,1
2024-07-19 02:00:00,66.8,50.06922236844292,-16.730777631557075,16.730777631557075,189,2
2024-07-19 03:00:00,75.71,49.96558421165169,-25.744415788348306,25.744415788348306,189,3
2024-07-19 04:00:00,78.7,50.533627700726505,-28.166372299273498,28.166372299273498,189,4
2024-07-19 05:00:00,96.94,68.15468894063531,-28.785311059364687,28.785311059364687,189,5
2024-07-19 06:00:00,98.4,67.79085230693303,-30.609147693066973,30.609147693066973,189,6
2024-07-19 07:00:00,81.43,57.343080584442546,-24.08691941555746,24.08691941555746,189,7
2024-07-19 08:00:00,70.75,48.17966121115788,-22.570338788842122,22.570338788842122,189,8
2024-07-19 09:00:00,60.77,38.04243660309625,-22.727563396903754,22.727563396903754,189,9
2024-07-19 10:00:00,47.39,26.451654628513033,-20.938345371486967,20.938345371486967,189,10
2024-07-19 11:00:00,40.03,26.358291158061853,-13.671708841938148,13.671708841938148,189,11
2024-07-19 12:00:00,39.84,26.74086107775586,-13.099138922244144,13.099138922244144,189,12
2024-07-19 13:00:00,46.02,30.993441824443877,-15.026558175556126,15.026558175556126,189,13
2024-07-19 14:00:00,66.49,43.5107607826128,-22.979239217387196,22.979239217387196,189,14
2024-07-19 15:00:00,78.05,61.8503226171276,-16.199677382872395,16.199677382872395,189,15
2024-07-19 16:00:00,85.06,70.44977053900872,-14.610229460991278,14.610229460991278,189,16
2024-07-19 17:00:00,98.1,90.85449981239914,-7.245500187600854,7.245500187600854,189,17
2024-07-19 18:00:00,111.9,99.4470837392059,-12.452916260794112,12.452916260794112,189,18
2024-07-19 19:00:00,121.22,110.30017411706112,-10.91982588293888,10.91982588293888,189,19
2024-07-19 20:00:00,107.39,99.49138140484158,-7.898618595158425,7.898618595158425,189,20
2024-07-19 21:00:00,91.88,84.3239780313472,-7.5560219686528,7.5560219686528,189,21
2024-07-19 22:00:00,95.24,84.09648297952776,-11.143517020472231,11.143517020472231,189,22
2024-07-19 23:00:00,89.74,68.92979303928614,-20.810206960713856,20.810206960713856,189,23
2024-07-20 00:00:00,86.08,58.67897344847015,-27.401026551529846,27.401026551529846,190,0
2024-07-20 01:00:00,77.73,49.519459441953764,-28.21054055804624,28.21054055804624,190,1
2024-07-20 02:00:00,78.09,46.7895617552044,-31.3004382447956,31.3004382447956,190,2
2024-07-20 03:00:00,81.83,48.290388048611405,-33.53961195138859,33.53961195138859,190,3
2024-07-20 04:00:00,76.29,50.68306900164879,-25.606930998351217,25.606930998351217,190,4
2024-07-20 05:00:00,65.6,63.2894079880067,-2.3105920119932932,2.3105920119932932,190,5
2024-07-20 06:00:00,67.74,62.47983739801832,-5.260162601981676,5.260162601981676,190,6
2024-07-20 07:00:00,50.0,44.35391741843647,-5.646082581563533,5.646082581563533,190,7
2024-07-20 08:00:00,9.96,33.9083867771463,23.948386777146297,23.948386777146297,190,8
2024-07-20 09:00:00,1.57,28.712735183209084,27.142735183209084,27.142735183209084,190,9
2024-07-20 10:00:00,0.44,18.13522326606695,17.69522326606695,17.69522326606695,190,10
2024-07-20 11:00:00,0.0,15.513911962661751,15.513911962661751,15.513911962661751,190,11
2024-07-20 12:00:00,-0.01,9.552103789723404,9.562103789723404,9.562103789723404,190,12
2024-07-20 13:00:00,1.5,15.927448549578557,14.427448549578557,14.427448549578557,190,13
2024-07-20 14:00:00,3.97,37.568117912222604,33.598117912222605,33.598117912222605,190,14
2024-07-20 15:00:00,41.3,43.00630587276881,1.7063058727688158,1.7063058727688158,190,15
2024-07-20 16:00:00,52.02,49.5250257924113,-2.4949742075887045,2.4949742075887045,190,16
2024-07-20 17:00:00,60.64,59.18522496978974,-1.4547750302102571,1.4547750302102571,190,17
2024-07-20 18:00:00,60.05,72.2532702485836,12.203270248583607,12.203270248583607,190,18
2024-07-20 19:00:00,87.93,80.91672997627624,-7.013270023723763,7.013270023723763,190,19
2024-07-20 20:00:00,88.31,73.80637698397123,-14.503623016028769,14.503623016028769,190,20
2024-07-20 21:00:00,80.68,61.65647899115784,-19.023521008842167,19.023521008842167,190,21
2024-07-20 22:00:00,67.98,68.96256540724787,0.9825654072478613,0.9825654072478613,190,22
2024-07-20 23:00:00,49.77,56.659330763595975,6.8893307635959715,6.8893307635959715,190,23
2024-07-22 00:00:00,58.84,67.4255243519522,8.585524351952202,8.585524351952202,192,0
2024-07-22 01:00:00,49.99,58.798732304448336,8.808732304448334,8.808732304448334,192,1
2024-07-22 02:00:00,48.17,61.264132220207856,13.094132220207854,13.094132220207854,192,2
2024-07-22 03:00:00,57.87,50.36113806286101,-7.508861937138988,7.508861937138988,192,3
2024-07-22 04:00:00,54.0,46.9431919700839,-7.056808029916098,7.056808029916098,192,4
2024-07-22 05:00:00,56.96,58.49709693156044,1.5370969315604412,1.5370969315604412,192,5
2024-07-22 06:00:00,68.2,55.723561027310765,-12.476438972689238,12.476438972689238,192,6
2024-07-22 07:00:00,53.68,54.21764532024304,0.5376453202430369,0.5376453202430369,192,7
2024-07-22 08:00:00,56.18,30.10503065666125,-26.07496934333875,26.07496934333875,192,8
2024-07-22 09:00:00,51.4,26.516552583040472,-24.883447416959527,24.883447416959527,192,9
2024-07-22 10:00:00,51.39,26.50056527025449,-24.88943472974551,24.88943472974551,192,10
2024-07-22 11:00:00,37.03,24.012532682873342,-13.017467317126659,13.017467317126659,192,11
2024-07-22 12:00:00,23.18,13.739099301851951,-9.440900698148049,9.440900698148049,192,12
2024-07-22 13:00:00,24.13,10.876601963657592,-13.253398036342407,13.253398036342407,192,13
2024-07-22 14:00:00,41.89,15.11882913567473,-26.77117086432527,26.77117086432527,192,14
2024-07-22 15:00:00,56.31,17.521387085459132,-38.78861291454087,38.78861291454087,192,15
2024-07-22 16:00:00,62.27,23.57298673920902,-38.69701326079098,38.69701326079098,192,16
2024-07-22 17:00:00,82.87,41.106956930162276,-41.76304306983773,41.76304306983773,192,17
2024-07-22 18:00:00,88.79,65.35594942500838,-23.43405057499163,23.43405057499163,192,18
2024-07-22 19:00:00,77.46,74.01980460555984,-3.4401953944401527,3.4401953944401527,192,19
2024-07-22 20:00:00,100.59,78.00271685212245,-22.587283147877557,22.587283147877557,192,20
2024-07-22 21:00:00,77.05,83.42761116204133,6.377611162041333,6.377611162041333,192,21
2024-07-22 22:00:00,76.67,75.86561079855767,-0.8043892014423335,0.8043892014423335,192,22
2024-07-22 23:00:00,54.46,69.96811082542705,15.508110825427046,15.508110825427046,192,23
2024-07-23 00:00:00,44.61,65.1673600816057,20.557360081605694,20.557360081605694,193,0
2024-07-23 01:00:00,44.57,52.62045432355143,8.050454323551428,8.050454323551428,193,1
2024-07-23 02:00:00,38.32,51.840654698418774,13.520654698418774,13.520654698418774,193,2
2024-07-23 03:00:00,44.49,59.282130787206725,14.792130787206723,14.792130787206723,193,3
2024-07-23 04:00:00,52.2,60.3581614686594,8.158161468659394,8.158161468659394,193,4
2024-07-23 05:00:00,52.0,66.66287334385764,14.66287334385764,14.66287334385764,193,5
2024-07-23 06:00:00,72.69,77.19724445023971,4.50724445023971,4.50724445023971,193,6
2024-07-23 07:00:00,62.46,67.05650464100192,4.596504641001921,4.596504641001921,193,7
2024-07-23 08:00:00,48.68,57.62441207197426,8.944412071974263,8.944412071974263,193,8
2024-07-23 09:00:00,36.95,52.63390908886071,15.683909088860709,15.683909088860709,193,9
2024-07-23 10:00:00,7.36,50.43976816013141,43.07976816013141,43.07976816013141,193,10
2024-07-23 11:00:00,10.04,38.92633219888835,28.886332198888354,28.886332198888354,193,11
2024-07-23 12:00:00,9.37,29.513117516066707,20.14311751606671,20.14311751606671,193,12
2024-07-23 13:00:00,4.84,32.05661763518785,27.21661763518785,27.21661763518785,193,13
2024-07-23 14:00:00,19.82,44.542506905143796,24.722506905143796,24.722506905143796,193,14
2024-07-23 15:00:00,41.99,56.57327828258417,14.583278282584168,14.583278282584168,193,15
2024-07-23 16:00:00,84.32,65.59301412129204,-18.72698587870795,18.72698587870795,193,16
2024-07-23 17:00:00,90.67,84.21161462724032,-6.458385372759679,6.458385372759679,193,17
2024-07-23 18:00:00,105.11,90.26556074624636,-14.844439253753634,14.844439253753634,193,18
2024-07-23 19:00:00,97.61,84.70758199022578,-12.902418009774223,12.902418009774223,193,19
2024-07-23 20:00:00,102.05,100.63075517084742,-1.419244829152575,1.419244829152575,193,20
2024-07-23 21:00:00,91.73,84.73566898921779,-6.9943310107822185,6.9943310107822185,193,21
2024-07-23 22:00:00,83.05,82.20480967562256,-0.845190324377441,0.845190324377441,193,22
2024-07-23 23:00:00,78.11,60.906225459675454,-17.203774540324545,17.203774540324545,193,23
2024-07-24 00:00:00,73.95,49.405909577919516,-24.544090422080487,24.544090422080487,194,0
2024-07-24 01:00:00,58.6,47.80196821686307,-10.798031783136935,10.798031783136935,194,1
2024-07-24 02:00:00,56.04,44.92505192720828,-11.11494807279172,11.11494807279172,194,2
2024-07-24 03:00:00,65.01,45.09761993158738,-19.912380068412624,19.912380068412624,194,3
2024-07-24 04:00:00,72.0,49.063991558379605,-22.936008441620395,22.936008441620395,194,4
2024-07-24 05:00:00,75.85,51.51622217172533,-24.333777828274663,24.333777828274663,194,5
2024-07-24 06:00:00,99.8,68.37352494971785,-31.42647505028215,31.42647505028215,194,6
2024-07-24 07:00:00,75.11,59.45203420309669,-15.657965796903312,15.657965796903312,194,7
2024-07-24 08:00:00,57.1,43.935554890879935,-13.164445109120066,13.164445109120066,194,8
2024-07-24 09:00:00,24.06,34.85609808440956,10.79609808440956,10.79609808440956,194,9
2024-07-24 10:00:00,6.16,18.563534139093363,12.403534139093363,12.403534139093363,194,10
2024-07-24 11:00:00,3.35,20.88189671999465,17.53189671999465,17.53189671999465,194,11
2024-07-24 12:00:00,0.01,18.403663841545836,18.393663841545834,18.393663841545834,194,12
2024-07-24 13:00:00,5.5,14.915558876371918,9.415558876371918,9.415558876371918,194,13
2024-07-24 14:00:00,12.8,22.025682790417754,9.225682790417753,9.225682790417753,194,14
2024-07-24 15:00:00,47.14,36.659425983536785,-10.480574016463216,10.480574016463216,194,15
2024-07-24 16:00:00,74.54,64.96523378417007,-9.57476621582994,9.57476621582994,194,16
2024-07-24 17:00:00,100.85,70.78013479370317,-30.069865206296825,30.069865206296825,194,17
2024-07-24 18:00:00,108.98,93.1328399457591,-15.847160054240902,15.847160054240902,194,18
2024-07-24 19:00:00,112.8,91.5034358119504,-21.2965641880496,21.2965641880496,194,19
2024-07-24 20:00:00,99.24,88.60112209293793,-10.638877907062067,10.638877907062067,194,20
2024-07-24 21:00:00,75.12,84.4757348138706,9.355734813870598,9.355734813870598,194,21
2024-07-24 22:00:00,40.64,78.91709437535866,38.27709437535866,38.27709437535866,194,22
2024-07-24 23:00:00,39.79,69.05269931661991,29.26269931661991,29.26269931661991,194,23
2024-07-25 00:00:00,45.42,71.20410280733996,25.784102807339963,25.784102807339963,195,0
2024-07-25 01:00:00,48.1,58.65568990497394,10.555689904973939,10.555689904973939,195,1
2024-07-25 02:00:00,45.06,55.14482891768151,10.084828917681506,10.084828917681506,195,2
2024-07-25 03:00:00,40.78,59.98633796953864,19.206337969538637,19.206337969538637,195,3
2024-07-25 04:00:00,53.59,61.315883296405694,7.725883296405691,7.725883296405691,195,4
2024-07-25 05:00:00,53.21,65.46496277937881,12.254962779378808,12.254962779378808,195,5
2024-07-25 06:00:00,61.26,84.89399901688057,23.633999016880573,23.633999016880573,195,6
2024-07-25 07:00:00,44.89,66.42873995042932,21.538739950429317,21.538739950429317,195,7
2024-07-25 08:00:00,48.11,48.496259681542426,0.38625968154242685,0.38625968154242685,195,8
2024-07-25 09:00:00,36.95,33.60921821708057,-3.3407817829194357,3.3407817829194357,195,9
2024-07-25 10:00:00,24.31,23.16348475067413,-1.1465152493258692,1.1465152493258692,195,10
2024-07-25 11:00:00,17.36,20.804270059218112,3.4442700592181126,3.4442700592181126,195,11
2024-07-25 12:00:00,13.27,14.782311981948084,1.5123119819480841,1.5123119819480841,195,12
2024-07-25 13:00:00,26.2,18.283822886045066,-7.916177113954934,7.916177113954934,195,13
2024-07-25 14:00:00,51.58,33.3776703194705,-18.202329680529502,18.202329680529502,195,14
2024-07-25 15:00:00,54.3,53.14829355746329,-1.1517064425367067,1.1517064425367067,195,15
2024-07-25 16:00:00,70.92,70.1917277421928,-0.7282722578072054,0.7282722578072054,195,16
2024-07-25 17:00:00,86.93,93.65605204715371,6.726052047153701,6.726052047153701,195,17
2024-07-25 18:00:00,106.44,105.61651418027631,-0.8234858197236861,0.8234858197236861,195,18
2024-07-25 19:00:00,99.5,103.88848399868421,4.388483998684208,4.388483998684208,195,19
2024-07-25 20:00:00,100.0,96.81528042689192,-3.184719573108083,3.184719573108083,195,20
2024-07-25 21:00:00,84.86,79.54117621160447,-5.318823788395534,5.318823788395534,195,21
2024-07-25 22:00:00,59.07,62.80076437033222,3.730764370332217,3.730764370332217,195,22
2024-07-25 23:00:00,70.65,50.69465462093892,-19.955345379061086,19.955345379061086,195,23
2024-07-26 00:00:00,51.42,52.7439582807254,1.3239582807253996,1.3239582807253996,196,0
2024-07-26 01:00:00,53.63,49.32626436226113,-4.303735637738875,4.303735637738875,196,1
2024-07-26 02:00:00,52.27,46.44959128554838,-5.820408714451624,5.820408714451624,196,2
2024-07-26 03:00:00,55.16,43.10264518500408,-12.057354814995918,12.057354814995918,196,3
2024-07-26 04:00:00,55.9,52.12306252548907,-3.7769374745109303,3.7769374745109303,196,4
2024-07-26 05:00:00,57.51,52.54782854627493,-4.96217145372507,4.96217145372507,196,5
2024-07-26 06:00:00,78.28,64.91373200051909,-13.366267999480911,13.366267999480911,196,6
2024-07-26 07:00:00,84.77,49.46696593409597,-35.30303406590403,35.30303406590403,196,7
2024-07-26 08:00:00,75.84,43.38162654692756,-32.45837345307244,32.45837345307244,196,8
2024-07-26 09:00:00,62.91,35.34598813346056,-27.56401186653944,27.56401186653944,196,9
2024-07-26 10:00:00,64.4,27.296841352616063,-37.10315864738394,37.10315864738394,196,10
2024-07-26 11:00:00,46.51,22.74994644609484,-23.76005355390516,23.76005355390516,196,11
2024-07-26 12:00:00,46.67,21.217185143923963,-25.45281485607604,25.45281485607604,196,12
2024-07-26 13:00:00,48.7,28.742783031227162,-19.95721696877284,19.95721696877284,196,13
2024-07-26 14:00:00,57.21,42.154958717530896,-15.055041282469105,15.055041282469105,196,14
2024-07-26 15:00:00,72.8,53.49883850637468,-19.301161493625315,19.301161493625315,196,15
2024-07-26 16:00:00,76.0,63.84228455235832,-12.157715447641678,12.157715447641678,196,16
2024-07-26 17:00:00,82.22,81.84108873265141,-0.3789112673485846,0.3789112673485846,196,17
2024-07-26 18:00:00,68.28,95.98779461769823,27.707794617698227,27.707794617698227,196,18
2024-07-26 19:00:00,62.79,92.92839018615436,30.13839018615436,30.13839018615436,196,19
2024-07-26 20:00:00,80.39,90.33243305990516,9.942433059905156,9.942433059905156,196,20
2024-07-26 21:00:00,91.02,80.24041359608286,-10.779586403917136,10.779586403917136,196,21
2024-07-26 22:00:00,74.94,62.12402334597073,-12.81597665402927,12.81597665402927,196,22
2024-07-26 23:00:00,52.7,62.83685595635069,10.136855956350686,10.136855956350686,196,23
2024-07-27 00:00:00,42.8,42.73029553431463,-0.06970446568536914,0.06970446568536914,197,0
2024-07-27 01:00:00,41.28,42.527877764239435,1.2478777642394334,1.2478777642394334,197,1
2024-07-27 02:00:00,39.43,41.37312892432983,1.9431289243298338,1.9431289243298338,197,2
2024-07-27 03:00:00,43.78,41.160468707010374,-2.6195312929896275,2.6195312929896275,197,3
2024-07-27 04:00:00,37.86,41.257814819803144,3.397814819803145,3.397814819803145,197,4
2024-07-27 05:00:00,29.06,42.73654122688524,13.676541226885238,13.676541226885238,197,5
2024-07-27 06:00:00,39.28,59.37335387688702,20.093353876887022,20.093353876887022,197,6
2024-07-27 07:00:00,40.86,55.88275518636957,15.022755186369572,15.022755186369572,197,7
2024-07-27 08:00:00,47.09,42.612091809049694,-4.477908190950309,4.477908190950309,197,8
2024-07-27 09:00:00,39.9,31.36125041296316,-8.53874958703684,8.53874958703684,197,9
2024-07-27 10:00:00,28.0,28.654169538774504,0.6541695387745037,0.6541695387745037,197,10
2024-07-27 11:00:00,17.8,16.42294194883533,-1.3770580511646706,1.3770580511646706,197,11
2024-07-27 12:00:00,17.92,11.118442322864638,-6.801557677135364,6.801557677135364,197,12
2024-07-27 13:00:00,18.8,14.237660243345928,-4.562339756654072,4.562339756654072,197,13
2024-07-27 14:00:00,15.0,20.93049941051772,5.930499410517719,5.930499410517719,197,14
2024-07-27 15:00:00,31.51,33.30185857112944,1.791858571129442,1.791858571129442,197,15
2024-07-27 16:00:00,55.24,40.72986132231982,-14.510138677680182,14.510138677680182,197,16
2024-07-27 17:00:00,56.7,52.751737687874055,-3.948262312125948,3.948262312125948,197,17
2024-07-27 18:00:00,52.13,54.60768273781423,2.477682737814227,2.477682737814227,197,18
2024-07-27 19:00:00,53.85,53.366219803479964,-0.483780196520037,0.483780196520037,197,19
2024-07-27 20:00:00,60.69,57.710097220776774,-2.9799027792232238,2.9799027792232238,197,20
2024-07-27 21:00:00,56.71,65.8079468996677,9.097946899667697,9.097946899667697,197,21
2024-07-27 22:00:00,30.0,49.96519288490767,19.965192884907673,19.965192884907673,197,22
2024-07-27 23:00:00,39.46,34.66819863528588,-4.791801364714118,4.791801364714118,197,23
2024-07-30 00:00:00,42.91,38.0384567414672,-4.871543258532796,4.871543258532796,200,0
2024-07-30 01:00:00,40.63,23.55567448100978,-17.07432551899022,17.07432551899022,200,1
2024-07-30 02:00:00,36.36,26.782708254434247,-9.577291745565752,9.577291745565752,200,2
2024-07-30 03:00:00,43.66,21.672560333546983,-21.987439666453014,21.987439666453014,200,3
2024-07-30 04:00:00,48.13,26.342321455531014,-21.78767854446899,21.78767854446899,200,4
2024-07-30 05:00:00,55.08,20.000343594252946,-35.07965640574705,35.07965640574705,200,5
2024-07-30 06:00:00,61.31,39.00053089474765,-22.309469105252354,22.309469105252354,200,6
2024-07-30 07:00:00,51.87,47.778973019689616,-4.091026980310382,4.091026980310382,200,7
2024-07-30 08:00:00,37.52,51.949014136422335,14.429014136422332,14.429014136422332,200,8
2024-07-30 09:00:00,7.84,51.73887124412332,43.89887124412331,43.89887124412331,200,9
2024-07-30 10:00:00,1.13,45.6086374595504,44.4786374595504,44.4786374595504,200,10
2024-07-30 11:00:00,0.04,41.7480231810605,41.708023181060504,41.708023181060504,200,11
2024-07-30 12:00:00,0.71,31.77121497343112,31.06121497343112,31.06121497343112,200,12
2024-07-30 13:00:00,13.65,24.335880350410847,10.685880350410846,10.685880350410846,200,13
2024-07-30 14:00:00,41.6,32.071944205600545,-9.528055794399457,9.528055794399457,200,14
2024-07-30 15:00:00,68.1,58.06165516075143,-10.038344839248566,10.038344839248566,200,15
2024-07-30 16:00:00,83.74,68.57461272884821,-15.165387271151786,15.165387271151786,200,16
2024-07-30 17:00:00,108.31,84.16025797987957,-24.149742020120428,24.149742020120428,200,17
2024-07-30 18:00:00,100.25,85.90899599237163,-14.34100400762837,14.34100400762837,200,18
2024-07-30 19:00:00,109.53,87.03091533580954,-22.499084664190462,22.499084664190462,200,19
2024-07-30 20:00:00,105.73,87.05533423342855,-18.67466576657145,18.67466576657145,200,20
2024-07-30 21:00:00,99.04,86.54110354549545,-12.49889645450456,12.49889645450456,200,21
2024-07-30 22:00:00,93.97,64.76229711511924,-29.20770288488076,29.20770288488076,200,22
2024-07-30 23:00:00,69.03,52.732891301930394,-16.297108698069607,16.297108698069607,200,23
2024-07-31 00:00:00,62.25,45.12793073383297,-17.12206926616703,17.12206926616703,201,0
2024-07-31 01:00:00,49.15,37.91109734766295,-11.238902652337046,11.238902652337046,201,1
2024-07-31 02:00:00,43.27,34.18659988054742,-9.083400119452584,9.083400119452584,201,2
2024-07-31 03:00:00,48.18,38.95933083966003,-9.220669160339966,9.220669160339966,201,3
2024-07-31 04:00:00,60.39,47.858533540210594,-12.531466459789407,12.531466459789407,201,4
2024-07-31 05:00:00,60.71,52.61171238378964,-8.098287616210364,8.098287616210364,201,5
2024-07-31 06:00:00,91.57,66.17698147674035,-25.39301852325964,25.39301852325964,201,6
2024-07-31 07:00:00,71.81,52.771236969376936,-19.038763030623066,19.038763030623066,201,7
2024-07-31 08:00:00,55.89,43.3885546250634,-12.501445374936601,12.501445374936601,201,8
2024-07-31 09:00:00,33.46,30.98410740995908,-2.475892590040921,2.475892590040921,201,9
2024-07-31 10:00:00,26.75,22.770877023564815,-3.9791229764351854,3.9791229764351854,201,10
2024-07-31 11:00:00,16.95,13.3396651865433,-3.6103348134566993,3.6103348134566993,201,11
2024-07-31 12:00:00,22.63,7.37672347121395,-15.25327652878605,15.25327652878605,201,12
2024-07-31 13:00:00,33.39,14.686872398305269,-18.70312760169473,18.70312760169473,201,13
2024-07-31 14:00:00,46.09,26.603352989540745,-19.486647010459258,19.486647010459258,201,14
2024-07-31 15:00:00,76.52,46.66333450950729,-29.85666549049271,29.85666549049271,201,15
2024-07-31 16:00:00,94.37,59.31822638301897,-35.05177361698104,35.05177361698104,201,16
2024-07-31 17:00:00,111.14,78.15901894625149,-32.98098105374851,32.98098105374851,201,17
2024-07-31 18:00:00,108.57,84.58788568300905,-23.982114316990945,23.982114316990945,201,18
2024-07-31 19:00:00,97.1,92.81837066662415,-4.281629333375847,4.281629333375847,201,19
2024-07-31 20:00:00,103.46,91.92633611895923,-11.533663881040766,11.533663881040766,201,20
2024-07-31 21:00:00,96.78,86.57776203443612,-10.202237965563882,10.202237965563882,201,21
2024-07-31 22:00:00,96.91,87.29709328010904,-9.612906719890958,9.612906719890958,201,22
2024-07-31 23:00:00,81.91,63.75410594055364,-18.155894059446354,18.155894059446354,201,23
2024-08-01 00:00:00,86.95,61.18560967862656,-25.76439032137344,25.76439032137344,202,0
2024-08-01 01:00:00,72.24,48.85482562084388,-23.385174379156112,23.385174379156112,202,1
2024-08-01 02:00:00,66.69,34.935616778558014,-31.754383221441984,31.754383221441984,202,2
2024-08-01 03:00:00,62.13,43.01382478121486,-19.116175218785145,19.116175218785145,202,3
2024-08-01 04:00:00,57.2,51.33579202690966,-5.864207973090345,5.864207973090345,202,4
2024-08-01 05:00:00,71.99,52.34933696078775,-19.640663039212242,19.640663039212242,202,5
2024-08-01 06:00:00,105.95,72.77048011596149,-33.17951988403851,33.17951988403851,202,6
2024-08-01 07:00:00,90.1,58.7135462018136,-31.386453798186395,31.386453798186395,202,7
2024-08-01 08:00:00,76.95,45.659827383295955,-31.290172616704048,31.290172616704048,202,8
2024-08-01 09:00:00,67.64,33.49092070331398,-34.14907929668602,34.14907929668602,202,9
2024-08-01 10:00:00,64.03,28.462429070770987,-35.567570929229014,35.567570929229014,202,10
2024-08-01 11:00:00,60.0,17.589614407032386,-42.410385592967614,42.410385592967614,202,11
2024-08-01 12:00:00,59.96,17.34804679138123,-42.61195320861877,42.61195320861877,202,12
2024-08-01 13:00:00,65.43,21.69531188359062,-43.73468811640939,43.73468811640939,202,13
2024-08-01 14:00:00,47.26,32.92041838552133,-14.339581614478668,14.339581614478668,202,14
2024-08-01 15:00:00,65.83,55.73594984012915,-10.094050159870847,10.094050159870847,202,15
2024-08-01 16:00:00,94.37,68.5929233719681,-25.777076628031907,25.777076628031907,202,16
2024-08-01 17:00:00,106.07,87.65127090297355,-18.418729097026443,18.418729097026443,202,17
2024-08-01 18:00:00,101.75,83.28744719609841,-18.462552803901588,18.462552803901588,202,18
2024-08-01 19:00:00,103.3,82.50021741969653,-20.79978258030347,20.79978258030347,202,19
2024-08-01 20:00:00,108.95,86.93951009068647,-22.010489909313534,22.010489909313534,202,20
2024-08-01 21:00:00,91.99,85.24027570507597,-6.749724294924022,6.749724294924022,202,21
2024-08-01 22:00:00,93.93,84.78012098942494,-9.149879010575063,9.149879010575063,202,22
2024-08-01 23:00:00,79.36,66.30830189127391,-13.051698108726086,13.051698108726086,202,23
2024-08-02 00:00:00,82.25,70.8396302470567,-11.410369752943296,11.410369752943296,203,0
2024-08-02 01:00:00,69.34,61.30424289373343,-8.035757106266573,8.035757106266573,203,1
2024-08-02 02:00:00,61.16,55.54000026623212,-5.619999733767877,5.619999733767877,203,2
2024-08-02 03:00:00,58.33,51.772391159686805,-6.557608840313193,6.557608840313193,203,3
2024-08-02 04:00:00,76.77,46.40118036780921,-30.368819632190785,30.368819632190785,203,4
2024-08-02 05:00:00,107.14,52.320131020009505,-54.819868979990495,54.819868979990495,203,5
2024-08-02 06:00:00,109.7,74.9600617720361,-34.739938227963904,34.739938227963904,203,6
2024-08-02 07:00:00,104.42,63.68390389155563,-40.73609610844437,40.73609610844437,203,7
2024-08-02 08:00:00,75.59,44.97054429277419,-30.61945570722581,30.61945570722581,203,8
2024-08-02 09:00:00,65.16,42.38175975486952,-22.778240245130476,22.778240245130476,203,9
2024-08-02 10:00:00,69.83,37.63047861010257,-32.19952138989743,32.19952138989743,203,10
2024-08-02 11:00:00,58.09,38.73221921037357,-19.357780789626432,19.357780789626432,203,11
2024-08-02 12:00:00,53.06,32.84850806846406,-20.211491931535946,20.211491931535946,203,12
2024-08-02 13:00:00,51.24,39.30545091084764,-11.934549089152362,11.934549089152362,203,13
2024-08-02 14:00:00,49.95,35.670931019753034,-14.279068980246969,14.279068980246969,203,14
2024-08-02 15:00:00,58.77,49.892819283910725,-8.877180716089278,8.877180716089278,203,15
2024-08-02 16:00:00,65.0,66.89882288818808,1.8988228881880787,1.8988228881880787,203,16
2024-08-02 17:00:00,88.0,84.20778967390905,-3.7922103260909523,3.7922103260909523,203,17
2024-08-02 18:00:00,100.2,83.54290560558803,-16.65709439441197,16.65709439441197,203,18
2024-08-02 19:00:00,105.51,87.98747015700114,-17.522529842998864,17.522529842998864,203,19
2024-08-02 20:00:00,102.51,85.15787667886606,-17.352123321133945,17.352123321133945,203,20
2024-08-02 21:00:00,98.57,79.20102217465751,-19.368977825342483,19.368977825342483,203,21
2024-08-02 22:00:00,62.52,83.03812198885124,20.51812198885124,20.51812198885124,203,22
2024-08-02 23:00:00,45.41,65.93653591382582,20.526535913825825,20.526535913825825,203,23
2024-08-03 00:00:00,43.01,58.873099428128214,15.863099428128216,15.863099428128216,204,0
2024-08-03 01:00:00,32.81,48.632022310242355,15.822022310242353,15.822022310242353,204,1
2024-08-03 02:00:00,29.95,36.6706842740133,6.720684274013298,6.720684274013298,204,2
2024-08-03 03:00:00,35.48,29.219867295475808,-6.260132704524189,6.260132704524189,204,3
2024-08-03 04:00:00,32.63,42.735029529369356,10.105029529369354,10.105029529369354,204,4
2024-08-03 05:00:00,33.89,61.626365481782244,27.736365481782244,27.736365481782244,204,5
2024-08-03 06:00:00,33.9,69.92931965493601,36.02931965493601,36.02931965493601,204,6
2024-08-03 07:00:00,26.34,61.072639072678825,34.73263907267882,34.73263907267882,204,7
2024-08-03 08:00:00,32.44,39.46336318523418,7.023363185234182,7.023363185234182,204,8
2024-08-03 09:00:00,20.36,30.631071084469852,10.271071084469853,10.271071084469853,204,9
2024-08-03 10:00:00,14.66,29.855388200007404,15.195388200007404,15.195388200007404,204,10
2024-08-03 11:00:00,6.41,21.647680813729323,15.237680813729323,15.237680813729323,204,11
2024-08-03 12:00:00,4.17,19.210617904059603,15.040617904059603,15.040617904059603,204,12
2024-08-03 13:00:00,10.07,19.2756979021811,9.2056979021811,9.2056979021811,204,13
2024-08-03 14:00:00,10.2,20.769919001846354,10.569919001846355,10.569919001846355,204,14
2024-08-03 15:00:00,20.0,30.09782387096474,10.097823870964739,10.097823870964739,204,15
2024-08-03 16:00:00,37.91,37.484823462465954,-0.4251765375340426,0.4251765375340426,204,16
2024-08-03 17:00:00,52.03,59.26440934029465,7.234409340294647,7.234409340294647,204,17
2024-08-03 18:00:00,53.09,70.84838590997758,17.758385909977576,17.758385909977576,204,18
2024-08-03 19:00:00,52.26,77.1724969980252,24.912496998025198,24.912496998025198,204,19
2024-08-03 20:00:00,63.71,72.94694844851591,9.23694844851591,9.23694844851591,204,20
2024-08-03 21:00:00,57.59,68.54252810128843,10.952528101288422,10.952528101288422,204,21
2024-08-03 22:00:00,45.16,55.45272208750218,10.292722087502185,10.292722087502185,204,22
2024-08-03 23:00:00,41.5,36.520902372464064,-4.9790976275359355,4.9790976275359355,204,23
2024-08-04 00:00:00,37.63,37.80265479421341,0.17265479421340757,0.17265479421340757,205,0
2024-08-04 01:00:00,18.42,26.132208411933824,7.712208411933823,7.712208411933823,205,1
2024-08-04 02:00:00,14.62,20.84370987602982,6.223709876029821,6.223709876029821,205,2
2024-08-04 03:00:00,19.91,22.169654252603806,2.2596542526038057,2.2596542526038057,205,3
2024-08-04 04:00:00,20.15,17.651005543256012,-2.4989944567439863,2.4989944567439863,205,4
2024-08-04 05:00:00,24.98,21.91438712402872,-3.0656128759712793,3.0656128759712793,205,5
2024-08-04 06:00:00,26.53,32.06093986784296,5.53093986784296,5.53093986784296,205,6
2024-08-04 07:00:00,20.01,20.68715454538384,0.6771545453838392,0.6771545453838392,205,7
2024-08-04 08:00:00,8.05,13.84740964431225,5.79740964431225,5.79740964431225,205,8
2024-08-04 09:00:00,2.05,8.963835752851097,6.913835752851097,6.913835752851097,205,9
2024-08-04 10:00:00,0.06,4.316245630877603,4.256245630877603,4.256245630877603,205,10
2024-08-04 11:00:00,-0.04,0.9468902982431899,0.98689029824319,0.98689029824319,205,11
2024-08-04 12:00:00,-2.16,0.8007875555472452,2.9607875555472454,2.9607875555472454,205,12
2024-08-04 13:00:00,-0.01,2.4008848555656215,2.4108848555656213,2.4108848555656213,205,13
2024-08-04 14:00:00,1.13,0.7326418739329199,-0.39735812606708,0.39735812606708,205,14
2024-08-04 15:00:00,22.05,6.331135590906399,-15.718864409093602,15.718864409093602,205,15
2024-08-04 16:00:00,55.29,24.729218426832894,-30.560781573167105,30.560781573167105,205,16
2024-08-04 17:00:00,70.41,40.22784597565983,-30.182154024340164,30.182154024340164,205,17
2024-08-04 18:00:00,87.29,50.269667123171345,-37.02033287682866,37.02033287682866,205,18
2024-08-04 19:00:00,87.44,55.06616489550914,-32.37383510449086,32.37383510449086,205,19
2024-08-04 20:00:00,96.02,55.7892436131376,-40.230756386862396,40.230756386862396,205,20
2024-08-04 21:00:00,76.86,53.21670222575836,-23.64329777424164,23.64329777424164,205,21
2024-08-04 22:00:00,29.56,42.54477301859576,12.984773018595764,12.984773018595764,205,22
2024-08-04 23:00:00,25.82,34.89567223377847,9.07567223377847,9.07567223377847,205,23
2024-08-05 00:00:00,29.31,56.801097621148436,27.491097621148437,27.491097621148437,206,0
2024-08-05 01:00:00,19.44,45.953194816984144,26.513194816984143,26.513194816984143,206,1
2024-08-05 02:00:00,23.8,42.24187357863054,18.44187357863054,18.44187357863054,206,2
2024-08-05 03:00:00,25.51,43.126956307692964,17.616956307692963,17.616956307692963,206,3
2024-08-05 04:00:00,36.06,45.51559671449773,9.45559671449773,9.45559671449773,206,4
2024-08-05 05:00:00,40.9,57.54349026280431,16.643490262804313,16.643490262804313,206,5
2024-08-05 06:00:00,55.1,62.260456074378084,7.160456074378082,7.160456074378082,206,6
2024-08-05 07:00:00,47.96,54.62983245945043,6.669832459450426,6.669832459450426,206,7
2024-08-05 08:00:00,26.7,39.64894034717603,12.94894034717603,12.94894034717603,206,8
2024-08-05 09:00:00,24.23,38.40562070492329,14.175620704923286,14.175620704923286,206,9
2024-08-05 10:00:00,35.05,33.02908740993653,-2.0209125900634675,2.0209125900634675,206,10
2024-08-05 11:00:00,6.97,30.22413383344992,23.25413383344992,23.25413383344992,206,11
2024-08-05 12:00:00,9.74,30.14309884761419,20.40309884761419,20.40309884761419,206,12
2024-08-05 13:00:00,9.97,30.780594167220002,20.810594167220003,20.810594167220003,206,13
2024-08-05 14:00:00,17.78,28.5763512567018,10.796351256701797,10.796351256701797,206,14
2024-08-05 15:00:00,40.4,42.00614725741731,1.6061472574173123,1.6061472574173123,206,15
2024-08-05 16:00:00,86.69,65.64845485563292,-21.041545144367078,21.041545144367078,206,16
2024-08-05 17:00:00,107.6,85.7765845957118,-21.8234154042882,21.8234154042882,206,17
2024-08-05 18:00:00,109.62,100.73462784423491,-8.885372155765097,8.885372155765097,206,18
2024-08-05 19:00:00,107.76,96.76432243278914,-10.995677567210862,10.995677567210862,206,19
2024-08-05 20:00:00,104.73,100.28418886605361,-4.445811133946393,4.445811133946393,206,20
2024-08-05 21:00:00,95.75,90.5537899648245,-5.196210035175497,5.196210035175497,206,21
2024-08-05 22:00:00,59.55,61.09176773957081,1.5417677395708154,1.5417677395708154,206,22
2024-08-05 23:00:00,42.59,43.09367415793219,0.5036741579321884,0.5036741579321884,206,23
2024-08-06 00:00:00,37.77,42.704131758257375,4.934131758257372,4.934131758257372,207,0
2024-08-06 01:00:00,29.61,31.024143052702954,1.4141430527029542,1.4141430527029542,207,1
2024-08-06 02:00:00,28.41,31.78012751492888,3.3701275149288783,3.3701275149288783,207,2
2024-08-06 03:00:00,38.07,31.077536131350648,-6.992463868649352,6.992463868649352,207,3
2024-08-06 04:00:00,35.79,44.664212274419185,8.874212274419186,8.874212274419186,207,4
2024-08-06 05:00:00,40.67,49.732487447915446,9.062487447915444,9.062487447915444,207,5
2024-08-06 06:00:00,63.5,64.27304215828876,0.7730421582887601,0.7730421582887601,207,6
2024-08-06 07:00:00,52.11,56.17558677691076,4.065586776910763,4.065586776910763,207,7
2024-08-06 08:00:00,36.1,38.20256549056716,2.1025654905671587,2.1025654905671587,207,8
2024-08-06 09:00:00,21.44,35.347495763362275,13.907495763362274,13.907495763362274,207,9
2024-08-06 10:00:00,15.95,38.174723066332625,22.224723066332626,22.224723066332626,207,10
2024-08-06 11:00:00,3.12,20.711932057193067,17.591932057193066,17.591932057193066,207,11
2024-08-06 12:00:00,4.99,21.48617068068419,16.496170680684187,16.496170680684187,207,12
2024-08-06 13:00:00,19.53,22.522377982919522,2.992377982919521,2.992377982919521,207,13
2024-08-06 14:00:00,10.91,33.6491775407103,22.739177540710298,22.739177540710298,207,14
2024-08-06 15:00:00,41.61,49.35630388614545,7.746303886145448,7.746303886145448,207,15
2024-08-06 16:00:00,54.7,83.82625180162961,29.126251801629607,29.126251801629607,207,16
2024-08-06 17:00:00,88.61,101.82924690544051,13.219246905440514,13.219246905440514,207,17
2024-08-06 18:00:00,77.01,100.81652358269338,23.806523582693373,23.806523582693373,207,18
2024-08-06 19:00:00,80.84,98.9259133393876,18.085913339387602,18.085913339387602,207,19
2024-08-06 20:00:00,87.72,99.53895086033748,11.81895086033748,11.81895086033748,207,20
2024-08-06 21:00:00,75.95,91.77236211026838,15.822362110268372,15.822362110268372,207,21
2024-08-06 22:00:00,49.4,67.82322169625314,18.423221696253144,18.423221696253144,207,22
2024-08-06 23:00:00,37.0,52.439973225129066,15.439973225129066,15.439973225129066,207,23
2024-08-07 00:00:00,32.75,46.871427783484606,14.121427783484606,14.121427783484606,208,0
2024-08-07 01:00:00,18.81,36.394243984,17.584243984,17.584243984,208,1
2024-08-07 02:00:00,20.12,34.268350151416605,14.148350151416604,14.148350151416604,208,2
2024-08-07 03:00:00,21.85,41.37543867583893,19.525438675838927,19.525438675838927,208,3
2024-08-07 04:00:00,29.02,38.307071258255654,9.287071258255654,9.287071258255654,208,4
2024-08-07 05:00:00,30.57,44.42020989220951,13.850209892209513,13.850209892209513,208,5
2024-08-07 06:00:00,43.68,62.479638555695544,18.799638555695545,18.799638555695545,208,6
2024-08-07 07:00:00,38.8,53.22917056920892,14.429170569208921,14.429170569208921,208,7
2024-08-07 08:00:00,34.72,35.08074404480838,0.36074404480837785,0.36074404480837785,208,8
2024-08-07 09:00:00,14.96,27.758659544206168,12.798659544206167,12.798659544206167,208,9
2024-08-07 10:00:00,19.62,26.003872917187252,6.383872917187251,6.383872917187251,208,10
2024-08-07 11:00:00,19.68,15.98095059781403,-3.6990494021859703,3.6990494021859703,208,11
2024-08-07 12:00:00,16.79,17.976399826196577,1.1863998261965776,1.1863998261965776,208,12
2024-08-07 13:00:00,18.3,27.467946659429714,9.167946659429713,9.167946659429713,208,13
2024-08-07 14:00:00,6.17,24.739367450587913,18.56936745058791,18.56936745058791,208,14
2024-08-07 15:00:00,11.37,42.74060769192629,31.370607691926296,31.370607691926296,208,15
2024-08-07 16:00:00,44.58,59.855234233763696,15.275234233763697,15.275234233763697,208,16
2024-08-07 17:00:00,62.5,83.0277818356026,20.527781835602596,20.527781835602596,208,17
2024-08-07 18:00:00,62.61,79.76876129687248,17.158761296872484,17.158761296872484,208,18
2024-08-07 19:00:00,59.43,87.95564997048511,28.525649970485112,28.525649970485112,208,19
2024-08-07 20:00:00,67.68,87.94190428222959,20.26190428222958,20.26190428222958,208,20
2024-08-07 21:00:00,65.14,78.46276587999063,13.322765879990627,13.322765879990627,208,21
2024-08-07 22:00:00,42.9,51.38037402384934,8.480374023849343,8.480374023849343,208,22
2024-08-07 23:00:00,35.58,41.42724186139126,5.847241861391261,5.847241861391261,208,23
2024-08-08 00:00:00,24.32,41.241847633318024,16.921847633318023,16.921847633318023,209,0
2024-08-08 01:00:00,18.31,27.5838121572936,9.273812157293602,9.273812157293602,209,1
2024-08-08 02:00:00,17.17,26.225559623871163,9.055559623871162,9.055559623871162,209,2
2024-08-08 03:00:00,25.71,32.18181332238777,6.471813322387767,6.471813322387767,209,3
2024-08-08 04:00:00,27.96,36.173151305096084,8.213151305096083,8.213151305096083,209,4
2024-08-08 05:00:00,42.11,37.536974694669595,-4.573025305330404,4.573025305330404,209,5
2024-08-08 06:00:00,52.12,53.42402918952659,1.3040291895265952,1.3040291895265952,209,6
2024-08-08 07:00:00,44.85,47.252269739045566,2.4022697390455647,2.4022697390455647,209,7
2024-08-08 08:00:00,23.78,29.765240931481983,5.985240931481982,5.985240931481982,209,8
2024-08-08 09:00:00,18.35,24.013887051896724,5.663887051896722,5.663887051896722,209,9
2024-08-08 10:00:00,29.69,26.926699285088482,-2.7633007149115194,2.7633007149115194,209,10
2024-08-08 11:00:00,0.08,29.968548937468846,29.888548937468848,29.888548937468848,209,11
2024-08-08 12:00:00,1.19,25.199515803190053,24.00951580319005,24.00951580319005,209,12
2024-08-08 13:00:00,0.1,27.303802198344854,27.203802198344853,27.203802198344853,209,13
2024-08-08 14:00:00,15.0,23.96961512341943,8.96961512341943,8.96961512341943,209,14
2024-08-08 15:00:00,26.71,31.518355061602335,4.8083550616023345,4.8083550616023345,209,15
2024-08-08 16:00:00,51.9,54.36193361918444,2.4619336191844425,2.4619336191844425,209,16
2024-08-08 17:00:00,52.09,77.5062266400825,25.4162266400825,25.4162266400825,209,17
2024-08-08 18:00:00,48.55,72.21104803237375,23.661048032373756,23.661048032373756,209,18
2024-08-08 19:00:00,44.73,76.95585894558043,32.225858945580434,32.225858945580434,209,19
2024-08-08 20:00:00,52.19,81.88756103030727,29.69756103030727,29.69756103030727,209,20
2024-08-08 21:00:00,48.95,82.27091387526194,33.32091387526194,33.32091387526194,209,21
2024-08-08 22:00:00,22.4,61.29305207434183,38.89305207434183,38.89305207434183,209,22
2024-08-08 23:00:00,13.02,47.728255881350066,34.70825588135007,34.70825588135007,209,23
2024-08-09 00:00:00,3.2,39.634637732717465,36.43463773271746,36.43463773271746,210,0
2024-08-09 01:00:00,-0.01,32.80172156781801,32.811721567818005,32.811721567818005,210,1
2024-08-09 02:00:00,-0.02,30.68089535304054,30.70089535304054,30.70089535304054,210,2
2024-08-09 03:00:00,0.01,33.69441398145178,33.68441398145178,33.68441398145178,210,3
2024-08-09 04:00:00,4.05,34.07032648463661,30.02032648463661,30.02032648463661,210,4
2024-08-09 05:00:00,14.66,46.916729181087604,32.25672918108761,32.25672918108761,210,5
2024-08-09 06:00:00,35.05,59.42655899425908,24.376558994259085,24.376558994259085,210,6
2024-08-09 07:00:00,26.8,51.24239765304865,24.442397653048648,24.442397653048648,210,7
2024-08-09 08:00:00,4.85,33.883160539770834,29.033160539770833,29.033160539770833,210,8
2024-08-09 09:00:00,0.1,27.682292476273496,27.582292476273494,27.582292476273494,210,9
2024-08-09 10:00:00,0.07,32.191968829699746,32.121968829699746,32.121968829699746,210,10
2024-08-09 11:00:00,0.0,14.429875958625793,14.429875958625793,14.429875958625793,210,11
2024-08-09 12:00:00,-0.72,12.834791238471354,13.554791238471354,13.554791238471354,210,12
2024-08-09 13:00:00,-0.01,14.765324705915532,14.775324705915532,14.775324705915532,210,13
2024-08-09 14:00:00,0.0,23.839187751671602,23.839187751671602,23.839187751671602,210,14
2024-08-09 15:00:00,5.64,32.21648285550937,26.57648285550937,26.57648285550937,210,15
2024-08-09 16:00:00,42.37,52.35174289255335,9.98174289255335,9.98174289255335,210,16
2024-08-09 17:00:00,72.47,63.10737119280158,-9.36262880719842,9.36262880719842,210,17
2024-08-09 18:00:00,80.75,63.395947490984675,-17.354052509015325,17.354052509015325,210,18
2024-08-09 19:00:00,89.9,59.98659330506443,-29.913406694935574,29.913406694935574,210,19
2024-08-09 20:00:00,89.22,59.38602910057539,-29.833970899424607,29.833970899424607,210,20
2024-08-09 21:00:00,67.08,58.384385121035564,-8.695614878964435,8.695614878964435,210,21
2024-08-09 22:00:00,51.7,39.84867177471105,-11.851328225288952,11.851328225288952,210,22
2024-08-09 23:00:00,26.41,29.259679188308894,2.849679188308894,2.849679188308894,210,23
2024-08-10 00:00:00,16.38,10.69604922549243,-5.683950774507569,5.683950774507569,211,0
2024-08-10 01:00:00,14.08,3.9860821695551323,-10.093917830444868,10.093917830444868,211,1
2024-08-10 02:00:00,10.21,3.8047205238095074,-6.405279476190493,6.405279476190493,211,2
2024-08-10 03:00:00,14.33,5.2682967881277705,-9.06170321187223,9.06170321187223,211,3
2024-08-10 04:00:00,16.14,7.256206846171239,-8.883793153828762,8.883793153828762,211,4
2024-08-10 05:00:00,21.21,15.561609011851594,-5.648390988148407,5.648390988148407,211,5
2024-08-10 06:00:00,28.2,30.85929140973048,2.659291409730482,2.659291409730482,211,6
2024-08-10 07:00:00,0.24,25.042441764654455,24.802441764654457,24.802441764654457,211,7
2024-08-10 08:00:00,-2.97,6.197204230203809,9.16720423020381,9.16720423020381,211,8
2024-08-10 09:00:00,-12.13,0.49569961523270933,12.62569961523271,12.62569961523271,211,9
2024-08-10 10:00:00,-22.39,-1.662915682734507,20.727084317265493,20.727084317265493,211,10
2024-08-10 11:00:00,-29.87,0.2859222444532179,30.15592224445322,30.15592224445322,211,11
2024-08-10 12:00:00,-21.92,-0.657867327528848,21.262132672471154,21.262132672471154,211,12
2024-08-10 13:00:00,-28.93,-2.035602524078044,26.894397475921956,26.894397475921956,211,13
2024-08-10 14:00:00,-7.94,-1.1243178576177968,6.815682142382204,6.815682142382204,211,14
2024-08-10 15:00:00,0.65,3.441137149925794,2.791137149925794,2.791137149925794,211,15
2024-08-10 16:00:00,49.49,27.638810551719907,-21.851189448280095,21.851189448280095,211,16
2024-08-10 17:00:00,81.67,55.23131767152757,-26.43868232847243,26.43868232847243,211,17
2024-08-10 18:00:00,71.91,57.14561026510252,-14.764389734897478,14.764389734897478,211,18
2024-08-10 19:00:00,64.03,63.30464322651355,-0.7253567734864532,0.7253567734864532,211,19
2024-08-10 20:00:00,88.35,65.38187753811476,-22.96812246188523,22.96812246188523,211,20
2024-08-10 21:00:00,83.04,49.02213679701654,-34.01786320298346,34.01786320298346,211,21
2024-08-10 22:00:00,45.03,34.98671847805781,-10.043281521942191,10.043281521942191,211,22
2024-08-10 23:00:00,40.59,16.160933822379548,-24.429066177620456,24.429066177620456,211,23
2024-08-11 00:00:00,31.88,16.861101365083286,-15.018898634916713,15.018898634916713,212,0
2024-08-11 01:00:00,23.57,11.221664846414825,-12.348335153585175,12.348335153585175,212,1
2024-08-11 02:00:00,12.54,8.679790417884405,-3.860209582115594,3.860209582115594,212,2
2024-08-11 03:00:00,13.48,7.9959221579015605,-5.48407784209844,5.48407784209844,212,3
2024-08-11 04:00:00,10.44,9.116041606298623,-1.3239583937013766,1.3239583937013766,212,4
2024-08-11 05:00:00,4.79,15.344055903032334,10.554055903032335,10.554055903032335,212,5
2024-08-11 06:00:00,13.05,24.44396659183895,11.39396659183895,11.39396659183895,212,6
2024-08-11 07:00:00,0.0,5.3242528282083015,5.3242528282083015,5.3242528282083015,212,7
2024-08-11 08:00:00,-4.98,-5.21568341034309,-0.23568341034308915,0.23568341034308915,212,8
2024-08-11 09:00:00,-14.91,-8.534399176453974,6.375600823546026,6.375600823546026,212,9
2024-08-11 10:00:00,-30.64,-12.885218655012991,17.75478134498701,17.75478134498701,212,10
2024-08-11 11:00:00,-59.67,-18.673924532796292,40.99607546720371,40.99607546720371,212,11
2024-08-11 12:00:00,-50.03,-18.692333385807103,31.337666614192898,31.337666614192898,212,12
2024-08-11 13:00:00,-30.98,-23.584504910961655,7.395495089038345,7.395495089038345,212,13
2024-08-11 14:00:00,-4.99,-10.38172151222868,-5.3917215122286795,5.3917215122286795,212,14
2024-08-11 15:00:00,4.12,1.5779435788198697,-2.5420564211801304,2.5420564211801304,212,15
2024-08-11 16:00:00,36.42,33.229001119072336,-3.1909988809276655,3.1909988809276655,212,16
2024-08-11 17:00:00,50.5,58.910821310673796,8.410821310673796,8.410821310673796,212,17
2024-08-11 18:00:00,59.34,62.33694475117343,2.996944751173423,2.996944751173423,212,18
2024-08-11 19:00:00,53.74,60.02068109978126,6.280681099781255,6.280681099781255,212,19
2024-08-11 20:00:00,54.24,71.48359652618583,17.243596526185833,17.243596526185833,212,20
2024-08-11 21:00:00,49.49,63.98946363789261,14.49946363789261,14.49946363789261,212,21
2024-08-11 22:00:00,28.74,28.07208130261695,-0.6679186973830475,0.6679186973830475,212,22
2024-08-11 23:00:00,15.0,19.377396253326893,4.377396253326893,4.377396253326893,212,23
2024-08-12 00:00:00,2.81,43.18085306313342,40.37085306313342,40.37085306313342,213,0
2024-08-12 01:00:00,1.15,37.89538497460897,36.745384974608974,36.745384974608974,213,1
2024-08-12 02:00:00,0.0,27.807682752445466,27.807682752445466,27.807682752445466,213,2
2024-08-12 03:00:00,0.03,32.477261069334155,32.447261069334154,32.447261069334154,213,3
2024-08-12 04:00:00,16.26,31.775340066067805,15.515340066067804,15.515340066067804,213,4
2024-08-12 05:00:00,15.3,32.24352600959057,16.943526009590567,16.943526009590567,213,5
2024-08-12 06:00:00,45.78,42.389228773098175,-3.390771226901826,3.390771226901826,213,6
2024-08-12 07:00:00,45.69,32.98562895588991,-12.70437104411009,12.70437104411009,213,7
2024-08-12 08:00:00,40.12,22.365527525917322,-17.754472474082675,17.754472474082675,213,8
2024-08-12 09:00:00,16.04,19.135959990044732,3.095959990044733,3.095959990044733,213,9
2024-08-12 10:00:00,10.06,14.45209269142736,4.39209269142736,4.39209269142736,213,10
2024-08-12 11:00:00,6.98,-5.529103286245771,-12.509103286245772,12.509103286245772,213,11
2024-08-12 12:00:00,18.03,-1.68789579143359,-19.71789579143359,19.71789579143359,213,12
2024-08-12 13:00:00,27.49,8.960954670760813,-18.529045329239185,18.529045329239185,213,13
2024-08-12 14:00:00,49.03,26.708850323063835,-22.321149676936166,22.321149676936166,213,14
2024-08-12 15:00:00,82.1,33.42848348000592,-48.67151651999407,48.67151651999407,213,15
2024-08-12 16:00:00,90.57,58.65750837308534,-31.91249162691465,31.91249162691465,213,16
2024-08-12 17:00:00,117.15,79.42764881709573,-37.722351182904276,37.722351182904276,213,17
2024-08-12 18:00:00,124.95,85.01695567549237,-39.933044324507634,39.933044324507634,213,18
2024-08-12 19:00:00,130.6,82.69785929454724,-47.90214070545275,47.90214070545275,213,19
2024-08-12 20:00:00,108.51,81.86818880117548,-26.641811198824527,26.641811198824527,213,20
2024-08-12 21:00:00,100.16,76.82463090580104,-23.335369094198953,23.335369094198953,213,21
2024-08-12 22:00:00,100.07,59.453305338912,-40.61669466108799,40.61669466108799,213,22
2024-08-12 23:00:00,88.27,42.574613103674835,-45.69538689632516,45.69538689632516,213,23
2024-08-13 00:00:00,65.15,26.719333644127865,-38.43066635587214,38.43066635587214,214,0
2024-08-13 01:00:00,62.37,25.199651752011548,-37.17034824798845,37.17034824798845,214,1
2024-08-13 02:00:00,60.94,22.79677175084685,-38.14322824915315,38.14322824915315,214,2
2024-08-13 03:00:00,68.0,20.72030446418735,-47.27969553581265,47.27969553581265,214,3
2024-08-13 04:00:00,95.16,32.756447399475576,-62.40355260052442,62.40355260052442,214,4
2024-08-13 05:00:00,113.58,37.61197454289703,-75.96802545710297,75.96802545710297,214,5
2024-08-13 06:00:00,117.89,65.46483244910267,-52.42516755089733,52.42516755089733,214,6
2024-08-13 07:00:00,92.94,56.509332700911315,-36.43066729908868,36.43066729908868,214,7
2024-08-13 08:00:00,70.74,47.411661013112294,-23.3283389868877,23.3283389868877,214,8
2024-08-13 09:00:00,58.44,35.12089530723558,-23.31910469276442,23.31910469276442,214,9
2024-08-13 10:00:00,46.76,28.425430204151077,-18.33456979584892,18.33456979584892,214,10
2024-08-13 11:00:00,43.87,22.752369144440266,-21.11763085555973,21.11763085555973,214,11
2024-08-13 12:00:00,50.97,30.206076669629624,-20.763923330370375,20.763923330370375,214,12
2024-08-13 13:00:00,66.73,35.936421439113026,-30.793578560886978,30.793578560886978,214,13
2024-08-13 14:00:00,80.05,50.74912460918837,-29.300875390811626,29.300875390811626,214,14
2024-08-13 15:00:00,84.5,73.27568929686687,-11.224310703133128,11.224310703133128,214,15
2024-08-13 16:00:00,96.02,88.78238543652577,-7.237614563474224,7.237614563474224,214,16
2024-08-13 17:00:00,101.51,108.0970615355063,6.587061535506294,6.587061535506294,214,17
2024-08-13 18:00:00,108.29,111.80676546915478,3.5167654691547767,3.5167654691547767,214,18
2024-08-13 19:00:00,100.87,108.73889738432077,7.868897384320761,7.868897384320761,214,19
2024-08-13 20:00:00,113.76,98.697205053703,-15.062794946297004,15.062794946297004,214,20
2024-08-13 21:00:00,102.92,95.6278902496984,-7.292109750301606,7.292109750301606,214,21
2024-08-13 22:00:00,88.5,84.39232586396527,-4.107674136034731,4.107674136034731,214,22
2024-08-13 23:00:00,78.5,69.10996112845022,-9.390038871549777,9.390038871549777,214,23
2024-08-14 00:00:00,76.56,51.21928051465426,-25.340719485345744,25.340719485345744,215,0
2024-08-14 01:00:00,64.0,46.34384201192454,-17.656157988075464,17.656157988075464,215,1
2024-08-14 02:00:00,71.51,44.03643894255547,-27.473561057444535,27.473561057444535,215,2
2024-08-14 03:00:00,70.2,47.36509686071504,-22.83490313928496,22.83490313928496,215,3
2024-08-14 04:00:00,80.38,65.71317081790347,-14.66682918209652,14.66682918209652,215,4
2024-08-14 05:00:00,102.07,75.71157083268706,-26.358429167312934,26.358429167312934,215,5
2024-08-14 06:00:00,109.87,82.67115209211163,-27.19884790788838,27.19884790788838,215,6
2024-08-14 07:00:00,90.0,60.757191730162184,-29.242808269837816,29.242808269837816,215,7
2024-08-14 08:00:00,75.0,43.35800479659299,-31.641995203407014,31.641995203407014,215,8
2024-08-14 09:00:00,76.01,37.2607661215833,-38.7492338784167,38.7492338784167,215,9
2024-08-14 10:00:00,75.78,29.164620718319938,-46.61537928168006,46.61537928168006,215,10
2024-08-14 11:00:00,76.44,26.288206817163932,-50.151793182836066,50.151793182836066,215,11
2024-08-14 12:00:00,75.59,30.805550366872133,-44.78444963312787,44.78444963312787,215,12
2024-08-14 13:00:00,65.61,34.91449768267309,-30.695502317326913,30.695502317326913,215,13
2024-08-14 14:00:00,69.98,42.22729727903683,-27.75270272096317,27.75270272096317,215,14
2024-08-14 15:00:00,69.47,50.182128046678194,-19.287871953321805,19.287871953321805,215,15
2024-08-14 16:00:00,110.44,67.1919261683198,-43.2480738316802,43.2480738316802,215,16
2024-08-14 17:00:00,115.77,75.86782840988657,-39.902171590113426,39.902171590113426,215,17
2024-08-14 18:00:00,109.02,87.55426199825835,-21.46573800174164,21.46573800174164,215,18
2024-08-14 19:00:00,114.26,86.68458630196022,-27.57541369803978,27.57541369803978,215,19
2024-08-14 20:00:00,108.54,86.71954882498403,-21.820451175015975,21.820451175015975,215,20
2024-08-14 21:00:00,94.18,80.93015001231382,-13.24984998768619,13.24984998768619,215,21
2024-08-14 22:00:00,69.47,64.12740329944813,-5.342596700551866,5.342596700551866,215,22
2024-08-14 23:00:00,59.32,50.63181172429313,-8.688188275706871,8.688188275706871,215,23
2024-08-16 00:00:00,68.5,52.14163342856503,-16.35836657143497,16.35836657143497,217,0
2024-08-16 01:00:00,65.32,43.9533433838666,-21.36665661613339,21.36665661613339,217,1
2024-08-16 02:00:00,59.59,41.57547510168308,-18.01452489831692,18.01452489831692,217,2
2024-08-16 03:00:00,67.4,35.57715013671358,-31.82284986328643,31.82284986328643,217,3
2024-08-16 04:00:00,63.96,42.583851107951034,-21.376148892048967,21.376148892048967,217,4
2024-08-16 05:00:00,77.6,48.78690082592297,-28.813099174077024,28.813099174077024,217,5
2024-08-16 06:00:00,91.06,61.522341240615866,-29.537658759384136,29.537658759384136,217,6
2024-08-16 07:00:00,70.0,52.78625581623496,-17.213744183765037,17.213744183765037,217,7
2024-08-16 08:00:00,63.87,29.55169076959926,-34.318309230400736,34.318309230400736,217,8
2024-08-16 09:00:00,63.37,23.68627784784892,-39.68372215215108,39.68372215215108,217,9
2024-08-16 10:00:00,59.22,16.27087112115609,-42.94912887884391,42.94912887884391,217,10
2024-08-16 11:00:00,53.93,17.25142710009488,-36.67857289990512,36.67857289990512,217,11
2024-08-16 12:00:00,50.72,15.534025703560339,-35.18597429643966,35.18597429643966,217,12
2024-08-16 13:00:00,56.27,16.131631681042364,-40.13836831895764,40.13836831895764,217,13
2024-08-16 14:00:00,62.17,25.081138059471712,-37.08886194052829,37.08886194052829,217,14
2024-08-16 15:00:00,63.37,21.054086941368723,-42.315913058631274,42.315913058631274,217,15
2024-08-16 16:00:00,65.4,32.8841599832155,-32.51584001678451,32.51584001678451,217,16
2024-08-16 17:00:00,103.52,65.11559387064011,-38.404406129359884,38.404406129359884,217,17
2024-08-16 18:00:00,107.96,82.23445707839456,-25.725542921605438,25.725542921605438,217,18
2024-08-16 19:00:00,114.51,84.01720189669125,-30.492798103308758,30.492798103308758,217,19
2024-08-16 20:00:00,119.99,86.61993864653385,-33.37006135346614,33.37006135346614,217,20
2024-08-16 21:00:00,116.16,79.97237940807273,-36.18762059192727,36.18762059192727,217,21
2024-08-16 22:00:00,107.05,69.24548651777941,-37.804513482220585,37.804513482220585,217,22
2024-08-16 23:00:00,90.86,60.70763871380322,-30.15236128619678,30.15236128619678,217,23
2024-08-17 00:00:00,90.6,43.764594943752115,-46.83540505624788,46.83540505624788,218,0
2024-08-17 01:00:00,81.87,35.11843089529462,-46.75156910470538,46.75156910470538,218,1
2024-08-17 02:00:00,71.04,31.847379609737168,-39.19262039026284,39.19262039026284,218,2
2024-08-17 03:00:00,71.39,41.10824478422542,-30.28175521577458,30.28175521577458,218,3
2024-08-17 04:00:00,75.52,34.38327732974099,-41.136722670259005,41.136722670259005,218,4
2024-08-17 05:00:00,73.6,47.4988673009811,-26.101132699018898,26.101132699018898,218,5
2024-08-17 06:00:00,84.01,68.39483605664076,-15.61516394335925,15.61516394335925,218,6
2024-08-17 07:00:00,71.74,57.56368537000564,-14.176314629994351,14.176314629994351,218,7
2024-08-17 08:00:00,68.01,38.025964761788934,-29.98403523821107,29.98403523821107,218,8
2024-08-17 09:00:00,52.66,35.844862942879224,-16.815137057120772,16.815137057120772,218,9
2024-08-17 10:00:00,43.31,33.88192230586913,-9.42807769413087,9.42807769413087,218,10
2024-08-17 11:00:00,37.37,28.93011379280744,-8.439886207192558,8.439886207192558,218,11
2024-08-17 12:00:00,34.72,24.528459608556112,-10.191540391443887,10.191540391443887,218,12
2024-08-17 13:00:00,37.57,24.909681992744666,-12.660318007255334,12.660318007255334,218,13
2024-08-17 14:00:00,47.81,35.35575306271356,-12.454246937286442,12.454246937286442,218,14
2024-08-17 15:00:00,69.24,37.8122047907905,-31.427795209209492,31.427795209209492,218,15
2024-08-17 16:00:00,71.51,35.08429302688438,-36.425706973115624,36.425706973115624,218,16
2024-08-17 17:00:00,87.41,71.14508459063235,-16.264915409367646,16.264915409367646,218,17
2024-08-17 18:00:00,103.92,82.49948776912478,-21.420512230875218,21.420512230875218,218,18
2024-08-17 19:00:00,114.07,84.61196036299634,-29.45803963700365,29.45803963700365,218,19
2024-08-17 20:00:00,113.2,85.63457819414573,-27.56542180585427,27.56542180585427,218,20
2024-08-17 21:00:00,105.02,84.79716531633478,-20.222834683665212,20.222834683665212,218,21
2024-08-17 22:00:00,87.77,78.93237830294687,-8.837621697053123,8.837621697053123,218,22
2024-08-17 23:00:00,78.23,57.8719871901711,-20.358012809828907,20.358012809828907,218,23
2024-08-18 00:00:00,73.38,58.58641938492222,-14.793580615077772,14.793580615077772,219,0
2024-08-18 01:00:00,65.67,48.50491309644035,-17.165086903559654,17.165086903559654,219,1
2024-08-18 02:00:00,61.85,45.24150777548317,-16.60849222451683,16.60849222451683,219,2
2024-08-18 03:00:00,58.22,42.3512499236175,-15.868750076382497,15.868750076382497,219,3
2024-08-18 04:00:00,61.69,46.561195075481216,-15.128804924518782,15.128804924518782,219,4
2024-08-18 05:00:00,57.88,47.29045647963066,-10.58954352036934,10.58954352036934,219,5
2024-08-18 06:00:00,62.07,61.0650918167421,-1.0049081832579034,1.0049081832579034,219,6
2024-08-18 07:00:00,40.71,47.37759452360766,6.6675945236076615,6.6675945236076615,219,7
2024-08-18 08:00:00,14.93,39.108265852641324,24.178265852641324,24.178265852641324,219,8
2024-08-18 09:00:00,14.14,30.198079569051366,16.058079569051365,16.058079569051365,219,9
2024-08-18 10:00:00,14.07,20.1066062879309,6.036606287930901,6.036606287930901,219,10
2024-08-18 11:00:00,4.57,16.85049276228603,12.28049276228603,12.28049276228603,219,11
2024-08-18 12:00:00,0.05,12.95307513801292,12.90307513801292,12.90307513801292,219,12
2024-08-18 13:00:00,0.0,17.343835186621504,17.343835186621504,17.343835186621504,219,13
2024-08-18 14:00:00,1.08,23.57854099164065,22.498540991640652,22.498540991640652,219,14
2024-08-18 15:00:00,10.99,34.20928736785493,23.219287367854925,23.219287367854925,219,15
2024-08-18 16:00:00,42.82,38.022678497200054,-4.797321502799946,4.797321502799946,219,16
2024-08-18 17:00:00,75.83,60.665237183820565,-15.164762816179433,15.164762816179433,219,17
2024-08-18 18:00:00,89.5,77.89903715642355,-11.600962843576454,11.600962843576454,219,18
2024-08-18 19:00:00,110.34,84.6542391472872,-25.685760852712804,25.685760852712804,219,19
2024-08-18 20:00:00,111.64,80.21432794032673,-31.425672059673275,31.425672059673275,219,20
2024-08-18 21:00:00,99.69,76.89696237496341,-22.79303762503659,22.79303762503659,219,21
2024-08-18 22:00:00,91.7,67.26767309846913,-24.43232690153087,24.43232690153087,219,22
2024-08-18 23:00:00,76.6,52.701357380996754,-23.89864261900324,23.89864261900324,219,23
2024-08-19 00:00:00,72.51,77.1925506443542,4.682550644354194,4.682550644354194,220,0
2024-08-19 01:00:00,75.92,68.97927939225482,-6.9407206077451775,6.9407206077451775,220,1
2024-08-19 02:00:00,75.65,60.20093189136983,-15.449068108630179,15.449068108630179,220,2
2024-08-19 03:00:00,79.97,61.09300375563954,-18.876996244360456,18.876996244360456,220,3
2024-08-19 04:00:00,72.4,62.11926166828772,-10.280738331712286,10.280738331712286,220,4
2024-08-19 05:00:00,104.76,64.03317663455664,-40.726823365443366,40.726823365443366,220,5
2024-08-19 06:00:00,116.92,67.14059768957493,-49.77940231042507,49.77940231042507,220,6
2024-08-19 07:00:00,112.58,58.38895930890785,-54.19104069109215,54.19104069109215,220,7
2024-08-19 08:00:00,82.35,34.544314167995495,-47.8056858320045,47.8056858320045,220,8
2024-08-19 09:00:00,74.28,37.35661227613205,-36.923387723867954,36.923387723867954,220,9
2024-08-19 10:00:00,70.0,37.333646144706634,-32.666353855293366,32.666353855293366,220,10
2024-08-19 11:00:00,69.0,30.281951797047697,-38.7180482029523,38.7180482029523,220,11
2024-08-19 12:00:00,65.89,23.75603709615193,-42.13396290384807,42.13396290384807,220,12
2024-08-19 13:00:00,66.32,23.187090789741966,-43.13290921025803,43.13290921025803,220,13
2024-08-19 14:00:00,70.0,37.18508809944851,-32.81491190055149,32.81491190055149,220,14
2024-08-19 15:00:00,79.44,38.247573971219246,-41.19242602878075,41.19242602878075,220,15
2024-08-19 16:00:00,103.0,53.795132694392834,-49.204867305607166,49.204867305607166,220,16
2024-08-19 17:00:00,116.26,91.24707930266231,-25.01292069733769,25.01292069733769,220,17
2024-08-19 18:00:00,127.48,100.37148498748294,-27.10851501251706,27.10851501251706,220,18
2024-08-19 19:00:00,116.74,116.48061159661268,-0.2593884033873195,0.2593884033873195,220,19
2024-08-19 20:00:00,100.75,111.13520507376558,10.385205073765576,10.385205073765576,220,20
2024-08-19 21:00:00,86.15,98.09582618492895,11.945826184928947,11.945826184928947,220,21
2024-08-19 22:00:00,77.03,93.83999340465202,16.80999340465202,16.80999340465202,220,22
2024-08-19 23:00:00,62.04,79.12549208319808,17.085492083198083,17.085492083198083,220,23
2024-08-20 00:00:00,50.85,68.69108559931212,17.841085599312116,17.841085599312116,221,0
2024-08-20 01:00:00,31.04,64.50552359743816,33.46552359743816,33.46552359743816,221,1
2024-08-20 02:00:00,30.99,67.73315149401894,36.743151494018946,36.743151494018946,221,2
2024-08-20 03:00:00,40.43,68.40243697743774,27.972436977437745,27.972436977437745,221,3
2024-08-20 04:00:00,55.4,65.68480912646356,10.284809126463564,10.284809126463564,221,4
2024-08-20 05:00:00,78.38,90.05118671863025,11.671186718630253,11.671186718630253,221,5
2024-08-20 06:00:00,100.41,105.03241760723546,4.622417607235462,4.622417607235462,221,6
2024-08-20 07:00:00,87.04,97.13832738716033,10.098327387160325,10.098327387160325,221,7
2024-08-20 08:00:00,71.5,74.81103801066776,3.311038010667758,3.311038010667758,221,8
2024-08-20 09:00:00,52.49,64.68414671158786,12.194146711587855,12.194146711587855,221,9
2024-08-20 10:00:00,40.03,57.13943726194306,17.109437261943057,17.109437261943057,221,10
2024-08-20 11:00:00,23.59,58.25405836555299,34.66405836555299,34.66405836555299,221,11
2024-08-20 12:00:00,18.58,59.5503086760073,40.9703086760073,40.9703086760073,221,12
2024-08-20 13:00:00,36.63,59.13153517192141,22.50153517192141,22.50153517192141,221,13
2024-08-20 14:00:00,30.09,65.08618167549396,34.99618167549396,34.99618167549396,221,14
2024-08-20 15:00:00,36.68,73.17942890370699,36.49942890370699,36.49942890370699,221,15
2024-08-20 16:00:00,57.91,86.89278274931,28.982782749310005,28.982782749310005,221,16
2024-08-20 17:00:00,92.35,103.13408437045013,10.784084370450131,10.784084370450131,221,17
2024-08-20 18:00:00,70.41,112.8186198514054,42.408619851405405,42.408619851405405,221,18
2024-08-20 19:00:00,73.29,108.94049816967679,35.65049816967678,35.65049816967678,221,19
2024-08-20 20:00:00,79.91,93.9443449037418,14.034344903741797,14.034344903741797,221,20
2024-08-20 21:00:00,63.83,88.54360101363639,24.713601013636392,24.713601013636392,221,21
2024-08-20 22:00:00,28.36,80.04552451069672,51.68552451069672,51.68552451069672,221,22
2024-08-20 23:00:00,11.93,64.26808194291671,52.33808194291671,52.33808194291671,221,23
2024-08-21 00:00:00,22.71,55.3531971853013,32.6431971853013,32.6431971853013,222,0
2024-08-21 01:00:00,3.52,39.23392669963423,35.71392669963423,35.71392669963423,222,1
2024-08-21 02:00:00,20.39,41.13812776417416,20.748127764174157,20.748127764174157,222,2
2024-08-21 03:00:00,27.36,43.083523183685365,15.723523183685366,15.723523183685366,222,3
2024-08-21 04:00:00,68.5,52.457861972642206,-16.042138027357794,16.042138027357794,222,4
2024-08-21 05:00:00,88.56,65.46280391257766,-23.097196087422347,23.097196087422347,222,5
2024-08-21 06:00:00,89.16,85.55556585565107,-3.6044341443489287,3.6044341443489287,222,6
2024-08-21 07:00:00,57.27,68.90262319408325,11.632623194083244,11.632623194083244,222,7
2024-08-21 08:00:00,8.0,54.07844019585762,46.07844019585762,46.07844019585762,222,8
2024-08-21 09:00:00,5.22,43.03805810586551,37.81805810586551,37.81805810586551,222,9
2024-08-21 10:00:00,0.0,33.61071987187776,33.61071987187776,33.61071987187776,222,10
2024-08-21 11:00:00,-0.01,21.934035777547273,21.944035777547274,21.944035777547274,222,11
2024-08-21 12:00:00,-5.32,22.492939109469667,27.812939109469667,27.812939109469667,222,12
2024-08-21 13:00:00,-4.28,30.486570635594802,34.7665706355948,34.7665706355948,222,13
2024-08-21 14:00:00,2.01,28.837294425570647,26.82729442557065,26.82729442557065,222,14
2024-08-21 15:00:00,16.09,34.56525256311284,18.475252563112843,18.475252563112843,222,15
2024-08-21 16:00:00,73.78,52.577921198267276,-21.202078801732725,21.202078801732725,222,16
2024-08-21 17:00:00,95.94,78.75657883992865,-17.183421160071347,17.183421160071347,222,17
2024-08-21 18:00:00,75.17,78.26918348699071,3.099183486990711,3.099183486990711,222,18
2024-08-21 19:00:00,86.51,84.01615617676752,-2.4938438232324813,2.4938438232324813,222,19
2024-08-21 20:00:00,89.63,83.03850551774273,-6.591494482257261,6.591494482257261,222,20
2024-08-21 21:00:00,82.47,73.4184867390309,-9.051513260969102,9.051513260969102,222,21
2024-08-21 22:00:00,40.52,53.73658477652427,13.216584776524265,13.216584776524265,222,22
2024-08-21 23:00:00,21.21,32.72065484413537,11.510654844135367,11.510654844135367,222,23
2024-08-22 00:00:00,0.09,36.29962877144752,36.20962877144752,36.20962877144752,223,0
2024-08-22 01:00:00,3.61,25.4819746617369,21.8719746617369,21.8719746617369,223,1
2024-08-22 02:00:00,0.0,30.302357441071372,30.302357441071372,30.302357441071372,223,2
2024-08-22 03:00:00,5.81,35.361097104964415,29.551097104964416,29.551097104964416,223,3
2024-08-22 04:00:00,22.74,55.69353766710503,32.95353766710504,32.95353766710504,223,4
2024-08-22 05:00:00,24.27,68.85244207707157,44.582442077071576,44.582442077071576,223,5
2024-08-22 06:00:00,62.79,76.45634488270183,13.666344882701829,13.666344882701829,223,6
2024-08-22 07:00:00,51.5,56.970521155701306,5.470521155701306,5.470521155701306,223,7
2024-08-22 08:00:00,11.72,23.069381320172134,11.349381320172133,11.349381320172133,223,8
2024-08-22 09:00:00,0.0,18.363497305812757,18.363497305812757,18.363497305812757,223,9
2024-08-22 10:00:00,-0.01,16.870638466144612,16.880638466144614,16.880638466144614,223,10
2024-08-22 11:00:00,-2.56,13.556279370189515,16.116279370189513,16.116279370189513,223,11
2024-08-22 12:00:00,-1.37,9.399463312344665,10.769463312344666,10.769463312344666,223,12
2024-08-22 13:00:00,-0.01,8.681852416188377,8.691852416188377,8.691852416188377,223,13
2024-08-22 14:00:00,0.01,23.186143553701818,23.176143553701817,23.176143553701817,223,14
2024-08-22 15:00:00,25.99,36.41605076191558,10.42605076191558,10.42605076191558,223,15
2024-08-22 16:00:00,86.31,74.7837422751791,-11.526257724820908,11.526257724820908,223,16
2024-08-22 17:00:00,117.49,98.39628056408989,-19.093719435910103,19.093719435910103,223,17
2024-08-22 18:00:00,118.94,94.91155457613807,-24.028445423861925,24.028445423861925,223,18
2024-08-22 19:00:00,112.96,97.09829972730275,-15.861700272697249,15.861700272697249,223,19
2024-08-22 20:00:00,97.31,94.8786239342393,-2.431376065760702,2.431376065760702,223,20
2024-08-22 21:00:00,81.51,83.86664124484018,2.3566412448401763,2.3566412448401763,223,21
2024-08-22 22:00:00,55.4,52.035857546055425,-3.3641424539445737,3.3641424539445737,223,22
2024-08-22 23:00:00,42.05,37.84523590249682,-4.20476409750318,4.20476409750318,223,23
2024-08-23 00:00:00,37.42,21.59231381237624,-15.827686187623762,15.827686187623762,224,0
2024-08-23 01:00:00,25.61,15.916480567530144,-9.693519432469856,9.693519432469856,224,1
2024-08-23 02:00:00,11.2,17.696635235817084,6.4966352358170845,6.4966352358170845,224,2
2024-08-23 03:00:00,11.84,20.174218750917888,8.334218750917888,8.334218750917888,224,3
2024-08-23 04:00:00,21.5,29.937363379609273,8.437363379609273,8.437363379609273,224,4
2024-08-23 05:00:00,28.12,40.74835877520375,12.628358775203747,12.628358775203747,224,5
2024-08-23 06:00:00,13.08,68.36104178346756,55.28104178346756,55.28104178346756,224,6
2024-08-23 07:00:00,0.06,54.797060429370326,54.737060429370324,54.737060429370324,224,7
2024-08-23 08:00:00,0.07,22.33499769943566,22.26499769943566,22.26499769943566,224,8
2024-08-23 09:00:00,0.0,9.840999167504506,9.840999167504506,9.840999167504506,224,9
2024-08-23 10:00:00,-0.98,8.026690569107657,9.006690569107658,9.006690569107658,224,10
2024-08-23 11:00:00,-5.75,5.72328362767567,11.47328362767567,11.47328362767567,224,11
2024-08-23 12:00:00,-8.98,4.1258759006823595,13.10587590068236,13.10587590068236,224,12
2024-08-23 13:00:00,-4.33,11.820557508392184,16.150557508392183,16.150557508392183,224,13
2024-08-23 14:00:00,0.0,15.640942123830285,15.640942123830285,15.640942123830285,224,14
2024-08-23 15:00:00,7.58,27.115086700931634,19.535086700931636,19.535086700931636,224,15
2024-08-23 16:00:00,57.67,68.86897080785806,11.19897080785806,11.19897080785806,224,16
2024-08-23 17:00:00,105.49,93.20458177335381,-12.285418226646186,12.285418226646186,224,17
2024-08-23 18:00:00,112.83,103.03787845784684,-9.792121542153154,9.792121542153154,224,18
2024-08-23 19:00:00,123.9,90.33657749010987,-33.56342250989013,33.56342250989013,224,19
2024-08-23 20:00:00,120.1,84.11955110480169,-35.98044889519831,35.98044889519831,224,20
2024-08-23 21:00:00,102.53,73.73161732526927,-28.798382674730732,28.798382674730732,224,21
2024-08-23 22:00:00,91.78,52.26597120389884,-39.51402879610116,39.51402879610116,224,22
2024-08-23 23:00:00,58.11,35.747396659386744,-22.362603340613255,22.362603340613255,224,23
2024-08-24 00:00:00,52.84,22.914596839265556,-29.925403160734447,29.925403160734447,225,0
2024-08-24 01:00:00,46.45,12.611227113498515,-33.83877288650149,33.83877288650149,225,1
2024-08-24 02:00:00,48.58,10.278237240447993,-38.301762759552005,38.301762759552005,225,2
2024-08-24 03:00:00,47.04,11.167029925740096,-35.872970074259904,35.872970074259904,225,3
2024-08-24 04:00:00,46.02,23.705683064531655,-22.314316935468348,22.314316935468348,225,4
2024-08-24 05:00:00,38.98,30.16865935178854,-8.811340648211456,8.811340648211456,225,5
2024-08-24 06:00:00,34.27,29.57726339257202,-4.692736607427982,4.692736607427982,225,6
2024-08-24 07:00:00,15.0,13.090758977286441,-1.9092410227135588,1.9092410227135588,225,7
2024-08-24 08:00:00,0.0,-3.099473243310001,-3.099473243310001,3.099473243310001,225,8
2024-08-24 09:00:00,-6.75,-4.634834764099864,2.115165235900136,2.115165235900136,225,9
2024-08-24 10:00:00,-18.41,-3.52673793579946,14.88326206420054,14.88326206420054,225,10
2024-08-24 11:00:00,-38.33,-6.898832464391447,31.43116753560855,31.43116753560855,225,11
2024-08-24 12:00:00,-41.39,-12.070422444077792,29.31957755592221,29.31957755592221,225,12
2024-08-24 13:00:00,-20.91,-6.624214747610594,14.285785252389406,14.285785252389406,225,13
2024-08-24 14:00:00,-1.01,6.452498482964302,7.4624984829643015,7.4624984829643015,225,14
2024-08-24 15:00:00,3.32,11.22024547055706,7.90024547055706,7.90024547055706,225,15
2024-08-24 16:00:00,16.77,52.363251588799216,35.59325158879922,35.59325158879922,225,16
2024-08-24 17:00:00,62.33,88.20177897103922,25.87177897103922,25.87177897103922,225,17
2024-08-24 18:00:00,69.2,92.12341951404598,22.923419514045975,22.923419514045975,225,18
2024-08-24 19:00:00,72.6,99.94149950175964,27.341499501759642,27.341499501759642,225,19
2024-08-24 20:00:00,68.68,94.67812889744259,25.998128897442584,25.998128897442584,225,20
2024-08-24 21:00:00,54.33,80.51897198920767,26.188971989207673,26.188971989207673,225,21
2024-08-24 22:00:00,7.72,70.04950687750792,62.329506877507924,62.329506877507924,225,22
2024-08-24 23:00:00,4.94,43.46826435923194,38.52826435923194,38.52826435923194,225,23
2024-08-25 00:00:00,1.62,42.666673902597395,41.0466739025974,41.0466739025974,226,0
2024-08-25 01:00:00,0.51,37.684951216729274,37.174951216729276,37.174951216729276,226,1
2024-08-25 02:00:00,1.05,34.31406143198793,33.26406143198793,33.26406143198793,226,2
2024-08-25 03:00:00,1.73,27.933094226775303,26.203094226775303,26.203094226775303,226,3
2024-08-25 04:00:00,2.15,28.29602728947426,26.14602728947426,26.14602728947426,226,4
2024-08-25 05:00:00,0.04,26.20660436820088,26.16660436820088,26.16660436820088,226,5
2024-08-25 06:00:00,0.29,30.071502854478616,29.781502854478617,29.781502854478617,226,6
2024-08-25 07:00:00,-1.29,14.706166216358675,15.996166216358674,15.996166216358674,226,7
2024-08-25 08:00:00,-5.61,-6.006590759739979,-0.39659075973997826,0.39659075973997826,226,8
2024-08-25 09:00:00,-7.16,-10.127380080934884,-2.967380080934884,2.967380080934884,226,9
2024-08-25 10:00:00,-5.02,-16.144002369698583,-11.124002369698584,11.124002369698584,226,10
2024-08-25 11:00:00,-7.51,-27.193481851815122,-19.683481851815124,19.683481851815124,226,11
2024-08-25 12:00:00,-16.7,-34.26273020814891,-17.56273020814891,17.56273020814891,226,12
2024-08-25 13:00:00,-9.43,-13.966690193231756,-4.536690193231756,4.536690193231756,226,13
2024-08-25 14:00:00,-0.6,-0.820685481620373,-0.22068548162037305,0.22068548162037305,226,14
2024-08-25 15:00:00,0.44,2.5047395579857437,2.0647395579857437,2.0647395579857437,226,15
2024-08-25 16:00:00,14.2,23.683806688797773,9.483806688797774,9.483806688797774,226,16
2024-08-25 17:00:00,71.41,64.35315921698077,-7.056840783019226,7.056840783019226,226,17
2024-08-25 18:00:00,94.02,74.08385261907458,-19.93614738092542,19.93614738092542,226,18
2024-08-25 19:00:00,109.91,75.99458362530089,-33.915416374699106,33.915416374699106,226,19
2024-08-25 20:00:00,102.88,68.34855672961103,-34.53144327038896,34.53144327038896,226,20
2024-08-25 21:00:00,93.53,56.70003149664782,-36.829968503352184,36.829968503352184,226,21
2024-08-25 22:00:00,58.11,30.894929102482855,-27.215070897517144,27.215070897517144,226,22
2024-08-25 23:00:00,54.03,18.53673118064129,-35.49326881935871,35.49326881935871,226,23
2024-08-26 00:00:00,49.84,49.75027756790499,-0.08972243209501585,0.08972243209501585,227,0
2024-08-26 01:00:00,37.63,43.86443900264848,6.234439002648479,6.234439002648479,227,1
2024-08-26 02:00:00,34.79,40.42837381601987,5.638373816019872,5.638373816019872,227,2
2024-08-26 03:00:00,52.06,39.939586627768335,-12.120413372231667,12.120413372231667,227,3
2024-08-26 04:00:00,57.04,41.524005180275935,-15.515994819724064,15.515994819724064,227,4
2024-08-26 05:00:00,64.99,43.46106947765912,-21.528930522340872,21.528930522340872,227,5
2024-08-26 06:00:00,95.76,45.6650561343246,-50.094943865675404,50.094943865675404,227,6
2024-08-26 07:00:00,83.06,41.528307735037906,-41.531692264962096,41.531692264962096,227,7
2024-08-26 08:00:00,45.8,30.587372376902394,-15.212627623097603,15.212627623097603,227,8
2024-08-26 09:00:00,48.2,33.67954487685154,-14.520455123148466,14.520455123148466,227,9
2024-08-26 10:00:00,29.87,27.832760367577414,-2.0372396324225868,2.0372396324225868,227,10
2024-08-26 11:00:00,24.02,29.72148901130936,5.701489011309359,5.701489011309359,227,11
2024-08-26 12:00:00,43.72,19.086490285687894,-24.633509714312105,24.633509714312105,227,12
2024-08-26 13:00:00,54.3,26.054608274322888,-28.24539172567711,28.24539172567711,227,13
2024-08-26 14:00:00,61.97,30.715992094705463,-31.254007905294536,31.254007905294536,227,14
2024-08-26 15:00:00,85.34,32.17518291744795,-53.164817082552055,53.164817082552055,227,15
2024-08-26 16:00:00,110.78,54.80024253056476,-55.97975746943524,55.97975746943524,227,16
2024-08-26 17:00:00,120.0,98.20862016727175,-21.791379832728254,21.791379832728254,227,17
2024-08-26 18:00:00,127.04,117.91156802907938,-9.12843197092063,9.12843197092063,227,18
2024-08-26 19:00:00,114.97,128.12535086369772,13.15535086369772,13.15535086369772,227,19
2024-08-26 20:00:00,111.24,116.7912608075745,5.551260807574508,5.551260807574508,227,20
2024-08-26 21:00:00,94.09,108.86093032553813,14.770930325538131,14.770930325538131,227,21
2024-08-26 22:00:00,98.77,82.70511540563685,-16.06488459436315,16.06488459436315,227,22
2024-08-26 23:00:00,84.15,68.91557688657589,-15.234423113424114,15.234423113424114,227,23
2024-08-27 00:00:00,68.17,59.99247583933997,-8.177524160660035,8.177524160660035,228,0
2024-08-27 01:00:00,57.11,48.066801713776414,-9.043198286223586,9.043198286223586,228,1
2024-08-27 02:00:00,45.11,47.197585873618564,2.087585873618565,2.087585873618565,228,2
2024-08-27 03:00:00,47.98,56.57364142698065,8.593641426980653,8.593641426980653,228,3
2024-08-27 04:00:00,63.02,61.967640517241705,-1.0523594827582983,1.0523594827582983,228,4
2024-08-27 05:00:00,74.69,70.26387549842084,-4.426124501579153,4.426124501579153,228,5
2024-08-27 06:00:00,89.75,93.06427958451566,3.31427958451566,3.31427958451566,228,6
2024-08-27 07:00:00,79.48,78.25734976796869,-1.222650232031313,1.222650232031313,228,7
2024-08-27 08:00:00,54.22,49.28304973068886,-4.93695026931114,4.93695026931114,228,8
2024-08-27 09:00:00,30.59,47.69227614085719,17.10227614085719,17.10227614085719,228,9
2024-08-27 10:00:00,8.03,33.85058437437175,25.820584374371748,25.820584374371748,228,10
2024-08-27 11:00:00,4.79,26.401988995889035,21.611988995889035,21.611988995889035,228,11
2024-08-27 12:00:00,5.4,38.82782597510881,33.42782597510881,33.42782597510881,228,12
2024-08-27 13:00:00,28.09,48.946263894894244,20.856263894894244,20.856263894894244,228,13
2024-08-27 14:00:00,56.0,55.737038875064165,-0.2629611249358348,0.2629611249358348,228,14
2024-08-27 15:00:00,87.95,71.77213590817738,-16.177864091822627,16.177864091822627,228,15
2024-08-27 16:00:00,114.0,82.17985211441004,-31.82014788558996,31.82014788558996,228,16
2024-08-27 17:00:00,123.85,105.58115265593776,-18.268847344062237,18.268847344062237,228,17
2024-08-27 18:00:00,125.14,110.59280768349927,-14.547192316500727,14.547192316500727,228,18
2024-08-27 19:00:00,121.35,110.8816046849029,-10.468395315097098,10.468395315097098,228,19
2024-08-27 20:00:00,106.69,101.69873761491279,-4.991262385087211,4.991262385087211,228,20
2024-08-27 21:00:00,94.2,82.11257765513065,-12.087422344869353,12.087422344869353,228,21
2024-08-27 22:00:00,92.13,78.78540610721926,-13.344593892780736,13.344593892780736,228,22
2024-08-27 23:00:00,92.39,57.80941174124682,-34.58058825875318,34.58058825875318,228,23
2024-08-28 00:00:00,87.18,49.45669529776511,-37.7233047022349,37.7233047022349,229,0
2024-08-28 01:00:00,85.96,41.779585714652356,-44.18041428534764,44.18041428534764,229,1
2024-08-28 02:00:00,79.71,29.375339957014546,-50.33466004298545,50.33466004298545,229,2
2024-08-28 03:00:00,86.05,37.13389500355419,-48.91610499644581,48.91610499644581,229,3
2024-08-28 04:00:00,99.34,43.57984802032627,-55.760151979673736,55.760151979673736,229,4
2024-08-28 05:00:00,124.28,54.60347289533614,-69.67652710466386,69.67652710466386,229,5
2024-08-28 06:00:00,120.76,70.70448128112467,-50.055518718875334,50.055518718875334,229,6
2024-08-28 07:00:00,105.89,62.90984254543786,-42.98015745456214,42.98015745456214,229,7
2024-08-28 08:00:00,89.42,37.87972030229488,-51.540279697705124,51.540279697705124,229,8
2024-08-28 09:00:00,71.72,26.180243021725246,-45.53975697827475,45.53975697827475,229,9
2024-08-28 10:00:00,41.85,14.649752836899793,-27.200247163100208,27.200247163100208,229,10
2024-08-28 11:00:00,17.91,13.108780077201843,-4.801219922798158,4.801219922798158,229,11
2024-08-28 12:00:00,18.12,13.965179293619975,-4.1548207063800255,4.1548207063800255,229,12
2024-08-28 13:00:00,56.85,25.000186630970667,-31.849813369029334,31.849813369029334,229,13
2024-08-28 14:00:00,82.0,52.10138813110815,-29.898611868891848,29.898611868891848,229,14
2024-08-28 15:00:00,94.38,71.29062012564044,-23.08937987435955,23.08937987435955,229,15
2024-08-28 16:00:00,108.26,90.10782538238028,-18.15217461761972,18.15217461761972,229,16
2024-08-28 17:00:00,123.16,106.47872357402778,-16.681276425972214,16.681276425972214,229,17
2024-08-28 18:00:00,125.78,109.8905766242741,-15.889423375725897,15.889423375725897,229,18
2024-08-28 19:00:00,126.28,114.57023378090558,-11.70976621909442,11.70976621909442,229,19
2024-08-28 20:00:00,113.9,99.01039893971219,-14.889601060287816,14.889601060287816,229,20
2024-08-28 21:00:00,102.27,88.18096519604816,-14.089034803951833,14.089034803951833,229,21
2024-08-28 22:00:00,95.04,84.22173134861367,-10.818268651386333,10.818268651386333,229,22
2024-08-28 23:00:00,94.91,75.8562544352935,-19.053745564706503,19.053745564706503,229,23
2024-08-29 00:00:00,89.29,73.81946592314131,-15.470534076858698,15.470534076858698,230,0
2024-08-29 01:00:00,89.28,66.9632942095809,-22.316705790419107,22.316705790419107,230,1
2024-08-29 02:00:00,90.05,61.21313739923044,-28.836862600769557,28.836862600769557,230,2
2024-08-29 03:00:00,94.76,61.157543332544066,-33.60245666745594,33.60245666745594,230,3
2024-08-29 04:00:00,102.81,74.6383614832693,-28.171638516730695,28.171638516730695,230,4
2024-08-29 05:00:00,124.05,88.13332843619666,-35.916671563803334,35.916671563803334,230,5
2024-08-29 06:00:00,126.24,101.04472357065899,-25.195276429341007,25.195276429341007,230,6
2024-08-29 07:00:00,108.79,86.49372744646935,-22.296272553530656,22.296272553530656,230,7
2024-08-29 08:00:00,92.35,67.70191827155864,-24.648081728441355,24.648081728441355,230,8
2024-08-29 09:00:00,84.68,61.029160339643845,-23.650839660356162,23.650839660356162,230,9
2024-08-29 10:00:00,66.98,41.180880306657166,-25.79911969334284,25.79911969334284,230,10
2024-08-29 11:00:00,48.09,30.324632119736656,-17.765367880263348,17.765367880263348,230,11
2024-08-29 12:00:00,55.06,28.035144783861057,-27.024855216138945,27.024855216138945,230,12
2024-08-29 13:00:00,80.79,52.075133050116115,-28.71486694988389,28.71486694988389,230,13
2024-08-29 14:00:00,91.01,71.90061832888847,-19.109381671111535,19.109381671111535,230,14
2024-08-29 15:00:00,105.95,84.91856187884441,-21.03143812115559,21.03143812115559,230,15
2024-08-29 16:00:00,117.89,102.15773854777365,-15.732261452226354,15.732261452226354,230,16
2024-08-29 17:00:00,128.18,111.71119824985405,-16.468801750145957,16.468801750145957,230,17
2024-08-29 18:00:00,131.99,115.82349027603236,-16.16650972396765,16.16650972396765,230,18
2024-08-29 19:00:00,133.14,117.65397171905124,-15.486028280948744,15.486028280948744,230,19
2024-08-29 20:00:00,124.04,97.29538953682994,-26.744610463170062,26.744610463170062,230,20
2024-08-29 21:00:00,105.59,92.80966957503988,-12.780330424960127,12.780330424960127,230,21
2024-08-29 22:00:00,101.67,90.24128833918704,-11.428711660812965,11.428711660812965,230,22
2024-08-29 23:00:00,91.03,76.97457886094186,-14.05542113905814,14.05542113905814,230,23
2024-08-30 00:00:00,91.18,77.36393408346166,-13.81606591653835,13.81606591653835,231,0
2024-08-30 01:00:00,78.26,70.83070513601996,-7.429294863980047,7.429294863980047,231,1
2024-08-30 02:00:00,71.9,68.64058184248078,-3.259418157519221,3.259418157519221,231,2
2024-08-30 03:00:00,76.71,73.66189731833472,-3.04810268166527,3.04810268166527,231,3
2024-08-30 04:00:00,86.38,76.03238457161147,-10.347615428388522,10.347615428388522,231,4
2024-08-30 05:00:00,106.33,92.34180411076215,-13.988195889237844,13.988195889237844,231,5
2024-08-30 06:00:00,123.92,100.72836165722003,-23.191638342779967,23.191638342779967,231,6
2024-08-30 07:00:00,113.7,81.45865798175629,-32.241342018243714,32.241342018243714,231,7
2024-08-30 08:00:00,98.33,65.0736934355858,-33.2563065644142,33.2563065644142,231,8
2024-08-30 09:00:00,90.02,60.68888315217269,-29.331116847827303,29.331116847827303,231,9
2024-08-30 10:00:00,86.64,43.95209358327702,-42.68790641672298,42.68790641672298,231,10
2024-08-30 11:00:00,80.97,31.714199012490184,-49.255800987509815,49.255800987509815,231,11
2024-08-30 12:00:00,79.9,32.18074042506687,-47.71925957493313,47.71925957493313,231,12
2024-08-30 13:00:00,83.44,54.69201427309226,-28.747985726907736,28.747985726907736,231,13
2024-08-30 14:00:00,87.65,72.19416687420178,-15.455833125798222,15.455833125798222,231,14
2024-08-30 15:00:00,101.96,78.8494642774519,-23.110535722548093,23.110535722548093,231,15
2024-08-30 16:00:00,110.74,93.55434559365042,-17.18565440634957,17.18565440634957,231,16
2024-08-30 17:00:00,121.78,103.10430502608926,-18.675694973910737,18.675694973910737,231,17
2024-08-30 18:00:00,105.31,111.22231986443259,5.91231986443259,5.91231986443259,231,18
2024-08-30 19:00:00,103.67,115.97840129760795,12.308401297607944,12.308401297607944,231,19
2024-08-30 20:00:00,97.24,100.34485562425141,3.104855624251414,3.104855624251414,231,20
2024-08-30 21:00:00,95.77,90.66253493216843,-5.107465067831569,5.107465067831569,231,21
2024-08-30 22:00:00,105.18,90.72101858466887,-14.458981415331138,14.458981415331138,231,22
2024-08-30 23:00:00,88.83,76.56761401481418,-12.262385985185816,12.262385985185816,231,23
2024-08-31 00:00:00,80.53,67.72890437162677,-12.801095628373233,12.801095628373233,232,0
2024-08-31 01:00:00,68.04,58.86958291573447,-9.170417084265537,9.170417084265537,232,1
2024-08-31 02:00:00,55.77,55.03204045552033,-0.737959544479672,0.737959544479672,232,2
2024-08-31 03:00:00,59.27,56.159823900962294,-3.1101760990377088,3.1101760990377088,232,3
2024-08-31 04:00:00,67.22,61.40435125207391,-5.81564874792609,5.81564874792609,232,4
2024-08-31 05:00:00,67.17,78.13993320676761,10.969933206767607,10.969933206767607,232,5
2024-08-31 06:00:00,85.69,91.3092442830181,5.619244283018105,5.619244283018105,232,6
2024-08-31 07:00:00,84.92,78.30118330191199,-6.618816698088011,6.618816698088011,232,7
2024-08-31 08:00:00,60.13,59.85576526626416,-0.2742347337358453,0.2742347337358453,232,8
2024-08-31 09:00:00,18.34,49.5622248350307,31.222224835030698,31.222224835030698,232,9
2024-08-31 10:00:00,9.06,43.07740577709503,34.01740577709503,34.01740577709503,232,10
2024-08-31 11:00:00,10.86,31.410791433655156,20.550791433655156,20.550791433655156,232,11
2024-08-31 12:00:00,14.02,33.4894073124152,19.469407312415203,19.469407312415203,232,12
2024-08-31 13:00:00,17.78,42.2325415644829,24.4525415644829,24.4525415644829,232,13
2024-08-31 14:00:00,24.81,49.568890623675756,24.758890623675757,24.758890623675757,232,14
2024-08-31 15:00:00,76.3,56.02189526637589,-20.278104733624104,20.278104733624104,232,15
2024-08-31 16:00:00,108.59,67.0214800448104,-41.5685199551896,41.5685199551896,232,16
2024-08-31 17:00:00,120.38,88.30628162860037,-32.07371837139962,32.07371837139962,232,17
2024-08-31 18:00:00,123.32,84.48626717341409,-38.8337328265859,38.8337328265859,232,18
2024-08-31 19:00:00,109.69,84.80910874602925,-24.880891253970745,24.880891253970745,232,19
2024-08-31 20:00:00,101.58,70.215391375724,-31.364608624276002,31.364608624276002,232,20
2024-08-31 21:00:00,90.57,74.11484795468667,-16.455152045313326,16.455152045313326,232,21
2024-08-31 22:00:00,94.02,75.89195740306795,-18.128042596932048,18.128042596932048,232,22
2024-08-31 23:00:00,85.99,62.3679246375025,-23.622075362497498,23.622075362497498,232,23
2024-09-01 00:00:00,80.37,58.727055995295615,-21.64294400470439,21.64294400470439,233,0
2024-09-01 01:00:00,68.61,44.956616952950974,-23.653383047049026,23.653383047049026,233,1
2024-09-01 02:00:00,56.17,38.288058788980265,-17.881941211019736,17.881941211019736,233,2
2024-09-01 03:00:00,53.86,36.67767964147112,-17.182320358528877,17.182320358528877,233,3
2024-09-01 04:00:00,56.44,38.09241514931978,-18.34758485068022,18.34758485068022,233,4
2024-09-01 05:00:00,57.05,42.75689246307857,-14.293107536921426,14.293107536921426,233,5
2024-09-01 06:00:00,60.63,55.439823469781786,-5.190176530218217,5.190176530218217,233,6
2024-09-01 07:00:00,41.27,51.48883791605263,10.218837916052628,10.218837916052628,233,7
2024-09-01 08:00:00,12.73,31.051024580610907,18.321024580610906,18.321024580610906,233,8
2024-09-01 09:00:00,8.09,6.291740625455361,-1.7982593745446387,1.7982593745446387,233,9
2024-09-01 10:00:00,8.81,-3.8693137445835646,-12.679313744583565,12.679313744583565,233,10
2024-09-01 11:00:00,4.39,-2.825724900973171,-7.2157249009731705,7.2157249009731705,233,11
2024-09-01 12:00:00,9.6,2.3970722600250554,-7.202927739974944,7.202927739974944,233,12
2024-09-01 13:00:00,10.87,1.2971454838597793,-9.57285451614022,9.57285451614022,233,13
2024-09-01 14:00:00,28.98,11.868569498957783,-17.111430501042218,17.111430501042218,233,14
2024-09-01 15:00:00,81.37,44.442698582066974,-36.92730141793303,36.92730141793303,233,15
2024-09-01 16:00:00,99.64,70.45847151102605,-29.181528488973953,29.181528488973953,233,16
2024-09-01 17:00:00,123.6,81.71458010128568,-41.88541989871432,41.88541989871432,233,17
2024-09-01 18:00:00,127.02,95.81547650938799,-31.204523490612004,31.204523490612004,233,18
2024-09-01 19:00:00,111.31,87.63050620664973,-23.679493793350275,23.679493793350275,233,19
2024-09-01 20:00:00,104.73,80.5421521918214,-24.187847808178603,24.187847808178603,233,20
2024-09-01 21:00:00,91.5,72.07069614665299,-19.429303853347008,19.429303853347008,233,21
2024-09-01 22:00:00,92.74,73.67087872853257,-19.069121271467424,19.069121271467424,233,22
2024-09-01 23:00:00,95.13,59.76857312863065,-35.361426871369346,35.361426871369346,233,23
2024-09-02 00:00:00,92.5,87.75446605373207,-4.745533946267926,4.745533946267926,234,0
2024-09-02 01:00:00,92.59,74.42892561244545,-18.16107438755455,18.16107438755455,234,1
2024-09-02 02:00:00,87.22,66.11039428989773,-21.109605710102272,21.109605710102272,234,2
2024-09-02 03:00:00,93.79,65.5417071598095,-28.2482928401905,28.2482928401905,234,3
2024-09-02 04:00:00,102.96,66.73124544396086,-36.228754556039135,36.228754556039135,234,4
2024-09-02 05:00:00,121.88,70.68522797566611,-51.194772024333886,51.194772024333886,234,5
2024-09-02 06:00:00,131.52,81.47771703848935,-50.042282961510665,50.042282961510665,234,6
2024-09-02 07:00:00,122.64,66.35250199710497,-56.287498002895035,56.287498002895035,234,7
2024-09-02 08:00:00,102.83,41.30777906832653,-61.522220931673466,61.522220931673466,234,8
2024-09-02 09:00:00,90.98,37.18497744805908,-53.795022551940924,53.795022551940924,234,9
2024-09-02 10:00:00,85.62,36.02111809912593,-49.598881900874076,49.598881900874076,234,10
2024-09-02 11:00:00,82.25,33.61914628393365,-48.63085371606635,48.63085371606635,234,11
2024-09-02 12:00:00,85.03,37.8786533941393,-47.1513466058607,47.1513466058607,234,12
2024-09-02 13:00:00,91.9,38.84835713686105,-53.05164286313896,53.05164286313896,234,13
2024-09-02 14:00:00,95.97,49.37361345807804,-46.59638654192196,46.59638654192196,234,14
2024-09-02 15:00:00,104.9,89.83057006371175,-15.069429936288259,15.069429936288259,234,15
2024-09-02 16:00:00,122.09,101.50606472072829,-20.583935279271714,20.583935279271714,234,16
2024-09-02 17:00:00,130.0,121.4751239358657,-8.524876064134304,8.524876064134304,234,17
2024-09-02 18:00:00,138.0,126.41838453050343,-11.581615469496569,11.581615469496569,234,18
2024-09-02 19:00:00,134.53,115.59885325440158,-18.931146745598426,18.931146745598426,234,19
2024-09-02 20:00:00,116.54,103.82230164683482,-12.71769835316519,12.71769835316519,234,20
2024-09-02 21:00:00,104.94,94.82584639068114,-10.114153609318862,10.114153609318862,234,21
2024-09-02 22:00:00,99.72,99.60820248963923,-0.11179751036077334,0.11179751036077334,234,22
2024-09-02 23:00:00,91.84,90.32002037595436,-1.5199796240456465,1.5199796240456465,234,23
2024-09-03 00:00:00,90.75,81.9652200441231,-8.7847799558769,8.7847799558769,235,0
2024-09-03 01:00:00,87.29,75.61889141013854,-11.671108589861461,11.671108589861461,235,1
2024-09-03 02:00:00,87.07,71.53514651825897,-15.534853481741024,15.534853481741024,235,2
2024-09-03 03:00:00,93.46,78.16755959838567,-15.292440401614328,15.292440401614328,235,3
2024-09-03 04:00:00,106.19,85.10643946121051,-21.083560538789484,21.083560538789484,235,4
2024-09-03 05:00:00,124.64,98.97107851136815,-25.668921488631852,25.668921488631852,235,5
2024-09-03 06:00:00,133.95,113.61831532217653,-20.33168467782346,20.33168467782346,235,6
2024-09-03 07:00:00,115.98,104.88923193304566,-11.09076806695434,11.09076806695434,235,7
2024-09-03 08:00:00,98.88,77.80844181631964,-21.071558183680352,21.071558183680352,235,8
2024-09-03 09:00:00,90.02,63.30679683133026,-26.713203168669736,26.713203168669736,235,9
2024-09-03 10:00:00,85.0,60.19297872051641,-24.807021279483592,24.807021279483592,235,10
2024-09-03 11:00:00,83.08,57.750618914127415,-25.329381085872583,25.329381085872583,235,11
2024-09-03 12:00:00,84.68,60.87759070047059,-23.802409299529415,23.802409299529415,235,12
2024-09-03 13:00:00,87.2,66.33196599828564,-20.868034001714364,20.868034001714364,235,13
2024-09-03 14:00:00,93.82,74.30927565521127,-19.510724344788727,19.510724344788727,235,14
2024-09-03 15:00:00,100.75,86.41376225998476,-14.336237740015235,14.336237740015235,235,15
2024-09-03 16:00:00,109.03,103.02012456183863,-6.009875438161373,6.009875438161373,235,16
2024-09-03 17:00:00,135.05,112.92437964371426,-22.12562035628575,22.12562035628575,235,17
2024-09-03 18:00:00,131.0,122.94714433388505,-8.05285566611495,8.05285566611495,235,18
2024-09-03 19:00:00,130.01,119.75280102115894,-10.257198978841046,10.257198978841046,235,19
2024-09-03 20:00:00,126.57,103.04911388229912,-23.52088611770087,23.52088611770087,235,20
2024-09-03 21:00:00,115.19,88.3606503763302,-26.8293496236698,26.8293496236698,235,21
2024-09-03 22:00:00,108.38,87.74510779295473,-20.63489220704527,20.63489220704527,235,22
2024-09-03 23:00:00,95.71,75.51021576540552,-20.199784234594475,20.199784234594475,235,23
2024-09-04 00:00:00,91.15,79.88941114699827,-11.260588853001735,11.260588853001735,236,0
2024-09-04 01:00:00,84.39,74.07320481803325,-10.316795181966754,10.316795181966754,236,1
2024-09-04 02:00:00,78.27,71.21101314953616,-7.058986850463839,7.058986850463839,236,2
2024-09-04 03:00:00,86.51,71.17460410727678,-15.335395892723227,15.335395892723227,236,3
2024-09-04 04:00:00,104.73,78.01429654506096,-26.715703454939046,26.715703454939046,236,4
2024-09-04 05:00:00,122.3,89.84445264324879,-32.45554735675121,32.45554735675121,236,5
2024-09-04 06:00:00,127.42,96.712512820132,-30.707487179867996,30.707487179867996,236,6
2024-09-04 07:00:00,121.42,85.15742794052828,-36.26257205947172,36.26257205947172,236,7
2024-09-04 08:00:00,107.21,65.3630066964625,-41.84699330353749,41.84699330353749,236,8
2024-09-04 09:00:00,96.3,60.06840951440931,-36.23159048559069,36.23159048559069,236,9
2024-09-04 10:00:00,92.41,52.66742425985118,-39.742575740148816,39.742575740148816,236,10
2024-09-04 11:00:00,90.81,50.046628479371435,-40.76337152062857,40.76337152062857,236,11
2024-09-04 12:00:00,89.82,50.036959224325926,-39.78304077567407,39.78304077567407,236,12
2024-09-04 13:00:00,92.72,56.23307477291609,-36.48692522708391,36.48692522708391,236,13
2024-09-04 14:00:00,95.01,71.83783085008801,-23.172169149911994,23.172169149911994,236,14
2024-09-04 15:00:00,103.04,79.56203112305266,-23.477968876947344,23.477968876947344,236,15
2024-09-04 16:00:00,133.75,91.5505793307828,-42.199420669217204,42.199420669217204,236,16
2024-09-04 17:00:00,131.35,114.35952983298057,-16.990470167019424,16.990470167019424,236,17
2024-09-04 18:00:00,122.81,117.53069617808038,-5.279303821919626,5.279303821919626,236,18
2024-09-04 19:00:00,124.44,116.66645480219358,-7.773545197806413,7.773545197806413,236,19
2024-09-04 20:00:00,110.97,109.39607183657927,-1.5739281634207316,1.5739281634207316,236,20
2024-09-04 21:00:00,101.73,99.99152429372147,-1.7384757062785354,1.7384757062785354,236,21
2024-09-04 22:00:00,101.27,96.47630416368743,-4.7936958363125655,4.7936958363125655,236,22
2024-09-04 23:00:00,94.6,78.96022114858526,-15.639778851414732,15.639778851414732,236,23
2024-09-05 00:00:00,90.0,82.56430658561547,-7.435693414384531,7.435693414384531,237,0
2024-09-05 01:00:00,87.11,75.84449506886524,-11.265504931134757,11.265504931134757,237,1
2024-09-05 02:00:00,78.4,69.82907424205105,-8.570925757948956,8.570925757948956,237,2
2024-09-05 03:00:00,80.96,73.93641444976103,-7.023585550238963,7.023585550238963,237,3
2024-09-05 04:00:00,87.1,85.88019440437834,-1.2198055956216507,1.2198055956216507,237,4
2024-09-05 05:00:00,112.59,99.24892875077944,-13.341071249220562,13.341071249220562,237,5
2024-09-05 06:00:00,119.04,108.55958475272034,-10.480415247279666,10.480415247279666,237,6
2024-09-05 07:00:00,97.68,102.86826639349093,5.18826639349092,5.18826639349092,237,7
2024-09-05 08:00:00,84.2,86.39231151412318,2.192311514123176,2.192311514123176,237,8
2024-09-05 09:00:00,80.62,78.7087619285125,-1.911238071487503,1.911238071487503,237,9
2024-09-05 10:00:00,84.81,75.19582530283067,-9.614174697169332,9.614174697169332,237,10
2024-09-05 11:00:00,60.69,69.78522567770739,9.09522567770739,9.09522567770739,237,11
2024-09-05 12:00:00,66.11,67.80469666825718,1.6946966682571798,1.6946966682571798,237,12
2024-09-05 13:00:00,59.96,71.22436594886756,11.264365948867557,11.264365948867557,237,13
2024-09-05 14:00:00,46.04,77.6490212590302,31.609021259030207,31.609021259030207,237,14
2024-09-05 15:00:00,71.11,81.47856424886751,10.368564248867514,10.368564248867514,237,15
2024-09-05 16:00:00,93.09,106.63774297077822,13.547742970778216,13.547742970778216,237,16
2024-09-05 17:00:00,110.79,107.6004540567492,-3.189545943250806,3.189545943250806,237,17
2024-09-05 18:00:00,104.65,109.45740561317375,4.807405613173742,4.807405613173742,237,18
2024-09-05 19:00:00,93.69,112.4516054745846,18.7616054745846,18.7616054745846,237,19
2024-09-05 20:00:00,85.8,93.77144967215918,7.971449672159181,7.971449672159181,237,20
2024-09-05 21:00:00,76.78,87.6081284953898,10.828128495389805,10.828128495389805,237,21
2024-09-05 22:00:00,69.48,90.81393256800243,21.333932568002425,21.333932568002425,237,22
2024-09-05 23:00:00,62.51,81.08402803016496,18.57402803016496,18.57402803016496,237,23
2024-09-06 00:00:00,53.0,75.418361131671,22.418361131671006,22.418361131671006,238,0
2024-09-06 01:00:00,50.12,71.01355538840225,20.893555388402255,20.893555388402255,238,1
2024-09-06 02:00:00,59.18,66.74689475065615,7.566894750656154,7.566894750656154,238,2
2024-09-06 03:00:00,70.51,66.73704556837943,-3.772954431620576,3.772954431620576,238,3
2024-09-06 04:00:00,87.83,70.54260115092839,-17.287398849071607,17.287398849071607,238,4
2024-09-06 05:00:00,105.06,90.79748691752584,-14.262513082474157,14.262513082474157,238,5
2024-09-06 06:00:00,112.85,98.63125673852761,-14.218743261472383,14.218743261472383,238,6
2024-09-06 07:00:00,100.5,81.37933520199931,-19.12066479800069,19.12066479800069,238,7
2024-09-06 08:00:00,85.23,68.28656891275959,-16.943431087240413,16.943431087240413,238,8
2024-09-06 09:00:00,78.63,64.43551403455734,-14.194485965442652,14.194485965442652,238,9
2024-09-06 10:00:00,63.37,63.916715776464066,0.5467157764640689,0.5467157764640689,238,10
2024-09-06 11:00:00,46.22,51.12897039930671,4.90897039930671,4.90897039930671,238,11
2024-09-06 12:00:00,31.2,55.32839091580166,24.128390915801663,24.128390915801663,238,12
2024-09-06 13:00:00,46.14,51.78810359018268,5.648103590182679,5.648103590182679,238,13
2024-09-06 14:00:00,76.29,49.248207258009785,-27.04179274199022,27.04179274199022,238,14
2024-09-06 15:00:00,88.92,62.45730342648749,-26.46269657351251,26.46269657351251,238,15
2024-09-06 16:00:00,94.99,83.94258245069722,-11.047417549302779,11.047417549302779,238,16
2024-09-06 17:00:00,104.41,100.95762614512725,-3.4523738548727465,3.4523738548727465,238,17
2024-09-06 18:00:00,113.83,97.09715037608883,-16.732849623911164,16.732849623911164,238,18
2024-09-06 19:00:00,101.41,90.69112449806703,-10.71887550193297,10.71887550193297,238,19
2024-09-06 20:00:00,96.34,79.02252589257753,-17.31747410742247,17.31747410742247,238,20
2024-09-06 21:00:00,93.09,79.68367666846271,-13.406323331537294,13.406323331537294,238,21
2024-09-06 22:00:00,97.59,75.49316855171509,-22.096831448284917,22.096831448284917,238,22
2024-09-06 23:00:00,92.0,57.1775313707317,-34.8224686292683,34.8224686292683,238,23
2024-09-07 00:00:00,73.37,49.58926359722249,-23.780736402777514,23.780736402777514,239,0
2024-09-07 01:00:00,56.72,43.04793558952849,-13.672064410471506,13.672064410471506,239,1
2024-09-07 02:00:00,49.9,44.269394567030574,-5.630605432969425,5.630605432969425,239,2
2024-09-07 03:00:00,53.12,47.18301556759554,-5.936984432404458,5.936984432404458,239,3
2024-09-07 04:00:00,62.06,54.84019558249844,-7.219804417501564,7.219804417501564,239,4
2024-09-07 05:00:00,70.11,72.33047422517704,2.2204742251770426,2.2204742251770426,239,5
2024-09-07 06:00:00,91.02,80.0777618479955,-10.942238152004492,10.942238152004492,239,6
2024-09-07 07:00:00,77.95,68.27112378664826,-9.678876213351742,9.678876213351742,239,7
2024-09-07 08:00:00,51.52,49.46459331420585,-2.0554066857941535,2.0554066857941535,239,8
2024-09-07 09:00:00,14.54,40.5510234825277,26.011023482527698,26.011023482527698,239,9
2024-09-07 10:00:00,5.48,37.71805971114272,32.238059711142725,32.238059711142725,239,10
2024-09-07 11:00:00,1.02,27.421055954692314,26.401055954692314,26.401055954692314,239,11
2024-09-07 12:00:00,0.44,15.181782826260033,14.741782826260033,14.741782826260033,239,12
2024-09-07 13:00:00,9.07,25.35749126409653,16.28749126409653,16.28749126409653,239,13
2024-09-07 14:00:00,36.8,44.33914128475658,7.539141284756582,7.539141284756582,239,14
2024-09-07 15:00:00,50.24,57.11249827550046,6.872498275500455,6.872498275500455,239,15
2024-09-07 16:00:00,83.32,69.58960784743249,-13.730392152567504,13.730392152567504,239,16
2024-09-07 17:00:00,115.57,73.61873375525018,-41.95126624474982,41.95126624474982,239,17
2024-09-07 18:00:00,103.95,85.2680571309,-18.6819428691,18.6819428691,239,18
2024-09-07 19:00:00,88.23,75.81463856794907,-12.41536143205093,12.41536143205093,239,19
2024-09-07 20:00:00,83.19,70.73122574678318,-12.458774253216816,12.458774253216816,239,20
2024-09-07 21:00:00,89.44,62.68777877602623,-26.75222122397377,26.75222122397377,239,21
2024-09-07 22:00:00,91.01,66.81743428241647,-24.192565717583534,24.192565717583534,239,22
2024-09-07 23:00:00,75.6,51.72866440451462,-23.871335595485377,23.871335595485377,239,23
2024-09-09 00:00:00,44.16,79.87931799909438,35.719317999094386,35.719317999094386,241,0
2024-09-09 01:00:00,14.12,63.048059287305456,48.92805928730546,48.92805928730546,241,1
2024-09-09 02:00:00,20.64,49.8944812517602,29.254481251760197,29.254481251760197,241,2
2024-09-09 03:00:00,57.78,40.430775999720375,-17.349224000279627,17.349224000279627,241,3
2024-09-09 04:00:00,75.54,37.25558878274371,-38.2844112172563,38.2844112172563,241,4
2024-09-09 05:00:00,93.86,47.5659770486252,-46.2940229513748,46.2940229513748,241,5
2024-09-09 06:00:00,106.35,54.5047062815453,-51.84529371845469,51.84529371845469,241,6
2024-09-09 07:00:00,90.88,60.135757874136516,-30.74424212586348,30.74424212586348,241,7
2024-09-09 08:00:00,70.1,43.9168495029491,-26.183150497050896,26.183150497050896,241,8
2024-09-09 09:00:00,41.78,43.082030108189514,1.3020301081895127,1.3020301081895127,241,9
2024-09-09 10:00:00,31.53,37.70606586804689,6.176065868046891,6.176065868046891,241,10
2024-09-09 11:00:00,23.55,34.32603439132124,10.776034391321236,10.776034391321236,241,11
2024-09-09 12:00:00,7.72,22.64435630851424,14.924356308514241,14.924356308514241,241,12
2024-09-09 13:00:00,6.12,24.806091761508604,18.686091761508603,18.686091761508603,241,13
2024-09-09 14:00:00,9.54,32.13031667317974,22.590316673179743,22.590316673179743,241,14
2024-09-09 15:00:00,7.45,37.11105386692736,29.661053866927357,29.661053866927357,241,15
2024-09-09 16:00:00,71.94,59.56509680134542,-12.374903198654579,12.374903198654579,241,16
2024-09-09 17:00:00,116.5,91.99715365175389,-24.50284634824611,24.50284634824611,241,17
2024-09-09 18:00:00,113.3,109.669764154923,-3.630235845076996,3.630235845076996,241,18
2024-09-09 19:00:00,96.31,95.95990173348736,-0.35009826651264575,0.35009826651264575,241,19
2024-09-09 20:00:00,88.18,87.87508865277948,-0.30491134722052493,0.30491134722052493,241,20
2024-09-09 21:00:00,80.0,87.00993330906843,7.00993330906843,7.00993330906843,241,21
2024-09-09 22:00:00,67.65,66.98599383352867,-0.6640061664713386,0.6640061664713386,241,22
2024-09-09 23:00:00,60.31,60.80049864115041,0.49049864115040975,0.49049864115040975,241,23
2024-09-10 00:00:00,59.97,52.94473424124479,-7.025265758755211,7.025265758755211,242,0
2024-09-10 01:00:00,24.82,23.23058605372364,-1.589413946276359,1.589413946276359,242,1
2024-09-10 02:00:00,16.26,28.58680217019839,12.326802170198388,12.326802170198388,242,2
2024-09-10 03:00:00,16.71,47.715750569270355,31.005750569270354,31.005750569270354,242,3
2024-09-10 04:00:00,39.57,65.6385988560148,26.068598856014795,26.068598856014795,242,4
2024-09-10 05:00:00,69.29,80.10331823099926,10.813318230999258,10.813318230999258,242,5
2024-09-10 06:00:00,85.83,98.67373735065692,12.843737350656923,12.843737350656923,242,6
2024-09-10 07:00:00,68.22,94.57900309184785,26.359003091847853,26.359003091847853,242,7
2024-09-10 08:00:00,55.17,75.32061300117881,20.15061300117881,20.15061300117881,242,8
2024-09-10 09:00:00,15.29,58.04294274104801,42.75294274104801,42.75294274104801,242,9
2024-09-10 10:00:00,6.41,43.46722204222179,37.057222042221795,37.057222042221795,242,10
2024-09-10 11:00:00,3.75,32.41118399288766,28.661183992887658,28.661183992887658,242,11
2024-09-10 12:00:00,6.31,24.20945329576078,17.899453295760782,17.899453295760782,242,12
2024-09-10 13:00:00,3.04,28.41014540370137,25.370145403701372,25.370145403701372,242,13
2024-09-10 14:00:00,4.59,23.50368486409606,18.91368486409606,18.91368486409606,242,14
2024-09-10 15:00:00,28.41,31.77341493088082,3.3634149308808183,3.3634149308808183,242,15
2024-09-10 16:00:00,53.1,67.62052608950623,14.520526089506227,14.520526089506227,242,16
2024-09-10 17:00:00,86.45,102.41559467073682,15.96559467073682,15.96559467073682,242,17
2024-09-10 18:00:00,85.23,110.4029863687997,25.172986368799698,25.172986368799698,242,18
2024-09-10 19:00:00,58.35,104.7115198955617,46.36151989556169,46.36151989556169,242,19
2024-09-10 20:00:00,77.8,94.25173146117686,16.451731461176863,16.451731461176863,242,20
2024-09-10 21:00:00,64.35,90.79238497581365,26.442384975813653,26.442384975813653,242,21
2024-09-10 22:00:00,15.24,81.61457130999754,66.37457130999755,66.37457130999755,242,22
2024-09-10 23:00:00,0.0,75.19419279984605,75.19419279984605,75.19419279984605,242,23
2024-09-12 00:00:00,71.42,44.51193439332773,-26.908065606672274,26.908065606672274,244,0
2024-09-12 01:00:00,51.19,27.23484067218798,-23.95515932781202,23.95515932781202,244,1
2024-09-12 02:00:00,32.61,31.550934564371637,-1.0590654356283622,1.0590654356283622,244,2
2024-09-12 03:00:00,61.12,23.28702364963597,-37.83297635036403,37.83297635036403,244,3
2024-09-12 04:00:00,85.03,41.96470511465184,-43.06529488534816,43.06529488534816,244,4
2024-09-12 05:00:00,113.55,81.386157916703,-32.163842083297,32.163842083297,244,5
2024-09-12 06:00:00,120.75,101.01676221250143,-19.733237787498567,19.733237787498567,244,6
2024-09-12 07:00:00,103.5,97.37120827995842,-6.128791720041576,6.128791720041576,244,7
2024-09-12 08:00:00,84.51,81.30578277157707,-3.2042172284229338,3.2042172284229338,244,8
2024-09-12 09:00:00,53.9,76.15392264347993,22.25392264347993,22.25392264347993,244,9
2024-09-12 10:00:00,59.0,67.80640057940866,8.80640057940866,8.80640057940866,244,10
2024-09-12 11:00:00,48.08,47.41629087070839,-0.6637091292916111,0.6637091292916111,244,11
2024-09-12 12:00:00,34.0,46.875877958487315,12.875877958487315,12.875877958487315,244,12
2024-09-12 13:00:00,12.83,37.107802274754256,24.277802274754258,24.277802274754258,244,13
2024-09-12 14:00:00,9.33,44.196148086398516,34.86614808639852,34.86614808639852,244,14
2024-09-12 15:00:00,23.32,55.29748957068264,31.977489570682643,31.977489570682643,244,15
2024-09-12 16:00:00,62.91,64.02726913923993,1.1172691392399372,1.1172691392399372,244,16
2024-09-12 17:00:00,100.6,81.53890351565185,-19.06109648434814,19.06109648434814,244,17
2024-09-12 18:00:00,101.46,103.19842539257476,1.7384253925747686,1.7384253925747686,244,18
2024-09-12 19:00:00,98.89,101.18777603920938,2.2977760392093813,2.2977760392093813,244,19
2024-09-12 20:00:00,93.53,93.47651627847404,-0.053483721525964256,0.053483721525964256,244,20
2024-09-12 21:00:00,87.35,92.92156337683274,5.571563376832742,5.571563376832742,244,21
2024-09-12 22:00:00,76.05,75.27541728739554,-0.774582712604456,0.774582712604456,244,22
2024-09-12 23:00:00,62.22,59.44321548274052,-2.776784517259479,2.776784517259479,244,23
2024-09-13 00:00:00,43.48,65.49315889598677,22.01315889598677,22.01315889598677,245,0
2024-09-13 01:00:00,7.17,51.361226051104964,44.19122605110496,44.19122605110496,245,1
2024-09-13 02:00:00,1.42,37.1849025722723,35.7649025722723,35.7649025722723,245,2
2024-09-13 03:00:00,41.0,51.53487382806338,10.534873828063382,10.534873828063382,245,3
2024-09-13 04:00:00,76.5,60.83250882556264,-15.667491174437359,15.667491174437359,245,4
2024-09-13 05:00:00,106.86,83.33403098031751,-23.525969019682492,23.525969019682492,245,5
2024-09-13 06:00:00,118.58,90.44351944958272,-28.136480550417275,28.136480550417275,245,6
2024-09-13 07:00:00,92.36,89.24475140887633,-3.115248591123674,3.115248591123674,245,7
2024-09-13 08:00:00,54.8,75.38502571848414,20.585025718484147,20.585025718484147,245,8
2024-09-13 09:00:00,56.15,56.48271523639093,0.33271523639093203,0.33271523639093203,245,9
2024-09-13 10:00:00,35.03,53.29329835570073,18.263298355700726,18.263298355700726,245,10
2024-09-13 11:00:00,7.41,37.72089011589717,30.31089011589717,30.31089011589717,245,11
2024-09-13 12:00:00,32.43,25.83082811541049,-6.599171884589509,6.599171884589509,245,12
2024-09-13 13:00:00,4.45,18.755361634943654,14.305361634943655,14.305361634943655,245,13
2024-09-13 14:00:00,29.95,18.19958511985716,-11.750414880142838,11.750414880142838,245,14
2024-09-13 15:00:00,40.69,22.683149845020054,-18.006850154979944,18.006850154979944,245,15
2024-09-13 16:00:00,83.7,47.66503783024862,-36.03496216975138,36.03496216975138,245,16
2024-09-13 17:00:00,100.02,79.40718657089238,-20.612813429107618,20.612813429107618,245,17
2024-09-13 18:00:00,94.25,85.76929638017414,-8.48070361982586,8.48070361982586,245,18
2024-09-13 19:00:00,85.29,90.62070407035905,5.330704070359047,5.330704070359047,245,19
2024-09-13 20:00:00,81.97,86.82389500852517,4.853895008525171,4.853895008525171,245,20
2024-09-13 21:00:00,71.56,81.67089330859397,10.110893308593973,10.110893308593973,245,21
2024-09-13 22:00:00,56.7,79.78024233297945,23.080242332979452,23.080242332979452,245,22
2024-09-13 23:00:00,54.0,60.629403344392244,6.629403344392244,6.629403344392244,245,23
2024-09-14 00:00:00,49.86,37.781004014223626,-12.078995985776373,12.078995985776373,246,0
2024-09-14 01:00:00,45.98,12.531101832199411,-33.448898167800586,33.448898167800586,246,1
2024-09-14 02:00:00,49.08,8.428763572654887,-40.65123642734511,40.65123642734511,246,2
2024-09-14 03:00:00,44.85,30.031646382726088,-14.818353617273914,14.818353617273914,246,3
2024-09-14 04:00:00,55.07,50.1174559651966,-4.952544034803402,4.952544034803402,246,4
2024-09-14 05:00:00,65.0,73.85495326479975,8.854953264799747,8.854953264799747,246,5
2024-09-14 06:00:00,68.86,85.41741293006507,16.55741293006507,16.55741293006507,246,6
2024-09-14 07:00:00,62.19,70.7620753384705,8.572075338470498,8.572075338470498,246,7
2024-09-14 08:00:00,39.78,44.544430388240634,4.764430388240633,4.764430388240633,246,8
2024-09-14 09:00:00,8.23,43.37657914383114,35.14657914383113,35.14657914383113,246,9
2024-09-14 10:00:00,1.8,27.758031565583245,25.958031565583244,25.958031565583244,246,10
2024-09-14 11:00:00,0.79,10.098147510427069,9.30814751042707,9.30814751042707,246,11
2024-09-14 12:00:00,0.44,20.8742802467265,20.434280246726498,20.434280246726498,246,12
2024-09-14 13:00:00,1.79,5.358460964035828,3.568460964035828,3.568460964035828,246,13
2024-09-14 14:00:00,11.88,18.820133067827108,6.940133067827107,6.940133067827107,246,14
2024-09-14 15:00:00,26.27,28.38430493895543,2.1143049389554314,2.1143049389554314,246,15
2024-09-14 16:00:00,66.37,56.62517417901397,-9.744825820986037,9.744825820986037,246,16
2024-09-14 17:00:00,89.55,76.73714099515634,-12.81285900484366,12.81285900484366,246,17
2024-09-14 18:00:00,101.72,77.49663445476281,-24.223365545237186,24.223365545237186,246,18
2024-09-14 19:00:00,74.45,75.36627645248518,0.9162764524851781,0.9162764524851781,246,19
2024-09-14 20:00:00,87.99,72.68490276178112,-15.305097238218877,15.305097238218877,246,20
2024-09-14 21:00:00,80.98,64.38225009589459,-16.597749904105413,16.597749904105413,246,21
2024-09-14 22:00:00,61.7,54.71924432778181,-6.980755672218194,6.980755672218194,246,22
2024-09-14 23:00:00,51.07,50.23433492438585,-0.8356650756141519,0.8356650756141519,246,23
2024-09-15 00:00:00,37.17,50.53168865246172,13.361688652461716,13.361688652461716,247,0
2024-09-15 01:00:00,29.22,42.4065256074132,13.186525607413202,13.186525607413202,247,1
2024-09-15 02:00:00,28.7,37.75660406098972,9.056604060989724,9.056604060989724,247,2
2024-09-15 03:00:00,33.63,35.37562486061766,1.74562486061766,1.74562486061766,247,3
2024-09-15 04:00:00,37.77,41.04716066327279,3.277160663272788,3.277160663272788,247,4
2024-09-15 05:00:00,43.65,49.75923854396865,6.109238543968651,6.109238543968651,247,5
2024-09-15 06:00:00,32.48,55.88328828555662,23.40328828555662,23.40328828555662,247,6
2024-09-15 07:00:00,13.23,47.39820485528038,34.16820485528038,34.16820485528038,247,7
2024-09-15 08:00:00,10.92,29.962281240122373,19.04228124012237,19.04228124012237,247,8
2024-09-15 09:00:00,0.07,13.397720306161276,13.327720306161275,13.327720306161275,247,9
2024-09-15 10:00:00,0.0,11.611547373710522,11.611547373710522,11.611547373710522,247,10
2024-09-15 11:00:00,-0.01,4.869236489108772,4.879236489108772,4.879236489108772,247,11
2024-09-15 12:00:00,-0.36,3.8110228303593914,4.171022830359392,4.171022830359392,247,12
2024-09-15 13:00:00,0.0,-0.6196153494748842,-0.6196153494748842,0.6196153494748842,247,13
2024-09-15 14:00:00,0.16,5.24357245409179,5.08357245409179,5.08357245409179,247,14
2024-09-15 15:00:00,7.02,11.412073196877685,4.392073196877686,4.392073196877686,247,15
2024-09-15 16:00:00,37.61,47.654444469921614,10.044444469921615,10.044444469921615,247,16
2024-09-15 17:00:00,49.85,63.483650330810484,13.633650330810482,13.633650330810482,247,17
2024-09-15 18:00:00,65.08,77.71212956578513,12.632129565785135,12.632129565785135,247,18
2024-09-15 19:00:00,64.39,69.57283534316045,5.182835343160448,5.182835343160448,247,19
2024-09-15 20:00:00,60.74,72.6270934154656,11.887093415465593,11.887093415465593,247,20
2024-09-15 21:00:00,54.91,60.27412957932382,5.364129579323823,5.364129579323823,247,21
2024-09-15 22:00:00,30.0,54.512418867676416,24.512418867676416,24.512418867676416,247,22
2024-09-15 23:00:00,13.03,36.04427182144407,23.01427182144407,23.01427182144407,247,23
2024-09-18 00:00:00,49.39,53.51254014035251,4.122540140352513,4.122540140352513,250,0
2024-09-18 01:00:00,12.84,50.374771838463374,37.53477183846337,37.53477183846337,250,1
2024-09-18 02:00:00,13.64,37.15390824489724,23.513908244897237,23.513908244897237,250,2
2024-09-18 03:00:00,45.58,29.976022521631492,-15.603977478368506,15.603977478368506,250,3
2024-09-18 04:00:00,70.94,24.790767229729568,-46.14923277027043,46.14923277027043,250,4
2024-09-18 05:00:00,84.78,24.163117225425218,-60.61688277457478,60.61688277457478,250,5
2024-09-18 06:00:00,98.45,25.524649005127593,-72.92535099487242,72.92535099487242,250,6
2024-09-18 07:00:00,78.64,29.26980829179052,-49.37019170820948,49.37019170820948,250,7
2024-09-18 08:00:00,71.63,25.657905922333775,-45.97209407766622,45.97209407766622,250,8
2024-09-18 09:00:00,12.91,43.22847391497444,30.318473914974437,30.318473914974437,250,9
2024-09-18 10:00:00,5.49,60.0631926249453,54.5731926249453,54.5731926249453,250,10
2024-09-18 11:00:00,0.0,58.51183253843044,58.51183253843044,58.51183253843044,250,11
2024-09-18 12:00:00,0.01,50.70023995997329,50.69023995997329,50.69023995997329,250,12
2024-09-18 13:00:00,0.09,24.000232954081085,23.910232954081085,23.910232954081085,250,13
2024-09-18 14:00:00,14.47,23.127460682229113,8.657460682229113,8.657460682229113,250,14
2024-09-18 15:00:00,36.81,14.174050459780908,-22.635949540219094,22.635949540219094,250,15
2024-09-18 16:00:00,85.75,26.262143903383468,-59.48785609661653,59.48785609661653,250,16
2024-09-18 17:00:00,120.01,50.923615918378815,-69.08638408162119,69.08638408162119,250,17
2024-09-18 18:00:00,108.2,49.12068041110852,-59.07931958889148,59.07931958889148,250,18
2024-09-18 19:00:00,64.42,44.67743435873772,-19.74256564126228,19.74256564126228,250,19
2024-09-18 20:00:00,44.01,50.583154086438725,6.573154086438727,6.573154086438727,250,20
2024-09-18 21:00:00,44.33,50.62277536432879,6.29277536432879,6.29277536432879,250,21
2024-09-18 22:00:00,60.08,49.4522302540075,-10.627769745992495,10.627769745992495,250,22
2024-09-18 23:00:00,42.36,50.90402294720171,8.54402294720171,8.54402294720171,250,23
2024-09-19 00:00:00,36.76,56.1453254315042,19.3853254315042,19.3853254315042,251,0
2024-09-19 01:00:00,18.94,28.397394212156257,9.457394212156256,9.457394212156256,251,1
2024-09-19 02:00:00,15.61,25.362665974989284,9.752665974989284,9.752665974989284,251,2
2024-09-19 03:00:00,48.48,44.07318278502736,-4.406817214972634,4.406817214972634,251,3
2024-09-19 04:00:00,64.26,59.052332486535185,-5.20766751346482,5.20766751346482,251,4
2024-09-19 05:00:00,86.62,68.22492240571219,-18.395077594287812,18.395077594287812,251,5
2024-09-19 06:00:00,95.57,86.1607640451014,-9.409235954898591,9.409235954898591,251,6
2024-09-19 07:00:00,86.7,74.91655715153324,-11.783442848466763,11.783442848466763,251,7
2024-09-19 08:00:00,74.81,66.35047878248912,-8.459521217510883,8.459521217510883,251,8
2024-09-19 09:00:00,25.25,37.940297672410516,12.690297672410516,12.690297672410516,251,9
2024-09-19 10:00:00,4.97,34.5420325381015,29.572032538101503,29.572032538101503,251,10
2024-09-19 11:00:00,0.02,40.67319494860913,40.653194948609126,40.653194948609126,251,11
2024-09-19 12:00:00,0.0,43.20764858349961,43.20764858349961,43.20764858349961,251,12
2024-09-19 13:00:00,0.02,37.23402117644125,37.21402117644125,37.21402117644125,251,13
2024-09-19 14:00:00,20.4,33.696834943153306,13.296834943153307,13.296834943153307,251,14
2024-09-19 15:00:00,65.43,42.41410311869614,-23.015896881303867,23.015896881303867,251,15
2024-09-19 16:00:00,82.36,65.45512878085998,-16.90487121914002,16.90487121914002,251,16
2024-09-19 17:00:00,112.34,94.71654423489753,-17.623455765102477,17.623455765102477,251,17
2024-09-19 18:00:00,112.65,86.27838416525977,-26.37161583474024,26.37161583474024,251,18
2024-09-19 19:00:00,88.99,59.12117506507825,-29.868824934921747,29.868824934921747,251,19
2024-09-19 20:00:00,88.97,40.75231848179985,-48.21768151820015,48.21768151820015,251,20
2024-09-19 21:00:00,78.87,50.84800522500784,-28.021994774992166,28.021994774992166,251,21
2024-09-19 22:00:00,38.24,68.10643710399343,29.866437103993427,29.866437103993427,251,22
2024-09-19 23:00:00,33.23,57.64032094201809,24.410320942018096,24.410320942018096,251,23
2024-09-20 00:00:00,50.59,50.73942429661119,0.14942429661118695,0.14942429661118695,252,0
2024-09-20 01:00:00,43.32,31.318625851969813,-12.001374148030187,12.001374148030187,252,1
2024-09-20 02:00:00,32.96,30.8774215691519,-2.082578430848102,2.082578430848102,252,2
2024-09-20 03:00:00,31.45,48.38674816624949,16.93674816624949,16.93674816624949,252,3
2024-09-20 04:00:00,59.25,53.474099118793255,-5.775900881206745,5.775900881206745,252,4
2024-09-20 05:00:00,85.5,66.0570757653518,-19.442924234648203,19.442924234648203,252,5
2024-09-20 06:00:00,94.86,71.28721055922239,-23.572789440777612,23.572789440777612,252,6
2024-09-20 07:00:00,88.92,62.46645987881408,-26.453540121185924,26.453540121185924,252,7
2024-09-20 08:00:00,62.05,52.29815848484866,-9.751841515151334,9.751841515151334,252,8
2024-09-20 09:00:00,24.69,27.7843525329438,3.094352532943798,3.094352532943798,252,9
2024-09-20 10:00:00,9.84,17.750776644189713,7.910776644189713,7.910776644189713,252,10
2024-09-20 11:00:00,0.05,20.850807006493007,20.800807006493006,20.800807006493006,252,11
2024-09-20 12:00:00,0.07,14.571208248492063,14.501208248492063,14.501208248492063,252,12
2024-09-20 13:00:00,10.06,3.083915192349693,-6.976084807650308,6.976084807650308,252,13
2024-09-20 14:00:00,43.68,20.946654978688244,-22.733345021311756,22.733345021311756,252,14
2024-09-20 15:00:00,77.22,52.25360387302035,-24.966396126979646,24.966396126979646,252,15
2024-09-20 16:00:00,103.07,68.84228037322548,-34.227719626774515,34.227719626774515,252,16
2024-09-20 17:00:00,110.16,85.66830882158335,-24.491691178416644,24.491691178416644,252,17
2024-09-20 18:00:00,108.52,92.64815920733001,-15.871840792669985,15.871840792669985,252,18
2024-09-20 19:00:00,89.99,70.76613026489908,-19.22386973510092,19.22386973510092,252,19
2024-09-20 20:00:00,86.76,72.8804519214553,-13.879548078544701,13.879548078544701,252,20
2024-09-20 21:00:00,72.91,69.83971777698808,-3.0702822230119153,3.0702822230119153,252,21
2024-09-20 22:00:00,44.05,45.148539148872686,1.098539148872689,1.098539148872689,252,22
2024-09-20 23:00:00,38.58,43.21440427753946,4.63440427753946,4.63440427753946,252,23
2024-09-21 00:00:00,32.94,44.80995701010517,11.869957010105175,11.869957010105175,253,0
2024-09-21 01:00:00,47.42,28.36628948059304,-19.053710519406962,19.053710519406962,253,1
2024-09-21 02:00:00,24.26,24.254271989240934,-0.005728010759067814,0.005728010759067814,253,2
2024-09-21 03:00:00,22.44,27.827553918818523,5.387553918818522,5.387553918818522,253,3
2024-09-21 04:00:00,49.03,45.866316373636934,-3.163683626363067,3.163683626363067,253,4
2024-09-21 05:00:00,26.28,60.18866522228425,33.90866522228425,33.90866522228425,253,5
2024-09-21 06:00:00,32.18,69.80588544951246,37.62588544951246,37.62588544951246,253,6
2024-09-21 07:00:00,52.01,60.754006882606376,8.744006882606378,8.744006882606378,253,7
2024-09-21 08:00:00,22.0,38.79897242822217,16.79897242822217,16.79897242822217,253,8
2024-09-21 09:00:00,3.15,10.31243762774163,7.16243762774163,7.16243762774163,253,9
2024-09-21 10:00:00,0.0,-0.6659485012664277,-0.6659485012664277,0.6659485012664277,253,10
2024-09-21 11:00:00,-3.36,-4.156136504394169,-0.7961365043941693,0.7961365043941693,253,11
2024-09-21 12:00:00,-3.95,1.1079772028005124,5.0579772028005126,5.0579772028005126,253,12
2024-09-21 13:00:00,1.09,4.954062135479504,3.8640621354795037,3.8640621354795037,253,13
2024-09-21 14:00:00,20.22,31.318602283724914,11.098602283724915,11.098602283724915,253,14
2024-09-21 15:00:00,33.13,49.06271223495132,15.932712234951317,15.932712234951317,253,15
2024-09-21 16:00:00,64.87,70.10689523671967,5.236895236719661,5.236895236719661,253,16
2024-09-21 17:00:00,79.94,79.74848158472554,-0.19151841527445868,0.19151841527445868,253,17
2024-09-21 18:00:00,83.91,82.61631010107457,-1.2936898989254217,1.2936898989254217,253,18
2024-09-21 19:00:00,27.81,65.99812952533782,38.188129525337814,38.188129525337814,253,19
2024-09-21 20:00:00,57.68,57.08912738921698,-0.5908726107830162,0.5908726107830162,253,20
2024-09-21 21:00:00,42.65,50.372894002833945,7.722894002833947,7.722894002833947,253,21
2024-09-21 22:00:00,71.3,34.70981275893534,-36.590187241064655,36.590187241064655,253,22
2024-09-21 23:00:00,55.2,27.73402849524078,-27.465971504759224,27.465971504759224,253,23
2024-09-22 00:00:00,52.18,28.795936253961862,-23.384063746038137,23.384063746038137,254,0
2024-09-22 01:00:00,29.35,28.303611102837863,-1.0463888971621387,1.0463888971621387,254,1
2024-09-22 02:00:00,21.7,19.675127383557403,-2.0248726164425968,2.0248726164425968,254,2
2024-09-22 03:00:00,25.75,17.24760208793017,-8.502397912069831,8.502397912069831,254,3
2024-09-22 04:00:00,34.58,24.047783854374046,-10.532216145625952,10.532216145625952,254,4
2024-09-22 05:00:00,26.81,14.64661727940642,-12.163382720593578,12.163382720593578,254,5
2024-09-22 06:00:00,52.6,26.194284118102154,-26.405715881897848,26.405715881897848,254,6
2024-09-22 07:00:00,55.87,32.15895361865293,-23.711046381347067,23.711046381347067,254,7
2024-09-22 08:00:00,26.36,12.165534093758467,-14.194465906241533,14.194465906241533,254,8
2024-09-22 09:00:00,11.87,-2.3198301006666924,-14.189830100666692,14.189830100666692,254,9
2024-09-22 10:00:00,11.68,-10.117526600821066,-21.797526600821065,21.797526600821065,254,10
2024-09-22 11:00:00,0.1,-10.125105272588911,-10.22510527258891,10.22510527258891,254,11
2024-09-22 12:00:00,0.01,-11.74773722816748,-11.75773722816748,11.75773722816748,254,12
2024-09-22 13:00:00,9.66,-11.499302297445254,-21.159302297445254,21.159302297445254,254,13
2024-09-22 14:00:00,26.45,9.88832427306393,-16.56167572693607,16.56167572693607,254,14
2024-09-22 15:00:00,28.45,25.68217958484191,-2.767820415158088,2.767820415158088,254,15
2024-09-22 16:00:00,70.0,49.24898014038061,-20.75101985961939,20.75101985961939,254,16
2024-09-22 17:00:00,102.69,57.48950500314494,-45.200494996855056,45.200494996855056,254,17
2024-09-22 18:00:00,110.22,66.60870268611816,-43.611297313881835,43.611297313881835,254,18
2024-09-22 19:00:00,94.2,34.51810746824154,-59.681892531758464,59.681892531758464,254,19
2024-09-22 20:00:00,94.22,45.010929419301945,-49.209070580698054,49.209070580698054,254,20
2024-09-22 21:00:00,92.0,40.818812502021856,-51.181187497978144,51.181187497978144,254,21
2024-09-22 22:00:00,41.78,50.08827543134616,8.30827543134616,8.30827543134616,254,22
2024-09-22 23:00:00,39.27,36.800287704529055,-2.4697122954709485,2.4697122954709485,254,23
2024-09-23 00:00:00,36.33,64.22253441209844,27.892534412098442,27.892534412098442,255,0
2024-09-23 01:00:00,29.78,44.59999615343066,14.819996153430658,14.819996153430658,255,1
2024-09-23 02:00:00,22.99,43.997494238479774,21.007494238479776,21.007494238479776,255,2
2024-09-23 03:00:00,32.15,44.66315679641476,12.513156796414762,12.513156796414762,255,3
2024-09-23 04:00:00,37.19,42.45023107324878,5.260231073248782,5.260231073248782,255,4
2024-09-23 05:00:00,87.58,42.020378159197755,-45.559621840802244,45.559621840802244,255,5
2024-09-23 06:00:00,101.64,56.74767512026075,-44.89232487973925,44.89232487973925,255,6
2024-09-23 07:00:00,94.92,60.76006948101248,-34.15993051898752,34.15993051898752,255,7
2024-09-23 08:00:00,79.74,34.24981116886922,-45.49018883113077,45.49018883113077,255,8
2024-09-23 09:00:00,66.54,22.86127798644518,-43.678722013554825,43.678722013554825,255,9
2024-09-23 10:00:00,51.1,25.579383928140537,-25.520616071859465,25.520616071859465,255,10
2024-09-23 11:00:00,50.24,19.155134776729007,-31.084865223270995,31.084865223270995,255,11
2024-09-23 12:00:00,33.55,19.771289630638904,-13.778710369361093,13.778710369361093,255,12
2024-09-23 13:00:00,19.02,23.359010960848018,4.339010960848018,4.339010960848018,255,13
2024-09-23 14:00:00,25.84,47.00435366007826,21.16435366007826,21.16435366007826,255,14
2024-09-23 15:00:00,42.93,48.627665160629746,5.697665160629747,5.697665160629747,255,15
2024-09-23 16:00:00,73.79,81.96908232030484,8.179082320304829,8.179082320304829,255,16
2024-09-23 17:00:00,116.05,96.1083804672008,-19.941619532799194,19.941619532799194,255,17
2024-09-23 18:00:00,99.05,105.92153977033176,6.871539770331765,6.871539770331765,255,18
2024-09-23 19:00:00,45.74,96.0700093804955,50.330009380495504,50.330009380495504,255,19
2024-09-23 20:00:00,41.93,90.8838247042999,48.9538247042999,48.9538247042999,255,20
2024-09-23 21:00:00,46.59,90.79401781669608,44.20401781669608,44.20401781669608,255,21
2024-09-23 22:00:00,59.96,61.18207158317451,1.222071583174511,1.222071583174511,255,22
2024-09-23 23:00:00,48.65,53.143881843214714,4.493881843214716,4.493881843214716,255,23
2024-09-24 00:00:00,36.66,42.15153014413268,5.491530144132682,5.491530144132682,256,0
2024-09-24 01:00:00,26.25,38.24238423365375,11.992384233653752,11.992384233653752,256,1
2024-09-24 02:00:00,17.43,31.141763998284944,13.711763998284944,13.711763998284944,256,2
2024-09-24 03:00:00,36.58,34.32375655721265,-2.2562434427873512,2.2562434427873512,256,3
2024-09-24 04:00:00,53.28,41.441637438073464,-11.838362561926537,11.838362561926537,256,4
2024-09-24 05:00:00,91.0,69.0782394503072,-21.921760549692806,21.921760549692806,256,5
2024-09-24 06:00:00,97.01,80.31661625174065,-16.69338374825935,16.69338374825935,256,6
2024-09-24 07:00:00,60.29,78.90712066498327,18.61712066498327,18.61712066498327,256,7
2024-09-24 08:00:00,42.06,59.60705452171562,17.547054521715616,17.547054521715616,256,8
2024-09-24 09:00:00,44.18,49.68618932912404,5.506189329124041,5.506189329124041,256,9
2024-09-24 10:00:00,37.43,36.54106699742115,-0.8889330025788524,0.8889330025788524,256,10
2024-09-24 11:00:00,22.35,46.6450107247838,24.2950107247838,24.2950107247838,256,11
2024-09-24 12:00:00,23.6,43.06896320423698,19.468963204236978,19.468963204236978,256,12
2024-09-24 13:00:00,26.18,38.68329677107322,12.503296771073224,12.503296771073224,256,13
2024-09-24 14:00:00,31.0,42.28904892323231,11.289048923232308,11.289048923232308,256,14
2024-09-24 15:00:00,15.48,48.52685036574004,33.04685036574004,33.04685036574004,256,15
2024-09-24 16:00:00,83.65,68.45155064071614,-15.19844935928387,15.19844935928387,256,16
2024-09-24 17:00:00,124.76,96.56598769526913,-28.194012304730876,28.194012304730876,256,17
2024-09-24 18:00:00,103.27,96.15084265822303,-7.119157341776969,7.119157341776969,256,18
2024-09-24 19:00:00,80.64,50.5918627771177,-30.048137222882303,30.048137222882303,256,19
2024-09-24 20:00:00,75.87,49.840716623877164,-26.02928337612284,26.02928337612284,256,20
2024-09-24 21:00:00,61.71,53.28228875781686,-8.427711242183143,8.427711242183143,256,21
2024-09-24 22:00:00,51.48,62.45041973716557,10.970419737165571,10.970419737165571,256,22
2024-09-24 23:00:00,45.06,48.97773520024407,3.917735200244067,3.917735200244067,256,23
2024-09-25 00:00:00,23.05,48.20431917041327,25.15431917041327,25.15431917041327,257,0
2024-09-25 01:00:00,9.1,27.300746848154688,18.200746848154687,18.200746848154687,257,1
2024-09-25 02:00:00,0.0,24.26152229813708,24.26152229813708,24.26152229813708,257,2
2024-09-25 03:00:00,15.49,35.685023203781874,20.195023203781872,20.195023203781872,257,3
2024-09-25 04:00:00,56.48,40.456772734523625,-16.023227265476372,16.023227265476372,257,4
2024-09-25 05:00:00,84.24,63.06451861802182,-21.175481381978173,21.175481381978173,257,5
2024-09-25 06:00:00,88.09,68.64574553132834,-19.44425446867166,19.44425446867166,257,6
2024-09-25 07:00:00,70.76,52.18264080974082,-18.577359190259187,18.577359190259187,257,7
2024-09-25 08:00:00,53.43,35.00586442678926,-18.42413557321074,18.42413557321074,257,8
2024-09-25 09:00:00,44.08,31.537994542813507,-12.542005457186491,12.542005457186491,257,9
2024-09-25 10:00:00,40.0,32.52967688317782,-7.470323116822179,7.470323116822179,257,10
2024-09-25 11:00:00,34.27,27.610082718501694,-6.659917281498309,6.659917281498309,257,11
2024-09-25 12:00:00,36.23,12.191520647552196,-24.0384793524478,24.0384793524478,257,12
2024-09-25 13:00:00,28.55,18.071131555240818,-10.478868444759183,10.478868444759183,257,13
2024-09-25 14:00:00,31.83,33.058132278664225,1.2281322786642264,1.2281322786642264,257,14
2024-09-25 15:00:00,34.23,31.47338780769877,-2.756612192301226,2.756612192301226,257,15
2024-09-25 16:00:00,41.91,73.7283020461643,31.818302046164305,31.818302046164305,257,16
2024-09-25 17:00:00,60.8,104.17613776846383,43.376137768463835,43.376137768463835,257,17
2024-09-25 18:00:00,45.9,91.19634514946834,45.296345149468344,45.296345149468344,257,18
2024-09-25 19:00:00,38.2,68.96028149044328,30.760281490443276,30.760281490443276,257,19
2024-09-25 20:00:00,42.48,61.48454622526443,19.004546225264434,19.004546225264434,257,20
2024-09-25 21:00:00,40.0,57.82580586493738,17.82580586493738,17.82580586493738,257,21
2024-09-25 22:00:00,20.3,44.67149549752761,24.371495497527608,24.371495497527608,257,22
2024-09-25 23:00:00,6.99,35.650026465409894,28.660026465409892,28.660026465409892,257,23
2024-09-26 00:00:00,10.29,27.281182682678512,16.991182682678513,16.991182682678513,258,0
2024-09-26 01:00:00,4.92,17.577897487450677,12.657897487450677,12.657897487450677,258,1
2024-09-26 02:00:00,3.32,5.24511134584948,1.9251113458494804,1.9251113458494804,258,2
2024-09-26 03:00:00,7.33,18.805663634138917,11.475663634138916,11.475663634138916,258,3
2024-09-26 04:00:00,33.83,41.76485739425014,7.934857394250145,7.934857394250145,258,4
2024-09-26 05:00:00,58.27,66.143188739747,7.873188739747,7.873188739747,258,5
2024-09-26 06:00:00,65.0,77.61753188476274,12.617531884762741,12.617531884762741,258,6
2024-09-26 07:00:00,53.52,62.69372814905317,9.173728149053169,9.173728149053169,258,7
2024-09-26 08:00:00,29.21,47.96183147248643,18.75183147248643,18.75183147248643,258,8
2024-09-26 09:00:00,31.62,37.675621316989314,6.055621316989313,6.055621316989313,258,9
2024-09-26 10:00:00,17.0,29.204828425835878,12.204828425835878,12.204828425835878,258,10
2024-09-26 11:00:00,11.13,24.570192036212582,13.440192036212581,13.440192036212581,258,11
2024-09-26 12:00:00,7.55,21.656408694742694,14.106408694742694,14.106408694742694,258,12
2024-09-26 13:00:00,0.08,28.2992617930311,28.2192617930311,28.2192617930311,258,13
2024-09-26 14:00:00,9.1,33.55996567412281,24.459965674122806,24.459965674122806,258,14
2024-09-26 15:00:00,13.82,38.30513920187972,24.48513920187972,24.48513920187972,258,15
2024-09-26 16:00:00,48.13,48.87386010278679,0.7438601027867904,0.7438601027867904,258,16
2024-09-26 17:00:00,55.23,80.54234355494694,25.312343554946942,25.312343554946942,258,17
2024-09-26 18:00:00,59.69,69.16282035978823,9.47282035978823,9.47282035978823,258,18
2024-09-26 19:00:00,45.02,50.263546327870046,5.2435463278700425,5.2435463278700425,258,19
2024-09-26 20:00:00,45.2,48.45828654402375,3.258286544023747,3.258286544023747,258,20
2024-09-26 21:00:00,36.3,51.8864431945177,15.586443194517706,15.586443194517706,258,21
2024-09-26 22:00:00,0.37,42.08694617724303,41.71694617724303,41.71694617724303,258,22
2024-09-26 23:00:00,-0.06,25.671589625592247,25.731589625592246,25.731589625592246,258,23
2024-09-27 00:00:00,-1.23,30.73531484256921,31.96531484256921,31.96531484256921,259,0
2024-09-27 01:00:00,-0.01,21.748589505521025,21.758589505521027,21.758589505521027,259,1
2024-09-27 02:00:00,-6.18,16.332466863492456,22.512466863492456,22.512466863492456,259,2
2024-09-27 03:00:00,0.0,21.66368219875308,21.66368219875308,21.66368219875308,259,3
2024-09-27 04:00:00,5.14,35.32655779297293,30.186557792972927,30.186557792972927,259,4
2024-09-27 05:00:00,32.0,63.44571679021345,31.445716790213453,31.445716790213453,259,5
2024-09-27 06:00:00,41.34,74.09426030021194,32.75426030021194,32.75426030021194,259,6
2024-09-27 07:00:00,10.08,59.76105149694639,49.681051496946395,49.681051496946395,259,7
2024-09-27 08:00:00,0.07,37.77422861791589,37.70422861791589,37.70422861791589,259,8
2024-09-27 09:00:00,0.0,39.27234734911462,39.27234734911462,39.27234734911462,259,9
2024-09-27 10:00:00,-0.01,31.695195002746317,31.70519500274632,31.70519500274632,259,10
2024-09-27 11:00:00,-0.15,21.178678055964788,21.328678055964787,21.328678055964787,259,11
2024-09-27 12:00:00,-0.04,20.91950857617602,20.95950857617602,20.95950857617602,259,12
2024-09-27 13:00:00,-0.01,21.792091822849436,21.802091822849437,21.802091822849437,259,13
2024-09-27 14:00:00,0.0,28.817522086160317,28.817522086160317,28.817522086160317,259,14
2024-09-27 15:00:00,14.13,31.128771041681013,16.99877104168101,16.99877104168101,259,15
2024-09-27 16:00:00,34.21,62.83728509952415,28.62728509952415,28.62728509952415,259,16
2024-09-27 17:00:00,69.85,71.25246548519155,1.4024654851915557,1.4024654851915557,259,17
2024-09-27 18:00:00,65.31,74.96916522251658,9.659165222516577,9.659165222516577,259,18
2024-09-27 19:00:00,38.43,65.73025402951576,27.300254029515763,27.300254029515763,259,19
2024-09-27 20:00:00,31.56,61.7771575794842,30.217157579484198,30.217157579484198,259,20
2024-09-27 21:00:00,26.46,54.6752187169657,28.2152187169657,28.2152187169657,259,21
2024-09-27 22:00:00,1.77,33.28193184525978,31.511931845259777,31.511931845259777,259,22
2024-09-27 23:00:00,3.03,23.896943515322647,20.866943515322646,20.866943515322646,259,23
2024-09-29 00:00:00,45.72,5.300319864772376,-40.41968013522762,40.41968013522762,261,0
2024-09-29 01:00:00,41.04,-5.160569685583297,-46.2005696855833,46.2005696855833,261,1
2024-09-29 02:00:00,21.15,-3.540311366059214,-24.690311366059213,24.690311366059213,261,2
2024-09-29 03:00:00,8.6,-3.785191530523292,-12.385191530523292,12.385191530523292,261,3
2024-09-29 04:00:00,22.76,-3.670094322825477,-26.43009432282548,26.43009432282548,261,4
2024-09-29 05:00:00,28.43,3.858383323725576,-24.571616676274424,24.571616676274424,261,5
2024-09-29 06:00:00,30.5,17.600651403893323,-12.899348596106677,12.899348596106677,261,6
2024-09-29 07:00:00,19.9,12.922454093684507,-6.977545906315491,6.977545906315491,261,7
2024-09-29 08:00:00,1.33,4.581354471486307,3.251354471486307,3.251354471486307,261,8
2024-09-29 09:00:00,0.0,1.939036309770188,1.939036309770188,1.939036309770188,261,9
2024-09-29 10:00:00,-0.01,-8.791751797146034,-8.781751797146034,8.781751797146034,261,10
2024-09-29 11:00:00,-0.5,-4.506140498020585,-4.006140498020585,4.006140498020585,261,11
2024-09-29 12:00:00,-0.45,-16.98317630496085,-16.53317630496085,16.53317630496085,261,12
2024-09-29 13:00:00,0.0,-7.433205582632382,-7.433205582632382,7.433205582632382,261,13
2024-09-29 14:00:00,0.15,-6.856379408255805,-7.006379408255805,7.006379408255805,261,14
2024-09-29 15:00:00,0.08,-2.1086117166791496,-2.1886117166791497,2.1886117166791497,261,15
2024-09-29 16:00:00,8.6,26.938456610236827,18.338456610236825,18.338456610236825,261,16
2024-09-29 17:00:00,47.15,71.21452967382344,24.064529673823436,24.064529673823436,261,17
2024-09-29 18:00:00,35.17,67.85024339622748,32.68024339622748,32.68024339622748,261,18
2024-09-29 19:00:00,52.2,57.88253613334572,5.682536133345714,5.682536133345714,261,19
2024-09-29 20:00:00,61.43,54.69440278523355,-6.73559721476645,6.73559721476645,261,20
2024-09-29 21:00:00,37.26,50.64611167647952,13.386111676479523,13.386111676479523,261,21
2024-09-29 22:00:00,7.5,43.97970996185473,36.47970996185473,36.47970996185473,261,22
2024-09-29 23:00:00,0.04,19.698961774300443,19.658961774300444,19.658961774300444,261,23
2024-10-01 00:00:00,0.05,45.77841349773013,45.72841349773013,45.72841349773013,263,0
2024-10-01 01:00:00,0.02,36.858797141906976,36.83879714190697,36.83879714190697,263,1
2024-10-01 02:00:00,0.09,23.878308839172036,23.788308839172036,23.788308839172036,263,2
2024-10-01 03:00:00,0.08,5.167426508663809,5.087426508663809,5.087426508663809,263,3
2024-10-01 04:00:00,48.48,4.32760113343592,-44.15239886656408,44.15239886656408,263,4
2024-10-01 05:00:00,102.3,7.065052989183684,-95.23494701081631,95.23494701081631,263,5
2024-10-01 06:00:00,114.72,17.4918638024819,-97.2281361975181,97.2281361975181,263,6
2024-10-01 07:00:00,100.0,31.673371149191503,-68.3266288508085,68.3266288508085,263,7
2024-10-01 08:00:00,76.18,34.84650320883703,-41.33349679116298,41.33349679116298,263,8
2024-10-01 09:00:00,68.24,58.40644118665899,-9.833558813341007,9.833558813341007,263,9
2024-10-01 10:00:00,58.48,48.08796708712818,-10.39203291287182,10.39203291287182,263,10
2024-10-01 11:00:00,55.41,42.36278412595566,-13.047215874044333,13.047215874044333,263,11
2024-10-01 12:00:00,56.28,38.669349643860166,-17.610650356139836,17.610650356139836,263,12
2024-10-01 13:00:00,57.98,24.53726281846796,-33.44273718153204,33.44273718153204,263,13
2024-10-01 14:00:00,55.9,27.347280423877216,-28.552719576122783,28.552719576122783,263,14
2024-10-01 15:00:00,76.14,22.03362708294715,-54.10637291705285,54.10637291705285,263,15
2024-10-01 16:00:00,103.57,25.09052677982065,-78.47947322017934,78.47947322017934,263,16
2024-10-01 17:00:00,143.44,57.431966175052594,-86.0080338249474,86.0080338249474,263,17
2024-10-01 18:00:00,120.64,53.660546843220835,-66.97945315677916,66.97945315677916,263,18
2024-10-01 19:00:00,92.97,45.95943842994777,-47.01056157005223,47.01056157005223,263,19
2024-10-01 20:00:00,91.37,33.393017440451366,-57.97698255954864,57.97698255954864,263,20
2024-10-01 21:00:00,76.15,31.66956646069336,-44.480433539306645,44.480433539306645,263,21
2024-10-01 22:00:00,85.19,36.31735278463343,-48.87264721536657,48.87264721536657,263,22
2024-10-01 23:00:00,70.39,32.16887767461169,-38.22112232538831,38.22112232538831,263,23
2024-10-02 00:00:00,71.74,23.764203727516538,-47.97579627248346,47.97579627248346,264,0
2024-10-02 01:00:00,63.18,18.401138508922593,-44.77886149107741,44.77886149107741,264,1
2024-10-02 02:00:00,61.19,15.524983659039556,-45.66501634096044,45.66501634096044,264,2
2024-10-02 03:00:00,79.43,13.968927476402051,-65.46107252359795,65.46107252359795,264,3
2024-10-02 04:00:00,98.66,38.17122022374041,-60.488779776259584,60.488779776259584,264,4
2024-10-02 05:00:00,119.48,77.93227899922387,-41.547721000776136,41.547721000776136,264,5
2024-10-02 06:00:00,124.24,93.05321639256458,-31.186783607435416,31.186783607435416,264,6
2024-10-02 07:00:00,109.25,75.41165344540721,-33.83834655459279,33.83834655459279,264,7
2024-10-02 08:00:00,90.22,51.80280266003742,-38.41719733996258,38.41719733996258,264,8
2024-10-02 09:00:00,88.66,57.82919836578534,-30.83080163421466,30.83080163421466,264,9
2024-10-02 10:00:00,87.26,59.2153516748086,-28.044648325191403,28.044648325191403,264,10
2024-10-02 11:00:00,78.38,51.427616406534135,-26.95238359346586,26.95238359346586,264,11
2024-10-02 12:00:00,76.43,48.70616188533794,-27.723838114662065,27.723838114662065,264,12
2024-10-02 13:00:00,74.36,37.604660032104356,-36.755339967895644,36.755339967895644,264,13
2024-10-02 14:00:00,72.33,40.30652591206956,-32.02347408793044,32.02347408793044,264,14
2024-10-02 15:00:00,79.44,47.96547849052551,-31.474521509474485,31.474521509474485,264,15
2024-10-02 16:00:00,110.75,60.22534890764685,-50.52465109235315,50.52465109235315,264,16
2024-10-02 17:00:00,136.26,86.83365204250701,-49.42634795749298,49.42634795749298,264,17
2024-10-02 18:00:00,117.25,79.5395370372096,-37.7104629627904,37.7104629627904,264,18
2024-10-02 19:00:00,97.79,67.37559216475759,-30.414407835242415,30.414407835242415,264,19
2024-10-02 20:00:00,93.55,62.01248185126842,-31.53751814873158,31.53751814873158,264,20
2024-10-02 21:00:00,85.0,51.9642284461531,-33.0357715538469,33.0357715538469,264,21
2024-10-02 22:00:00,59.36,63.27427233653405,3.9142723365340473,3.9142723365340473,264,22
2024-10-02 23:00:00,40.0,49.12068577440071,9.120685774400712,9.120685774400712,264,23
2024-10-05 00:00:00,81.4,42.19985669465127,-39.20014330534874,39.20014330534874,267,0
2024-10-05 01:00:00,75.54,44.78803321606331,-30.751966783936695,30.751966783936695,267,1
2024-10-05 02:00:00,75.72,48.782572454981334,-26.937427545018664,26.937427545018664,267,2
2024-10-05 03:00:00,79.82,48.78690619244944,-31.03309380755055,31.03309380755055,267,3
2024-10-05 04:00:00,86.2,48.51077337799143,-37.689226622008576,37.689226622008576,267,4
2024-10-05 05:00:00,100.4,63.56652889115973,-36.83347110884028,36.83347110884028,267,5
2024-10-05 06:00:00,109.38,79.53298003554328,-29.84701996445672,29.84701996445672,267,6
2024-10-05 07:00:00,89.02,90.82006201580207,1.8000620158020695,1.8000620158020695,267,7
2024-10-05 08:00:00,57.0,76.08342704414328,19.083427044143278,19.083427044143278,267,8
2024-10-05 09:00:00,40.44,65.86437996358663,25.42437996358663,25.42437996358663,267,9
2024-10-05 10:00:00,29.37,41.388326473951004,12.018326473951003,12.018326473951003,267,10
2024-10-05 11:00:00,18.67,37.700100829459885,19.030100829459883,19.030100829459883,267,11
2024-10-05 12:00:00,0.07,31.490911394538152,31.42091139453815,31.42091139453815,267,12
2024-10-05 13:00:00,2.46,37.19544397301289,34.73544397301289,34.73544397301289,267,13
2024-10-05 14:00:00,20.64,30.78795230974984,10.14795230974984,10.14795230974984,267,14
2024-10-05 15:00:00,47.75,35.744615206667895,-12.005384793332105,12.005384793332105,267,15
2024-10-05 16:00:00,54.04,50.70326301846164,-3.3367369815383583,3.3367369815383583,267,16
2024-10-05 17:00:00,85.23,63.35791693785617,-21.872083062143837,21.872083062143837,267,17
2024-10-05 18:00:00,95.18,91.1778042826142,-4.002195717385803,4.002195717385803,267,18
2024-10-05 19:00:00,74.03,79.60451895110903,5.574518951109027,5.574518951109027,267,19
2024-10-05 20:00:00,73.71,60.58515827463711,-13.124841725362884,13.124841725362884,267,20
2024-10-05 21:00:00,67.0,52.54745569018988,-14.452544309810122,14.452544309810122,267,21
2024-10-05 22:00:00,47.4,56.74046107021435,9.340461070214353,9.340461070214353,267,22
2024-10-05 23:00:00,30.83,48.41055123193729,17.580551231937292,17.580551231937292,267,23
2024-10-07 00:00:00,33.25,64.15436241032798,30.904362410327977,30.904362410327977,269,0
2024-10-07 01:00:00,29.03,61.75861024204087,32.728610242040865,32.728610242040865,269,1
2024-10-07 02:00:00,18.67,51.5833882182429,32.9133882182429,32.9133882182429,269,2
2024-10-07 03:00:00,23.33,39.98132352322733,16.651323523227333,16.651323523227333,269,3
2024-10-07 04:00:00,52.02,40.64475598402796,-11.375244015972044,11.375244015972044,269,4
2024-10-07 05:00:00,84.5,37.55198365903863,-46.94801634096137,46.94801634096137,269,5
2024-10-07 06:00:00,108.32,45.24051819598381,-63.07948180401618,63.07948180401618,269,6
2024-10-07 07:00:00,91.75,47.202296933377625,-44.547703066622375,44.547703066622375,269,7
2024-10-07 08:00:00,65.98,44.14885498291672,-21.831145017083287,21.831145017083287,269,8
2024-10-07 09:00:00,60.21,61.5545084581976,1.344508458197602,1.344508458197602,269,9
2024-10-07 10:00:00,55.39,51.431934506739665,-3.958065493260335,3.958065493260335,269,10
2024-10-07 11:00:00,43.29,47.07244399610896,3.7824439961089595,3.7824439961089595,269,11
2024-10-07 12:00:00,55.0,39.66572007521072,-15.334279924789278,15.334279924789278,269,12
2024-10-07 13:00:00,29.98,28.81128244363127,-1.1687175563687298,1.1687175563687298,269,13
2024-10-07 14:00:00,30.25,33.49990042064953,3.2499004206495314,3.2499004206495314,269,14
2024-10-07 15:00:00,50.24,39.52868599174326,-10.711314008256743,10.711314008256743,269,15
2024-10-07 16:00:00,71.55,50.569716815384915,-20.980283184615082,20.980283184615082,269,16
2024-10-07 17:00:00,96.17,67.25790344836898,-28.912096551631024,28.912096551631024,269,17
2024-10-07 18:00:00,85.01,77.63668193339296,-7.373318066607041,7.373318066607041,269,18
2024-10-07 19:00:00,67.73,65.30807489334897,-2.421925106651031,2.421925106651031,269,19
2024-10-07 20:00:00,65.8,73.54761040049335,7.7476104004933575,7.7476104004933575,269,20
2024-10-07 21:00:00,61.39,67.45733128677105,6.067331286771051,6.067331286771051,269,21
2024-10-07 22:00:00,33.1,60.490166946581844,27.390166946581843,27.390166946581843,269,22
2024-10-07 23:00:00,24.35,56.767151470530116,32.417151470530115,32.417151470530115,269,23
2024-10-08 00:00:00,19.57,41.523317564410085,21.953317564410085,21.953317564410085,270,0
2024-10-08 01:00:00,7.0,25.790555497233903,18.790555497233903,18.790555497233903,270,1
2024-10-08 02:00:00,4.9,23.112930031253192,18.212930031253194,18.212930031253194,270,2
2024-10-08 03:00:00,21.54,23.674139153988378,2.1341391539883787,2.1341391539883787,270,3
2024-10-08 04:00:00,39.58,46.272446906908556,6.6924469069085575,6.6924469069085575,270,4
2024-10-08 05:00:00,72.68,67.98296092205915,-4.6970390779408575,4.6970390779408575,270,5
2024-10-08 06:00:00,77.71,96.66175398637907,18.951753986379074,18.951753986379074,270,6
2024-10-08 07:00:00,79.91,85.30131865880097,5.391318658800969,5.391318658800969,270,7
2024-10-08 08:00:00,54.51,75.60294684378545,21.092946843785448,21.092946843785448,270,8
2024-10-08 09:00:00,28.8,74.76406067685534,45.96406067685534,45.96406067685534,270,9
2024-10-08 10:00:00,8.59,73.18920002455243,64.59920002455243,64.59920002455243,270,10
2024-10-08 11:00:00,0.97,63.60652011404115,62.636520114041154,62.636520114041154,270,11
2024-10-08 12:00:00,0.01,68.99661161204526,68.98661161204525,68.98661161204525,270,12
2024-10-08 13:00:00,0.0,47.68307227213336,47.68307227213336,47.68307227213336,270,13
2024-10-08 14:00:00,0.51,40.6786553337344,40.1686553337344,40.1686553337344,270,14
2024-10-08 15:00:00,5.0,42.103428188695446,37.103428188695446,37.103428188695446,270,15
2024-10-08 16:00:00,57.09,57.90558906430773,0.8155890643077299,0.8155890643077299,270,16
2024-10-08 17:00:00,79.9,76.92476339197378,-2.975236608026222,2.975236608026222,270,17
2024-10-08 18:00:00,67.39,88.36885915444759,20.97885915444759,20.97885915444759,270,18
2024-10-08 19:00:00,32.11,68.74797516935317,36.63797516935317,36.63797516935317,270,19
2024-10-08 20:00:00,37.62,59.137469543218586,21.51746954321859,21.51746954321859,270,20
2024-10-08 21:00:00,33.1,64.22738689098583,31.127386890985825,31.127386890985825,270,21
2024-10-08 22:00:00,19.86,53.59324570045982,33.73324570045982,33.73324570045982,270,22
2024-10-08 23:00:00,3.6,40.295028440043765,36.695028440043764,36.695028440043764,270,23
2024-10-11 00:00:00,71.96,43.80068858176446,-28.159311418235532,28.159311418235532,273,0
2024-10-11 01:00:00,67.91,19.008928004392338,-48.90107199560766,48.90107199560766,273,1
2024-10-11 02:00:00,66.44,21.9681858417403,-44.4718141582597,44.4718141582597,273,2
2024-10-11 03:00:00,71.79,20.847376049866867,-50.94262395013314,50.94262395013314,273,3
2024-10-11 04:00:00,99.95,36.6108128858631,-63.339187114136905,63.339187114136905,273,4
2024-10-11 05:00:00,140.41,61.9493721721724,-78.4606278278276,78.4606278278276,273,5
2024-10-11 06:00:00,155.49,77.97023136755635,-77.51976863244366,77.51976863244366,273,6
2024-10-11 07:00:00,110.01,70.44674968400571,-39.563250315994296,39.563250315994296,273,7
2024-10-11 08:00:00,90.0,57.21006120475414,-32.78993879524586,32.78993879524586,273,8
2024-10-11 09:00:00,72.35,55.49979695391724,-16.850203046082754,16.850203046082754,273,9
2024-10-11 10:00:00,61.65,46.54772733527828,-15.102272664721717,15.102272664721717,273,10
2024-10-11 11:00:00,57.17,40.23746470645506,-16.932535293544944,16.932535293544944,273,11
2024-10-11 12:00:00,59.56,36.70183326108147,-22.858166738918534,22.858166738918534,273,12
2024-10-11 13:00:00,66.95,45.08106981409301,-21.86893018590699,21.86893018590699,273,13
2024-10-11 14:00:00,70.0,55.3662795549381,-14.633720445061897,14.633720445061897,273,14
2024-10-11 15:00:00,71.35,63.35909272048957,-7.990907279510424,7.990907279510424,273,15
2024-10-11 16:00:00,91.07,80.02389355998176,-11.046106440018235,11.046106440018235,273,16
2024-10-11 17:00:00,154.3,99.31000887245861,-54.9899911275414,54.9899911275414,273,17
2024-10-11 18:00:00,109.01,78.20191339993666,-30.808086600063348,30.808086600063348,273,18
2024-10-11 19:00:00,90.69,69.25798659184733,-21.43201340815267,21.43201340815267,273,19
2024-10-11 20:00:00,81.37,74.00938717763377,-7.360612822366235,7.360612822366235,273,20
2024-10-11 21:00:00,80.57,63.53258176766963,-17.03741823233036,17.03741823233036,273,21
2024-10-11 22:00:00,67.29,68.47198927741715,1.181989277417145,1.181989277417145,273,22
2024-10-11 23:00:00,57.57,43.82629260349754,-13.743707396502458,13.743707396502458,273,23
2024-10-13 00:00:00,-0.07,41.819311481183625,41.889311481183626,41.889311481183626,275,0
2024-10-13 01:00:00,-0.37,29.688308301773674,30.058308301773675,30.058308301773675,275,1
2024-10-13 02:00:00,-0.51,19.76466001358817,20.27466001358817,20.27466001358817,275,2
2024-10-13 03:00:00,-0.09,22.2609782923238,22.3509782923238,22.3509782923238,275,3
2024-10-13 04:00:00,-0.05,33.43046431476139,33.480464314761385,33.480464314761385,275,4
2024-10-13 05:00:00,0.78,25.651436679352727,24.871436679352726,24.871436679352726,275,5
2024-10-13 06:00:00,11.5,34.55259102065295,23.052591020652947,23.052591020652947,275,6
2024-10-13 07:00:00,4.81,35.28641266361985,30.47641266361985,30.47641266361985,275,7
2024-10-13 08:00:00,4.87,17.104427108912468,12.234427108912467,12.234427108912467,275,8
2024-10-13 09:00:00,5.17,16.30023233853897,11.130232338538969,11.130232338538969,275,9
2024-10-13 10:00:00,4.49,15.875256302305907,11.385256302305907,11.385256302305907,275,10
2024-10-13 11:00:00,0.08,6.555796837613343,6.475796837613343,6.475796837613343,275,11
2024-10-13 12:00:00,-0.01,1.9373617865820023,1.9473617865820023,1.9473617865820023,275,12
2024-10-13 13:00:00,0.0,20.03986073445631,20.03986073445631,20.03986073445631,275,13
2024-10-13 14:00:00,6.8,26.020695922694976,19.220695922694976,19.220695922694976,275,14
2024-10-13 15:00:00,31.28,41.884345594055894,10.604345594055893,10.604345594055893,275,15
2024-10-13 16:00:00,62.82,57.629042328093334,-5.190957671906666,5.190957671906666,275,16
2024-10-13 17:00:00,79.46,62.762421506802,-16.697578493197994,16.697578493197994,275,17
2024-10-13 18:00:00,63.26,58.626900936219755,-4.633099063780243,4.633099063780243,275,18
2024-10-13 19:00:00,56.71,46.74662890366008,-9.96337109633992,9.96337109633992,275,19
2024-10-13 20:00:00,49.88,34.87912974563111,-15.000870254368891,15.000870254368891,275,20
2024-10-13 21:00:00,49.61,28.930723283278006,-20.679276716721994,20.679276716721994,275,21
2024-10-13 22:00:00,50.49,12.538985041016652,-37.95101495898335,37.95101495898335,275,22
2024-10-13 23:00:00,39.38,12.277888413381696,-27.102111586618307,27.102111586618307,275,23
2024-10-14 00:00:00,37.41,40.383150395016024,2.9731503950160274,2.9731503950160274,276,0
2024-10-14 01:00:00,36.68,36.451402661394724,-0.22859733860527598,0.22859733860527598,276,1
2024-10-14 02:00:00,41.38,34.161695398712304,-7.218304601287699,7.218304601287699,276,2
2024-10-14 03:00:00,62.2,34.64432545890278,-27.555674541097225,27.555674541097225,276,3
2024-10-14 04:00:00,98.65,32.03497202269459,-66.61502797730542,66.61502797730542,276,4
2024-10-14 05:00:00,114.03,36.035848600460795,-77.9941513995392,77.9941513995392,276,5
2024-10-14 06:00:00,137.7,53.018454081648784,-84.6815459183512,84.6815459183512,276,6
2024-10-14 07:00:00,110.19,47.16564087309747,-63.024359126902525,63.024359126902525,276,7
2024-10-14 08:00:00,99.55,36.09981968059704,-63.45018031940296,63.45018031940296,276,8
2024-10-14 09:00:00,92.5,37.078627419185864,-55.421372580814136,55.421372580814136,276,9
2024-10-14 10:00:00,85.7,35.320469855340015,-50.37953014465999,50.37953014465999,276,10
2024-10-14 11:00:00,78.42,36.4885072106253,-41.9314927893747,41.9314927893747,276,11
2024-10-14 12:00:00,74.16,33.32753366069779,-40.83246633930221,40.83246633930221,276,12
2024-10-14 13:00:00,73.07,38.69129995272981,-34.378700047270186,34.378700047270186,276,13
2024-10-14 14:00:00,71.2,45.019306982000344,-26.18069301799966,26.18069301799966,276,14
2024-10-14 15:00:00,97.46,58.65645092477213,-38.80354907522786,38.80354907522786,276,15
2024-10-14 16:00:00,121.04,77.96411738179185,-43.075882618208155,43.075882618208155,276,16
2024-10-14 17:00:00,161.89,91.81057729384223,-70.07942270615776,70.07942270615776,276,17
2024-10-14 18:00:00,158.0,89.24156425185653,-68.75843574814347,68.75843574814347,276,18
2024-10-14 19:00:00,108.79,69.54814217410356,-39.241857825896446,39.241857825896446,276,19
2024-10-14 20:00:00,99.66,63.523597383341105,-36.13640261665889,36.13640261665889,276,20
2024-10-14 21:00:00,94.8,59.07654715414604,-35.723452845853956,35.723452845853956,276,21
2024-10-14 22:00:00,76.09,68.7845984729947,-7.305401527005301,7.305401527005301,276,22
2024-10-14 23:00:00,77.5,48.44466468718969,-29.055335312810307,29.055335312810307,276,23
2024-10-15 00:00:00,60.49,41.61610286563757,-18.87389713436243,18.87389713436243,277,0
2024-10-15 01:00:00,61.33,37.78503791870849,-23.54496208129151,23.54496208129151,277,1
2024-10-15 02:00:00,51.57,46.695731090982406,-4.874268909017594,4.874268909017594,277,2
2024-10-15 03:00:00,60.92,54.20266029994922,-6.717339700050779,6.717339700050779,277,3
2024-10-15 04:00:00,63.87,80.07146801342162,16.201468013421625,16.201468013421625,277,4
2024-10-15 05:00:00,91.36,81.5336905215303,-9.826309478469696,9.826309478469696,277,5
2024-10-15 06:00:00,122.28,96.56733658111236,-25.712663418887644,25.712663418887644,277,6
2024-10-15 07:00:00,110.47,81.89234444253701,-28.57765555746299,28.57765555746299,277,7
2024-10-15 08:00:00,92.74,61.97130559177239,-30.768694408227603,30.768694408227603,277,8
2024-10-15 09:00:00,83.05,63.70926436920929,-19.340735630790704,19.340735630790704,277,9
2024-10-15 10:00:00,78.47,60.24114160382253,-18.228858396177472,18.228858396177472,277,10
2024-10-15 11:00:00,67.66,55.810831165071846,-11.84916883492815,11.84916883492815,277,11
2024-10-15 12:00:00,41.51,57.16893495738418,15.658934957384183,15.658934957384183,277,12
2024-10-15 13:00:00,41.37,56.74878545049878,15.378785450498782,15.378785450498782,277,13
2024-10-15 14:00:00,62.63,58.38385301235457,-4.246146987645432,4.246146987645432,277,14
2024-10-15 15:00:00,55.72,70.10483412471025,14.384834124710252,14.384834124710252,277,15
2024-10-15 16:00:00,79.47,90.13518712990219,10.665187129902193,10.665187129902193,277,16
2024-10-15 17:00:00,104.3,110.2982824922584,5.998282492258397,5.998282492258397,277,17
2024-10-15 18:00:00,64.98,110.6645305027235,45.68453050272349,45.68453050272349,277,18
2024-10-15 19:00:00,50.89,85.4862758831968,34.596275883196796,34.596275883196796,277,19
2024-10-15 20:00:00,61.52,80.44614718249096,18.926147182490958,18.926147182490958,277,20
2024-10-15 21:00:00,44.47,77.19630707880044,32.726307078800446,32.726307078800446,277,21
2024-10-15 22:00:00,28.42,63.71924520515905,35.299245205159046,35.299245205159046,277,22
2024-10-15 23:00:00,12.8,55.56072016803463,42.760720168034624,42.760720168034624,277,23
2024-10-16 00:00:00,5.3,39.70886822000523,34.40886822000523,34.40886822000523,278,0
2024-10-16 01:00:00,3.61,34.629239612760124,31.019239612760124,31.019239612760124,278,1
2024-10-16 02:00:00,1.48,27.477444957780385,25.997444957780385,25.997444957780385,278,2
2024-10-16 03:00:00,12.36,34.62103112785044,22.261031127850444,22.261031127850444,278,3
2024-10-16 04:00:00,46.09,35.782926607422596,-10.307073392577408,10.307073392577408,278,4
2024-10-16 05:00:00,46.26,51.085141135449895,4.825141135449897,4.825141135449897,278,5
2024-10-16 06:00:00,59.55,75.02541844179954,15.475418441799548,15.475418441799548,278,6
2024-10-16 07:00:00,54.29,69.42036754392237,15.130367543922368,15.130367543922368,278,7
2024-10-16 08:00:00,26.68,58.821027690789194,32.141027690789194,32.141027690789194,278,8
2024-10-16 09:00:00,14.16,56.51713609288832,42.357136092888325,42.357136092888325,278,9
2024-10-16 10:00:00,4.09,60.62487107963781,56.53487107963781,56.53487107963781,278,10
2024-10-16 11:00:00,2.04,55.561154109604004,53.521154109604005,53.521154109604005,278,11
2024-10-16 12:00:00,4.0,41.36468451907747,37.36468451907747,37.36468451907747,278,12
2024-10-16 13:00:00,14.18,44.528883425093305,30.348883425093305,30.348883425093305,278,13
2024-10-16 14:00:00,30.84,58.63862280751536,27.79862280751536,27.79862280751536,278,14
2024-10-16 15:00:00,51.81,55.6558664704243,3.8458664704242977,3.8458664704242977,278,15
2024-10-16 16:00:00,75.74,73.66039306845705,-2.0796069315429406,2.0796069315429406,278,16
2024-10-16 17:00:00,83.91,88.41449278052157,4.5044927805215735,4.5044927805215735,278,17
2024-10-16 18:00:00,55.43,67.89655617972599,12.466556179725991,12.466556179725991,278,18
2024-10-16 19:00:00,46.65,56.86669618388652,10.21669618388652,10.21669618388652,278,19
2024-10-16 20:00:00,35.14,60.3956987019252,25.255698701925198,25.255698701925198,278,20
2024-10-16 21:00:00,26.54,48.77830692497521,22.238306924975213,22.238306924975213,278,21
2024-10-16 22:00:00,17.04,36.73326588253971,19.693265882539713,19.693265882539713,278,22
2024-10-16 23:00:00,12.15,25.195772855627652,13.045772855627652,13.045772855627652,278,23
2024-10-17 00:00:00,10.48,24.137881992434117,13.657881992434117,13.657881992434117,279,0
2024-10-17 01:00:00,5.61,21.702055240935735,16.092055240935736,16.092055240935736,279,1
2024-10-17 02:00:00,10.01,13.243325151909765,3.2333251519097654,3.2333251519097654,279,2
2024-10-17 03:00:00,24.02,19.864234967928212,-4.155765032071788,4.155765032071788,279,3
2024-10-17 04:00:00,63.38,45.15622841316551,-18.223771586834495,18.223771586834495,279,4
2024-10-17 05:00:00,84.34,39.190193022906975,-45.14980697709303,45.14980697709303,279,5
2024-10-17 06:00:00,83.93,62.88849951833491,-21.041500481665096,21.041500481665096,279,6
2024-10-17 07:00:00,82.27,55.87982049065178,-26.390179509348215,26.390179509348215,279,7
2024-10-17 08:00:00,76.61,38.708531837016146,-37.90146816298385,37.90146816298385,279,8
2024-10-17 09:00:00,70.76,38.727739217428926,-32.03226078257108,32.03226078257108,279,9
2024-10-17 10:00:00,61.79,38.34551925559011,-23.444480744409887,23.444480744409887,279,10
2024-10-17 11:00:00,60.92,34.273603530386,-26.646396469614004,26.646396469614004,279,11
2024-10-17 12:00:00,63.59,34.07697635030956,-29.513023649690446,29.513023649690446,279,12
2024-10-17 13:00:00,65.97,43.5173651904816,-22.4526348095184,22.4526348095184,279,13
2024-10-17 14:00:00,82.65,52.1150740665413,-30.53492593345871,30.53492593345871,279,14
2024-10-17 15:00:00,79.03,68.18707694632039,-10.842923053679613,10.842923053679613,279,15
2024-10-17 16:00:00,78.77,87.46332088909236,8.693320889092362,8.693320889092362,279,16
2024-10-17 17:00:00,99.6,100.319923084523,0.7199230845230034,0.7199230845230034,279,17
2024-10-17 18:00:00,82.27,87.98112411309921,5.711124113099217,5.711124113099217,279,18
2024-10-17 19:00:00,72.59,77.14374823721735,4.553748237217349,4.553748237217349,279,19
2024-10-17 20:00:00,71.08,64.27832914170237,-6.801670858297626,6.801670858297626,279,20
2024-10-17 21:00:00,68.06,57.862602454951215,-10.197397545048787,10.197397545048787,279,21
2024-10-17 22:00:00,50.1,44.48596964418438,-5.614030355815622,5.614030355815622,279,22
2024-10-17 23:00:00,45.62,38.77617200582752,-6.843827994172479,6.843827994172479,279,23
2024-10-18 00:00:00,38.06,26.16336343384078,-11.896636566159223,11.896636566159223,280,0
2024-10-18 01:00:00,30.3,24.416112218535922,-5.883887781464079,5.883887781464079,280,1
2024-10-18 02:00:00,20.4,31.87633741127241,11.47633741127241,11.47633741127241,280,2
2024-10-18 03:00:00,49.03,39.839033602098375,-9.190966397901626,9.190966397901626,280,3
2024-10-18 04:00:00,57.84,55.04658828359117,-2.7934117164088335,2.7934117164088335,280,4
2024-10-18 05:00:00,75.0,69.73883606959127,-5.261163930408728,5.261163930408728,280,5
2024-10-18 06:00:00,99.5,75.39498558301808,-24.105014416981916,24.105014416981916,280,6
2024-10-18 07:00:00,79.72,75.90744297856943,-3.812557021430564,3.812557021430564,280,7
2024-10-18 08:00:00,78.56,66.16230747822625,-12.397692521773749,12.397692521773749,280,8
2024-10-18 09:00:00,79.35,58.68777919177076,-20.662220808229236,20.662220808229236,280,9
2024-10-18 10:00:00,76.1,51.7699616278717,-24.330038372128293,24.330038372128293,280,10
2024-10-18 11:00:00,58.6,56.0260578945226,-2.5739421054774,2.5739421054774,280,11
2024-10-18 12:00:00,42.86,52.13032446456277,9.27032446456277,9.27032446456277,280,12
2024-10-18 13:00:00,49.52,43.287541095800826,-6.232458904199177,6.232458904199177,280,13
2024-10-18 14:00:00,51.41,63.314867521200384,11.904867521200387,11.904867521200387,280,14
2024-10-18 15:00:00,63.56,61.44132238157305,-2.1186776184269505,2.1186776184269505,280,15
2024-10-18 16:00:00,83.16,62.594922815897476,-20.56507718410252,20.56507718410252,280,16
2024-10-18 17:00:00,138.94,84.80945519330193,-54.13054480669807,54.13054480669807,280,17
2024-10-18 18:00:00,103.25,69.95687424496057,-33.293125755039426,33.293125755039426,280,18
2024-10-18 19:00:00,93.89,59.3481471429091,-34.5418528570909,34.5418528570909,280,19
2024-10-18 20:00:00,81.2,60.096750785057864,-21.10324921494214,21.10324921494214,280,20
2024-10-18 21:00:00,71.08,62.23041214554249,-8.84958785445751,8.84958785445751,280,21
2024-10-18 22:00:00,56.04,49.956936723471415,-6.083063276528584,6.083063276528584,280,22
2024-10-18 23:00:00,20.64,39.094308547975565,18.454308547975565,18.454308547975565,280,23
2024-10-19 00:00:00,24.83,27.614735494393756,2.7847354943937574,2.7847354943937574,281,0
2024-10-19 01:00:00,35.26,20.464052125754428,-14.79594787424557,14.79594787424557,281,1
2024-10-19 02:00:00,10.25,12.862011335388821,2.6120113353888215,2.6120113353888215,281,2
2024-10-19 03:00:00,27.68,27.60866895678607,-0.07133104321393091,0.07133104321393091,281,3
2024-10-19 04:00:00,54.78,35.32897850338716,-19.45102149661284,19.45102149661284,281,4
2024-10-19 05:00:00,34.37,40.21149493491171,5.841494934911715,5.841494934911715,281,5
2024-10-19 06:00:00,41.88,58.4243465157984,16.544346515798395,16.544346515798395,281,6
2024-10-19 07:00:00,44.67,45.47306493627866,0.803064936278659,0.803064936278659,281,7
2024-10-19 08:00:00,46.42,37.642702591801005,-8.777297408198997,8.777297408198997,281,8
2024-10-19 09:00:00,35.0,34.947839505256084,-0.05216049474391582,0.05216049474391582,281,9
2024-10-19 10:00:00,30.24,23.80260464695153,-6.437395353048469,6.437395353048469,281,10
2024-10-19 11:00:00,17.67,23.0431513192639,5.373151319263897,5.373151319263897,281,11
2024-10-19 12:00:00,13.17,17.497382490427142,4.3273824904271425,4.3273824904271425,281,12
2024-10-19 13:00:00,5.79,19.770133971295238,13.980133971295238,13.980133971295238,281,13
2024-10-19 14:00:00,5.05,34.22742233955072,29.17742233955072,29.17742233955072,281,14
2024-10-19 15:00:00,22.32,31.448137851003594,9.128137851003594,9.128137851003594,281,15
2024-10-19 16:00:00,44.13,49.63957130452073,5.509571304520726,5.509571304520726,281,16
2024-10-19 17:00:00,70.0,84.89627236254644,14.89627236254644,14.89627236254644,281,17
2024-10-19 18:00:00,69.59,56.89912335865502,-12.690876641344985,12.690876641344985,281,18
2024-10-19 19:00:00,58.81,51.112858587031596,-7.697141412968406,7.697141412968406,281,19
2024-10-19 20:00:00,72.78,33.96761746737596,-38.81238253262404,38.81238253262404,281,20
2024-10-19 21:00:00,73.33,30.69690058278246,-42.63309941721754,42.63309941721754,281,21
2024-10-19 22:00:00,37.46,22.373820620217472,-15.086179379782529,15.086179379782529,281,22
2024-10-19 23:00:00,27.55,-1.0768526240342027,-28.626852624034203,28.626852624034203,281,23
2024-10-20 00:00:00,25.77,7.829453687308245,-17.940546312691755,17.940546312691755,282,0
2024-10-20 01:00:00,13.24,5.417566936890552,-7.8224330631094485,7.8224330631094485,282,1
2024-10-20 02:00:00,11.57,-7.661439936257722,-19.231439936257722,19.231439936257722,282,2
2024-10-20 03:00:00,11.02,6.943045950365402,-4.0769540496345975,4.0769540496345975,282,3
2024-10-20 04:00:00,8.63,24.590373814310496,15.960373814310495,15.960373814310495,282,4
2024-10-20 05:00:00,8.87,12.034452644132571,3.164452644132572,3.164452644132572,282,5
2024-10-20 06:00:00,13.08,15.51224888056646,2.43224888056646,2.43224888056646,282,6
2024-10-20 07:00:00,13.16,14.634364906945287,1.4743649069452864,1.4743649069452864,282,7
2024-10-20 08:00:00,6.37,18.592263965115237,12.222263965115236,12.222263965115236,282,8
2024-10-20 09:00:00,0.08,15.86389279828768,15.78389279828768,15.78389279828768,282,9
2024-10-20 10:00:00,0.0,13.049774041181827,13.049774041181827,13.049774041181827,282,10
2024-10-20 11:00:00,-0.98,6.757140412437693,7.737140412437693,7.737140412437693,282,11
2024-10-20 12:00:00,-2.01,9.565692221427042,11.575692221427042,11.575692221427042,282,12
2024-10-20 13:00:00,0.0,5.804812126693818,5.804812126693818,5.804812126693818,282,13
2024-10-20 14:00:00,0.03,16.60887951482458,16.578879514824578,16.578879514824578,282,14
2024-10-20 15:00:00,8.64,25.197188792434652,16.55718879243465,16.55718879243465,282,15
2024-10-20 16:00:00,17.13,34.64655256855679,17.516552568556794,17.516552568556794,282,16
2024-10-20 17:00:00,47.41,61.159952483475905,13.749952483475909,13.749952483475909,282,17
2024-10-20 18:00:00,36.87,63.242044133268294,26.372044133268297,26.372044133268297,282,18
2024-10-20 19:00:00,24.08,54.00981306877766,29.929813068777662,29.929813068777662,282,19
2024-10-20 20:00:00,14.14,50.268932221311516,36.128932221311516,36.128932221311516,282,20
2024-10-20 21:00:00,2.24,40.56610483785139,38.32610483785139,38.32610483785139,282,21
2024-10-20 22:00:00,1.12,32.97458182959509,31.854581829595087,31.854581829595087,282,22
2024-10-20 23:00:00,0.05,12.985584715187784,12.935584715187783,12.935584715187783,282,23
2024-10-22 00:00:00,63.79,26.529138771451343,-37.260861228548656,37.260861228548656,284,0
2024-10-22 01:00:00,68.98,23.1540482379935,-45.825951762006504,45.825951762006504,284,1
2024-10-22 02:00:00,60.0,27.894683629218008,-32.10531637078199,32.10531637078199,284,2
2024-10-22 03:00:00,70.0,31.625494186218518,-38.37450581378148,38.37450581378148,284,3
2024-10-22 04:00:00,75.97,51.397878457803856,-24.572121542196143,24.572121542196143,284,4
2024-10-22 05:00:00,102.17,92.55793652570473,-9.612063474295269,9.612063474295269,284,5
2024-10-22 06:00:00,123.02,111.47308556731275,-11.546914432687245,11.546914432687245,284,6
2024-10-22 07:00:00,112.71,103.6422641599228,-9.06773584007719,9.06773584007719,284,7
2024-10-22 08:00:00,98.84,91.09936765342869,-7.740632346571317,7.740632346571317,284,8
2024-10-22 09:00:00,90.03,86.01080020157626,-4.019199798423742,4.019199798423742,284,9
2024-10-22 10:00:00,78.57,80.66744400331189,2.0974440033118924,2.0974440033118924,284,10
2024-10-22 11:00:00,70.88,70.92499154027968,0.044991540279681885,0.044991540279681885,284,11
2024-10-22 12:00:00,58.92,65.37970115345728,6.459701153457274,6.459701153457274,284,12
2024-10-22 13:00:00,53.54,59.95278523126943,6.412785231269432,6.412785231269432,284,13
2024-10-22 14:00:00,52.5,59.36437539674501,6.864375396745011,6.864375396745011,284,14
2024-10-22 15:00:00,74.99,73.08913862782718,-1.9008613721728125,1.9008613721728125,284,15
2024-10-22 16:00:00,118.32,82.86821211813788,-35.45178788186212,35.45178788186212,284,16
2024-10-22 17:00:00,158.91,122.46136329976899,-36.448636700231006,36.448636700231006,284,17
2024-10-22 18:00:00,112.02,103.98451548582179,-8.035484514178208,8.035484514178208,284,18
2024-10-22 19:00:00,100.0,83.86121592774316,-16.13878407225684,16.13878407225684,284,19
2024-10-22 20:00:00,95.78,82.24971023011159,-13.530289769888412,13.530289769888412,284,20
2024-10-22 21:00:00,88.35,84.63046084046498,-3.7195391595350173,3.7195391595350173,284,21
2024-10-22 22:00:00,77.21,67.81251954841656,-9.397480451583434,9.397480451583434,284,22
2024-10-22 23:00:00,79.25,52.94653700733271,-26.303462992667292,26.303462992667292,284,23
2024-10-23 00:00:00,71.0,45.14271570444883,-25.857284295551167,25.857284295551167,285,0
2024-10-23 01:00:00,64.32,48.30227077664055,-16.017729223359446,16.017729223359446,285,1
2024-10-23 02:00:00,64.29,40.66479265807358,-23.625207341926426,23.625207341926426,285,2
2024-10-23 03:00:00,65.0,45.368123859201276,-19.631876140798724,19.631876140798724,285,3
2024-10-23 04:00:00,84.98,47.110899759002805,-37.8691002409972,37.8691002409972,285,4
2024-10-23 05:00:00,102.1,68.26945635813526,-33.830543641864736,33.830543641864736,285,5
2024-10-23 06:00:00,134.71,85.5481184656855,-49.1618815343145,49.1618815343145,285,6
2024-10-23 07:00:00,110.06,83.3839734189821,-26.676026581017908,26.676026581017908,285,7
2024-10-23 08:00:00,85.0,70.46839635814099,-14.531603641859007,14.531603641859007,285,8
2024-10-23 09:00:00,69.54,62.378476835029154,-7.161523164970852,7.161523164970852,285,9
2024-10-23 10:00:00,64.08,56.319078230279345,-7.760921769720653,7.760921769720653,285,10
2024-10-23 11:00:00,56.58,49.879906499197205,-6.700093500802794,6.700093500802794,285,11
2024-10-23 12:00:00,56.08,44.18614358572779,-11.893856414272207,11.893856414272207,285,12
2024-10-23 13:00:00,59.99,34.811528326491185,-25.178471673508817,25.178471673508817,285,13
2024-10-23 14:00:00,63.4,39.147621407780036,-24.252378592219962,24.252378592219962,285,14
2024-10-23 15:00:00,71.99,51.97716522694134,-20.012834773058657,20.012834773058657,285,15
2024-10-23 16:00:00,103.41,81.91183371897527,-21.498166281024723,21.498166281024723,285,16
2024-10-23 17:00:00,155.8,107.80612211763614,-47.993877882363876,47.993877882363876,285,17
2024-10-23 18:00:00,114.63,90.86802968619686,-23.761970313803133,23.761970313803133,285,18
2024-10-23 19:00:00,96.25,75.27321881801309,-20.976781181986908,20.976781181986908,285,19
2024-10-23 20:00:00,99.87,67.22673223354619,-32.64326776645382,32.64326776645382,285,20
2024-10-23 21:00:00,93.16,61.765933461977404,-31.394066538022592,31.394066538022592,285,21
2024-10-23 22:00:00,51.61,57.66863895057487,6.058638950574874,6.058638950574874,285,22
2024-10-23 23:00:00,62.03,43.37389298112211,-18.65610701887789,18.65610701887789,285,23
2024-10-24 00:00:00,57.75,48.348956626661305,-9.401043373338695,9.401043373338695,286,0
2024-10-24 01:00:00,39.33,39.529962351006986,0.19996235100698811,0.19996235100698811,286,1
2024-10-24 02:00:00,43.11,47.76699828593307,4.656998285933071,4.656998285933071,286,2
2024-10-24 03:00:00,53.01,45.95803938828519,-7.0519606117148115,7.0519606117148115,286,3
2024-10-24 04:00:00,70.57,58.691933769677746,-11.878066230322247,11.878066230322247,286,4
2024-10-24 05:00:00,77.63,76.69634540660101,-0.9336545933989839,0.9336545933989839,286,5
2024-10-24 06:00:00,120.01,107.78041492846818,-12.22958507153183,12.22958507153183,286,6
2024-10-24 07:00:00,98.15,88.67018642305722,-9.479813576942789,9.479813576942789,286,7
2024-10-24 08:00:00,69.17,68.16578213717452,-1.0042178628254845,1.0042178628254845,286,8
2024-10-24 09:00:00,60.0,57.25630900872408,-2.743690991275919,2.743690991275919,286,9
2024-10-24 10:00:00,50.24,57.20818386426012,6.968183864260119,6.968183864260119,286,10
2024-10-24 11:00:00,43.54,53.05864990001019,9.518649900010189,9.518649900010189,286,11
2024-10-24 12:00:00,30.01,50.25781455885948,20.247814558859478,20.247814558859478,286,12
2024-10-24 13:00:00,24.55,46.99554297675901,22.44554297675901,22.44554297675901,286,13
2024-10-24 14:00:00,47.44,62.08809390473556,14.64809390473556,14.64809390473556,286,14
2024-10-24 15:00:00,60.4,68.85775918794704,8.45775918794704,8.45775918794704,286,15
2024-10-24 16:00:00,79.36,90.51924931016922,11.159249310169216,11.159249310169216,286,16
2024-10-24 17:00:00,110.16,133.47490708208224,23.314907082082243,23.314907082082243,286,17
2024-10-24 18:00:00,85.0,109.92932308354219,24.929323083542187,24.929323083542187,286,18
2024-10-24 19:00:00,86.23,91.4933141612357,5.263314161235698,5.263314161235698,286,19
2024-10-24 20:00:00,75.72,94.35720806702125,18.63720806702125,18.63720806702125,286,20
2024-10-24 21:00:00,67.0,89.54087928863345,22.540879288633448,22.540879288633448,286,21
2024-10-24 22:00:00,57.0,63.44632082698203,6.446320826982031,6.446320826982031,286,22
2024-10-24 23:00:00,40.09,60.161612243880334,20.07161224388033,20.07161224388033,286,23
2024-10-25 00:00:00,41.04,56.2247622226664,15.1847622226664,15.1847622226664,287,0
2024-10-25 01:00:00,42.3,43.45301711345999,1.1530171134599954,1.1530171134599954,287,1
2024-10-25 02:00:00,18.7,46.195379531439606,27.495379531439607,27.495379531439607,287,2
2024-10-25 03:00:00,35.78,46.77794288612429,10.997942886124292,10.997942886124292,287,3
2024-10-25 04:00:00,46.02,57.006716861763216,10.986716861763213,10.986716861763213,287,4
2024-10-25 05:00:00,55.05,65.33551550090681,10.285515500906811,10.285515500906811,287,5
2024-10-25 06:00:00,67.72,97.77432970860609,30.05432970860609,30.05432970860609,287,6
2024-10-25 07:00:00,79.64,86.2290813161925,6.589081316192505,6.589081316192505,287,7
2024-10-25 08:00:00,70.0,63.74537582324933,-6.254624176750667,6.254624176750667,287,8
2024-10-25 09:00:00,60.0,61.067479839390714,1.067479839390714,1.067479839390714,287,9
2024-10-25 10:00:00,55.83,53.22704592695646,-2.6029540730435414,2.6029540730435414,287,10
2024-10-25 11:00:00,54.0,52.45325021696591,-1.5467497830340875,1.5467497830340875,287,11
2024-10-25 12:00:00,50.0,42.70491068116815,-7.295089318831849,7.295089318831849,287,12
2024-10-25 13:00:00,42.0,39.41658776503706,-2.5834122349629425,2.5834122349629425,287,13
2024-10-25 14:00:00,40.0,56.22171641397421,16.221716413974207,16.221716413974207,287,14
2024-10-25 15:00:00,53.9,67.75246176963394,13.85246176963394,13.85246176963394,287,15
2024-10-25 16:00:00,70.57,76.47126103824993,5.901261038249942,5.901261038249942,287,16
2024-10-25 17:00:00,102.17,106.37700735390632,4.20700735390632,4.20700735390632,287,17
2024-10-25 18:00:00,103.06,91.13313994985518,-11.926860050144825,11.926860050144825,287,18
2024-10-25 19:00:00,85.37,88.60617038124448,3.2361703812444773,3.2361703812444773,287,19
2024-10-25 20:00:00,79.03,76.80708435782385,-2.2229156421761473,2.2229156421761473,287,20
2024-10-25 21:00:00,74.0,71.54234255711262,-2.457657442887381,2.457657442887381,287,21
2024-10-25 22:00:00,67.82,64.0849191135518,-3.7350808864481877,3.7350808864481877,287,22
2024-10-25 23:00:00,56.29,50.083687306091974,-6.206312693908025,6.206312693908025,287,23
2024-10-26 00:00:00,50.0,37.602980514144775,-12.397019485855225,12.397019485855225,288,0
2024-10-26 01:00:00,42.76,33.95450805596093,-8.805491944039069,8.805491944039069,288,1
2024-10-26 02:00:00,37.01,20.415599544884415,-16.594400455115583,16.594400455115583,288,2
2024-10-26 03:00:00,41.94,25.66347894744395,-16.27652105255605,16.27652105255605,288,3
2024-10-26 04:00:00,50.1,33.19484827452564,-16.90515172547436,16.90515172547436,288,4
2024-10-26 05:00:00,56.5,39.44617682837925,-17.05382317162075,17.05382317162075,288,5
2024-10-26 06:00:00,57.82,53.41664431806822,-4.403355681931778,4.403355681931778,288,6
2024-10-26 07:00:00,65.56,57.83910074073049,-7.720899259269515,7.720899259269515,288,7
2024-10-26 08:00:00,56.08,46.30669553068827,-9.773304469311725,9.773304469311725,288,8
2024-10-26 09:00:00,45.06,41.072905829787985,-3.9870941702120177,3.9870941702120177,288,9
2024-10-26 10:00:00,48.22,40.234582493875386,-7.985417506124612,7.985417506124612,288,10
2024-10-26 11:00:00,53.84,38.57673871949062,-15.263261280509383,15.263261280509383,288,11
2024-10-26 12:00:00,45.97,35.831447574712826,-10.138552425287173,10.138552425287173,288,12
2024-10-26 13:00:00,46.02,31.009766812417432,-15.010233187582571,15.010233187582571,288,13
2024-10-26 14:00:00,57.93,34.53238794041879,-23.397612059581206,23.397612059581206,288,14
2024-10-26 15:00:00,48.04,44.326802002483845,-3.713197997516154,3.713197997516154,288,15
2024-10-26 16:00:00,61.35,58.49769505093724,-2.8523049490627628,2.8523049490627628,288,16
2024-10-26 17:00:00,99.02,85.11730052049529,-13.902699479504705,13.902699479504705,288,17
2024-10-26 18:00:00,83.3,86.78185638646295,3.481856386462951,3.481856386462951,288,18
2024-10-26 19:00:00,59.59,75.02233358944615,15.432333589446145,15.432333589446145,288,19
2024-10-26 20:00:00,68.22,67.04999082428778,-1.1700091757122237,1.1700091757122237,288,20
2024-10-26 21:00:00,75.0,63.00474059851879,-11.995259401481214,11.995259401481214,288,21
2024-10-26 22:00:00,87.71,56.37730991816271,-31.332690081837285,31.332690081837285,288,22
2024-10-26 23:00:00,83.31,41.17506243261539,-42.13493756738461,42.13493756738461,288,23
2024-10-27 00:00:00,82.23,41.93186520692745,-40.298134793072556,40.298134793072556,289,0
2024-10-27 01:00:00,80.43,30.832460670059923,-49.59753932994008,49.59753932994008,289,1
2024-10-27 02:00:00,44.38,23.455249941946782,-20.92475005805322,20.92475005805322,289,2
2024-10-27 03:00:00,59.91,27.74683568196867,-32.16316431803133,32.16316431803133,289,3
2024-10-27 04:00:00,52.93,31.245796755735086,-21.684203244264914,21.684203244264914,289,4
2024-10-27 05:00:00,71.02,31.605486742858318,-39.41451325714168,39.41451325714168,289,5
2024-10-27 06:00:00,86.24,42.27269289480045,-43.967307105199545,43.967307105199545,289,6
2024-10-27 07:00:00,81.3,42.569619343175596,-38.7303806568244,38.7303806568244,289,7
2024-10-27 08:00:00,64.36,33.21844827008601,-31.141551729913992,31.141551729913992,289,8
2024-10-27 09:00:00,54.72,27.093394745179516,-27.626605254820483,27.626605254820483,289,9
2024-10-27 10:00:00,42.5,29.451792426164985,-13.048207573835015,13.048207573835015,289,10
2024-10-27 11:00:00,39.99,36.53880482487186,-3.4511951751281416,3.4511951751281416,289,11
2024-10-27 12:00:00,40.0,29.600057119566927,-10.399942880433073,10.399942880433073,289,12
2024-10-27 13:00:00,55.19,26.589696913170776,-28.60030308682922,28.60030308682922,289,13
2024-10-27 14:00:00,44.99,39.35006139673117,-5.639938603268831,5.639938603268831,289,14
2024-10-27 15:00:00,63.97,32.732983454352954,-31.237016545647045,31.237016545647045,289,15
2024-10-27 16:00:00,81.25,40.05107965022886,-41.19892034977114,41.19892034977114,289,16
2024-10-27 17:00:00,96.27,70.53745876497607,-25.73254123502393,25.73254123502393,289,17
2024-10-27 18:00:00,128.7,67.5348823925844,-61.165117607415596,61.165117607415596,289,18
2024-10-27 19:00:00,115.51,56.51855280576497,-58.991447194235036,58.991447194235036,289,19
2024-10-27 20:00:00,107.36,53.382029223173966,-53.977970776826034,53.977970776826034,289,20
2024-10-27 21:00:00,90.58,55.732071984106184,-34.847928015893814,34.847928015893814,289,21
2024-10-27 22:00:00,102.99,58.46802575736742,-44.521974242632574,44.521974242632574,289,22
2024-10-27 23:00:00,79.32,46.45482680704901,-32.865173192950984,32.865173192950984,289,23
2024-10-28 00:00:00,50.31,76.82781609846342,26.517816098463413,26.517816098463413,290,0
2024-10-28 01:00:00,49.0,73.53895606733673,24.538956067336727,24.538956067336727,290,1
2024-10-28 02:00:00,43.1,50.78469340176645,7.684693401766445,7.684693401766445,290,2
2024-10-28 03:00:00,43.92,59.7640180822376,15.844018082237596,15.844018082237596,290,3
2024-10-28 04:00:00,49.2,56.75228211949964,7.552282119499637,7.552282119499637,290,4
2024-10-28 05:00:00,65.78,69.74446025947374,3.9644602594737393,3.9644602594737393,290,5
2024-10-28 06:00:00,86.74,85.94962757089262,-0.7903724291073786,0.7903724291073786,290,6
2024-10-28 07:00:00,98.94,83.63242067940975,-15.30757932059025,15.30757932059025,290,7
2024-10-28 08:00:00,79.06,70.36662591403778,-8.693374085962219,8.693374085962219,290,8
2024-10-28 09:00:00,69.39,63.63180042335959,-5.758199576640408,5.758199576640408,290,9
2024-10-28 10:00:00,65.76,54.740778406663374,-11.019221593336631,11.019221593336631,290,10
2024-10-28 11:00:00,64.6,58.23716785557443,-6.3628321444255675,6.3628321444255675,290,11
2024-10-28 12:00:00,65.41,55.7172257018928,-9.692774298107196,9.692774298107196,290,12
2024-10-28 13:00:00,70.23,65.09971481195633,-5.130285188043672,5.130285188043672,290,13
2024-10-28 14:00:00,83.74,62.70511999521858,-21.034880004781414,21.034880004781414,290,14
2024-10-28 15:00:00,91.33,70.94648567643277,-20.383514323567226,20.383514323567226,290,15
2024-10-28 16:00:00,115.57,80.53990682339534,-35.03009317660465,35.03009317660465,290,16
2024-10-28 17:00:00,150.0,103.57186765253023,-46.42813234746977,46.42813234746977,290,17
2024-10-28 18:00:00,133.66,122.02543456455459,-11.63456543544541,11.63456543544541,290,18
2024-10-28 19:00:00,115.73,110.60126976186886,-5.128730238131141,5.128730238131141,290,19
2024-10-28 20:00:00,110.49,100.19315197817406,-10.296848021825937,10.296848021825937,290,20
2024-10-28 21:00:00,98.61,85.62888519843716,-12.981114801562839,12.981114801562839,290,21
2024-10-28 22:00:00,90.33,93.55550649915197,3.225506499151976,3.225506499151976,290,22
2024-10-28 23:00:00,70.0,75.33841719331649,5.338417193316488,5.338417193316488,290,23
2024-10-29 00:00:00,65.14,49.874662923507,-15.265337076492997,15.265337076492997,291,0
2024-10-29 01:00:00,56.21,48.287679938049614,-7.922320061950387,7.922320061950387,291,1
2024-10-29 02:00:00,49.28,42.42393914965074,-6.856060850349259,6.856060850349259,291,2
2024-10-29 03:00:00,49.04,44.26356333013435,-4.776436669865646,4.776436669865646,291,3
2024-10-29 04:00:00,58.4,51.19227845741375,-7.207721542586249,7.207721542586249,291,4
2024-10-29 05:00:00,70.84,67.94123683527054,-2.898763164729459,2.898763164729459,291,5
2024-10-29 06:00:00,83.09,86.82036031391067,3.7303603139106656,3.7303603139106656,291,6
2024-10-29 07:00:00,98.77,91.04232403792543,-7.727675962074571,7.727675962074571,291,7
2024-10-29 08:00:00,109.88,74.5900907363471,-35.2899092636529,35.2899092636529,291,8
2024-10-29 09:00:00,106.4,68.09638785953376,-38.30361214046624,38.30361214046624,291,9
2024-10-29 10:00:00,97.39,63.40378945050439,-33.98621054949561,33.98621054949561,291,10
2024-10-29 11:00:00,94.83,60.8966948133768,-33.9333051866232,33.9333051866232,291,11
2024-10-29 12:00:00,86.61,61.915764624859854,-24.694235375140146,24.694235375140146,291,12
2024-10-29 13:00:00,82.91,69.33380005880764,-13.576199941192357,13.576199941192357,291,13
2024-10-29 14:00:00,71.1,75.53046715135828,4.430467151358286,4.430467151358286,291,14
2024-10-29 15:00:00,73.61,84.27014659028335,10.660146590283347,10.660146590283347,291,15
2024-10-29 16:00:00,96.75,95.71131653570254,-1.0386834642974634,1.0386834642974634,291,16
2024-10-29 17:00:00,160.11,127.08835932193648,-33.021640678063534,33.021640678063534,291,17
2024-10-29 18:00:00,150.79,113.30637711314921,-37.48362288685078,37.48362288685078,291,18
2024-10-29 19:00:00,108.55,101.39191839877662,-7.158081601223373,7.158081601223373,291,19
2024-10-29 20:00:00,90.0,97.48096190265693,7.480961902656929,7.480961902656929,291,20
2024-10-29 21:00:00,83.22,90.61367826548256,7.3936782654825635,7.3936782654825635,291,21
2024-10-29 22:00:00,68.7,86.17575817749074,17.475758177490732,17.475758177490732,291,22
2024-10-29 23:00:00,66.0,67.48940367948524,1.4894036794852354,1.4894036794852354,291,23
2024-10-30 00:00:00,55.0,63.60946519280615,8.609465192806148,8.609465192806148,292,0
2024-10-30 01:00:00,52.99,52.944080628419655,-0.045919371580346535,0.045919371580346535,292,1
2024-10-30 02:00:00,44.6,48.81737542762677,4.21737542762677,4.21737542762677,292,2
2024-10-30 03:00:00,40.0,50.52540390441328,10.525403904413281,10.525403904413281,292,3
2024-10-30 04:00:00,52.5,54.64360243055235,2.143602430552349,2.143602430552349,292,4
2024-10-30 05:00:00,68.68,65.40809862920179,-3.2719013707982185,3.2719013707982185,292,5
2024-10-30 06:00:00,76.04,78.70771351167616,2.667713511676155,2.667713511676155,292,6
2024-10-30 07:00:00,90.25,85.83283851638217,-4.417161483617832,4.417161483617832,292,7
2024-10-30 08:00:00,91.56,85.41266835043795,-6.147331649562048,6.147331649562048,292,8
2024-10-30 09:00:00,69.7,83.78621328122576,14.086213281225753,14.086213281225753,292,9
2024-10-30 10:00:00,69.57,77.38471505935391,7.814715059353915,7.814715059353915,292,10
2024-10-30 11:00:00,73.05,70.02769633345953,-3.0223036665404663,3.0223036665404663,292,11
2024-10-30 12:00:00,73.52,67.11139461029985,-6.408605389700142,6.408605389700142,292,12
2024-10-30 13:00:00,69.57,68.89686834480415,-0.6731316551958457,0.6731316551958457,292,13
2024-10-30 14:00:00,72.65,66.19108997511829,-6.4589100248817175,6.4589100248817175,292,14
2024-10-30 15:00:00,86.81,71.00453060193803,-15.805469398061973,15.805469398061973,292,15
2024-10-30 16:00:00,102.3,86.78639607176288,-15.513603928237117,15.513603928237117,292,16
2024-10-30 17:00:00,145.0,130.28615162699134,-14.713848373008659,14.713848373008659,292,17
2024-10-30 18:00:00,143.36,126.80065087009024,-16.559349129909776,16.559349129909776,292,18
2024-10-30 19:00:00,107.19,103.68099537937144,-3.5090046206285592,3.5090046206285592,292,19
2024-10-30 20:00:00,74.61,89.41249851554656,14.80249851554656,14.80249851554656,292,20
2024-10-30 21:00:00,84.71,82.34960446156987,-2.360395538430126,2.360395538430126,292,21
2024-10-30 22:00:00,88.01,70.19778880487982,-17.812211195120184,17.812211195120184,292,22
2024-10-30 23:00:00,80.0,59.27398057805537,-20.726019421944628,20.726019421944628,292,23
2024-10-31 00:00:00,76.79,53.82409692351378,-22.965903076486228,22.965903076486228,293,0
2024-10-31 01:00:00,75.0,47.344493912083806,-27.655506087916194,27.655506087916194,293,1
2024-10-31 02:00:00,72.59,43.08531563344271,-29.504684366557292,29.504684366557292,293,2
2024-10-31 03:00:00,70.99,41.11591485667301,-29.874085143326987,29.874085143326987,293,3
2024-10-31 04:00:00,77.0,49.66026621670048,-27.339733783299522,27.339733783299522,293,4
2024-10-31 05:00:00,88.39,64.84749482078053,-23.542505179219475,23.542505179219475,293,5
2024-10-31 06:00:00,117.05,77.0941567964975,-39.955843203502496,39.955843203502496,293,6
2024-10-31 07:00:00,121.58,84.13485320071493,-37.44514679928507,37.44514679928507,293,7
2024-10-31 08:00:00,102.8,79.08332566571782,-23.716674334282175,23.716674334282175,293,8
2024-10-31 09:00:00,93.2,68.9214078130484,-24.2785921869516,24.2785921869516,293,9
2024-10-31 10:00:00,85.04,72.63338586837651,-12.406614131623499,12.406614131623499,293,10
2024-10-31 11:00:00,88.91,73.94105064607803,-14.968949353921971,14.968949353921971,293,11
2024-10-31 12:00:00,85.31,72.47468438378961,-12.835315616210394,12.835315616210394,293,12
2024-10-31 13:00:00,85.51,67.3938002543748,-18.11619974562521,18.11619974562521,293,13
2024-10-31 14:00:00,95.5,75.84211480075842,-19.657885199241576,19.657885199241576,293,14
2024-10-31 15:00:00,113.0,84.23037839786117,-28.769621602138827,28.769621602138827,293,15
2024-10-31 16:00:00,130.0,98.77665049993016,-31.223349500069844,31.223349500069844,293,16
2024-10-31 17:00:00,134.14,128.3214786566755,-5.818521343324477,5.818521343324477,293,17
2024-10-31 18:00:00,124.95,126.96444339702609,2.014443397026085,2.014443397026085,293,18
2024-10-31 19:00:00,111.31,100.18851553519568,-11.121484464804325,11.121484464804325,293,19
2024-10-31 20:00:00,101.25,77.74585406692006,-23.50414593307994,23.50414593307994,293,20
2024-10-31 21:00:00,104.64,83.85954670497347,-20.780453295026533,20.780453295026533,293,21
2024-10-31 22:00:00,93.56,79.33534467555587,-14.224655324444129,14.224655324444129,293,22
2024-10-31 23:00:00,86.48,65.36602059206596,-21.11397940793404,21.11397940793404,293,23
2024-11-01 00:00:00,81.71,62.45753235118754,-19.252467648812456,19.252467648812456,294,0
2024-11-01 01:00:00,75.0,56.08883911003252,-18.911160889967483,18.911160889967483,294,1
2024-11-01 02:00:00,69.46,55.76624034384653,-13.69375965615346,13.69375965615346,294,2
2024-11-01 03:00:00,66.94,53.28466601045915,-13.65533398954085,13.65533398954085,294,3
2024-11-01 04:00:00,71.66,59.5053729919837,-12.154627008016298,12.154627008016298,294,4
2024-11-01 05:00:00,73.84,65.50341557192517,-8.33658442807483,8.33658442807483,294,5
2024-11-01 06:00:00,78.0,85.37288999034355,7.372889990343552,7.372889990343552,294,6
2024-11-01 07:00:00,73.09,92.63860138748689,19.548601387486883,19.548601387486883,294,7
2024-11-01 08:00:00,70.0,77.68111566910339,7.6811156691033915,7.6811156691033915,294,8
2024-11-01 09:00:00,66.71,70.04359630959637,3.3335963095963734,3.3335963095963734,294,9
2024-11-01 10:00:00,46.74,69.61293349441884,22.872933494418838,22.872933494418838,294,10
2024-11-01 11:00:00,49.99,69.6152015327139,19.625201532713895,19.625201532713895,294,11
2024-11-01 12:00:00,46.04,61.51952321206472,15.47952321206472,15.47952321206472,294,12
2024-11-01 13:00:00,60.0,65.7331921786004,5.7331921786004045,5.7331921786004045,294,13
2024-11-01 14:00:00,70.43,68.31111001509767,-2.1188899849023386,2.1188899849023386,294,14
2024-11-01 15:00:00,83.76,77.59652587135797,-6.1634741286420365,6.1634741286420365,294,15
2024-11-01 16:00:00,105.48,94.6777084967208,-10.802291503279207,10.802291503279207,294,16
2024-11-01 17:00:00,125.88,110.97996554141423,-14.900034458585765,14.900034458585765,294,17
2024-11-01 18:00:00,120.01,102.609816079326,-17.40018392067401,17.40018392067401,294,18
2024-11-01 19:00:00,115.45,88.55257039853689,-26.897429601463116,26.897429601463116,294,19
2024-11-01 20:00:00,106.37,75.96071258560973,-30.409287414390278,30.409287414390278,294,20
2024-11-01 21:00:00,101.09,78.97995373694077,-22.110046263059232,22.110046263059232,294,21
2024-11-01 22:00:00,93.92,70.45798459438873,-23.462015405611268,23.462015405611268,294,22
2024-11-01 23:00:00,96.28,62.40202534419087,-33.87797465580913,33.87797465580913,294,23
2024-11-03 00:00:00,91.36,62.00070327086136,-29.35929672913864,29.35929672913864,296,0
2024-11-03 01:00:00,85.51,55.46631352258895,-30.043686477411057,30.043686477411057,296,1
2024-11-03 02:00:00,85.0,55.52154124299342,-29.478458757006578,29.478458757006578,296,2
2024-11-03 03:00:00,76.25,51.6866889131216,-24.5633110868784,24.5633110868784,296,3
2024-11-03 04:00:00,75.12,53.874599888121764,-21.24540011187824,21.24540011187824,296,4
2024-11-03 05:00:00,84.18,55.305188554957944,-28.874811445042063,28.874811445042063,296,5
2024-11-03 06:00:00,87.14,65.55766375258104,-21.582336247418965,21.582336247418965,296,6
2024-11-03 07:00:00,77.89,73.55269135449119,-4.337308645508813,4.337308645508813,296,7
2024-11-03 08:00:00,58.13,71.11118428116067,12.981184281160672,12.981184281160672,296,8
2024-11-03 09:00:00,51.29,64.78352546980042,13.493525469800424,13.493525469800424,296,9
2024-11-03 10:00:00,47.86,57.56459464873433,9.704594648734329,9.704594648734329,296,10
2024-11-03 11:00:00,52.63,52.634063912588616,0.00406391258861305,0.00406391258861305,296,11
2024-11-03 12:00:00,40.0,51.00164823015005,11.001648230150053,11.001648230150053,296,12
2024-11-03 13:00:00,26.0,45.0609502709997,19.060950270999697,19.060950270999697,296,13
2024-11-03 14:00:00,44.49,46.56245338101304,2.072453381013041,2.072453381013041,296,14
2024-11-03 15:00:00,82.85,48.40895666778924,-34.441043332210754,34.441043332210754,296,15
2024-11-03 16:00:00,99.91,62.33782590478988,-37.572174095210116,37.572174095210116,296,16
2024-11-03 17:00:00,118.11,79.51608772448651,-38.59391227551349,38.59391227551349,296,17
2024-11-03 18:00:00,114.01,84.40819987676414,-29.60180012323586,29.60180012323586,296,18
2024-11-03 19:00:00,111.04,83.86545800977781,-27.174541990222195,27.174541990222195,296,19
2024-11-03 20:00:00,102.54,81.19223237406054,-21.34776762593947,21.34776762593947,296,20
2024-11-03 21:00:00,100.2,78.19285959045642,-22.00714040954358,22.00714040954358,296,21
2024-11-03 22:00:00,95.24,70.98456411850611,-24.25543588149388,24.25543588149388,296,22
2024-11-03 23:00:00,92.04,60.88248935072566,-31.157510649274343,31.157510649274343,296,23
2024-11-04 00:00:00,89.96,88.53969908383496,-1.4203009161650328,1.4203009161650328,297,0
2024-11-04 01:00:00,90.07,81.8660530350049,-8.203946964995097,8.203946964995097,297,1
2024-11-04 02:00:00,83.82,78.42632288116681,-5.393677118833182,5.393677118833182,297,2
2024-11-04 03:00:00,85.36,73.66981238362185,-11.690187616378154,11.690187616378154,297,3
2024-11-04 04:00:00,89.89,76.87826368052316,-13.011736319476839,13.011736319476839,297,4
2024-11-04 05:00:00,104.14,86.57849240549378,-17.561507594506224,17.561507594506224,297,5
2024-11-04 06:00:00,121.54,93.1784569908806,-28.3615430091194,28.3615430091194,297,6
2024-11-04 07:00:00,124.08,92.17623935018528,-31.903760649814714,31.903760649814714,297,7
2024-11-04 08:00:00,118.04,78.93397510037,-39.10602489963,39.10602489963,297,8
2024-11-04 09:00:00,99.88,76.04662819150163,-23.83337180849837,23.83337180849837,297,9
2024-11-04 10:00:00,93.32,70.98943700331222,-22.330562996687775,22.330562996687775,297,10
2024-11-04 11:00:00,91.39,70.568320185486,-20.821679814514,20.821679814514,297,11
2024-11-04 12:00:00,90.1,61.55897454497483,-28.541025455025164,28.541025455025164,297,12
2024-11-04 13:00:00,92.4,52.41052608298022,-39.98947391701979,39.98947391701979,297,13
2024-11-04 14:00:00,109.64,68.42055758414445,-41.21944241585555,41.21944241585555,297,14
2024-11-04 15:00:00,120.94,89.72402897848391,-31.215971021516083,31.215971021516083,297,15
2024-11-04 16:00:00,135.24,106.28270419134142,-28.957295808658586,28.957295808658586,297,16
2024-11-04 17:00:00,160.54,124.57224574545583,-35.96775425454416,35.96775425454416,297,17
2024-11-04 18:00:00,151.52,123.27805237480314,-28.24194762519687,28.24194762519687,297,18
2024-11-04 19:00:00,123.0,119.54926796685521,-3.4507320331447886,3.4507320331447886,297,19
2024-11-04 20:00:00,113.78,112.33173052818124,-1.4482694718187616,1.4482694718187616,297,20
2024-11-04 21:00:00,109.07,110.72320242876262,1.6532024287626257,1.6532024287626257,297,21
2024-11-04 22:00:00,99.43,102.87598840643847,3.4459884064384596,3.4459884064384596,297,22
2024-11-04 23:00:00,101.47,91.20769992805403,-10.262300071945972,10.262300071945972,297,23
2024-11-05 00:00:00,94.0,83.12851786461127,-10.871482135388732,10.871482135388732,298,0
2024-11-05 01:00:00,88.38,80.09910879948502,-8.280891200514972,8.280891200514972,298,1
2024-11-05 02:00:00,80.34,74.22739318106505,-6.11260681893495,6.11260681893495,298,2
2024-11-05 03:00:00,83.31,78.34824970541897,-4.961750294581037,4.961750294581037,298,3
2024-11-05 04:00:00,84.5,81.94560176826774,-2.5543982317322644,2.5543982317322644,298,4
2024-11-05 05:00:00,110.17,94.32209280218956,-15.847907197810443,15.847907197810443,298,5
2024-11-05 06:00:00,124.09,109.70353419451047,-14.386465805489536,14.386465805489536,298,6
2024-11-05 07:00:00,133.14,117.77296733272317,-15.367032667276817,15.367032667276817,298,7
2024-11-05 08:00:00,118.23,108.08387797318252,-10.14612202681748,10.14612202681748,298,8
2024-11-05 09:00:00,105.87,98.07311806831851,-7.796881931681497,7.796881931681497,298,9
2024-11-05 10:00:00,95.28,90.77863045648891,-4.501369543511089,4.501369543511089,298,10
2024-11-05 11:00:00,94.92,85.28889075597563,-9.631109244024373,9.631109244024373,298,11
2024-11-05 12:00:00,99.25,87.22442943127302,-12.025570568726977,12.025570568726977,298,12
2024-11-05 13:00:00,109.5,84.43488343333749,-25.06511656666251,25.06511656666251,298,13
2024-11-05 14:00:00,111.33,99.24964884368347,-12.080351156316524,12.080351156316524,298,14
2024-11-05 15:00:00,115.54,107.26696229069013,-8.273037709309875,8.273037709309875,298,15
2024-11-05 16:00:00,132.5,119.29381943364687,-13.206180566353126,13.206180566353126,298,16
2024-11-05 17:00:00,193.0,136.1616889275653,-56.83831107243469,56.83831107243469,298,17
2024-11-05 18:00:00,186.2,133.50353855715264,-52.69646144284735,52.69646144284735,298,18
2024-11-05 19:00:00,154.45,118.81713688018667,-35.63286311981332,35.63286311981332,298,19
2024-11-05 20:00:00,124.41,109.0449620271283,-15.36503797287169,15.36503797287169,298,20
2024-11-05 21:00:00,117.77,105.90338770287131,-11.866612297128682,11.866612297128682,298,21
2024-11-05 22:00:00,110.03,95.45854079764969,-14.571459202350312,14.571459202350312,298,22
2024-11-05 23:00:00,104.61,90.13631328606772,-14.473686713932281,14.473686713932281,298,23
2024-11-06 00:00:00,99.05,83.45038971906807,-15.599610280931927,15.599610280931927,299,0
2024-11-06 01:00:00,94.95,75.98999655674743,-18.960003443252575,18.960003443252575,299,1
2024-11-06 02:00:00,87.87,70.35885232561554,-17.51114767438446,17.51114767438446,299,2
2024-11-06 03:00:00,87.62,74.1996791456144,-13.420320854385608,13.420320854385608,299,3
2024-11-06 04:00:00,100.63,73.91934920168555,-26.710650798314447,26.710650798314447,299,4
2024-11-06 05:00:00,116.29,87.30582928447181,-28.984170715528194,28.984170715528194,299,5
2024-11-06 06:00:00,125.01,103.2743959593172,-21.7356040406828,21.7356040406828,299,6
2024-11-06 07:00:00,128.89,104.39826003249243,-24.491739967507556,24.491739967507556,299,7
2024-11-06 08:00:00,123.47,91.81381583909459,-31.65618416090541,31.65618416090541,299,8
2024-11-06 09:00:00,118.27,81.76777290522084,-36.50222709477916,36.50222709477916,299,9
2024-11-06 10:00:00,115.76,73.70408836252027,-42.05591163747974,42.05591163747974,299,10
2024-11-06 11:00:00,111.0,74.05728734183268,-36.94271265816732,36.94271265816732,299,11
2024-11-06 12:00:00,114.66,80.99181086741304,-33.66818913258696,33.66818913258696,299,12
2024-11-06 13:00:00,103.22,84.68797520848521,-18.532024791514786,18.532024791514786,299,13
2024-11-06 14:00:00,104.78,90.77770759276595,-14.002292407234052,14.002292407234052,299,14
2024-11-06 15:00:00,105.8,102.10839766898965,-3.691602331010344,3.691602331010344,299,15
2024-11-06 16:00:00,128.03,113.82539182004967,-14.204608179950327,14.204608179950327,299,16
2024-11-06 17:00:00,171.89,150.5884332012385,-21.301566798761485,21.301566798761485,299,17
2024-11-06 18:00:00,167.02,145.05867481270485,-21.96132518729516,21.96132518729516,299,18
2024-11-06 19:00:00,135.18,127.94096334946798,-7.239036650532029,7.239036650532029,299,19
2024-11-06 20:00:00,123.55,104.77198599798656,-18.778014002013435,18.778014002013435,299,20
2024-11-06 21:00:00,117.39,98.80632599064879,-18.583674009351213,18.583674009351213,299,21
2024-11-06 22:00:00,110.79,88.74655527989123,-22.04344472010878,22.04344472010878,299,22
2024-11-06 23:00:00,100.35,86.3782391801626,-13.9717608198374,13.9717608198374,299,23
2024-11-07 00:00:00,94.8,87.39086863406334,-7.409131365936659,7.409131365936659,300,0
2024-11-07 01:00:00,94.01,83.06353914833917,-10.94646085166083,10.94646085166083,300,1
2024-11-07 02:00:00,88.07,75.19391247355617,-12.876087526443825,12.876087526443825,300,2
2024-11-07 03:00:00,83.77,75.67917146754458,-8.090828532455419,8.090828532455419,300,3
2024-11-07 04:00:00,90.96,79.30534147175885,-11.654658528241143,11.654658528241143,300,4
2024-11-07 05:00:00,107.24,94.39413402687492,-12.845865973125072,12.845865973125072,300,5
2024-11-07 06:00:00,122.76,102.44614866460219,-20.313851335397814,20.313851335397814,300,6
2024-11-07 07:00:00,127.51,108.42018952163889,-19.089810478361116,19.089810478361116,300,7
2024-11-07 08:00:00,120.04,102.89931829158317,-17.140681708416835,17.140681708416835,300,8
2024-11-07 09:00:00,105.6,100.00965405094591,-5.5903459490540826,5.5903459490540826,300,9
2024-11-07 10:00:00,101.61,95.80487775744108,-5.805122242558923,5.805122242558923,300,10
2024-11-07 11:00:00,106.18,91.33820199742928,-14.841798002570727,14.841798002570727,300,11
2024-11-07 12:00:00,90.0,97.42338941000752,7.423389410007516,7.423389410007516,300,12
2024-11-07 13:00:00,92.0,91.86781398056903,-0.13218601943097497,0.13218601943097497,300,13
2024-11-07 14:00:00,106.87,96.38714461285662,-10.482855387143388,10.482855387143388,300,14
2024-11-07 15:00:00,119.16,102.62667618766983,-16.533323812330167,16.533323812330167,300,15
2024-11-07 16:00:00,122.98,114.7195737791195,-8.260426220880504,8.260426220880504,300,16
2024-11-07 17:00:00,151.49,146.4628445313755,-5.0271554686245,5.0271554686245,300,17
2024-11-07 18:00:00,144.66,144.7814277153671,0.12142771536710484,0.12142771536710484,300,18
2024-11-07 19:00:00,130.99,125.35807778843619,-5.631922211563818,5.631922211563818,300,19
2024-11-07 20:00:00,114.11,114.44720364206304,0.3372036420630451,0.3372036420630451,300,20
2024-11-07 21:00:00,112.06,108.51645533794503,-3.5435446620549698,3.5435446620549698,300,21
2024-11-07 22:00:00,100.23,99.97433622424694,-0.25566377575306376,0.25566377575306376,300,22
2024-11-07 23:00:00,100.01,89.86380377669944,-10.146196223300564,10.146196223300564,300,23
2024-11-08 00:00:00,96.76,86.67387340701994,-10.086126592980065,10.086126592980065,301,0
2024-11-08 01:00:00,91.48,80.38013453025827,-11.09986546974173,11.09986546974173,301,1
2024-11-08 02:00:00,88.16,76.58956569453242,-11.570434305467572,11.570434305467572,301,2
2024-11-08 03:00:00,89.5,72.39397370242116,-17.106026297578836,17.106026297578836,301,3
2024-11-08 04:00:00,95.55,75.99954935275949,-19.55045064724051,19.55045064724051,301,4
2024-11-08 05:00:00,109.8,89.99698460068578,-19.80301539931422,19.80301539931422,301,5
2024-11-08 06:00:00,126.56,99.65322051555299,-26.906779484447014,26.906779484447014,301,6
2024-11-08 07:00:00,130.37,102.71945641631106,-27.650543583688943,27.650543583688943,301,7
2024-11-08 08:00:00,124.1,93.51121249369622,-30.588787506303774,30.588787506303774,301,8
2024-11-08 09:00:00,117.34,87.43841566201039,-29.90158433798962,29.90158433798962,301,9
2024-11-08 10:00:00,110.94,83.99844536783822,-26.941554632161782,26.941554632161782,301,10
2024-11-08 11:00:00,105.59,86.62484359417456,-18.96515640582544,18.96515640582544,301,11
2024-11-08 12:00:00,106.81,75.76577732459731,-31.044222675402693,31.044222675402693,301,12
2024-11-08 13:00:00,112.53,77.97334312635329,-34.556656873646716,34.556656873646716,301,13
2024-11-08 14:00:00,122.8,92.20426883738867,-30.59573116261133,30.59573116261133,301,14
2024-11-08 15:00:00,127.74,103.0731917741613,-24.666808225838693,24.666808225838693,301,15
2024-11-08 16:00:00,129.88,103.58001062901316,-26.299989370986836,26.299989370986836,301,16
2024-11-08 17:00:00,133.58,133.2106228791062,-0.3693771208938017,0.3693771208938017,301,17
2024-11-08 18:00:00,127.86,129.96626571305043,2.1062657130504334,2.1062657130504334,301,18
2024-11-08 19:00:00,116.39,118.91412942052355,2.5241294205235505,2.5241294205235505,301,19
2024-11-08 20:00:00,110.07,104.57924035936229,-5.490759640637705,5.490759640637705,301,20
2024-11-08 21:00:00,113.0,100.81277429805078,-12.187225701949217,12.187225701949217,301,21
2024-11-08 22:00:00,104.06,94.14342629942803,-9.916573700571973,9.916573700571973,301,22
2024-11-08 23:00:00,105.1,87.92033589200592,-17.17966410799407,17.17966410799407,301,23
2024-11-09 00:00:00,99.96,76.74673794487049,-23.213262055129505,23.213262055129505,302,0
2024-11-09 01:00:00,98.0,68.74245053000983,-29.257549469990167,29.257549469990167,302,1
2024-11-09 02:00:00,96.68,65.81631383139639,-30.86368616860362,30.86368616860362,302,2
2024-11-09 03:00:00,98.41,66.9378835463828,-31.47211645361719,31.47211645361719,302,3
2024-11-09 04:00:00,100.17,71.24340833116644,-28.926591668833566,28.926591668833566,302,4
2024-11-09 05:00:00,104.31,80.29432274403065,-24.01567725596935,24.01567725596935,302,5
2024-11-09 06:00:00,109.87,90.92754921992908,-18.942450780070928,18.942450780070928,302,6
2024-11-09 07:00:00,114.1,95.96581491351265,-18.13418508648735,18.13418508648735,302,7
2024-11-09 08:00:00,114.6,87.56384774776687,-27.036152252233123,27.036152252233123,302,8
2024-11-09 09:00:00,109.97,86.4298359244803,-23.540164075519698,23.540164075519698,302,9
2024-11-09 10:00:00,106.4,83.40739022365685,-22.99260977634316,22.99260977634316,302,10
2024-11-09 11:00:00,106.88,75.80063348952017,-31.07936651047983,31.07936651047983,302,11
2024-11-09 12:00:00,108.0,80.40069068063737,-27.599309319362632,27.599309319362632,302,12
2024-11-09 13:00:00,110.18,81.13700672148885,-29.04299327851116,29.04299327851116,302,13
2024-11-09 14:00:00,112.45,84.71603394232429,-27.733966057675715,27.733966057675715,302,14
2024-11-09 15:00:00,114.08,92.70850807504306,-21.371491924956942,21.371491924956942,302,15
2024-11-09 16:00:00,130.04,97.73822909076097,-32.301770909239025,32.301770909239025,302,16
2024-11-09 17:00:00,133.34,105.79869976393104,-27.541300236068963,27.541300236068963,302,17
2024-11-09 18:00:00,134.86,104.48422833905992,-30.37577166094009,30.37577166094009,302,18
2024-11-09 19:00:00,128.32,94.75317023438566,-33.56682976561433,33.56682976561433,302,19
2024-11-09 20:00:00,117.96,88.3982912101871,-29.561708789812897,29.561708789812897,302,20
2024-11-09 21:00:00,114.53,90.48045428339125,-24.049545716608748,24.049545716608748,302,21
2024-11-09 22:00:00,110.1,82.1002763880854,-27.99972361191459,27.99972361191459,302,22
2024-11-09 23:00:00,104.99,72.95556198842863,-32.03443801157137,32.03443801157137,302,23
2024-11-10 00:00:00,102.28,77.44394373302504,-24.836056266974964,24.836056266974964,303,0
2024-11-10 01:00:00,97.69,73.40333418553675,-24.286665814463248,24.286665814463248,303,1
2024-11-10 02:00:00,92.52,74.00097813511515,-18.51902186488485,18.51902186488485,303,2
2024-11-10 03:00:00,90.0,73.53399538574375,-16.46600461425625,16.46600461425625,303,3
2024-11-10 04:00:00,89.18,75.02932301895392,-14.15067698104609,14.15067698104609,303,4
2024-11-10 05:00:00,95.09,75.76403401620392,-19.32596598379608,19.32596598379608,303,5
2024-11-10 06:00:00,102.45,79.26288428607211,-23.187115713927895,23.187115713927895,303,6
2024-11-10 07:00:00,97.95,79.3096998166673,-18.6403001833327,18.6403001833327,303,7
2024-11-10 08:00:00,110.49,78.90415282398388,-31.585847176016117,31.585847176016117,303,8
2024-11-10 09:00:00,109.74,74.80468509679562,-34.93531490320437,34.93531490320437,303,9
2024-11-10 10:00:00,110.13,74.69118872784912,-35.43881127215087,35.43881127215087,303,10
2024-11-10 11:00:00,110.92,76.31285235543253,-34.607147644567476,34.607147644567476,303,11
2024-11-10 12:00:00,106.3,73.10753357889654,-33.19246642110346,33.19246642110346,303,12
2024-11-10 13:00:00,103.24,65.65805357872725,-37.58194642127275,37.58194642127275,303,13
2024-11-10 14:00:00,89.2,74.75734928094198,-14.442650719058022,14.442650719058022,303,14
2024-11-10 15:00:00,97.14,73.15622136806591,-23.983778631934086,23.983778631934086,303,15
2024-11-10 16:00:00,116.0,91.24870532543893,-24.751294674561066,24.751294674561066,303,16
2024-11-10 17:00:00,127.99,102.00409785002385,-25.98590214997614,25.98590214997614,303,17
2024-11-10 18:00:00,128.02,101.17670855320273,-26.84329144679728,26.84329144679728,303,18
2024-11-10 19:00:00,125.31,93.73744280277784,-31.572557197222167,31.572557197222167,303,19
2024-11-10 20:00:00,115.28,84.78009186741338,-30.499908132586626,30.499908132586626,303,20
2024-11-10 21:00:00,111.1,81.81913940165258,-29.280860598347417,29.280860598347417,303,21
2024-11-10 22:00:00,108.02,71.00798859815858,-37.01201140184142,37.01201140184142,303,22
2024-11-10 23:00:00,109.0,67.17871337915379,-41.82128662084621,41.82128662084621,303,23
2024-11-11 00:00:00,101.71,98.09453029393916,-3.6154697060608356,3.6154697060608356,304,0
2024-11-11 01:00:00,99.39,87.4539432515952,-11.936056748404795,11.936056748404795,304,1
2024-11-11 02:00:00,85.38,84.20298207710432,-1.177017922895672,1.177017922895672,304,2
2024-11-11 03:00:00,80.66,80.20695060557259,-0.4530493944274099,0.4530493944274099,304,3
2024-11-11 04:00:00,80.2,81.91556446548019,1.7155644654801847,1.7155644654801847,304,4
2024-11-11 05:00:00,84.1,94.13832600987759,10.038326009877593,10.038326009877593,304,5
2024-11-11 06:00:00,105.72,100.78340821040348,-4.93659178959652,4.93659178959652,304,6
2024-11-11 07:00:00,109.0,97.24815355759996,-11.751846442400037,11.751846442400037,304,7
2024-11-11 08:00:00,109.75,96.20293694223007,-13.547063057769932,13.547063057769932,304,8
2024-11-11 09:00:00,100.16,94.26829236668442,-5.891707633315576,5.891707633315576,304,9
2024-11-11 10:00:00,97.2,94.22901751498448,-2.9709824850155258,2.9709824850155258,304,10
2024-11-11 11:00:00,107.61,94.65903466526461,-12.950965334735386,12.950965334735386,304,11
2024-11-11 12:00:00,94.99,92.85898849205314,-2.1310115079468517,2.1310115079468517,304,12
2024-11-11 13:00:00,89.86,87.67723732920491,-2.1827626707950856,2.1827626707950856,304,13
2024-11-11 14:00:00,96.94,94.94206470551582,-1.9979352944841793,1.9979352944841793,304,14
2024-11-11 15:00:00,95.25,95.83554571559833,0.5855457155983288,0.5855457155983288,304,15
2024-11-11 16:00:00,108.14,109.01249362055852,0.8724936205585152,0.8724936205585152,304,16
2024-11-11 17:00:00,127.98,118.15276029896202,-9.827239701037982,9.827239701037982,304,17
2024-11-11 18:00:00,120.06,122.8529943435866,2.7929943435865994,2.7929943435865994,304,18
2024-11-11 19:00:00,109.69,118.87341656990193,9.183416569901937,9.183416569901937,304,19
2024-11-11 20:00:00,96.73,108.95922695941141,12.229226959411406,12.229226959411406,304,20
2024-11-11 21:00:00,88.92,112.07913018155082,23.15913018155082,23.15913018155082,304,21
2024-11-11 22:00:00,98.84,105.84784330378987,7.007843303789869,7.007843303789869,304,22
2024-11-11 23:00:00,109.11,94.62862833437758,-14.481371665622419,14.481371665622419,304,23
2024-11-12 00:00:00,97.07,86.09982602434279,-10.970173975657204,10.970173975657204,305,0
2024-11-12 01:00:00,89.14,80.95695934980361,-8.18304065019639,8.18304065019639,305,1
2024-11-12 02:00:00,49.09,73.14332736479997,24.05332736479997,24.05332736479997,305,2
2024-11-12 03:00:00,31.24,75.68870673208068,44.44870673208068,44.44870673208068,305,3
2024-11-12 04:00:00,65.26,75.181006245457,9.921006245456994,9.921006245456994,305,4
2024-11-12 05:00:00,100.59,82.41448966504416,-18.175510334955845,18.175510334955845,305,5
2024-11-12 06:00:00,111.94,103.16888531952571,-8.771114680474284,8.771114680474284,305,6
2024-11-12 07:00:00,114.39,104.57815308659458,-9.811846913405418,9.811846913405418,305,7
2024-11-12 08:00:00,118.28,101.66885745077406,-16.611142549225946,16.611142549225946,305,8
2024-11-12 09:00:00,95.44,102.15561955918439,6.71561955918439,6.71561955918439,305,9
2024-11-12 10:00:00,98.1,99.91838230028088,1.8183823002808879,1.8183823002808879,305,10
2024-11-12 11:00:00,107.31,104.83139961238109,-2.4786003876189113,2.4786003876189113,305,11
2024-11-12 12:00:00,100.37,93.6903934375373,-6.679606562462709,6.679606562462709,305,12
2024-11-12 13:00:00,94.98,93.6152848597653,-1.3647151402347077,1.3647151402347077,305,13
2024-11-12 14:00:00,101.64,95.0884392193554,-6.551560780644607,6.551560780644607,305,14
2024-11-12 15:00:00,106.47,101.99741175500024,-4.472588244999756,4.472588244999756,305,15
2024-11-12 16:00:00,122.96,111.37884614062486,-11.581153859375135,11.581153859375135,305,16
2024-11-12 17:00:00,150.04,129.43222839819288,-20.607771601807116,20.607771601807116,305,17
2024-11-12 18:00:00,143.3,124.51066364924337,-18.789336350756642,18.789336350756642,305,18
2024-11-12 19:00:00,128.86,118.43744944137522,-10.422550558624792,10.422550558624792,305,19
2024-11-12 20:00:00,120.28,99.679641566752,-20.600358433248005,20.600358433248005,305,20
2024-11-12 21:00:00,119.92,97.33666248479742,-22.583337515202587,22.583337515202587,305,21
2024-11-12 22:00:00,113.87,101.22784227597478,-12.642157724025225,12.642157724025225,305,22
2024-11-12 23:00:00,100.13,98.41710421081709,-1.7128957891829089,1.7128957891829089,305,23
2024-11-13 00:00:00,99.47,92.672158473769,-6.797841526230997,6.797841526230997,306,0
2024-11-13 01:00:00,99.12,82.84255281430708,-16.27744718569292,16.27744718569292,306,1
2024-11-13 02:00:00,95.33,59.76211864909841,-35.56788135090159,35.56788135090159,306,2
2024-11-13 03:00:00,91.82,50.06033300182339,-41.759666998176606,41.759666998176606,306,3
2024-11-13 04:00:00,94.9,73.3563329619372,-21.543667038062807,21.543667038062807,306,4
2024-11-13 05:00:00,108.68,99.4510214346179,-9.228978565382107,9.228978565382107,306,5
2024-11-13 06:00:00,136.71,116.07026439709344,-20.63973560290657,20.63973560290657,306,6
2024-11-13 07:00:00,144.11,117.69089395964193,-26.419106040358088,26.419106040358088,306,7
2024-11-13 08:00:00,142.15,115.24158494762193,-26.908415052378075,26.908415052378075,306,8
2024-11-13 09:00:00,131.23,102.45556351133943,-28.774436488660555,28.774436488660555,306,9
2024-11-13 10:00:00,127.0,100.71959271165105,-26.280407288348954,26.280407288348954,306,10
2024-11-13 11:00:00,124.06,111.89835576597991,-12.161644234020088,12.161644234020088,306,11
2024-11-13 12:00:00,105.94,106.85944877151024,0.9194487715102468,0.9194487715102468,306,12
2024-11-13 13:00:00,115.73,101.6167312988832,-14.113268701116809,14.113268701116809,306,13
2024-11-13 14:00:00,139.01,101.71951351094303,-37.29048648905696,37.29048648905696,306,14
2024-11-13 15:00:00,124.98,106.39178782985026,-18.588212170149745,18.588212170149745,306,15
2024-11-13 16:00:00,162.52,124.01428235498452,-38.505717645015494,38.505717645015494,306,16
2024-11-13 17:00:00,179.09,138.44397210710832,-40.64602789289168,40.64602789289168,306,17
2024-11-13 18:00:00,162.47,132.38127430280997,-30.08872569719003,30.08872569719003,306,18
2024-11-13 19:00:00,134.08,126.46688304526428,-7.61311695473573,7.61311695473573,306,19
2024-11-13 20:00:00,119.8,118.34665018734256,-1.4533498126574358,1.4533498126574358,306,20
2024-11-13 21:00:00,115.88,115.98687202394738,0.10687202394738904,0.10687202394738904,306,21
2024-11-13 22:00:00,107.79,106.88765930088924,-0.9023406991107663,0.9023406991107663,306,22
2024-11-13 23:00:00,102.85,94.0523942427056,-8.797605757294392,8.797605757294392,306,23
2024-11-15 00:00:00,107.31,97.813040337486,-9.496959662514001,9.496959662514001,308,0
2024-11-15 01:00:00,107.43,93.54227124376911,-13.8877287562309,13.8877287562309,308,1
2024-11-15 02:00:00,104.05,90.54443590382695,-13.505564096173046,13.505564096173046,308,2
2024-11-15 03:00:00,104.81,81.68200942606707,-23.127990573932934,23.127990573932934,308,3
2024-11-15 04:00:00,109.55,83.12722498945598,-26.422775010544015,26.422775010544015,308,4
2024-11-15 05:00:00,130.98,91.86654059363705,-39.113459406362935,39.113459406362935,308,5
2024-11-15 06:00:00,148.04,106.51683991439636,-41.523160085603635,41.523160085603635,308,6
2024-11-15 07:00:00,160.85,117.82318244395914,-43.026817556040854,43.026817556040854,308,7
2024-11-15 08:00:00,145.06,119.20394601993226,-25.856053980067742,25.856053980067742,308,8
2024-11-15 09:00:00,131.25,118.54292339695137,-12.707076603048634,12.707076603048634,308,9
2024-11-15 10:00:00,125.6,117.44966508567757,-8.150334914322428,8.150334914322428,308,10
2024-11-15 11:00:00,120.47,114.66143018324786,-5.80856981675214,5.80856981675214,308,11
2024-11-15 12:00:00,119.54,112.87664939600265,-6.663350603997358,6.663350603997358,308,12
2024-11-15 13:00:00,120.0,110.32980492974998,-9.670195070250017,9.670195070250017,308,13
2024-11-15 14:00:00,119.55,121.74190534778062,2.1919053477806187,2.1919053477806187,308,14
2024-11-15 15:00:00,128.7,128.50144576480275,-0.19855423519723558,0.19855423519723558,308,15
2024-11-15 16:00:00,139.68,136.04026483214182,-3.6397351678581913,3.6397351678581913,308,16
2024-11-15 17:00:00,138.66,137.95009502644297,-0.7099049735570304,0.7099049735570304,308,17
2024-11-15 18:00:00,134.05,136.60761942203982,2.5576194220398065,2.5576194220398065,308,18
2024-11-15 19:00:00,121.81,123.373523870558,1.5635238705580008,1.5635238705580008,308,19
2024-11-15 20:00:00,118.27,114.78855358793129,-3.4814464120687063,3.4814464120687063,308,20
2024-11-15 21:00:00,122.0,112.74614371551594,-9.253856284484058,9.253856284484058,308,21
2024-11-15 22:00:00,111.71,107.77873323057662,-3.931266769423374,3.931266769423374,308,22
2024-11-15 23:00:00,104.59,96.12172141818561,-8.468278581814388,8.468278581814388,308,23
2024-11-16 00:00:00,99.0,84.5433661247473,-14.456633875252706,14.456633875252706,309,0
2024-11-16 01:00:00,94.5,80.22323614888607,-14.276763851113927,14.276763851113927,309,1
2024-11-16 02:00:00,92.28,79.3343223643651,-12.945677635634908,12.945677635634908,309,2
2024-11-16 03:00:00,92.37,77.4786376983624,-14.8913623016376,14.8913623016376,309,3
2024-11-16 04:00:00,91.98,82.47846331856248,-9.501536681437528,9.501536681437528,309,4
2024-11-16 05:00:00,93.99,96.91478527204337,2.92478527204338,2.92478527204338,309,5
2024-11-16 06:00:00,104.52,107.91194647646238,3.3919464764623797,3.3919464764623797,309,6
2024-11-16 07:00:00,114.32,111.68571165289782,-2.6342883471021707,2.6342883471021707,309,7
2024-11-16 08:00:00,116.0,98.00276917840182,-17.99723082159818,17.99723082159818,309,8
2024-11-16 09:00:00,112.2,99.06221534893261,-13.137784651067392,13.137784651067392,309,9
2024-11-16 10:00:00,104.0,94.75184164802288,-9.248158351977125,9.248158351977125,309,10
2024-11-16 11:00:00,101.49,94.8252441357397,-6.6647558642603,6.6647558642603,309,11
2024-11-16 12:00:00,99.54,99.5260342591784,-0.013965740821603845,0.013965740821603845,309,12
2024-11-16 13:00:00,101.51,93.71669484610804,-7.793305153891964,7.793305153891964,309,13
2024-11-16 14:00:00,109.05,100.40418254589048,-8.645817454109519,8.645817454109519,309,14
2024-11-16 15:00:00,120.64,107.06637120139467,-13.573628798605327,13.573628798605327,309,15
2024-11-16 16:00:00,131.22,106.8200827591223,-24.3999172408777,24.3999172408777,309,16
2024-11-16 17:00:00,134.0,113.50422015816503,-20.495779841834974,20.495779841834974,309,17
2024-11-16 18:00:00,128.91,107.95896429092232,-20.951035709077672,20.951035709077672,309,18
2024-11-16 19:00:00,111.18,105.86663934327473,-5.31336065672528,5.31336065672528,309,19
2024-11-16 20:00:00,100.83,96.97471398162924,-3.8552860183707622,3.8552860183707622,309,20
2024-11-16 21:00:00,106.33,99.24155747106656,-7.088442528933442,7.088442528933442,309,21
2024-11-16 22:00:00,107.29,85.84245479750022,-21.447545202499782,21.447545202499782,309,22
2024-11-16 23:00:00,90.25,77.03556976054213,-13.214430239457869,13.214430239457869,309,23
2024-11-17 00:00:00,82.16,78.34367984282365,-3.8163201571763494,3.8163201571763494,310,0
2024-11-17 01:00:00,79.81,69.46647658131745,-10.343523418682551,10.343523418682551,310,1
2024-11-17 02:00:00,67.92,67.76709550976165,-0.15290449023835606,0.15290449023835606,310,2
2024-11-17 03:00:00,54.17,64.38425470741807,10.214254707418064,10.214254707418064,310,3
2024-11-17 04:00:00,50.05,66.50593840025678,16.455938400256784,16.455938400256784,310,4
2024-11-17 05:00:00,56.34,68.71925542048932,12.379255420489315,12.379255420489315,310,5
2024-11-17 06:00:00,71.3,74.05161592377871,2.751615923778715,2.751615923778715,310,6
2024-11-17 07:00:00,81.35,78.23689343207242,-3.1131065679275736,3.1131065679275736,310,7
2024-11-17 08:00:00,95.63,78.17620392848896,-17.453796071511036,17.453796071511036,310,8
2024-11-17 09:00:00,87.79,84.87385038504935,-2.9161496149506547,2.9161496149506547,310,9
2024-11-17 10:00:00,89.09,81.49546869085552,-7.594531309144486,7.594531309144486,310,10
2024-11-17 11:00:00,92.68,82.67193495800859,-10.008065041991415,10.008065041991415,310,11
2024-11-17 12:00:00,87.79,80.69313546596094,-7.096864534039071,7.096864534039071,310,12
2024-11-17 13:00:00,74.29,83.9810802854319,9.691080285431894,9.691080285431894,310,13
2024-11-17 14:00:00,94.51,92.60644596217928,-1.9035540378207259,1.9035540378207259,310,14
2024-11-17 15:00:00,97.03,97.50399922566285,0.47399922566285113,0.47399922566285113,310,15
2024-11-17 16:00:00,119.04,104.32304537774094,-14.716954622259067,14.716954622259067,310,16
2024-11-17 17:00:00,135.43,106.20545302082982,-29.224546979170185,29.224546979170185,310,17
2024-11-17 18:00:00,132.42,101.75251487370878,-30.66748512629121,30.66748512629121,310,18
2024-11-17 19:00:00,107.32,93.13850457239899,-14.181495427601007,14.181495427601007,310,19
2024-11-17 20:00:00,103.7,82.4117282673833,-21.288271732616707,21.288271732616707,310,20
2024-11-17 21:00:00,103.45,80.16797766213949,-23.28202233786051,23.28202233786051,310,21
2024-11-17 22:00:00,106.47,81.02932446829864,-25.44067553170136,25.44067553170136,310,22
2024-11-17 23:00:00,92.81,64.99704883090497,-27.81295116909503,27.81295116909503,310,23
2024-11-18 00:00:00,85.31,90.14509830815882,4.83509830815882,4.83509830815882,311,0
2024-11-18 01:00:00,76.48,79.42082576460521,2.940825764605208,2.940825764605208,311,1
2024-11-18 02:00:00,61.78,76.34198406557209,14.56198406557209,14.56198406557209,311,2
2024-11-18 03:00:00,69.96,66.63573988902165,-3.3242601109783436,3.3242601109783436,311,3
2024-11-18 04:00:00,85.52,64.41988587386133,-21.100114126138664,21.100114126138664,311,4
2024-11-18 05:00:00,105.2,73.23187308777013,-31.968126912229877,31.968126912229877,311,5
2024-11-18 06:00:00,126.75,83.88849410015642,-42.86150589984358,42.86150589984358,311,6
2024-11-18 07:00:00,126.2,96.07914475121436,-30.120855248785645,30.120855248785645,311,7
2024-11-18 08:00:00,122.92,96.34837430865021,-26.571625691349794,26.571625691349794,311,8
2024-11-18 09:00:00,117.69,91.70852848195456,-25.98147151804544,25.98147151804544,311,9
2024-11-18 10:00:00,107.55,96.75431494173506,-10.795685058264937,10.795685058264937,311,10
2024-11-18 11:00:00,107.35,97.95168884702395,-9.39831115297605,9.39831115297605,311,11
2024-11-18 12:00:00,109.4,97.66261028538253,-11.737389714617478,11.737389714617478,311,12
2024-11-18 13:00:00,116.51,89.20153117650129,-27.308468823498714,27.308468823498714,311,13
2024-11-18 14:00:00,130.98,112.22401453336327,-18.755985466636716,18.755985466636716,311,14
2024-11-18 15:00:00,139.98,112.71177963855482,-27.268220361445174,27.268220361445174,311,15
2024-11-18 16:00:00,154.69,123.3962206487879,-31.293779351212095,31.293779351212095,311,16
2024-11-18 17:00:00,168.2,128.85330614915443,-39.346693850845554,39.346693850845554,311,17
2024-11-18 18:00:00,158.23,126.13528663735224,-32.09471336264775,32.09471336264775,311,18
2024-11-18 19:00:00,128.94,117.34600573285067,-11.593994267149327,11.593994267149327,311,19
2024-11-18 20:00:00,117.62,105.3636098381451,-12.25639016185491,12.25639016185491,311,20
2024-11-18 21:00:00,116.35,114.3076678446332,-2.0423321553667932,2.0423321553667932,311,21
2024-11-18 22:00:00,106.59,109.6734536511472,3.0834536511471953,3.0834536511471953,311,22
2024-11-18 23:00:00,76.34,92.8427920645732,16.5027920645732,16.5027920645732,311,23
2024-11-19 00:00:00,68.54,88.3970772219812,19.8570772219812,19.8570772219812,312,0
2024-11-19 01:00:00,31.75,77.31491066024095,45.564910660240955,45.564910660240955,312,1
2024-11-19 02:00:00,6.27,70.4620249026599,64.19202490265991,64.19202490265991,312,2
2024-11-19 03:00:00,2.79,71.94078916344111,69.1507891634411,69.1507891634411,312,3
2024-11-19 04:00:00,30.28,82.21183137425459,51.931831374254585,51.931831374254585,312,4
2024-11-19 05:00:00,78.39,95.49969126458674,17.109691264586743,17.109691264586743,312,5
2024-11-19 06:00:00,105.53,119.55662563034528,14.02662563034528,14.02662563034528,312,6
2024-11-19 07:00:00,102.49,122.8466900492775,20.356690049277503,20.356690049277503,312,7
2024-11-19 08:00:00,112.85,118.44513852176685,5.595138521766856,5.595138521766856,312,8
2024-11-19 09:00:00,100.92,118.35363701289701,17.43363701289701,17.43363701289701,312,9
2024-11-19 10:00:00,93.94,110.10790532945575,16.16790532945575,16.16790532945575,312,10
2024-11-19 11:00:00,99.86,104.27601261959157,4.416012619591569,4.416012619591569,312,11
2024-11-19 12:00:00,89.03,106.36161286606092,17.331612866060922,17.331612866060922,312,12
2024-11-19 13:00:00,96.63,109.79910983269588,13.16910983269588,13.16910983269588,312,13
2024-11-19 14:00:00,100.0,124.30235670334102,24.30235670334102,24.30235670334102,312,14
2024-11-19 15:00:00,103.88,131.3217209223188,27.441720922318808,27.441720922318808,312,15
2024-11-19 16:00:00,122.77,142.4164766355389,19.646476635538917,19.646476635538917,312,16
2024-11-19 17:00:00,135.93,145.45333678662996,9.523336786629955,9.523336786629955,312,17
2024-11-19 18:00:00,127.51,144.99822344304326,17.488223443043253,17.488223443043253,312,18
2024-11-19 19:00:00,117.31,128.47219156988618,11.162191569886176,11.162191569886176,312,19
2024-11-19 20:00:00,103.58,113.49388703340068,9.913887033400684,9.913887033400684,312,20
2024-11-19 21:00:00,106.22,112.77199426573505,6.551994265735047,6.551994265735047,312,21
2024-11-19 22:00:00,90.52,110.15886582834244,19.638865828342446,19.638865828342446,312,22
2024-11-19 23:00:00,102.01,79.22933354251751,-22.780666457482496,22.780666457482496,312,23
2024-11-20 00:00:00,88.78,75.92726694434255,-12.852733055657453,12.852733055657453,313,0
2024-11-20 01:00:00,86.03,50.57414942937195,-35.45585057062805,35.45585057062805,313,1
2024-11-20 02:00:00,81.5,37.341748672144554,-44.158251327855446,44.158251327855446,313,2
2024-11-20 03:00:00,76.15,36.29697301749372,-39.853026982506286,39.853026982506286,313,3
2024-11-20 04:00:00,83.79,48.45773752380424,-35.332262476195766,35.332262476195766,313,4
2024-11-20 05:00:00,101.73,77.63045622912469,-24.099543770875314,24.099543770875314,313,5
2024-11-20 06:00:00,122.21,99.35159330856732,-22.858406691432677,22.858406691432677,313,6
2024-11-20 07:00:00,142.87,100.58105879992078,-42.28894120007922,42.28894120007922,313,7
2024-11-20 08:00:00,139.53,103.56691810426693,-35.96308189573307,35.96308189573307,313,8
2024-11-20 09:00:00,112.02,102.92825967085453,-9.091740329145466,9.091740329145466,313,9
2024-11-20 10:00:00,107.0,94.69664776864755,-12.303352231352449,12.303352231352449,313,10
2024-11-20 11:00:00,97.26,101.41554227567173,4.155542275671721,4.155542275671721,313,11
2024-11-20 12:00:00,96.88,96.15718264991956,-0.7228173500804331,0.7228173500804331,313,12
2024-11-20 13:00:00,104.26,100.7689771295155,-3.4910228704844997,3.4910228704844997,313,13
2024-11-20 14:00:00,117.83,97.4732043474425,-20.356795652557494,20.356795652557494,313,14
2024-11-20 15:00:00,129.7,107.82000309944247,-21.879996900557515,21.879996900557515,313,15
2024-11-20 16:00:00,142.51,116.72000755003324,-25.789992449966746,25.789992449966746,313,16
2024-11-20 17:00:00,143.18,124.56334953464352,-18.616650465356486,18.616650465356486,313,17
2024-11-20 18:00:00,141.56,123.62210437554663,-17.937895624453375,17.937895624453375,313,18
2024-11-20 19:00:00,135.98,113.22894327063555,-22.751056729364436,22.751056729364436,313,19
2024-11-20 20:00:00,124.63,104.66536904681492,-19.96463095318508,19.96463095318508,313,20
2024-11-20 21:00:00,117.5,111.32009592982541,-6.179904070174587,6.179904070174587,313,21
2024-11-20 22:00:00,103.5,100.47968697223628,-3.02031302776372,3.02031302776372,313,22
2024-11-20 23:00:00,93.96,99.34612526617391,5.38612526617392,5.38612526617392,313,23
2024-11-21 00:00:00,90.4,95.59858469535162,5.198584695351613,5.198584695351613,314,0
2024-11-21 01:00:00,86.8,86.95349111342856,0.15349111342855792,0.15349111342855792,314,1
2024-11-21 02:00:00,84.15,77.40304673893881,-6.7469532610611935,6.7469532610611935,314,2
2024-11-21 03:00:00,84.23,77.91765530484714,-6.312344695152859,6.312344695152859,314,3
2024-11-21 04:00:00,94.45,80.56510401210143,-13.884895987898574,13.884895987898574,314,4
2024-11-21 05:00:00,111.46,88.67571589632011,-22.78428410367988,22.78428410367988,314,5
2024-11-21 06:00:00,125.03,108.2456882589197,-16.7843117410803,16.7843117410803,314,6
2024-11-21 07:00:00,134.62,122.83108214269251,-11.788917857307496,11.788917857307496,314,7
2024-11-21 08:00:00,135.09,119.29368178856228,-15.796318211437722,15.796318211437722,314,8
2024-11-21 09:00:00,127.53,100.69880213464779,-26.83119786535221,26.83119786535221,314,9
2024-11-21 10:00:00,115.62,96.82393143931489,-18.796068560685114,18.796068560685114,314,10
2024-11-21 11:00:00,113.81,98.89806428207682,-14.911935717923186,14.911935717923186,314,11
2024-11-21 12:00:00,121.0,92.8136345440277,-28.186365455972293,28.186365455972293,314,12
2024-11-21 13:00:00,113.44,93.801640370895,-19.638359629104997,19.638359629104997,314,13
2024-11-21 14:00:00,115.8,107.66042152671353,-8.139578473286463,8.139578473286463,314,14
2024-11-21 15:00:00,119.09,115.29510510987181,-3.794894890128191,3.794894890128191,314,15
2024-11-21 16:00:00,130.93,136.19029899587363,5.260298995873626,5.260298995873626,314,16
2024-11-21 17:00:00,139.02,131.31499460963295,-7.705005390367063,7.705005390367063,314,17
2024-11-21 18:00:00,133.76,138.04255494666106,4.282554946661065,4.282554946661065,314,18
2024-11-21 19:00:00,122.11,125.55808394069393,3.448083940693934,3.448083940693934,314,19
2024-11-21 20:00:00,116.92,115.50005979712166,-1.4199402028783368,1.4199402028783368,314,20
2024-11-21 21:00:00,111.53,113.84791103649256,2.3179110364925606,2.3179110364925606,314,21
2024-11-21 22:00:00,103.15,98.61620408930192,-4.533795910698089,4.533795910698089,314,22
2024-11-21 23:00:00,104.55,83.16197597155045,-21.38802402844955,21.38802402844955,314,23
2024-11-22 00:00:00,92.43,86.84520124686279,-5.584798753137221,5.584798753137221,315,0
2024-11-22 01:00:00,85.78,76.25682218546683,-9.52317781453317,9.52317781453317,315,1
2024-11-22 02:00:00,80.58,71.50106752621777,-9.078932473782231,9.078932473782231,315,2
2024-11-22 03:00:00,77.13,73.8155623930055,-3.3144376069945025,3.3144376069945025,315,3
2024-11-22 04:00:00,87.6,84.50469347401085,-3.0953065259891446,3.0953065259891446,315,4
2024-11-22 05:00:00,100.09,102.72335497798434,2.6333549779843395,2.6333549779843395,315,5
2024-11-22 06:00:00,129.57,116.18290402601116,-13.387095973988835,13.387095973988835,315,6
2024-11-22 07:00:00,141.31,123.09356356641105,-18.216436433588953,18.216436433588953,315,7
2024-11-22 08:00:00,136.32,116.7056733015799,-19.614326698420086,19.614326698420086,315,8
2024-11-22 09:00:00,116.71,112.11589836424639,-4.594101635753603,4.594101635753603,315,9
2024-11-22 10:00:00,115.0,103.37221923927218,-11.627780760727816,11.627780760727816,315,10
2024-11-22 11:00:00,107.16,105.05196974013685,-2.108030259863142,2.108030259863142,315,11
2024-11-22 12:00:00,97.02,106.97581449325963,9.955814493259638,9.955814493259638,315,12
2024-11-22 13:00:00,98.93,104.1648464507634,5.234846450763399,5.234846450763399,315,13
2024-11-22 14:00:00,111.63,105.3690389474879,-6.260961052512101,6.260961052512101,315,14
2024-11-22 15:00:00,116.99,109.06603391615886,-7.923966083841137,7.923966083841137,315,15
2024-11-22 16:00:00,131.84,120.56437812859627,-11.275621871403729,11.275621871403729,315,16
2024-11-22 17:00:00,136.3,118.97773888630044,-17.322261113699568,17.322261113699568,315,17
2024-11-22 18:00:00,132.56,119.69794805800325,-12.862051941996754,12.862051941996754,315,18
2024-11-22 19:00:00,118.22,110.32429131409,-7.8957086859099945,7.8957086859099945,315,19
2024-11-22 20:00:00,106.89,100.8135689563407,-6.076431043659298,6.076431043659298,315,20
2024-11-22 21:00:00,117.97,94.35309428264375,-23.616905717356246,23.616905717356246,315,21
2024-11-22 22:00:00,115.61,81.51314904169345,-34.09685095830655,34.09685095830655,315,22
2024-11-22 23:00:00,113.9,81.96673485702571,-31.933265142974292,31.933265142974292,315,23
2024-11-23 00:00:00,98.5,67.26785841902192,-31.23214158097808,31.23214158097808,316,0
2024-11-23 01:00:00,91.08,61.13715583887453,-29.94284416112547,29.94284416112547,316,1
2024-11-23 02:00:00,83.17,59.01386053699825,-24.15613946300175,24.15613946300175,316,2
2024-11-23 03:00:00,79.68,52.33110887063758,-27.34889112936243,27.34889112936243,316,3
2024-11-23 04:00:00,84.78,58.49536649167962,-26.284633508320383,26.284633508320383,316,4
2024-11-23 05:00:00,85.95,66.26644387912225,-19.683556120877753,19.683556120877753,316,5
2024-11-23 06:00:00,93.0,91.26654637955265,-1.7334536204473494,1.7334536204473494,316,6
2024-11-23 07:00:00,99.25,91.09789164387261,-8.152108356127385,8.152108356127385,316,7
2024-11-23 08:00:00,85.62,91.28366784934852,5.6636678493485135,5.6636678493485135,316,8
2024-11-23 09:00:00,67.04,74.92960706318415,7.889607063184144,7.889607063184144,316,9
2024-11-23 10:00:00,40.0,79.14945890927953,39.14945890927953,39.14945890927953,316,10
2024-11-23 11:00:00,42.5,67.56018625613113,25.060186256131132,25.060186256131132,316,11
2024-11-23 12:00:00,36.95,73.54670564108271,36.59670564108271,36.59670564108271,316,12
2024-11-23 13:00:00,30.52,72.54221295376493,42.022212953764935,42.022212953764935,316,13
2024-11-23 14:00:00,36.94,86.52833660883398,49.588336608833984,49.588336608833984,316,14
2024-11-23 15:00:00,58.9,91.32351230352413,32.42351230352413,32.42351230352413,316,15
2024-11-23 16:00:00,81.98,104.11365015015923,22.133650150159227,22.133650150159227,316,16
2024-11-23 17:00:00,91.28,101.41155609515964,10.131556095159638,10.131556095159638,316,17
2024-11-23 18:00:00,83.14,99.84689386988293,16.706893869882933,16.706893869882933,316,18
2024-11-23 19:00:00,71.99,93.25749388615176,21.26749388615177,21.26749388615177,316,19
2024-11-23 20:00:00,58.84,77.1941367524533,18.3541367524533,18.3541367524533,316,20
2024-11-23 21:00:00,49.27,91.07255058179109,41.80255058179109,41.80255058179109,316,21
2024-11-23 22:00:00,26.38,88.72049239333552,62.34049239333552,62.34049239333552,316,22
2024-11-23 23:00:00,13.81,79.47076936490893,65.66076936490893,65.66076936490893,316,23
2024-11-26 00:00:00,81.73,48.81934755708221,-32.910652442917794,32.910652442917794,319,0
2024-11-26 01:00:00,81.06,42.320205654144004,-38.739794345856,38.739794345856,319,1
2024-11-26 02:00:00,73.04,33.50331095487971,-39.5366890451203,39.5366890451203,319,2
2024-11-26 03:00:00,74.62,28.202927837481184,-46.41707216251882,46.41707216251882,319,3
2024-11-26 04:00:00,84.24,27.626453018165627,-56.61354698183437,56.61354698183437,319,4
2024-11-26 05:00:00,104.23,40.688896579189326,-63.54110342081068,63.54110342081068,319,5
2024-11-26 06:00:00,134.93,72.48347822810673,-62.44652177189327,62.44652177189327,319,6
2024-11-26 07:00:00,137.84,83.51451287039238,-54.32548712960762,54.32548712960762,319,7
2024-11-26 08:00:00,127.26,85.05973588167272,-42.20026411832728,42.20026411832728,319,8
2024-11-26 09:00:00,114.63,86.37171339683897,-28.258286603161025,28.258286603161025,319,9
2024-11-26 10:00:00,106.44,92.35312608669682,-14.08687391330318,14.08687391330318,319,10
2024-11-26 11:00:00,97.75,91.67866555449045,-6.0713344455095495,6.0713344455095495,319,11
2024-11-26 12:00:00,103.11,84.43903176218488,-18.670968237815117,18.670968237815117,319,12
2024-11-26 13:00:00,117.15,71.78872609698745,-45.36127390301256,45.36127390301256,319,13
2024-11-26 14:00:00,120.58,77.59317389301891,-42.986826106981084,42.986826106981084,319,14
2024-11-26 15:00:00,137.51,97.05447920889235,-40.455520791107645,40.455520791107645,319,15
2024-11-26 16:00:00,148.85,108.21158461684524,-40.63841538315475,40.63841538315475,319,16
2024-11-26 17:00:00,162.07,111.37036463691064,-50.69963536308936,50.69963536308936,319,17
2024-11-26 18:00:00,154.84,105.10286089256277,-49.73713910743723,49.73713910743723,319,18
2024-11-26 19:00:00,129.76,95.89921956783475,-33.86078043216524,33.86078043216524,319,19
2024-11-26 20:00:00,120.35,94.70726381106151,-25.642736188938485,25.642736188938485,319,20
2024-11-26 21:00:00,123.75,95.38119589491798,-28.36880410508202,28.36880410508202,319,21
2024-11-26 22:00:00,114.36,84.22350258386888,-30.13649741613112,30.13649741613112,319,22
2024-11-26 23:00:00,86.19,85.24913398972316,-0.9408660102768351,0.9408660102768351,319,23
2024-11-27 00:00:00,75.92,77.82363512669673,1.9036351266967273,1.9036351266967273,320,0
2024-11-27 01:00:00,70.95,73.3391448236904,2.389144823690401,2.389144823690401,320,1
2024-11-27 02:00:00,54.1,61.5958179214625,7.495817921462496,7.495817921462496,320,2
2024-11-27 03:00:00,16.81,63.05763419033032,46.24763419033032,46.24763419033032,320,3
2024-11-27 04:00:00,37.17,68.48422429904937,31.31422429904937,31.31422429904937,320,4
2024-11-27 05:00:00,81.69,81.94934481280674,0.25934481280674504,0.25934481280674504,320,5
2024-11-27 06:00:00,109.92,104.49554232981725,-5.424457670182747,5.424457670182747,320,6
2024-11-27 07:00:00,108.1,105.70580242392653,-2.3941975760734664,2.3941975760734664,320,7
2024-11-27 08:00:00,88.3,100.98084645722557,12.68084645722557,12.68084645722557,320,8
2024-11-27 09:00:00,83.11,98.54629704402751,15.436297044027512,15.436297044027512,320,9
2024-11-27 10:00:00,75.83,94.42037148777563,18.590371487775627,18.590371487775627,320,10
2024-11-27 11:00:00,86.52,89.48564781753291,2.9656478175329113,2.9656478175329113,320,11
2024-11-27 12:00:00,48.69,91.77319837963404,43.08319837963404,43.08319837963404,320,12
2024-11-27 13:00:00,70.46,96.85274731945503,26.39274731945504,26.39274731945504,320,13
2024-11-27 14:00:00,76.51,92.70184341489657,16.191843414896567,16.191843414896567,320,14
2024-11-27 15:00:00,100.35,106.99401953030932,6.644019530309322,6.644019530309322,320,15
2024-11-27 16:00:00,115.58,116.4877628479939,0.9077628479939079,0.9077628479939079,320,16
2024-11-27 17:00:00,123.29,128.78980787721972,5.499807877219709,5.499807877219709,320,17
2024-11-27 18:00:00,119.27,125.36368765790361,6.093687657903615,6.093687657903615,320,18
2024-11-27 19:00:00,94.07,111.74857425770134,17.678574257701342,17.678574257701342,320,19
2024-11-27 20:00:00,82.93,104.53839034644989,21.60839034644988,21.60839034644988,320,20
2024-11-27 21:00:00,84.43,108.11027665576361,23.680276655763606,23.680276655763606,320,21
2024-11-27 22:00:00,79.32,101.1147967597713,21.7947967597713,21.7947967597713,320,22
2024-11-27 23:00:00,64.53,74.37360817648349,9.843608176483485,9.843608176483485,320,23
2024-11-28 00:00:00,72.67,70.71621508371591,-1.9537849162840928,1.9537849162840928,321,0
2024-11-28 01:00:00,70.2,66.59266100761303,-3.607338992386971,3.607338992386971,321,1
2024-11-28 02:00:00,41.71,55.889417190669235,14.179417190669234,14.179417190669234,321,2
2024-11-28 03:00:00,69.27,36.123315968002885,-33.14668403199711,33.14668403199711,321,3
2024-11-28 04:00:00,68.9,47.34295268741442,-21.55704731258559,21.55704731258559,321,4
2024-11-28 05:00:00,97.04,73.17329694167361,-23.866703058326394,23.866703058326394,321,5
2024-11-28 06:00:00,124.99,95.63066420101,-29.35933579898999,29.35933579898999,321,6
2024-11-28 07:00:00,133.68,95.36245430451041,-38.3175456954896,38.3175456954896,321,7
2024-11-28 08:00:00,130.57,86.5879913306544,-43.98200866934559,43.98200866934559,321,8
2024-11-28 09:00:00,121.0,83.35548751346586,-37.64451248653414,37.64451248653414,321,9
2024-11-28 10:00:00,108.95,87.13328252233279,-21.81671747766721,21.81671747766721,321,10
2024-11-28 11:00:00,103.5,95.66948015386836,-7.8305198461316365,7.8305198461316365,321,11
2024-11-28 12:00:00,103.19,72.53545426354265,-30.65454573645735,30.65454573645735,321,12
2024-11-28 13:00:00,108.5,82.0286998159671,-26.4713001840329,26.4713001840329,321,13
2024-11-28 14:00:00,119.81,92.71600542090314,-27.093994579096858,27.093994579096858,321,14
2024-11-28 15:00:00,137.1,109.01725613304092,-28.082743866959078,28.082743866959078,321,15
2024-11-28 16:00:00,150.4,116.48616354169548,-33.91383645830453,33.91383645830453,321,16
2024-11-28 17:00:00,158.24,119.35832853607799,-38.88167146392202,38.88167146392202,321,17
2024-11-28 18:00:00,154.12,121.10351186417518,-33.01648813582483,33.01648813582483,321,18
2024-11-28 19:00:00,135.46,104.90365847455368,-30.556341525446328,30.556341525446328,321,19
2024-11-28 20:00:00,125.87,94.67347340263447,-31.196526597365533,31.196526597365533,321,20
2024-11-28 21:00:00,122.16,100.31347327097401,-21.84652672902598,21.84652672902598,321,21
2024-11-28 22:00:00,112.6,94.06631544158078,-18.53368455841921,18.53368455841921,321,22
2024-11-28 23:00:00,110.3,83.6447870123805,-26.655212987619493,26.655212987619493,321,23
2024-11-29 00:00:00,107.01,83.14930376250378,-23.860696237496228,23.860696237496228,322,0
2024-11-29 01:00:00,103.47,83.72740093490268,-19.742599065097323,19.742599065097323,322,1
2024-11-29 02:00:00,94.04,63.895375421565376,-30.14462457843463,30.14462457843463,322,2
2024-11-29 03:00:00,88.75,80.99242236833899,-7.7575776316610074,7.7575776316610074,322,3
2024-11-29 04:00:00,94.08,82.93722820011764,-11.142771799882354,11.142771799882354,322,4
2024-11-29 05:00:00,116.19,97.37810831411119,-18.81189168588881,18.81189168588881,322,5
2024-11-29 06:00:00,127.21,116.92328321541163,-10.286716784588364,10.286716784588364,322,6
2024-11-29 07:00:00,143.36,124.093228057288,-19.266771942712012,19.266771942712012,322,7
2024-11-29 08:00:00,135.27,117.3625918746229,-17.907408125377117,17.907408125377117,322,8
2024-11-29 09:00:00,121.06,115.79503415950366,-5.264965840496345,5.264965840496345,322,9
2024-11-29 10:00:00,109.32,112.53824678782384,3.218246787823844,3.218246787823844,322,10
2024-11-29 11:00:00,104.51,108.26673672665711,3.7567367266571097,3.7567367266571097,322,11
2024-11-29 12:00:00,95.81,107.39463148288723,11.584631482887232,11.584631482887232,322,12
2024-11-29 13:00:00,101.82,112.81168889869035,10.991688898690356,10.991688898690356,322,13
2024-11-29 14:00:00,108.93,118.06380145527532,9.133801455275318,9.133801455275318,322,14
2024-11-29 15:00:00,117.62,128.3157325725267,10.695732572526708,10.695732572526708,322,15
2024-11-29 16:00:00,133.38,135.4059279654232,2.025927965423193,2.025927965423193,322,16
2024-11-29 17:00:00,142.67,141.7137644611031,-0.9562355388968911,0.9562355388968911,322,17
2024-11-29 18:00:00,132.76,138.39090457549497,5.630904575494981,5.630904575494981,322,18
2024-11-29 19:00:00,121.46,126.09201196123024,4.632011961230248,4.632011961230248,322,19
2024-11-29 20:00:00,115.05,120.5909218303162,5.540921830316208,5.540921830316208,322,20
2024-11-29 21:00:00,114.16,121.1068529159228,6.946852915922804,6.946852915922804,322,21
2024-11-29 22:00:00,103.84,111.68554199517308,7.845541995173079,7.845541995173079,322,22
2024-11-29 23:00:00,100.1,99.77658062347098,-0.3234193765290172,0.3234193765290172,322,23
2024-11-30 00:00:00,93.3,88.15034207920607,-5.149657920793928,5.149657920793928,323,0
2024-11-30 01:00:00,91.07,85.18136143205362,-5.888638567946373,5.888638567946373,323,1
2024-11-30 02:00:00,88.36,72.20769794532835,-16.15230205467165,16.15230205467165,323,2
2024-11-30 03:00:00,89.69,66.92803601231275,-22.761963987687253,22.761963987687253,323,3
2024-11-30 04:00:00,91.54,72.57796753773644,-18.962032462263565,18.962032462263565,323,4
2024-11-30 05:00:00,90.66,81.95058179005227,-8.709418209947728,8.709418209947728,323,5
2024-11-30 06:00:00,105.21,93.98986411052198,-11.220135889478016,11.220135889478016,323,6
2024-11-30 07:00:00,113.09,102.23246769304905,-10.857532306950958,10.857532306950958,323,7
2024-11-30 08:00:00,103.88,93.44739285727245,-10.432607142727548,10.432607142727548,323,8
2024-11-30 09:00:00,94.65,89.47883657513127,-5.1711634248687375,5.1711634248687375,323,9
2024-11-30 10:00:00,88.13,85.59888422599785,-2.5311157740021457,2.5311157740021457,323,10
2024-11-30 11:00:00,89.49,80.72735285254252,-8.762647147457471,8.762647147457471,323,11
2024-11-30 12:00:00,92.0,75.58959169634065,-16.410408303659352,16.410408303659352,323,12
2024-11-30 13:00:00,99.17,75.61978559737533,-23.550214402624675,23.550214402624675,323,13
2024-11-30 14:00:00,111.88,83.95990668225959,-27.92009331774041,27.92009331774041,323,14
2024-11-30 15:00:00,120.91,88.81418392661087,-32.09581607338913,32.09581607338913,323,15
2024-11-30 16:00:00,136.67,98.42781521627184,-38.24218478372815,38.24218478372815,323,16
2024-11-30 17:00:00,136.71,105.98417812050377,-30.725821879496237,30.725821879496237,323,17
2024-11-30 18:00:00,131.96,99.483768573979,-32.476231426021,32.476231426021,323,18
2024-11-30 19:00:00,124.51,94.45217385329795,-30.057826146702055,30.057826146702055,323,19
2024-11-30 20:00:00,115.08,87.81828273154177,-27.261717268458227,27.261717268458227,323,20
2024-11-30 21:00:00,114.78,89.39772619086338,-25.38227380913662,25.38227380913662,323,21
2024-11-30 22:00:00,106.67,79.93889418410296,-26.73110581589704,26.73110581589704,323,22
2024-11-30 23:00:00,99.66,71.47519100814608,-28.184808991853913,28.184808991853913,323,23
2024-12-01 00:00:00,90.01,66.1999762059786,-23.810023794021404,23.810023794021404,324,0
2024-12-01 01:00:00,88.14,61.72677759891499,-26.413222401085008,26.413222401085008,324,1
2024-12-01 02:00:00,85.7,52.43886891642651,-33.261131083573495,33.261131083573495,324,2
2024-12-01 03:00:00,81.1,62.68058680968559,-18.4194131903144,18.4194131903144,324,3
2024-12-01 04:00:00,74.68,51.37668567111601,-23.303314328884,23.303314328884,324,4
2024-12-01 05:00:00,76.05,54.575427523618245,-21.474572476381752,21.474572476381752,324,5
2024-12-01 06:00:00,86.77,73.00604658978831,-13.763953410211684,13.763953410211684,324,6
2024-12-01 07:00:00,96.49,73.37497265386635,-23.115027346133644,23.115027346133644,324,7
2024-12-01 08:00:00,94.6,65.37452465027992,-29.22547534972007,29.22547534972007,324,8
2024-12-01 09:00:00,89.3,64.34331966477463,-24.95668033522537,24.95668033522537,324,9
2024-12-01 10:00:00,82.38,55.04339160707461,-27.336608392925385,27.336608392925385,324,10
2024-12-01 11:00:00,85.25,69.11476996865765,-16.135230031342346,16.135230031342346,324,11
2024-12-01 12:00:00,83.08,69.1090572761103,-13.970942723889692,13.970942723889692,324,12
2024-12-01 13:00:00,75.77,72.40970840114814,-3.360291598851859,3.360291598851859,324,13
2024-12-01 14:00:00,85.47,80.84263957032381,-4.627360429676187,4.627360429676187,324,14
2024-12-01 15:00:00,94.98,87.9303456585666,-7.04965434143341,7.04965434143341,324,15
2024-12-01 16:00:00,116.91,98.73866068179667,-18.171339318203323,18.171339318203323,324,16
2024-12-01 17:00:00,124.76,105.59595037404449,-19.164049625955514,19.164049625955514,324,17
2024-12-01 18:00:00,115.93,98.41311274071793,-17.516887259282072,17.516887259282072,324,18
2024-12-01 19:00:00,97.6,93.45524132326891,-4.144758676731087,4.144758676731087,324,19
2024-12-01 20:00:00,88.84,87.97380272423561,-0.8661972757643923,0.8661972757643923,324,20
2024-12-01 21:00:00,98.17,83.66075022269551,-14.50924977730449,14.50924977730449,324,21
2024-12-01 22:00:00,85.0,76.40738281554702,-8.592617184452976,8.592617184452976,324,22
2024-12-01 23:00:00,76.45,66.96015346455044,-9.489846535449558,9.489846535449558,324,23
2024-12-02 00:00:00,67.84,97.07098781052389,29.230987810523885,29.230987810523885,325,0
2024-12-02 01:00:00,63.08,87.34450241329145,24.264502413291453,24.264502413291453,325,1
2024-12-02 02:00:00,45.53,89.01084727075605,43.480847270756044,43.480847270756044,325,2
2024-12-02 03:00:00,38.37,85.25446204712057,46.88446204712057,46.88446204712057,325,3
2024-12-02 04:00:00,57.28,74.48328737082802,17.203287370828022,17.203287370828022,325,4
2024-12-02 05:00:00,96.56,80.90739630266744,-15.652603697332566,15.652603697332566,325,5
2024-12-02 06:00:00,129.01,98.08783770023098,-30.922162299769013,30.922162299769013,325,6
2024-12-02 07:00:00,129.46,109.37345013224214,-20.086549867757867,20.086549867757867,325,7
2024-12-02 08:00:00,125.63,100.3411149694144,-25.28888503058559,25.28888503058559,325,8
2024-12-02 09:00:00,122.9,102.20505086921288,-20.694949130787123,20.694949130787123,325,9
2024-12-02 10:00:00,117.25,95.46337187111303,-21.786628128886974,21.786628128886974,325,10
2024-12-02 11:00:00,115.89,98.54511105265732,-17.34488894734268,17.34488894734268,325,11
2024-12-02 12:00:00,118.71,98.91900606232332,-19.790993937676674,19.790993937676674,325,12
2024-12-02 13:00:00,115.95,102.0097106384778,-13.940289361522204,13.940289361522204,325,13
2024-12-02 14:00:00,124.62,108.93644160781642,-15.683558392183585,15.683558392183585,325,14
2024-12-02 15:00:00,125.9,116.0814696021931,-9.81853039780691,9.81853039780691,325,15
2024-12-02 16:00:00,136.02,128.58823273972828,-7.431767260271727,7.431767260271727,325,16
2024-12-02 17:00:00,149.61,138.53065040630827,-11.079349593691745,11.079349593691745,325,17
2024-12-02 18:00:00,141.66,132.63287247460474,-9.027127525395258,9.027127525395258,325,18
2024-12-02 19:00:00,125.6,119.51825745319587,-6.081742546804122,6.081742546804122,325,19
2024-12-02 20:00:00,116.08,108.57775339840872,-7.502246601591281,7.502246601591281,325,20
2024-12-02 21:00:00,115.07,114.28431378581006,-0.785686214189937,0.785686214189937,325,21
2024-12-02 22:00:00,103.91,101.94005362601705,-1.9699463739829497,1.9699463739829497,325,22
2024-12-02 23:00:00,111.74,90.71335656985272,-21.026643430147274,21.026643430147274,325,23
2024-12-03 00:00:00,104.63,75.55930140418856,-29.070698595811436,29.070698595811436,326,0
2024-12-03 01:00:00,98.42,70.34634249240511,-28.073657507594888,28.073657507594888,326,1
2024-12-03 02:00:00,96.1,58.35738895106783,-37.74261104893216,37.74261104893216,326,2
2024-12-03 03:00:00,104.47,54.179786728745164,-50.290213271254835,50.290213271254835,326,3
2024-12-03 04:00:00,111.57,66.41936115694851,-45.15063884305148,45.15063884305148,326,4
2024-12-03 05:00:00,125.34,91.68326007105868,-33.65673992894132,33.65673992894132,326,5
2024-12-03 06:00:00,148.48,123.13636775043514,-25.34363224956485,25.34363224956485,326,6
2024-12-03 07:00:00,158.84,122.69211058229507,-36.14788941770493,36.14788941770493,326,7
2024-12-03 08:00:00,154.9,114.66634812033811,-40.23365187966189,40.23365187966189,326,8
2024-12-03 09:00:00,146.06,110.32906633180886,-35.73093366819114,35.73093366819114,326,9
2024-12-03 10:00:00,142.0,108.11523658023104,-33.88476341976896,33.88476341976896,326,10
2024-12-03 11:00:00,140.89,106.98396974535441,-33.90603025464557,33.90603025464557,326,11
2024-12-03 12:00:00,142.53,109.97385801368054,-32.55614198631946,32.55614198631946,326,12
2024-12-03 13:00:00,146.15,107.86462409401177,-38.28537590598823,38.28537590598823,326,13
2024-12-03 14:00:00,156.63,117.59746515019265,-39.03253484980735,39.03253484980735,326,14
2024-12-03 15:00:00,165.36,122.20712780544142,-43.1528721945586,43.1528721945586,326,15
2024-12-03 16:00:00,203.24,131.974817221524,-71.265182778476,71.265182778476,326,16
2024-12-03 17:00:00,197.88,141.45824374856335,-56.42175625143665,56.42175625143665,326,17
2024-12-03 18:00:00,189.83,133.60697647683475,-56.22302352316527,56.22302352316527,326,18
2024-12-03 19:00:00,158.46,119.06919795557155,-39.390802044428455,39.390802044428455,326,19
2024-12-03 20:00:00,150.0,111.12802392097495,-38.871976079025046,38.871976079025046,326,20
2024-12-03 21:00:00,142.08,110.97435290507266,-31.10564709492735,31.10564709492735,326,21
2024-12-03 22:00:00,130.81,96.72312409653645,-34.08687590346355,34.08687590346355,326,22
2024-12-03 23:00:00,121.12,93.16606271154032,-27.953937288459684,27.953937288459684,326,23
2024-12-04 00:00:00,116.66,87.57479406950867,-29.085205930491327,29.085205930491327,327,0
2024-12-04 01:00:00,112.79,81.00309199488231,-31.786908005117695,31.786908005117695,327,1
2024-12-04 02:00:00,108.9,76.31067499398779,-32.58932500601222,32.58932500601222,327,2
2024-12-04 03:00:00,106.98,74.67020517873691,-32.3097948212631,32.3097948212631,327,3
2024-12-04 04:00:00,110.72,79.36880024984231,-31.35119975015769,31.35119975015769,327,4
2024-12-04 05:00:00,132.55,86.58507409684807,-45.964925903151936,45.964925903151936,327,5
2024-12-04 06:00:00,149.23,109.79865733121478,-39.431342668785206,39.431342668785206,327,6
2024-12-04 07:00:00,200.49,115.6565501879252,-84.8334498120748,84.8334498120748,327,7
2024-12-04 08:00:00,205.1,110.85761292859793,-94.24238707140206,94.24238707140206,327,8
2024-12-04 09:00:00,149.94,106.86836721900252,-43.071632780997476,43.071632780997476,327,9
2024-12-04 10:00:00,148.85,100.62198355488619,-48.22801644511381,48.22801644511381,327,10
2024-12-04 11:00:00,153.78,107.606436015052,-46.173563984948004,46.173563984948004,327,11
2024-12-04 12:00:00,137.7,105.05948979729368,-32.64051020270631,32.64051020270631,327,12
2024-12-04 13:00:00,137.81,111.61862545272763,-26.191374547272375,26.191374547272375,327,13
2024-12-04 14:00:00,138.01,114.89385259054613,-23.11614740945386,23.11614740945386,327,14
2024-12-04 15:00:00,155.2,125.00790369596501,-30.192096304034976,30.192096304034976,327,15
2024-12-04 16:00:00,219.09,146.88690838300636,-72.20309161699365,72.20309161699365,327,16
2024-12-04 17:00:00,190.17,145.28794568930383,-44.88205431069616,44.88205431069616,327,17
2024-12-04 18:00:00,171.45,137.7646511449402,-33.6853488550598,33.6853488550598,327,18
2024-12-04 19:00:00,141.78,117.93302295702267,-23.84697704297733,23.84697704297733,327,19
2024-12-04 20:00:00,124.53,103.5391793679931,-20.9908206320069,20.9908206320069,327,20
2024-12-04 21:00:00,123.42,110.75236200025375,-12.667637999746248,12.667637999746248,327,21
2024-12-04 22:00:00,112.74,87.55188664381537,-25.18811335618463,25.18811335618463,327,22
2024-12-04 23:00:00,114.77,76.26628964123586,-38.50371035876414,38.50371035876414,327,23
2024-12-05 00:00:00,105.74,74.9380148850466,-30.801985114953396,30.801985114953396,328,0
2024-12-05 01:00:00,102.66,68.46495824479254,-34.195041755207455,34.195041755207455,328,1
2024-12-05 02:00:00,99.55,71.35248846123194,-28.197511538768055,28.197511538768055,328,2
2024-12-05 03:00:00,90.72,67.36885664956532,-23.351143350434683,23.351143350434683,328,3
2024-12-05 04:00:00,93.7,79.94956786932667,-13.750432130673332,13.750432130673332,328,4
2024-12-05 05:00:00,107.96,94.49563241327975,-13.464367586720243,13.464367586720243,328,5
2024-12-05 06:00:00,127.01,118.79211970934114,-8.217880290658869,8.217880290658869,328,6
2024-12-05 07:00:00,142.14,148.2905667421295,6.150566742129513,6.150566742129513,328,7
2024-12-05 08:00:00,132.52,147.61067081847324,15.090670818473228,15.090670818473228,328,8
2024-12-05 09:00:00,125.97,125.1988316590797,-0.7711683409202976,0.7711683409202976,328,9
2024-12-05 10:00:00,112.71,119.63331332771676,6.9233133277167695,6.9233133277167695,328,10
2024-12-05 11:00:00,108.93,126.658751401117,17.728751401116995,17.728751401116995,328,11
2024-12-05 12:00:00,107.56,116.84357554566068,9.283575545660682,9.283575545660682,328,12
2024-12-05 13:00:00,108.45,120.10253813380353,11.652538133803532,11.652538133803532,328,13
2024-12-05 14:00:00,108.99,123.6166727898032,14.626672789803209,14.626672789803209,328,14
2024-12-05 15:00:00,114.2,132.80145568627609,18.601455686276083,18.601455686276083,328,15
2024-12-05 16:00:00,129.38,174.10791744899876,44.72791744899877,44.72791744899877,328,16
2024-12-05 17:00:00,126.79,162.19824164833776,35.40824164833775,35.40824164833775,328,17
2024-12-05 18:00:00,117.81,147.69764361364486,29.887643613644855,29.887643613644855,328,18
2024-12-05 19:00:00,101.91,129.4350037011364,27.5250037011364,27.5250037011364,328,19
2024-12-05 20:00:00,87.71,114.5449115625966,26.834911562596602,26.834911562596602,328,20
2024-12-05 21:00:00,83.24,108.66849459913496,25.428494599134964,25.428494599134964,328,21
2024-12-05 22:00:00,52.0,102.48680399006135,50.48680399006135,50.48680399006135,328,22
2024-12-05 23:00:00,22.55,98.51655384388414,75.96655384388414,75.96655384388414,328,23
2024-12-06 00:00:00,16.07,90.77411111111887,74.70411111111886,74.70411111111886,329,0
2024-12-06 01:00:00,13.08,82.92948770621052,69.84948770621052,69.84948770621052,329,1
2024-12-06 02:00:00,10.46,71.64771862347251,61.18771862347251,61.18771862347251,329,2
2024-12-06 03:00:00,10.9,71.62309410893337,60.723094108933374,60.723094108933374,329,3
2024-12-06 04:00:00,19.4,68.91424283426792,49.514242834267925,49.514242834267925,329,4
2024-12-06 05:00:00,69.41,78.33843274274557,8.92843274274557,8.92843274274557,329,5
2024-12-06 06:00:00,101.8,95.82320588898594,-5.976794111014058,5.976794111014058,329,6
2024-12-06 07:00:00,117.68,108.6409972258783,-9.039002774121712,9.039002774121712,329,7
2024-12-06 08:00:00,120.73,105.6210255072629,-15.108974492737104,15.108974492737104,329,8
2024-12-06 09:00:00,111.07,104.92097972651847,-6.149020273481526,6.149020273481526,329,9
2024-12-06 10:00:00,105.67,98.3223632598539,-7.3476367401461005,7.3476367401461005,329,10
2024-12-06 11:00:00,94.0,93.13582590265388,-0.8641740973461225,0.8641740973461225,329,11
2024-12-06 12:00:00,100.7,90.12603896563184,-10.573961034368168,10.573961034368168,329,12
2024-12-06 13:00:00,100.83,93.72866403285869,-7.10133596714131,7.10133596714131,329,13
2024-12-06 14:00:00,112.0,99.69665832423233,-12.303341675767669,12.303341675767669,329,14
2024-12-06 15:00:00,129.22,104.29609308805563,-24.92390691194437,24.92390691194437,329,15
2024-12-06 16:00:00,143.2,121.59087141773847,-21.60912858226152,21.60912858226152,329,16
2024-12-06 17:00:00,146.85,122.833933631727,-24.016066368272988,24.016066368272988,329,17
2024-12-06 18:00:00,133.55,105.11713698149413,-28.432863018505884,28.432863018505884,329,18
2024-12-06 19:00:00,117.88,91.61808643519352,-26.261913564806477,26.261913564806477,329,19
2024-12-06 20:00:00,109.15,89.81901869939242,-19.33098130060759,19.33098130060759,329,20
2024-12-06 21:00:00,97.39,89.55839084888015,-7.831609151119849,7.831609151119849,329,21
2024-12-06 22:00:00,91.11,73.67904294915851,-17.430957050841485,17.430957050841485,329,22
2024-12-06 23:00:00,73.45,49.52497877517699,-23.925021224823013,23.925021224823013,329,23
2024-12-07 00:00:00,71.85,29.227224882379133,-42.62277511762086,42.62277511762086,330,0
2024-12-07 01:00:00,65.27,25.68135651633189,-39.58864348366811,39.58864348366811,330,1
2024-12-07 02:00:00,46.5,20.3564032297554,-26.1435967702446,26.1435967702446,330,2
2024-12-07 03:00:00,34.37,21.736444580203703,-12.633555419796295,12.633555419796295,330,3
2024-12-07 04:00:00,28.2,25.203927716209485,-2.9960722837905145,2.9960722837905145,330,4
2024-12-07 05:00:00,28.85,53.90555992417544,25.05555992417544,25.05555992417544,330,5
2024-12-07 06:00:00,39.31,77.42892635666209,38.11892635666209,38.11892635666209,330,6
2024-12-07 07:00:00,43.22,95.13943395989318,51.91943395989318,51.91943395989318,330,7
2024-12-07 08:00:00,42.36,91.83657279904902,49.47657279904902,49.47657279904902,330,8
2024-12-07 09:00:00,26.0,82.30699413134019,56.30699413134019,56.30699413134019,330,9
2024-12-07 10:00:00,21.66,80.22266461725276,58.562664617252764,58.562664617252764,330,10
2024-12-07 11:00:00,39.72,82.76651061426844,43.04651061426844,43.04651061426844,330,11
2024-12-07 12:00:00,25.21,86.91623043066662,61.706230430666615,61.706230430666615,330,12
2024-12-07 13:00:00,17.81,78.49817381156899,60.68817381156899,60.68817381156899,330,13
2024-12-07 14:00:00,21.91,86.25306667399482,64.34306667399483,64.34306667399483,330,14
2024-12-07 15:00:00,32.16,97.86900425139426,65.70900425139426,65.70900425139426,330,15
2024-12-07 16:00:00,41.9,116.66094736537795,74.76094736537794,74.76094736537794,330,16
2024-12-07 17:00:00,56.34,116.64788599395715,60.30788599395714,60.30788599395714,330,17
2024-12-07 18:00:00,62.97,100.21453445377958,37.24453445377958,37.24453445377958,330,18
2024-12-07 19:00:00,71.85,88.50665405981417,16.656654059814173,16.656654059814173,330,19
2024-12-07 20:00:00,45.51,83.74075393287863,38.230753932878635,38.230753932878635,330,20
2024-12-07 21:00:00,41.9,81.2616233729233,39.3616233729233,39.3616233729233,330,21
2024-12-07 22:00:00,35.0,71.40503424767314,36.40503424767314,36.40503424767314,330,22
2024-12-07 23:00:00,18.64,56.18620693467287,37.54620693467287,37.54620693467287,330,23
2024-12-08 00:00:00,13.9,56.27531273239347,42.375312732393475,42.375312732393475,331,0
2024-12-08 01:00:00,17.14,47.490203460776264,30.350203460776264,30.350203460776264,331,1
2024-12-08 02:00:00,8.23,36.72931782890615,28.499317828906147,28.499317828906147,331,2
2024-12-08 03:00:00,5.85,23.15641147295038,17.30641147295038,17.30641147295038,331,3
2024-12-08 04:00:00,8.08,22.91374710905272,14.833747109052721,14.833747109052721,331,4
2024-12-08 05:00:00,11.54,23.31177591031603,11.77177591031603,11.77177591031603,331,5
2024-12-08 06:00:00,11.35,38.55086327227536,27.200863272275356,27.200863272275356,331,6
2024-12-08 07:00:00,19.55,41.28335249616647,21.73335249616647,21.73335249616647,331,7
2024-12-08 08:00:00,33.99,37.904850242886525,3.914850242886523,3.914850242886523,331,8
2024-12-08 09:00:00,34.66,32.32491495594315,-2.3350850440568465,2.3350850440568465,331,9
2024-12-08 10:00:00,34.15,28.623289608410595,-5.526710391589404,5.526710391589404,331,10
2024-12-08 11:00:00,47.33,45.61963584129831,-1.7103641587016867,1.7103641587016867,331,11
2024-12-08 12:00:00,47.9,38.263244908482775,-9.636755091517223,9.636755091517223,331,12
2024-12-08 13:00:00,28.32,27.03423858487392,-1.2857614151260819,1.2857614151260819,331,13
2024-12-08 14:00:00,38.77,36.56036756050483,-2.2096324394951736,2.2096324394951736,331,14
2024-12-08 15:00:00,32.61,49.406342865469675,16.796342865469676,16.796342865469676,331,15
2024-12-08 16:00:00,55.4,54.38185482721849,-1.0181451727815087,1.0181451727815087,331,16
2024-12-08 17:00:00,74.97,64.71322260733672,-10.256777392663281,10.256777392663281,331,17
2024-12-08 18:00:00,72.5,75.24339201321357,2.7433920132135654,2.7433920132135654,331,18
2024-12-08 19:00:00,71.68,74.52404249381549,2.844042493815479,2.844042493815479,331,19
2024-12-08 20:00:00,72.4,57.187226463935026,-15.21277353606498,15.21277353606498,331,20
2024-12-08 21:00:00,68.5,57.185234463964264,-11.314765536035736,11.314765536035736,331,21
2024-12-08 22:00:00,65.23,51.69358044105697,-13.536419558943031,13.536419558943031,331,22
2024-12-08 23:00:00,55.0,28.784419692975035,-26.215580307024965,26.215580307024965,331,23
2024-12-09 00:00:00,37.55,57.73792094701565,20.187920947015655,20.187920947015655,332,0
2024-12-09 01:00:00,31.82,50.393792753694626,18.573792753694626,18.573792753694626,332,1
2024-12-09 02:00:00,13.99,47.48125463177104,33.491254631771035,33.491254631771035,332,2
2024-12-09 03:00:00,5.43,46.84158615610065,41.41158615610065,41.41158615610065,332,3
2024-12-09 04:00:00,25.95,54.82108714290419,28.87108714290419,28.87108714290419,332,4
2024-12-09 05:00:00,67.44,63.246637740918395,-4.193362259081603,4.193362259081603,332,5
2024-12-09 06:00:00,111.16,78.26836865738845,-32.89163134261155,32.89163134261155,332,6
2024-12-09 07:00:00,122.98,79.60706744588332,-43.37293255411669,43.37293255411669,332,7
2024-12-09 08:00:00,120.6,84.27039426131076,-36.32960573868924,36.32960573868924,332,8
2024-12-09 09:00:00,116.02,87.32164166323037,-28.69835833676963,28.69835833676963,332,9
2024-12-09 10:00:00,109.93,94.05116893908576,-15.878831060914251,15.878831060914251,332,10
2024-12-09 11:00:00,107.62,100.25521030075703,-7.364789699242976,7.364789699242976,332,11
2024-12-09 12:00:00,86.53,94.9984319168345,8.468431916834504,8.468431916834504,332,12
2024-12-09 13:00:00,83.89,84.96598978843562,1.0759897884356207,1.0759897884356207,332,13
2024-12-09 14:00:00,107.5,105.3324239687311,-2.1675760312688936,2.1675760312688936,332,14
2024-12-09 15:00:00,112.66,92.70209387951094,-19.957906120489056,19.957906120489056,332,15
2024-12-09 16:00:00,125.34,102.3485529817099,-22.991447018290103,22.991447018290103,332,16
2024-12-09 17:00:00,132.06,124.11902953835445,-7.9409704616455485,7.9409704616455485,332,17
2024-12-09 18:00:00,130.0,120.94904611151117,-9.050953888488834,9.050953888488834,332,18
2024-12-09 19:00:00,120.66,118.50024065864315,-2.159759341356846,2.159759341356846,332,19
2024-12-09 20:00:00,105.04,112.70192554825263,7.661925548252626,7.661925548252626,332,20
2024-12-09 21:00:00,103.07,102.67763394392452,-0.39236605607547403,0.39236605607547403,332,21
2024-12-09 22:00:00,94.93,95.77505220726533,0.8450522072653257,0.8450522072653257,332,22
2024-12-09 23:00:00,97.22,89.54964927385275,-7.670350726147248,7.670350726147248,332,23
2024-12-10 00:00:00,91.3,66.60664885790274,-24.693351142097256,24.693351142097256,333,0
2024-12-10 01:00:00,88.06,63.43006591390848,-24.629934086091524,24.629934086091524,333,1
2024-12-10 02:00:00,85.0,50.20666797331788,-34.79333202668212,34.79333202668212,333,2
2024-12-10 03:00:00,87.7,47.34257851125729,-40.357421488742716,40.357421488742716,333,3
2024-12-10 04:00:00,89.93,59.87490100991708,-30.055098990082925,30.055098990082925,333,4
2024-12-10 05:00:00,111.73,88.32978858393464,-23.40021141606536,23.40021141606536,333,5
2024-12-10 06:00:00,130.65,123.17142977713473,-7.478570222865272,7.478570222865272,333,6
2024-12-10 07:00:00,150.32,133.14586187731373,-17.17413812268626,17.17413812268626,333,7
2024-12-10 08:00:00,142.18,123.75032092398396,-18.429679076016043,18.429679076016043,333,8
2024-12-10 09:00:00,132.77,120.37416574417315,-12.395834255826855,12.395834255826855,333,9
2024-12-10 10:00:00,119.0,115.69392787098897,-3.306072129011028,3.306072129011028,333,10
2024-12-10 11:00:00,117.35,113.9812298461234,-3.3687701538765964,3.3687701538765964,333,11
2024-12-10 12:00:00,115.21,98.58062480642097,-16.629375193579023,16.629375193579023,333,12
2024-12-10 13:00:00,120.72,94.89686249716445,-25.82313750283555,25.82313750283555,333,13
2024-12-10 14:00:00,131.0,115.1333568571894,-15.866643142810602,15.866643142810602,333,14
2024-12-10 15:00:00,145.01,118.26233303461349,-26.7476669653865,26.7476669653865,333,15
2024-12-10 16:00:00,160.6,124.54113696403141,-36.058863035968585,36.058863035968585,333,16
2024-12-10 17:00:00,181.0,133.770967032082,-47.22903296791799,47.22903296791799,333,17
2024-12-10 18:00:00,178.28,130.6017694151471,-47.67823058485291,47.67823058485291,333,18
2024-12-10 19:00:00,157.99,126.23826341527592,-31.751736584724085,31.751736584724085,333,19
2024-12-10 20:00:00,140.51,114.73453353219921,-25.775466467800783,25.775466467800783,333,20
2024-12-10 21:00:00,134.22,109.06252027172012,-25.15747972827988,25.15747972827988,333,21
2024-12-10 22:00:00,121.37,102.2402519858765,-19.129748014123507,19.129748014123507,333,22
2024-12-10 23:00:00,109.44,94.60371540381333,-14.836284596186673,14.836284596186673,333,23
2024-12-11 00:00:00,105.7,91.01457188350145,-14.685428116498557,14.685428116498557,334,0
2024-12-11 01:00:00,104.17,88.00380995839168,-16.166190041608317,16.166190041608317,334,1
2024-12-11 02:00:00,102.62,83.74570226484046,-18.874297735159544,18.874297735159544,334,2
2024-12-11 03:00:00,100.85,87.4910464868167,-13.358953513183295,13.358953513183295,334,3
2024-12-11 04:00:00,114.16,89.42059600018109,-24.739403999818904,24.739403999818904,334,4
2024-12-11 05:00:00,123.45,103.9277328325236,-19.5222671674764,19.5222671674764,334,5
2024-12-11 06:00:00,155.64,120.14964526070993,-35.490354739290055,35.490354739290055,334,6
2024-12-11 07:00:00,206.85,133.33288466129517,-73.51711533870483,73.51711533870483,334,7
2024-12-11 08:00:00,218.42,127.00993349622952,-91.41006650377047,91.41006650377047,334,8
2024-12-11 09:00:00,160.15,118.13768513222085,-42.01231486777915,42.01231486777915,334,9
2024-12-11 10:00:00,147.83,114.48743586506744,-33.34256413493257,33.34256413493257,334,10
2024-12-11 11:00:00,149.99,115.78799187614233,-34.20200812385768,34.20200812385768,334,11
2024-12-11 12:00:00,138.65,112.62377199379924,-26.026228006200768,26.026228006200768,334,12
2024-12-11 13:00:00,142.05,112.96949351782814,-29.08050648217187,29.08050648217187,334,13
2024-12-11 14:00:00,185.04,122.45031437868018,-62.589685621319816,62.589685621319816,334,14
2024-12-11 15:00:00,237.94,129.82243586012626,-108.11756413987374,108.11756413987374,334,15
2024-12-11 16:00:00,274.0,144.87257789723049,-129.12742210276951,129.12742210276951,334,16
2024-12-11 17:00:00,276.0,154.32055187833882,-121.67944812166118,121.67944812166118,334,17
2024-12-11 18:00:00,255.0,149.73334473358818,-105.26665526641182,105.26665526641182,334,18
2024-12-11 19:00:00,179.07,138.8178711606326,-40.2521288393674,40.2521288393674,334,19
2024-12-11 20:00:00,165.2,127.50619132810074,-37.69380867189925,37.69380867189925,334,20
2024-12-11 21:00:00,150.0,120.32361004578493,-29.676389954215068,29.676389954215068,334,21
2024-12-11 22:00:00,136.1,110.49934565048022,-25.600654349519772,25.600654349519772,334,22
2024-12-11 23:00:00,122.24,95.79047334032006,-26.449526659679933,26.449526659679933,334,23
2024-12-13 00:00:00,122.9,104.61874357735341,-18.281256422646592,18.281256422646592,336,0
2024-12-13 01:00:00,118.97,97.1321576301585,-21.837842369841496,21.837842369841496,336,1
2024-12-13 02:00:00,114.95,91.16476603866454,-23.785233961335464,23.785233961335464,336,2
2024-12-13 03:00:00,115.64,93.30305494634531,-22.336945053654688,22.336945053654688,336,3
2024-12-13 04:00:00,123.96,98.6554167678897,-25.30458323211029,25.30458323211029,336,4
2024-12-13 05:00:00,138.0,104.16646887476087,-33.83353112523913,33.83353112523913,336,5
2024-12-13 06:00:00,185.37,121.75068202549215,-63.61931797450785,63.61931797450785,336,6
2024-12-13 07:00:00,253.0,151.38431149218968,-101.61568850781032,101.61568850781032,336,7
2024-12-13 08:00:00,245.74,189.63041962982737,-56.10958037017264,56.10958037017264,336,8
2024-12-13 09:00:00,208.42,174.36312032360098,-34.05687967639901,34.05687967639901,336,9
2024-12-13 10:00:00,173.78,144.09017727181524,-29.689822728184765,29.689822728184765,336,10
2024-12-13 11:00:00,165.6,148.65851650946064,-16.941483490539355,16.941483490539355,336,11
2024-12-13 12:00:00,165.0,138.17705543623677,-26.82294456376323,26.82294456376323,336,12
2024-12-13 13:00:00,184.5,128.0244527023577,-56.475547297642294,56.475547297642294,336,13
2024-12-13 14:00:00,210.0,131.09638333642414,-78.90361666357586,78.90361666357586,336,14
2024-12-13 15:00:00,241.91,170.98263875096444,-70.92736124903556,70.92736124903556,336,15
2024-12-13 16:00:00,284.21,208.11728577518622,-76.09271422481376,76.09271422481376,336,16
2024-12-13 17:00:00,260.0,216.78937273876102,-43.21062726123898,43.21062726123898,336,17
2024-12-13 18:00:00,225.6,208.95072105903913,-16.64927894096087,16.64927894096087,336,18
2024-12-13 19:00:00,175.0,175.34719526868543,0.34719526868542516,0.34719526868542516,336,19
2024-12-13 20:00:00,146.22,142.83797938211535,-3.382020617884649,3.382020617884649,336,20
2024-12-13 21:00:00,135.09,134.92772977129115,-0.16227022870884866,0.16227022870884866,336,21
2024-12-13 22:00:00,116.52,119.22585594899158,2.7058559489915837,2.7058559489915837,336,22
2024-12-13 23:00:00,116.94,107.57184428694707,-9.368155713052928,9.368155713052928,336,23
2024-12-14 00:00:00,111.36,95.17087718759825,-16.18912281240175,16.18912281240175,337,0
2024-12-14 01:00:00,108.04,93.12516549145838,-14.914834508541631,14.914834508541631,337,1
2024-12-14 02:00:00,99.02,86.95281758329233,-12.067182416707666,12.067182416707666,337,2
2024-12-14 03:00:00,93.44,87.32591689888821,-6.114083101111788,6.114083101111788,337,3
2024-12-14 04:00:00,91.55,99.57444756617662,8.024447566176619,8.024447566176619,337,4
2024-12-14 05:00:00,94.09,106.04982162320033,11.959821623200327,11.959821623200327,337,5
2024-12-14 06:00:00,103.76,134.4622074485619,30.702207448561907,30.702207448561907,337,6
2024-12-14 07:00:00,114.77,175.20739389916199,60.43739389916199,60.43739389916199,337,7
2024-12-14 08:00:00,125.69,180.58173215674464,54.89173215674464,54.89173215674464,337,8
2024-12-14 09:00:00,122.0,162.95562839851559,40.955628398515586,40.955628398515586,337,9
2024-12-14 10:00:00,110.43,133.0512859382202,22.621285938220183,22.621285938220183,337,10
2024-12-14 11:00:00,109.73,124.57919469124892,14.849194691248911,14.849194691248911,337,11
2024-12-14 12:00:00,107.95,128.60998320673514,20.659983206735134,20.659983206735134,337,12
2024-12-14 13:00:00,104.07,136.18855619228108,32.11855619228109,32.11855619228109,337,13
2024-12-14 14:00:00,104.58,150.17479265121528,45.594792651215286,45.594792651215286,337,14
2024-12-14 15:00:00,112.29,183.61815360477695,71.32815360477694,71.32815360477694,337,15
2024-12-14 16:00:00,125.06,212.44152044474026,87.38152044474026,87.38152044474026,337,16
2024-12-14 17:00:00,124.62,207.14369870238164,82.52369870238164,82.52369870238164,337,17
2024-12-14 18:00:00,124.61,186.34599790635005,61.73599790635005,61.73599790635005,337,18
2024-12-14 19:00:00,109.17,155.92948211684802,46.75948211684802,46.75948211684802,337,19
2024-12-14 20:00:00,103.0,127.42545895221998,24.425458952219984,24.425458952219984,337,20
2024-12-14 21:00:00,110.11,114.31587844467741,4.20587844467741,4.20587844467741,337,21
2024-12-14 22:00:00,101.01,104.40392585884327,3.393925858843261,3.393925858843261,337,22
2024-12-14 23:00:00,86.56,90.83294025978036,4.272940259780356,4.272940259780356,337,23
2024-12-15 00:00:00,77.5,88.25598799924096,10.755987999240958,10.755987999240958,338,0
2024-12-15 01:00:00,73.5,86.97406035884967,13.47406035884967,13.47406035884967,338,1
2024-12-15 02:00:00,65.25,76.20130841837472,10.951308418374722,10.951308418374722,338,2
2024-12-15 03:00:00,57.57,72.47266318483236,14.902663184832356,14.902663184832356,338,3
2024-12-15 04:00:00,56.13,65.0538348308572,8.923834830857196,8.923834830857196,338,4
2024-12-15 05:00:00,50.68,70.46521315048454,19.785213150484545,19.785213150484545,338,5
2024-12-15 06:00:00,60.44,74.98491758789665,14.544917587896649,14.544917587896649,338,6
2024-12-15 07:00:00,69.13,90.7702941011719,21.640294101171904,21.640294101171904,338,7
2024-12-15 08:00:00,78.12,111.55095585646691,33.43095585646691,33.43095585646691,338,8
2024-12-15 09:00:00,74.57,109.06350356010516,34.49350356010517,34.49350356010517,338,9
2024-12-15 10:00:00,72.69,99.57781775940994,26.88781775940994,26.88781775940994,338,10
2024-12-15 11:00:00,77.87,100.43844402864372,22.56844402864371,22.56844402864371,338,11
2024-12-15 12:00:00,75.82,101.4170817178915,25.597081717891513,25.597081717891513,338,12
2024-12-15 13:00:00,71.89,97.24106770266589,25.351067702665887,25.351067702665887,338,13
2024-12-15 14:00:00,70.47,101.09504876511632,30.62504876511632,30.62504876511632,338,14
2024-12-15 15:00:00,82.3,119.1914170087723,36.89141700877231,36.89141700877231,338,15
2024-12-15 16:00:00,93.13,133.282286361037,40.152286361037,40.152286361037,338,16
2024-12-15 17:00:00,104.94,136.96904935330696,32.02904935330696,32.02904935330696,338,17
2024-12-15 18:00:00,99.43,134.52341679825113,35.09341679825113,35.09341679825113,338,18
2024-12-15 19:00:00,73.59,121.74402676672614,48.15402676672613,48.15402676672613,338,19
2024-12-15 20:00:00,72.61,110.75303776799382,38.14303776799382,38.14303776799382,338,20
2024-12-15 21:00:00,73.2,110.50591078223061,37.30591078223061,37.30591078223061,338,21
2024-12-15 22:00:00,46.61,98.65148251923102,52.041482519231025,52.041482519231025,338,22
2024-12-15 23:00:00,13.09,88.77441640431938,75.68441640431938,75.68441640431938,338,23
2024-12-16 00:00:00,14.58,114.70796142636871,100.12796142636871,100.12796142636871,339,0
2024-12-16 01:00:00,15.96,103.26524877484735,87.30524877484734,87.30524877484734,339,1
2024-12-16 02:00:00,9.76,100.78215163215506,91.02215163215506,91.02215163215506,339,2
2024-12-16 03:00:00,9.64,92.12698332219932,82.48698332219932,82.48698332219932,339,3
2024-12-16 04:00:00,15.15,92.39982214088688,77.24982214088688,77.24982214088688,339,4
2024-12-16 05:00:00,31.28,92.82117595122031,61.54117595122031,61.54117595122031,339,5
2024-12-16 06:00:00,92.57,107.84199824118049,15.271998241180498,15.271998241180498,339,6
2024-12-16 07:00:00,102.45,124.91755117793448,22.46755117793448,22.46755117793448,339,7
2024-12-16 08:00:00,109.71,126.2795783978948,16.5695783978948,16.5695783978948,339,8
2024-12-16 09:00:00,105.47,125.03272841982695,19.562728419826954,19.562728419826954,339,9
2024-12-16 10:00:00,97.14,121.4534318726999,24.313431872699894,24.313431872699894,339,10
2024-12-16 11:00:00,95.15,119.89552879172287,24.74552879172286,24.74552879172286,339,11
2024-12-16 12:00:00,89.88,120.35659499623269,30.47659499623269,30.47659499623269,339,12
2024-12-16 13:00:00,88.34,123.4578245680917,35.11782456809169,35.11782456809169,339,13
2024-12-16 14:00:00,99.87,121.6482392698047,21.7782392698047,21.7782392698047,339,14
2024-12-16 15:00:00,106.11,140.7018743975555,34.591874397555515,34.591874397555515,339,15
2024-12-16 16:00:00,109.35,149.90646391295394,40.556463912953944,40.556463912953944,339,16
2024-12-16 17:00:00,118.02,156.90971432480376,38.88971432480376,38.88971432480376,339,17
2024-12-16 18:00:00,117.25,146.54077749849623,29.290777498496226,29.290777498496226,339,18
2024-12-16 19:00:00,106.64,128.63352575402413,21.993525754024134,21.993525754024134,339,19
2024-12-16 20:00:00,96.02,124.61158009435051,28.59158009435052,28.59158009435052,339,20
2024-12-16 21:00:00,104.65,116.95767937958132,12.307679379581316,12.307679379581316,339,21
2024-12-16 22:00:00,88.52,97.2157510399394,8.69575103993941,8.69575103993941,339,22
2024-12-16 23:00:00,52.45,66.42915800148091,13.979158001480911,13.979158001480911,339,23
2024-12-17 00:00:00,56.82,58.312767587994266,1.4927675879942655,1.4927675879942655,340,0
2024-12-17 01:00:00,52.13,59.50497899762746,7.3749789976274585,7.3749789976274585,340,1
2024-12-17 02:00:00,41.47,50.831698226911215,9.361698226911216,9.361698226911216,340,2
2024-12-17 03:00:00,54.91,56.058137693158585,1.1481376931585885,1.1481376931585885,340,3
2024-12-17 04:00:00,63.75,52.2879102827646,-11.4620897172354,11.4620897172354,340,4
2024-12-17 05:00:00,89.92,64.08827491282992,-25.831725087170085,25.831725087170085,340,5
2024-12-17 06:00:00,109.93,115.50268189770227,5.572681897702267,5.572681897702267,340,6
2024-12-17 07:00:00,117.76,117.07124698123428,-0.6887530187657234,0.6887530187657234,340,7
2024-12-17 08:00:00,119.08,116.7875767420849,-2.292423257915104,2.292423257915104,340,8
2024-12-17 09:00:00,109.46,120.62536320869935,11.165363208699361,11.165363208699361,340,9
2024-12-17 10:00:00,102.64,116.38861994246906,13.748619942469062,13.748619942469062,340,10
2024-12-17 11:00:00,102.91,118.57037637595121,15.660376375951216,15.660376375951216,340,11
2024-12-17 12:00:00,106.43,114.01815666775448,7.588156667754475,7.588156667754475,340,12
2024-12-17 13:00:00,109.93,117.30619883819881,7.376198838198803,7.376198838198803,340,13
2024-12-17 14:00:00,113.61,125.1272394028098,11.517239402809807,11.517239402809807,340,14
2024-12-17 15:00:00,111.9,125.27200131142845,13.372001311428448,13.372001311428448,340,15
2024-12-17 16:00:00,124.88,130.84464170177353,5.96464170177353,5.96464170177353,340,16
2024-12-17 17:00:00,123.8,131.14719293405946,7.347192934059464,7.347192934059464,340,17
2024-12-17 18:00:00,110.45,135.1740255906361,24.72402559063609,24.72402559063609,340,18
2024-12-17 19:00:00,101.87,125.07011174736179,23.200111747361788,23.200111747361788,340,19
2024-12-17 20:00:00,94.8,115.30280871230282,20.502808712302823,20.502808712302823,340,20
2024-12-17 21:00:00,90.57,112.3455860497374,21.775586049737413,21.775586049737413,340,21
2024-12-17 22:00:00,73.83,99.49806951254664,25.668069512546637,25.668069512546637,340,22
2024-12-17 23:00:00,66.97,63.50868767750228,-3.4613123224977187,3.4613123224977187,340,23
2024-12-18 00:00:00,50.51,65.63897846568281,15.128978465682813,15.128978465682813,341,0
2024-12-18 01:00:00,29.12,54.61347916606205,25.49347916606205,25.49347916606205,341,1
2024-12-18 02:00:00,18.53,45.31532506713019,26.785325067130188,26.785325067130188,341,2
2024-12-18 03:00:00,7.01,59.28019625874147,52.27019625874147,52.27019625874147,341,3
2024-12-18 04:00:00,11.98,64.58878515842127,52.60878515842127,52.60878515842127,341,4
2024-12-18 05:00:00,49.91,76.78181019265104,26.87181019265104,26.87181019265104,341,5
2024-12-18 06:00:00,67.43,95.43364737626563,28.00364737626562,28.00364737626562,341,6
2024-12-18 07:00:00,81.13,100.19573920054559,19.065739200545593,19.065739200545593,341,7
2024-12-18 08:00:00,80.43,107.26962945375078,26.839629453750774,26.839629453750774,341,8
2024-12-18 09:00:00,70.2,101.29017352801472,31.090173528014716,31.090173528014716,341,9
2024-12-18 10:00:00,69.29,104.90089298586626,35.61089298586626,35.61089298586626,341,10
2024-12-18 11:00:00,69.77,106.70376125539386,36.93376125539386,36.93376125539386,341,11
2024-12-18 12:00:00,68.69,113.16425418031099,44.47425418031099,44.47425418031099,341,12
2024-12-18 13:00:00,71.56,108.57674047820326,37.01674047820326,37.01674047820326,341,13
2024-12-18 14:00:00,71.14,112.81259459731443,41.67259459731443,41.67259459731443,341,14
2024-12-18 15:00:00,68.38,119.38113042929967,51.00113042929968,51.00113042929968,341,15
2024-12-18 16:00:00,79.49,133.21810505605197,53.72810505605197,53.72810505605197,341,16
2024-12-18 17:00:00,80.91,141.24269112937026,60.33269112937026,60.33269112937026,341,17
2024-12-18 18:00:00,79.35,133.7834671292522,54.43346712925219,54.43346712925219,341,18
2024-12-18 19:00:00,72.26,118.03466245671886,45.77466245671886,45.77466245671886,341,19
2024-12-18 20:00:00,61.71,113.53050281932752,51.82050281932752,51.82050281932752,341,20
2024-12-18 21:00:00,52.22,105.6531314704702,53.4331314704702,53.4331314704702,341,21
2024-12-18 22:00:00,31.69,92.82293356379012,61.13293356379012,61.13293356379012,341,22
2024-12-18 23:00:00,19.8,76.09256578091562,56.29256578091562,56.29256578091562,341,23
2024-12-19 00:00:00,20.28,71.1558290517543,50.875829051754295,50.875829051754295,342,0
2024-12-19 01:00:00,9.93,50.782831337294084,40.852831337294084,40.852831337294084,342,1
2024-12-19 02:00:00,5.98,43.75069418963815,37.77069418963815,37.77069418963815,342,2
2024-12-19 03:00:00,3.95,30.989396527033307,27.039396527033308,27.039396527033308,342,3
2024-12-19 04:00:00,6.39,33.31632367820758,26.92632367820758,26.92632367820758,342,4
2024-12-19 05:00:00,12.5,55.85696268376027,43.35696268376027,43.35696268376027,342,5
2024-12-19 06:00:00,63.54,77.45455534069914,13.914555340699145,13.914555340699145,342,6
2024-12-19 07:00:00,79.71,93.84843744531821,14.138437445318218,14.138437445318218,342,7
2024-12-19 08:00:00,89.38,100.5028430264664,11.122843026466398,11.122843026466398,342,8
2024-12-19 09:00:00,79.46,97.81368962025684,18.353689620256844,18.353689620256844,342,9
2024-12-19 10:00:00,76.96,94.88127144124616,17.921271441246162,17.921271441246162,342,10
2024-12-19 11:00:00,74.16,98.50616926576322,24.346169265763223,24.346169265763223,342,11
2024-12-19 12:00:00,70.4,97.29743390029036,26.897433900290352,26.897433900290352,342,12
2024-12-19 13:00:00,60.38,96.4047475243427,36.02474752434269,36.02474752434269,342,13
2024-12-19 14:00:00,61.2,98.90847281672649,37.708472816726484,37.708472816726484,342,14
2024-12-19 15:00:00,83.17,101.75483890754559,18.58483890754559,18.58483890754559,342,15
2024-12-19 16:00:00,100.79,115.66162530415838,14.871625304158371,14.871625304158371,342,16
2024-12-19 17:00:00,105.26,116.95779758324272,11.697797583242718,11.697797583242718,342,17
2024-12-19 18:00:00,94.02,111.8940962311635,17.874096231163506,17.874096231163506,342,18
2024-12-19 19:00:00,82.89,103.67258398524449,20.782583985244486,20.782583985244486,342,19
2024-12-19 20:00:00,77.71,91.36115620078115,13.651156200781159,13.651156200781159,342,20
2024-12-19 21:00:00,75.92,84.0558411924747,8.1358411924747,8.1358411924747,342,21
2024-12-19 22:00:00,60.84,68.94299193198803,8.10299193198803,8.10299193198803,342,22
2024-12-19 23:00:00,51.55,46.576087026124455,-4.973912973875542,4.973912973875542,342,23
2024-12-20 00:00:00,34.79,49.15619134664201,14.366191346642012,14.366191346642012,343,0
2024-12-20 01:00:00,25.97,36.38500608338495,10.415006083384952,10.415006083384952,343,1
2024-12-20 02:00:00,20.15,27.22693215326165,7.076932153261652,7.076932153261652,343,2
2024-12-20 03:00:00,25.89,31.257361800390697,5.367361800390697,5.367361800390697,343,3
2024-12-20 04:00:00,50.79,34.362348093560676,-16.427651906439323,16.427651906439323,343,4
2024-12-20 05:00:00,73.76,43.09394127843837,-30.666058721561633,30.666058721561633,343,5
2024-12-20 06:00:00,109.0,78.42043306613789,-30.57956693386211,30.57956693386211,343,6
2024-12-20 07:00:00,124.91,93.41712538857611,-31.492874611423886,31.492874611423886,343,7
2024-12-20 08:00:00,118.09,97.6650278883583,-20.424972111641708,20.424972111641708,343,8
2024-12-20 09:00:00,108.92,95.05237406998164,-13.867625930018363,13.867625930018363,343,9
2024-12-20 10:00:00,99.27,90.83688372150525,-8.43311627849475,8.43311627849475,343,10
2024-12-20 11:00:00,89.37,89.6867371189486,0.3167371189485948,0.3167371189485948,343,11
2024-12-20 12:00:00,85.81,88.89385688360005,3.083856883600049,3.083856883600049,343,12
2024-12-20 13:00:00,90.63,75.98652331332251,-14.643476686677488,14.643476686677488,343,13
2024-12-20 14:00:00,101.19,88.68750497753518,-12.502495022464814,12.502495022464814,343,14
2024-12-20 15:00:00,106.78,92.96772672819493,-13.812273271805068,13.812273271805068,343,15
2024-12-20 16:00:00,111.01,111.440133498085,0.4301334980849987,0.4301334980849987,343,16
2024-12-20 17:00:00,103.37,106.94975205192836,3.5797520519283523,3.5797520519283523,343,17
2024-12-20 18:00:00,101.1,89.74395390394591,-11.356046096054087,11.356046096054087,343,18
2024-12-20 19:00:00,92.13,84.15428341237563,-7.975716587624362,7.975716587624362,343,19
2024-12-20 20:00:00,74.21,80.63839813332748,6.428398133327491,6.428398133327491,343,20
2024-12-20 21:00:00,70.67,74.7872227985677,4.1172227985676955,4.1172227985676955,343,21
2024-12-20 22:00:00,58.5,55.3461924355185,-3.1538075644814967,3.1538075644814967,343,22
2024-12-20 23:00:00,31.08,38.99804509565947,7.918045095659473,7.918045095659473,343,23
2024-12-21 00:00:00,25.28,24.041087964493848,-1.2389120355061536,1.2389120355061536,344,0
2024-12-21 01:00:00,23.92,16.033431441533573,-7.886568558466429,7.886568558466429,344,1
2024-12-21 02:00:00,19.41,11.907625929836598,-7.502374070163402,7.502374070163402,344,2
2024-12-21 03:00:00,18.11,11.693816832893859,-6.416183167106141,6.416183167106141,344,3
2024-12-21 04:00:00,24.0,35.049042211302535,11.049042211302535,11.049042211302535,344,4
2024-12-21 05:00:00,32.02,50.46489024123498,18.44489024123498,18.44489024123498,344,5
2024-12-21 06:00:00,33.27,72.29412488583164,39.02412488583163,39.02412488583163,344,6
2024-12-21 07:00:00,37.69,88.85489748714352,51.16489748714352,51.16489748714352,344,7
2024-12-21 08:00:00,43.55,78.37821976136048,34.82821976136049,34.82821976136049,344,8
2024-12-21 09:00:00,43.65,75.84680075995063,32.19680075995063,32.19680075995063,344,9
2024-12-21 10:00:00,37.01,75.685637703266,38.675637703266,38.675637703266,344,10
2024-12-21 11:00:00,36.09,71.50111332080078,35.41111332080078,35.41111332080078,344,11
2024-12-21 12:00:00,35.78,76.95318074622566,41.173180746225654,41.173180746225654,344,12
2024-12-21 13:00:00,35.07,71.16559213005756,36.09559213005756,36.09559213005756,344,13
2024-12-21 14:00:00,38.98,77.33461547729372,38.35461547729373,38.35461547729373,344,14
2024-12-21 15:00:00,39.46,79.80818313720636,40.348183137206355,40.348183137206355,344,15
2024-12-21 16:00:00,46.35,81.39287338372854,35.04287338372854,35.04287338372854,344,16
2024-12-21 17:00:00,50.19,71.61063972354192,21.420639723541925,21.420639723541925,344,17
2024-12-21 18:00:00,44.29,76.15196248425391,31.861962484253915,31.861962484253915,344,18
2024-12-21 19:00:00,31.85,67.50844778253297,35.65844778253297,35.65844778253297,344,19
2024-12-21 20:00:00,18.61,56.06155286097509,37.45155286097509,37.45155286097509,344,20
2024-12-21 21:00:00,16.2,57.96885634232508,41.76885634232508,41.76885634232508,344,21
2024-12-21 22:00:00,12.04,37.592329830507815,25.552329830507816,25.552329830507816,344,22
2024-12-21 23:00:00,9.88,10.753041141334691,0.8730411413346904,0.8730411413346904,344,23
2024-12-22 00:00:00,7.92,11.88769845221789,3.96769845221789,3.96769845221789,345,0
2024-12-22 01:00:00,8.42,5.12001118562732,-3.2999888143726803,3.2999888143726803,345,1
2024-12-22 02:00:00,6.27,1.9255410215972262,-4.344458978402773,4.344458978402773,345,2
2024-12-22 03:00:00,4.41,-0.13467412721590222,-4.544674127215902,4.544674127215902,345,3
2024-12-22 04:00:00,5.1,-0.5179064011032892,-5.617906401103289,5.617906401103289,345,4
2024-12-22 05:00:00,5.82,6.530799630187246,0.7107996301872461,0.7107996301872461,345,5
2024-12-22 06:00:00,10.5,9.819407222483818,-0.680592777516182,0.680592777516182,345,6
2024-12-22 07:00:00,15.29,16.27197657931255,0.9819765793125512,0.9819765793125512,345,7
2024-12-22 08:00:00,23.99,26.531181746092805,2.541181746092807,2.541181746092807,345,8
2024-12-22 09:00:00,20.0,26.792659518741978,6.792659518741978,6.792659518741978,345,9
2024-12-22 10:00:00,16.01,32.19234699959501,16.18234699959501,16.18234699959501,345,10
2024-12-22 11:00:00,18.67,28.916035571593703,10.246035571593701,10.246035571593701,345,11
2024-12-22 12:00:00,15.38,32.39928861950336,17.019288619503357,17.019288619503357,345,12
2024-12-22 13:00:00,10.96,32.582646012544,21.622646012543996,21.622646012543996,345,13
2024-12-22 14:00:00,13.55,37.76658732402979,24.216587324029792,24.216587324029792,345,14
2024-12-22 15:00:00,18.6,42.874276441654786,24.274276441654784,24.274276441654784,345,15
2024-12-22 16:00:00,55.0,50.80911311808977,-4.190886881910231,4.190886881910231,345,16
2024-12-22 17:00:00,77.44,50.9535666920369,-26.486433307963097,26.486433307963097,345,17
2024-12-22 18:00:00,72.5,53.46391347284231,-19.036086527157693,19.036086527157693,345,18
2024-12-22 19:00:00,58.91,42.35910424981213,-16.55089575018787,16.55089575018787,345,19
2024-12-22 20:00:00,46.4,32.05032737698222,-14.349672623017781,14.349672623017781,345,20
2024-12-22 21:00:00,42.03,30.71717663978633,-11.31282336021367,11.31282336021367,345,21
2024-12-22 22:00:00,30.54,22.272411264320915,-8.267588735679084,8.267588735679084,345,22
2024-12-22 23:00:00,17.27,14.255108344159268,-3.0148916558407315,3.0148916558407315,345,23
2024-12-23 00:00:00,11.48,43.32985865032941,31.849858650329413,31.849858650329413,346,0
2024-12-23 01:00:00,10.19,35.54794908352378,25.357949083523785,25.357949083523785,346,1
2024-12-23 02:00:00,7.33,33.45199223969601,26.121992239696013,26.121992239696013,346,2
2024-12-23 03:00:00,6.0,30.79307686410126,24.79307686410126,24.79307686410126,346,3
2024-12-23 04:00:00,7.07,36.139921758525375,29.069921758525375,29.069921758525375,346,4
2024-12-23 05:00:00,25.95,41.10116131787189,15.151161317871892,15.151161317871892,346,5
2024-12-23 06:00:00,61.2,56.607220899200534,-4.5927791007994685,4.5927791007994685,346,6
2024-12-23 07:00:00,72.47,55.55995583245894,-16.91004416754106,16.91004416754106,346,7
2024-12-23 08:00:00,70.93,62.83569349355436,-8.094306506445648,8.094306506445648,346,8
2024-12-23 09:00:00,61.79,65.76054619076452,3.970546190764516,3.970546190764516,346,9
2024-12-23 10:00:00,60.27,63.94176629818536,3.6717662981853536,3.6717662981853536,346,10
2024-12-23 11:00:00,61.57,65.3859330837615,3.8159330837615,3.8159330837615,346,11
2024-12-23 12:00:00,62.31,65.11729689083181,2.8072968908318074,2.8072968908318074,346,12
2024-12-23 13:00:00,69.0,63.99145061900607,-5.0085493809939265,5.0085493809939265,346,13
2024-12-23 14:00:00,80.01,69.27951184920336,-10.730488150796646,10.730488150796646,346,14
2024-12-23 15:00:00,98.44,73.27255167970041,-25.167448320299584,25.167448320299584,346,15
2024-12-23 16:00:00,110.92,93.65080913081651,-17.26919086918349,17.26919086918349,346,16
2024-12-23 17:00:00,114.72,106.77065186946868,-7.94934813053132,7.94934813053132,346,17
2024-12-23 18:00:00,124.89,102.65411789630474,-22.23588210369526,22.23588210369526,346,18
2024-12-23 19:00:00,118.97,87.64845005751778,-31.32154994248222,31.32154994248222,346,19
2024-12-23 20:00:00,109.28,76.94225791809112,-32.337742081908885,32.337742081908885,346,20
2024-12-23 21:00:00,105.82,76.18916709575599,-29.630832904244002,29.630832904244002,346,21
2024-12-23 22:00:00,105.49,60.48000450491861,-45.009995495081384,45.009995495081384,346,22
2024-12-23 23:00:00,86.03,40.75820435076936,-45.27179564923064,45.27179564923064,346,23
2024-12-24 00:00:00,82.84,28.03177833085305,-54.80822166914695,54.80822166914695,347,0
2024-12-24 01:00:00,81.89,23.25568748649917,-58.63431251350083,58.63431251350083,347,1
2024-12-24 02:00:00,78.0,24.443162846826525,-53.556837153173475,53.556837153173475,347,2
2024-12-24 03:00:00,78.78,28.04038085555053,-50.73961914444947,50.73961914444947,347,3
2024-12-24 04:00:00,80.6,30.449404659114165,-50.15059534088583,50.15059534088583,347,4
2024-12-24 05:00:00,85.07,48.72507258225292,-36.34492741774707,36.34492741774707,347,5
2024-12-24 06:00:00,100.83,77.0411563729305,-23.788843627069497,23.788843627069497,347,6
2024-12-24 07:00:00,115.09,85.8538913440942,-29.23610865590581,29.23610865590581,347,7
2024-12-24 08:00:00,120.95,82.33561369868089,-38.614386301319115,38.614386301319115,347,8
2024-12-24 09:00:00,120.0,83.97157131940433,-36.02842868059567,36.02842868059567,347,9
2024-12-24 10:00:00,118.16,79.4404726690134,-38.719527330986594,38.719527330986594,347,10
2024-12-24 11:00:00,117.49,79.0184046895198,-38.4715953104802,38.4715953104802,347,11
2024-12-24 12:00:00,115.38,79.04627184323371,-36.333728156766284,36.333728156766284,347,12
2024-12-24 13:00:00,117.98,82.24199361403379,-35.738006385966216,35.738006385966216,347,13
2024-12-24 14:00:00,119.5,95.92882855371205,-23.57117144628795,23.57117144628795,347,14
2024-12-24 15:00:00,120.21,106.01688088488433,-14.193119115115664,14.193119115115664,347,15
2024-12-24 16:00:00,118.0,111.68307493778877,-6.316925062211226,6.316925062211226,347,16
2024-12-24 17:00:00,110.98,116.05191916263189,5.071919162631886,5.071919162631886,347,17
2024-12-24 18:00:00,105.66,116.37160206106734,10.711602061067339,10.711602061067339,347,18
2024-12-24 19:00:00,102.56,110.72234898738961,8.162348987389606,8.162348987389606,347,19
2024-12-24 20:00:00,94.63,99.34317254444468,4.713172544444689,4.713172544444689,347,20
2024-12-24 21:00:00,99.04,98.10850694269178,-0.9314930573082307,0.9314930573082307,347,21
2024-12-24 22:00:00,90.0,92.71014482914082,2.710144829140816,2.710144829140816,347,22
2024-12-24 23:00:00,91.37,74.19553406853564,-17.17446593146437,17.17446593146437,347,23
2024-12-25 00:00:00,86.44,66.91518166816051,-19.524818331839484,19.524818331839484,348,0
2024-12-25 01:00:00,85.07,63.97544957415907,-21.09455042584092,21.09455042584092,348,1
2024-12-25 02:00:00,80.81,58.22079358854374,-22.58920641145626,22.58920641145626,348,2
2024-12-25 03:00:00,75.99,54.478993753917905,-21.51100624608209,21.51100624608209,348,3
2024-12-25 04:00:00,80.81,57.82232010970354,-22.987679890296462,22.987679890296462,348,4
2024-12-25 05:00:00,83.01,65.10281561949611,-17.907184380503892,17.907184380503892,348,5
2024-12-25 06:00:00,84.94,81.89406692216467,-3.045933077835329,3.045933077835329,348,6
2024-12-25 07:00:00,90.21,89.19282708233997,-1.0171729176600195,1.0171729176600195,348,7
2024-12-25 08:00:00,99.24,89.97875760487409,-9.261242395125905,9.261242395125905,348,8
2024-12-25 09:00:00,93.56,88.14784512081465,-5.412154879185351,5.412154879185351,348,9
2024-12-25 10:00:00,92.55,87.29138630015603,-5.258613699843963,5.258613699843963,348,10
2024-12-25 11:00:00,94.41,91.68102567924598,-2.72897432075402,2.72897432075402,348,11
2024-12-25 12:00:00,91.01,84.95277293211117,-6.057227067888832,6.057227067888832,348,12
2024-12-25 13:00:00,85.08,89.94766047441526,4.86766047441526,4.86766047441526,348,13
2024-12-25 14:00:00,92.55,92.96477252330523,0.4147725233052313,0.4147725233052313,348,14
2024-12-25 15:00:00,108.27,92.85279859912183,-15.41720140087817,15.41720140087817,348,15
2024-12-25 16:00:00,120.5,96.72740908264552,-23.772590917354478,23.772590917354478,348,16
2024-12-25 17:00:00,119.07,96.96679944382265,-22.10320055617734,22.10320055617734,348,17
2024-12-25 18:00:00,117.98,92.81021707349873,-25.16978292650127,25.16978292650127,348,18
2024-12-25 19:00:00,118.29,88.46391113721648,-29.82608886278352,29.82608886278352,348,19
2024-12-25 20:00:00,113.01,78.49324702213649,-34.51675297786352,34.51675297786352,348,20
2024-12-25 21:00:00,114.07,78.27863309084053,-35.791366909159464,35.791366909159464,348,21
2024-12-25 22:00:00,104.63,67.98533676127856,-36.644663238721435,36.644663238721435,348,22
2024-12-25 23:00:00,102.17,60.599797442866304,-41.5702025571337,41.5702025571337,348,23
2024-12-26 00:00:00,95.06,64.37218095701763,-30.68781904298237,30.68781904298237,349,0
2024-12-26 01:00:00,94.61,58.64289739390831,-35.96710260609169,35.96710260609169,349,1
2024-12-26 02:00:00,89.64,54.00660835015025,-35.63339164984975,35.63339164984975,349,2
2024-12-26 03:00:00,90.87,51.0381753414232,-39.83182465857681,39.83182465857681,349,3
2024-12-26 04:00:00,95.1,52.17922362826025,-42.92077637173974,42.92077637173974,349,4
2024-12-26 05:00:00,99.0,60.40147129550169,-38.59852870449831,38.59852870449831,349,5
2024-12-26 06:00:00,112.64,71.20733215471456,-41.43266784528544,41.43266784528544,349,6
2024-12-26 07:00:00,119.44,75.90761650415203,-43.53238349584797,43.53238349584797,349,7
2024-12-26 08:00:00,118.23,78.99522194474194,-39.23477805525806,39.23477805525806,349,8
2024-12-26 09:00:00,113.25,77.48514651431884,-35.76485348568116,35.76485348568116,349,9
2024-12-26 10:00:00,106.01,79.91089516611567,-26.09910483388434,26.09910483388434,349,10
2024-12-26 11:00:00,107.71,80.29110210886576,-27.418897891134236,27.418897891134236,349,11
2024-12-26 12:00:00,103.9,80.53758428632916,-23.362415713670842,23.362415713670842,349,12
2024-12-26 13:00:00,109.64,76.64965280405586,-32.99034719594414,32.99034719594414,349,13
2024-12-26 14:00:00,120.75,82.3477957419414,-38.4022042580586,38.4022042580586,349,14
2024-12-26 15:00:00,123.26,96.72597439893204,-26.534025601067967,26.534025601067967,349,15
2024-12-26 16:00:00,137.9,103.92049938424046,-33.97950061575955,33.97950061575955,349,16
2024-12-26 17:00:00,138.05,106.9139722007389,-31.136027799261115,31.136027799261115,349,17
2024-12-26 18:00:00,135.71,108.44599131500607,-27.26400868499394,27.26400868499394,349,18
2024-12-26 19:00:00,129.13,108.59939297604325,-20.530607023956748,20.530607023956748,349,19
2024-12-26 20:00:00,120.85,104.10132517243635,-16.748674827563647,16.748674827563647,349,20
2024-12-26 21:00:00,123.5,101.94976180916245,-21.550238190837547,21.550238190837547,349,21
2024-12-26 22:00:00,116.98,92.3475176634759,-24.632482336524106,24.632482336524106,349,22
2024-12-26 23:00:00,106.79,81.25574098543015,-25.534259014569855,25.534259014569855,349,23
2024-12-27 00:00:00,101.52,78.98734027853475,-22.53265972146525,22.53265972146525,350,0
2024-12-27 01:00:00,101.03,78.2930447825315,-22.736955217468505,22.736955217468505,350,1
2024-12-27 02:00:00,99.74,73.88874969178846,-25.851250308211533,25.851250308211533,350,2
2024-12-27 03:00:00,99.58,75.6551151399533,-23.924884860046703,23.924884860046703,350,3
2024-12-27 04:00:00,106.2,79.21740808301068,-26.98259191698932,26.98259191698932,350,4
2024-12-27 05:00:00,115.7,88.43416467655128,-27.265835323448727,27.265835323448727,350,5
2024-12-27 06:00:00,124.29,103.39668345099957,-20.89331654900043,20.89331654900043,350,6
2024-12-27 07:00:00,131.85,111.24020810427845,-20.609791895721543,20.609791895721543,350,7
2024-12-27 08:00:00,130.15,106.50225714116554,-23.647742858834462,23.647742858834462,350,8
2024-12-27 09:00:00,120.1,105.36626575946286,-14.733734240537132,14.733734240537132,350,9
2024-12-27 10:00:00,107.94,100.15330627663225,-7.786693723367748,7.786693723367748,350,10
2024-12-27 11:00:00,107.81,101.28742884148419,-6.522571158515817,6.522571158515817,350,11
2024-12-27 12:00:00,107.94,99.19958104003294,-8.740418959967059,8.740418959967059,350,12
2024-12-27 13:00:00,110.3,106.14074318084059,-4.15925681915941,4.15925681915941,350,13
2024-12-27 14:00:00,114.15,114.33997900516832,0.18997900516831123,0.18997900516831123,350,14
2024-12-27 15:00:00,129.98,117.6676053863316,-12.312394613668388,12.312394613668388,350,15
2024-12-27 16:00:00,149.78,123.08259885240683,-26.69740114759317,26.69740114759317,350,16
2024-12-27 17:00:00,158.4,124.713715851702,-33.686284148298,33.686284148298,350,17
2024-12-27 18:00:00,146.43,120.86238431488218,-25.56761568511783,25.56761568511783,350,18
2024-12-27 19:00:00,133.14,115.23756733082766,-17.902432669172327,17.902432669172327,350,19
2024-12-27 20:00:00,125.42,106.7869982291393,-18.6330017708607,18.6330017708607,350,20
2024-12-27 21:00:00,126.76,111.50244706706297,-15.257552932937031,15.257552932937031,350,21
2024-12-27 22:00:00,114.0,103.08869277076438,-10.911307229235618,10.911307229235618,350,22
2024-12-27 23:00:00,126.4,89.84830827661561,-36.551691723384394,36.551691723384394,350,23
2024-12-29 00:00:00,114.09,94.05081508968297,-20.039184910317033,20.039184910317033,352,0
2024-12-29 01:00:00,107.71,86.45294066234553,-21.257059337654468,21.257059337654468,352,1
2024-12-29 02:00:00,101.7,81.02320856974625,-20.676791430253758,20.676791430253758,352,2
2024-12-29 03:00:00,97.73,80.77853990951375,-16.95146009048625,16.95146009048625,352,3
2024-12-29 04:00:00,98.61,80.99439430144115,-17.615605698558852,17.615605698558852,352,4
2024-12-29 05:00:00,98.16,84.87450898191473,-13.285491018085267,13.285491018085267,352,5
2024-12-29 06:00:00,102.53,92.30124814276513,-10.228751857234869,10.228751857234869,352,6
2024-12-29 07:00:00,110.71,99.97402436120436,-10.735975638795637,10.735975638795637,352,7
2024-12-29 08:00:00,115.83,102.26141367312715,-13.568586326872847,13.568586326872847,352,8
2024-12-29 09:00:00,115.58,106.31340004483417,-9.26659995516583,9.26659995516583,352,9
2024-12-29 10:00:00,109.94,100.72439634957173,-9.215603650428264,9.215603650428264,352,10
2024-12-29 11:00:00,109.4,94.85814116578953,-14.541858834210473,14.541858834210473,352,11
2024-12-29 12:00:00,108.88,92.00282521569407,-16.87717478430592,16.87717478430592,352,12
2024-12-29 13:00:00,109.81,93.70721211425193,-16.10278788574807,16.10278788574807,352,13
2024-12-29 14:00:00,113.87,96.796347406394,-17.073652593606,17.073652593606,352,14
2024-12-29 15:00:00,125.13,101.5797939573662,-23.55020604263379,23.55020604263379,352,15
2024-12-29 16:00:00,133.01,118.58091361030755,-14.429086389692444,14.429086389692444,352,16
2024-12-29 17:00:00,134.4,127.4892460097449,-6.9107539902551025,6.9107539902551025,352,17
2024-12-29 18:00:00,133.72,123.05698991633997,-10.663010083660026,10.663010083660026,352,18
2024-12-29 19:00:00,123.92,113.47317912322885,-10.446820876771156,10.446820876771156,352,19
2024-12-29 20:00:00,118.59,107.62976961208719,-10.960230387912816,10.960230387912816,352,20
2024-12-29 21:00:00,119.1,105.22747788039011,-13.872522119609883,13.872522119609883,352,21
2024-12-29 22:00:00,103.18,99.18087660282526,-3.999123397174742,3.999123397174742,352,22
2024-12-29 23:00:00,105.48,94.69916292864733,-10.780837071352678,10.780837071352678,352,23
2024-12-30 00:00:00,100.81,2.4620772331930425,-98.34792276680696,98.34792276680696,353,0
2024-12-30 01:00:00,98.45,-6.653600315637988,-105.10360031563799,105.10360031563799,353,1
2024-12-30 02:00:00,89.19,-10.456682551498844,-99.64668255149884,99.64668255149884,353,2
2024-12-30 03:00:00,82.97,-13.895888571502581,-96.86588857150258,96.86588857150258,353,3
2024-12-30 04:00:00,90.58,-12.770543903788905,-103.3505439037889,103.3505439037889,353,4
2024-12-30 05:00:00,98.82,-11.739192687538548,-110.55919268753854,110.55919268753854,353,5
2024-12-30 06:00:00,110.78,-1.4016853672724636,-112.18168536727246,112.18168536727246,353,6
2024-12-30 07:00:00,126.7,6.9973363983127115,-119.70266360168729,119.70266360168729,353,7
2024-12-30 08:00:00,128.01,5.906889921909055,-122.10311007809094,122.10311007809094,353,8
2024-12-30 09:00:00,122.09,8.649835242078467,-113.44016475792154,113.44016475792154,353,9
2024-12-30 10:00:00,119.04,1.2962734087165586,-117.74372659128345,117.74372659128345,353,10
2024-12-30 11:00:00,121.42,3.46904929640435,-117.95095070359565,117.95095070359565,353,11
2024-12-30 12:00:00,116.02,4.045507549881748,-111.97449245011825,111.97449245011825,353,12
2024-12-30 13:00:00,119.5,0.020743137490072172,-119.47925686250993,119.47925686250993,353,13
2024-12-30 14:00:00,120.0,4.588057513755601,-115.4119424862444,115.4119424862444,353,14
2024-12-30 15:00:00,128.08,16.243501105699842,-111.83649889430018,111.83649889430018,353,15
2024-12-30 16:00:00,133.19,17.784405926835916,-115.40559407316408,115.40559407316408,353,16
2024-12-30 17:00:00,140.12,27.924225928068452,-112.19577407193155,112.19577407193155,353,17
2024-12-30 18:00:00,144.3,20.971341578411646,-123.32865842158836,123.32865842158836,353,18
2024-12-30 19:00:00,139.39,11.422288479596062,-127.96771152040392,127.96771152040392,353,19
2024-12-30 20:00:00,130.74,3.4787759788665937,-127.26122402113342,127.26122402113342,353,20
2024-12-30 21:00:00,128.95,12.914434177994735,-116.03556582200525,116.03556582200525,353,21
2024-12-30 22:00:00,126.45,-6.093302949960304,-132.54330294996032,132.54330294996032,353,22
2024-12-30 23:00:00,113.58,-8.981502492603184,-122.56150249260318,122.56150249260318,353,23
