datetime_hour,actual,predicted,error,abs_error,iteration,hour
2024-01-14 00:00:00,82.78,83.60156,0.8215624999999989,0.8215624999999989,2,0
2024-01-14 01:00:00,78.66,83.64656,4.986560668945316,4.986560668945316,2,1
2024-01-14 02:00:00,72.53,76.34183,3.811827392578124,3.811827392578124,2,2
2024-01-14 03:00:00,70.7,77.155945,6.455944824218747,6.455944824218747,2,3
2024-01-14 04:00:00,73.13,73.6973,0.5673037719726608,0.5673037719726608,2,4
2024-01-14 05:00:00,69.71,74.68042,4.970419921875006,4.970419921875006,2,5
2024-01-14 06:00:00,74.4,82.235695,7.835694885253901,7.835694885253901,2,6
2024-01-14 07:00:00,77.9,86.758286,8.858285522460932,8.858285522460932,2,7
2024-01-14 08:00:00,86.81,108.403015,21.593015136718748,21.593015136718748,2,8
2024-01-14 09:00:00,88.77,107.112114,18.342113952636723,18.342113952636723,2,9
2024-01-14 10:00:00,89.77,85.95505,-3.814952392578121,3.814952392578121,2,10
2024-01-14 11:00:00,84.7,61.75845,-22.941550445556643,22.941550445556643,2,11
2024-01-14 12:00:00,77.04,56.200016,-20.83998397827149,20.83998397827149,2,12
2024-01-14 13:00:00,79.15,57.880596,-21.269403839111334,21.269403839111334,2,13
2024-01-14 14:00:00,82.32,65.43566,-16.884338684082024,16.884338684082024,2,14
2024-01-14 15:00:00,86.62,89.45533,2.8353298950195267,2.8353298950195267,2,15
2024-01-14 16:00:00,91.86,103.01268,11.152680053710938,11.152680053710938,2,16
2024-01-14 17:00:00,99.94,109.89506,9.955057678222659,9.955057678222659,2,17
2024-01-14 18:00:00,92.01,112.448616,20.438616027832026,20.438616027832026,2,18
2024-01-14 19:00:00,86.03,105.112,19.08199951171875,19.08199951171875,2,19
2024-01-14 20:00:00,84.49,102.88357,18.3935678100586,18.3935678100586,2,20
2024-01-14 21:00:00,82.97,97.87278,14.902779846191407,14.902779846191407,2,21
2024-01-14 22:00:00,72.52,91.106125,18.58612487792969,18.58612487792969,2,22
2024-01-14 23:00:00,77.7,88.94907,11.249073791503903,11.249073791503903,2,23
2024-01-15 00:00:00,72.07,84.563675,12.49367492675782,12.49367492675782,3,0
2024-01-15 01:00:00,66.82,84.01781,17.197807006835944,17.197807006835944,3,1
2024-01-15 02:00:00,62.04,78.9087,16.868699035644532,16.868699035644532,3,2
2024-01-15 03:00:00,62.1,76.87472,14.774717712402342,14.774717712402342,3,3
2024-01-15 04:00:00,69.46,87.57156,18.11156372070313,18.11156372070313,3,4
2024-01-15 05:00:00,81.1,94.553665,13.453665161132818,13.453665161132818,3,5
2024-01-15 06:00:00,86.74,103.60956,16.869558105468755,16.869558105468755,3,6
2024-01-15 07:00:00,99.52,124.94919,25.42918823242188,25.42918823242188,3,7
2024-01-15 08:00:00,100.33,120.735725,20.405725402832033,20.405725402832033,3,8
2024-01-15 09:00:00,94.92,116.77638,21.85638244628906,21.85638244628906,3,9
2024-01-15 10:00:00,90.3,114.96471,24.66470642089844,24.66470642089844,3,10
2024-01-15 11:00:00,85.7,98.99105,13.291050720214841,13.291050720214841,3,11
2024-01-15 12:00:00,82.41,93.6876,11.27759918212891,11.27759918212891,3,12
2024-01-15 13:00:00,84.99,91.353004,6.363004455566411,6.363004455566411,3,13
2024-01-15 14:00:00,90.1,94.605515,4.505514526367193,4.505514526367193,3,14
2024-01-15 15:00:00,98.03,110.41313,12.383131713867186,12.383131713867186,3,15
2024-01-15 16:00:00,106.7,123.738304,17.03830413818359,17.03830413818359,3,16
2024-01-15 17:00:00,112.85,134.3805,21.530493164062506,21.530493164062506,3,17
2024-01-15 18:00:00,113.9,126.41377,12.513772583007807,12.513772583007807,3,18
2024-01-15 19:00:00,107.58,118.04991,10.46991149902344,10.46991149902344,3,19
2024-01-15 20:00:00,100.0,105.21463,5.214630126953125,5.214630126953125,3,20
2024-01-15 21:00:00,97.21,90.97363,-6.236367187499994,6.236367187499994,3,21
2024-01-15 22:00:00,91.0,81.085236,-9.914764404296875,9.914764404296875,3,22
2024-01-15 23:00:00,86.59,87.650635,1.0606347656249966,1.0606347656249966,3,23
2024-01-16 00:00:00,83.33,78.42854,-4.901456909179686,4.901456909179686,4,0
2024-01-16 01:00:00,80.94,73.369934,-7.570065917968748,7.570065917968748,4,1
2024-01-16 02:00:00,78.65,71.541245,-7.108755493164068,7.108755493164068,4,2
2024-01-16 03:00:00,78.35,71.85971,-6.490289306640619,6.490289306640619,4,3
2024-01-16 04:00:00,84.96,78.41911,-6.540886840820306,6.540886840820306,4,4
2024-01-16 05:00:00,96.1,96.19668,0.09667816162109943,0.09667816162109943,4,5
2024-01-16 06:00:00,117.0,99.90284,-17.09716033935547,17.09716033935547,4,6
2024-01-16 07:00:00,144.11,118.820946,-25.28905426025392,25.28905426025392,4,7
2024-01-16 08:00:00,138.6,118.33901,-20.2609878540039,20.2609878540039,4,8
2024-01-16 09:00:00,122.0,105.4569,-16.54309844970703,16.54309844970703,4,9
2024-01-16 10:00:00,110.0,100.08892,-9.911079406738281,9.911079406738281,4,10
2024-01-16 11:00:00,102.62,93.3188,-9.301198120117192,9.301198120117192,4,11
2024-01-16 12:00:00,95.47,86.20468,-9.265318603515624,9.265318603515624,4,12
2024-01-16 13:00:00,100.95,79.14575,-21.804248046875003,21.804248046875003,4,13
2024-01-16 14:00:00,111.85,98.07046,-13.7795425415039,13.7795425415039,4,14
2024-01-16 15:00:00,113.56,110.96645,-2.5935464477539085,2.5935464477539085,4,15
2024-01-16 16:00:00,129.34,120.61846,-8.721538391113285,8.721538391113285,4,16
2024-01-16 17:00:00,129.98,134.39737,4.417369384765635,4.417369384765635,4,17
2024-01-16 18:00:00,116.92,134.73721,17.817213134765623,17.817213134765623,4,18
2024-01-16 19:00:00,99.78,120.54783,20.767828674316405,20.767828674316405,4,19
2024-01-16 20:00:00,88.75,108.904274,20.154273986816406,20.154273986816406,4,20
2024-01-16 21:00:00,83.49,104.13689,20.646886596679693,20.646886596679693,4,21
2024-01-16 22:00:00,79.87,91.5086,11.638598327636714,11.638598327636714,4,22
2024-01-16 23:00:00,72.79,88.713165,15.923165283203119,15.923165283203119,4,23
2024-01-17 00:00:00,72.33,85.74192,13.411920471191408,13.411920471191408,5,0
2024-01-17 01:00:00,71.02,82.90317,11.883167724609379,11.883167724609379,5,1
2024-01-17 02:00:00,70.07,79.11013,9.0401303100586,9.0401303100586,5,2
2024-01-17 03:00:00,69.9,81.68037,11.780366516113276,11.780366516113276,5,3
2024-01-17 04:00:00,72.67,88.28129,15.611288146972655,15.611288146972655,5,4
2024-01-17 05:00:00,77.67,102.584885,24.914884643554686,24.914884643554686,5,5
2024-01-17 06:00:00,87.0,109.494354,22.494354248046875,22.494354248046875,5,6
2024-01-17 07:00:00,97.72,139.47578,41.755784301757814,41.755784301757814,5,7
2024-01-17 08:00:00,106.24,146.98012,40.74011779785157,40.74011779785157,5,8
2024-01-17 09:00:00,110.33,130.77779,20.447786254882814,20.447786254882814,5,9
2024-01-17 10:00:00,111.1,118.07534,6.975340270996099,6.975340270996099,5,10
2024-01-17 11:00:00,90.12,115.505615,25.385615234374995,25.385615234374995,5,11
2024-01-17 12:00:00,83.05,101.97162,18.921618652343753,18.921618652343753,5,12
2024-01-17 13:00:00,85.38,107.00031,21.620312805175786,21.620312805175786,5,13
2024-01-17 14:00:00,70.98,121.81279,50.83278991699218,50.83278991699218,5,14
2024-01-17 15:00:00,70.45,126.221855,55.771855163574216,55.771855163574216,5,15
2024-01-17 16:00:00,79.72,144.50308,64.78308227539063,64.78308227539063,5,16
2024-01-17 17:00:00,105.49,144.68057,39.19057250976563,39.19057250976563,5,17
2024-01-17 18:00:00,107.73,133.08186,25.35186340332031,25.35186340332031,5,18
2024-01-17 19:00:00,93.82,118.700455,24.88045471191407,24.88045471191407,5,19
2024-01-17 20:00:00,83.96,102.79754,18.837538757324225,18.837538757324225,5,20
2024-01-17 21:00:00,79.25,96.42197,17.171966552734375,17.171966552734375,5,21
2024-01-17 22:00:00,76.92,90.70237,13.782369689941405,13.782369689941405,5,22
2024-01-17 23:00:00,71.3,85.30772,14.007716369628909,14.007716369628909,5,23
2024-01-18 00:00:00,75.71,77.14475,1.4347525024414125,1.4347525024414125,6,0
2024-01-18 01:00:00,70.54,74.95405,4.414048156738275,4.414048156738275,6,1
2024-01-18 02:00:00,68.71,77.38636,8.676360168457038,8.676360168457038,6,2
2024-01-18 03:00:00,63.81,77.37634,13.566342773437498,13.566342773437498,6,3
2024-01-18 04:00:00,65.73,81.452065,15.722064514160152,15.722064514160152,6,4
2024-01-18 05:00:00,73.05,94.14563,21.095629882812503,21.095629882812503,6,5
2024-01-18 06:00:00,88.34,100.6044,12.264400634765622,12.264400634765622,6,6
2024-01-18 07:00:00,97.64,115.45857,17.818572387695312,17.818572387695312,6,7
2024-01-18 08:00:00,100.57,114.41081,13.840812377929694,13.840812377929694,6,8
2024-01-18 09:00:00,106.54,112.61509,6.0750894165039,6.0750894165039,6,9
2024-01-18 10:00:00,100.85,110.226326,9.376325988769537,9.376325988769537,6,10
2024-01-18 11:00:00,92.5,91.96306,-0.5369415283203125,0.5369415283203125,6,11
2024-01-18 12:00:00,84.28,85.5994,1.3194033813476551,1.3194033813476551,6,12
2024-01-18 13:00:00,87.43,90.4874,3.057396240234368,3.057396240234368,6,13
2024-01-18 14:00:00,92.41,85.06085,-7.349147949218747,7.349147949218747,6,14
2024-01-18 15:00:00,90.77,86.37631,-4.393687744140621,4.393687744140621,6,15
2024-01-18 16:00:00,96.02,98.63638,2.616383056640629,2.616383056640629,6,16
2024-01-18 17:00:00,103.71,115.15683,11.446829833984381,11.446829833984381,6,17
2024-01-18 18:00:00,99.6,110.13188,10.531881713867193,10.531881713867193,6,18
2024-01-18 19:00:00,91.76,98.67769,6.917688598632807,6.917688598632807,6,19
2024-01-18 20:00:00,83.23,94.47091,11.24090911865234,11.24090911865234,6,20
2024-01-18 21:00:00,83.16,90.7059,7.545902099609378,7.545902099609378,6,21
2024-01-18 22:00:00,73.61,85.10385,11.493851318359376,11.493851318359376,6,22
2024-01-18 23:00:00,71.82,80.81405,8.99404876708985,8.99404876708985,6,23
2024-01-19 00:00:00,67.44,79.83643,12.396433410644534,12.396433410644534,7,0
2024-01-19 01:00:00,67.17,71.17832,4.0083218383789045,4.0083218383789045,7,1
2024-01-19 02:00:00,62.76,68.24206,5.482057800292971,5.482057800292971,7,2
2024-01-19 03:00:00,63.32,63.300716,-0.01928359985351591,0.01928359985351591,7,3
2024-01-19 04:00:00,67.71,68.387634,0.6776342773437563,0.6776342773437563,7,4
2024-01-19 05:00:00,79.18,89.85282,10.67282135009765,10.67282135009765,7,5
2024-01-19 06:00:00,88.15,97.48655,9.3365493774414,9.3365493774414,7,6
2024-01-19 07:00:00,104.27,105.73209,1.4620938110351602,1.4620938110351602,7,7
2024-01-19 08:00:00,108.3,106.16432,-2.1356781005859347,2.1356781005859347,7,8
2024-01-19 09:00:00,100.51,107.200386,6.690386047363276,6.690386047363276,7,9
2024-01-19 10:00:00,88.0,104.12924,16.129241943359375,16.129241943359375,7,10
2024-01-19 11:00:00,80.12,96.50399,16.38399017333984,16.38399017333984,7,11
2024-01-19 12:00:00,73.41,93.83334,20.42334350585938,20.42334350585938,7,12
2024-01-19 13:00:00,75.27,90.78729,15.517292480468754,15.517292480468754,7,13
2024-01-19 14:00:00,80.53,92.08178,11.551779479980468,11.551779479980468,7,14
2024-01-19 15:00:00,85.84,97.2143,11.374302062988278,11.374302062988278,7,15
2024-01-19 16:00:00,94.42,104.80359,10.383588867187498,10.383588867187498,7,16
2024-01-19 17:00:00,95.62,108.6829,13.062899475097652,13.062899475097652,7,17
2024-01-19 18:00:00,93.52,105.93698,12.416981201171879,12.416981201171879,7,18
2024-01-19 19:00:00,82.88,96.74001,13.860013122558598,13.860013122558598,7,19
2024-01-19 20:00:00,80.5,92.75466,12.254661560058594,12.254661560058594,7,20
2024-01-19 21:00:00,82.03,86.66136,4.631361694335936,4.631361694335936,7,21
2024-01-19 22:00:00,75.28,78.76544,3.485441894531249,3.485441894531249,7,22
2024-01-19 23:00:00,78.97,67.900986,-11.069014282226561,11.069014282226561,7,23
2024-01-20 00:00:00,66.79,54.862164,-11.927836456298834,11.927836456298834,8,0
2024-01-20 01:00:00,70.58,50.975204,-19.60479553222656,19.60479553222656,8,1
2024-01-20 02:00:00,66.09,55.51158,-10.578418579101566,10.578418579101566,8,2
2024-01-20 03:00:00,63.68,51.828293,-11.851707153320312,11.851707153320312,8,3
2024-01-20 04:00:00,66.1,54.092194,-12.00780639648437,12.00780639648437,8,4
2024-01-20 05:00:00,70.3,61.274487,-9.02551345825195,9.02551345825195,8,5
2024-01-20 06:00:00,75.93,66.96005,-8.969947509765632,8.969947509765632,8,6
2024-01-20 07:00:00,84.09,73.5174,-10.572597351074222,10.572597351074222,8,7
2024-01-20 08:00:00,88.31,76.33027,-11.979731140136721,11.979731140136721,8,8
2024-01-20 09:00:00,82.85,79.257484,-3.592515563964838,3.592515563964838,8,9
2024-01-20 10:00:00,76.64,65.78499,-10.855011596679688,10.855011596679688,8,10
2024-01-20 11:00:00,74.65,55.591827,-19.05817260742188,19.05817260742188,8,11
2024-01-20 12:00:00,69.84,48.553555,-21.286445465087894,21.286445465087894,8,12
2024-01-20 13:00:00,73.41,49.961,-23.449001464843747,23.449001464843747,8,13
2024-01-20 14:00:00,79.21,55.34584,-23.86415954589843,23.86415954589843,8,14
2024-01-20 15:00:00,87.97,73.547264,-14.422735900878905,14.422735900878905,8,15
2024-01-20 16:00:00,95.07,80.83581,-14.234192199707024,14.234192199707024,8,16
2024-01-20 17:00:00,99.94,88.739914,-11.20008605957031,11.20008605957031,8,17
2024-01-20 18:00:00,91.75,80.5805,-11.169502258300781,11.169502258300781,8,18
2024-01-20 19:00:00,83.93,67.066734,-16.863265686035163,16.863265686035163,8,19
2024-01-20 20:00:00,75.8,65.9481,-9.851902770996091,9.851902770996091,8,20
2024-01-20 21:00:00,77.88,67.72815,-10.151850585937495,10.151850585937495,8,21
2024-01-20 22:00:00,69.13,58.091824,-11.038176422119136,11.038176422119136,8,22
2024-01-20 23:00:00,69.07,60.011112,-9.058887786865228,9.058887786865228,8,23
2024-01-21 00:00:00,57.88,50.620567,-7.259432678222659,7.259432678222659,9,0
2024-01-21 01:00:00,55.15,52.97443,-2.175569915771483,2.175569915771483,9,1
2024-01-21 02:00:00,50.89,48.45065,-2.439350738525391,2.439350738525391,9,2
2024-01-21 03:00:00,48.91,45.359688,-3.5503121948242153,3.5503121948242153,9,3
2024-01-21 04:00:00,48.51,48.836353,0.3263533020019551,0.3263533020019551,9,4
2024-01-21 05:00:00,46.81,49.610947,2.8009466552734352,2.8009466552734352,9,5
2024-01-21 06:00:00,48.52,54.39898,5.878979187011716,5.878979187011716,9,6
2024-01-21 07:00:00,54.23,59.429134,5.1991343688964875,5.1991343688964875,9,7
2024-01-21 08:00:00,59.0,63.66729,4.667289733886719,4.667289733886719,9,8
2024-01-21 09:00:00,58.64,53.544815,-5.095184936523438,5.095184936523438,9,9
2024-01-21 10:00:00,56.8,51.054817,-5.745182800292966,5.745182800292966,9,10
2024-01-21 11:00:00,56.36,45.033195,-11.32680450439453,11.32680450439453,9,11
2024-01-21 12:00:00,47.42,39.21446,-8.20554153442383,8.20554153442383,9,12
2024-01-21 13:00:00,52.67,44.827793,-7.842206878662111,7.842206878662111,9,13
2024-01-21 14:00:00,53.75,57.68827,3.9382705688476562,3.9382705688476562,9,14
2024-01-21 15:00:00,56.89,72.26123,15.37123046875,15.37123046875,9,15
2024-01-21 16:00:00,64.89,82.53014,17.640143737792968,17.640143737792968,9,16
2024-01-21 17:00:00,77.19,90.80009,13.610086975097659,13.610086975097659,9,17
2024-01-21 18:00:00,78.7,82.784256,4.08425598144531,4.08425598144531,9,18
2024-01-21 19:00:00,73.91,82.94651,9.03651031494141,9.03651031494141,9,19
2024-01-21 20:00:00,56.44,72.46089,16.020891723632815,16.020891723632815,9,20
2024-01-21 21:00:00,63.75,74.25728,10.507278442382812,10.507278442382812,9,21
2024-01-21 22:00:00,57.39,57.855793,0.46579299926757756,0.46579299926757756,9,22
2024-01-21 23:00:00,40.66,56.23414,15.574138488769535,15.574138488769535,9,23
2024-01-22 00:00:00,33.09,60.656784,27.566784057617184,27.566784057617184,10,0
2024-01-22 01:00:00,28.34,60.53955,32.19955078125,32.19955078125,10,1
2024-01-22 02:00:00,15.08,58.42853,43.34853164672852,43.34853164672852,10,2
2024-01-22 03:00:00,13.34,62.696556,49.35655609130859,49.35655609130859,10,3
2024-01-22 04:00:00,25.31,69.14521,43.83521026611328,43.83521026611328,10,4
2024-01-22 05:00:00,49.01,86.40296,37.39296173095703,37.39296173095703,10,5
2024-01-22 06:00:00,69.99,85.37155,15.38155151367188,15.38155151367188,10,6
2024-01-22 07:00:00,85.22,92.376755,7.156754760742189,7.156754760742189,10,7
2024-01-22 08:00:00,86.66,76.776505,-9.883495483398434,9.883495483398434,10,8
2024-01-22 09:00:00,71.08,78.98868,7.908677978515627,7.908677978515627,10,9
2024-01-22 10:00:00,61.99,75.06197,13.071973571777342,13.071973571777342,10,10
2024-01-22 11:00:00,57.67,72.53228,14.862279968261717,14.862279968261717,10,11
2024-01-22 12:00:00,58.48,70.97226,12.492259521484378,12.492259521484378,10,12
2024-01-22 13:00:00,61.06,78.317635,17.25763458251953,17.25763458251953,10,13
2024-01-22 14:00:00,62.99,67.91457,4.924573669433592,4.924573669433592,10,14
2024-01-22 15:00:00,66.07,72.09775,6.027747802734382,6.027747802734382,10,15
2024-01-22 16:00:00,79.09,84.923416,5.833416137695309,5.833416137695309,10,16
2024-01-22 17:00:00,89.87,96.99969,7.129687194824214,7.129687194824214,10,17
2024-01-22 18:00:00,81.79,91.14918,9.359177551269525,9.359177551269525,10,18
2024-01-22 19:00:00,70.09,90.40905,20.319049987792965,20.319049987792965,10,19
2024-01-22 20:00:00,60.87,70.54988,9.679880981445315,9.679880981445315,10,20
2024-01-22 21:00:00,58.76,69.55663,10.79663299560547,10.79663299560547,10,21
2024-01-22 22:00:00,52.55,62.945175,10.39517517089844,10.39517517089844,10,22
2024-01-22 23:00:00,20.45,70.95424,50.50423889160156,50.50423889160156,10,23
2024-01-23 00:00:00,15.33,50.321426,34.991426391601564,34.991426391601564,11,0
2024-01-23 01:00:00,14.55,48.92406,34.374060821533206,34.374060821533206,11,1
2024-01-23 02:00:00,9.66,48.761757,39.10175689697266,39.10175689697266,11,2
2024-01-23 03:00:00,15.14,49.762753,34.622752532958984,34.622752532958984,11,3
2024-01-23 04:00:00,42.16,55.159508,12.999507751464847,12.999507751464847,11,4
2024-01-23 05:00:00,65.55,79.99654,14.446536254882815,14.446536254882815,11,5
2024-01-23 06:00:00,83.14,92.81944,9.679442749023437,9.679442749023437,11,6
2024-01-23 07:00:00,86.5,110.3147,23.814697265625,23.814697265625,11,7
2024-01-23 08:00:00,83.36,97.84336,14.483360900878907,14.483360900878907,11,8
2024-01-23 09:00:00,81.0,81.81781,0.81781005859375,0.81781005859375,11,9
2024-01-23 10:00:00,66.65,76.05121,9.401208496093744,9.401208496093744,11,10
2024-01-23 11:00:00,61.91,66.991844,5.081844177246097,5.081844177246097,11,11
2024-01-23 12:00:00,61.03,67.25893,6.228926391601561,6.228926391601561,11,12
2024-01-23 13:00:00,65.61,66.10523,0.4952322387695318,0.4952322387695318,11,13
2024-01-23 14:00:00,71.96,79.83306,7.873061218261725,7.873061218261725,11,14
2024-01-23 15:00:00,66.62,88.09699,21.476992492675777,21.476992492675777,11,15
2024-01-23 16:00:00,81.21,98.961205,17.7512045288086,17.7512045288086,11,16
2024-01-23 17:00:00,85.89,106.71987,20.829871520996093,20.829871520996093,11,17
2024-01-23 18:00:00,77.18,98.542175,21.362175292968743,21.362175292968743,11,18
2024-01-23 19:00:00,66.64,81.78961,15.14961181640625,15.14961181640625,11,19
2024-01-23 20:00:00,59.66,75.46141,15.801410522460941,15.801410522460941,11,20
2024-01-23 21:00:00,49.92,70.69522,20.775220947265623,20.775220947265623,11,21
2024-01-23 22:00:00,36.49,66.91688,30.42687774658203,30.42687774658203,11,22
2024-01-23 23:00:00,10.74,62.593338,51.85333801269531,51.85333801269531,11,23
2024-01-24 00:00:00,8.35,50.29801,41.948011779785155,41.948011779785155,12,0
2024-01-24 01:00:00,6.69,48.577953,41.88795333862305,41.88795333862305,12,1
2024-01-24 02:00:00,2.27,45.173496,42.90349624633789,42.90349624633789,12,2
2024-01-24 03:00:00,0.2,47.884045,47.684044647216794,47.684044647216794,12,3
2024-01-24 04:00:00,5.43,57.2903,51.86029846191406,51.86029846191406,12,4
2024-01-24 05:00:00,24.52,78.92788,54.4078793334961,54.4078793334961,12,5
2024-01-24 06:00:00,55.41,92.66522,37.25522216796875,37.25522216796875,12,6
2024-01-24 07:00:00,67.58,96.70153,29.12153045654297,29.12153045654297,12,7
2024-01-24 08:00:00,65.89,92.51947,26.62947021484375,26.62947021484375,12,8
2024-01-24 09:00:00,59.84,85.78955,25.949550781249997,25.949550781249997,12,9
2024-01-24 10:00:00,56.65,77.4493,20.799302673339845,20.799302673339845,12,10
2024-01-24 11:00:00,47.21,63.258747,16.048747100830077,16.048747100830077,12,11
2024-01-24 12:00:00,44.3,59.87211,15.572108459472659,15.572108459472659,12,12
2024-01-24 13:00:00,51.63,62.357994,10.727994079589841,10.727994079589841,12,13
2024-01-24 14:00:00,60.5,76.107925,15.607925415039062,15.607925415039062,12,14
2024-01-24 15:00:00,64.0,67.428665,3.4286651611328125,3.4286651611328125,12,15
2024-01-24 16:00:00,71.09,85.74822,14.658222351074215,14.658222351074215,12,16
2024-01-24 17:00:00,83.14,92.86507,9.725066528320312,9.725066528320312,12,17
2024-01-24 18:00:00,83.46,88.24953,4.789526977539069,4.789526977539069,12,18
2024-01-24 19:00:00,77.81,72.49648,-5.3135171508789085,5.3135171508789085,12,19
2024-01-24 20:00:00,68.8,65.027794,-3.7722061157226534,3.7722061157226534,12,20
2024-01-24 21:00:00,70.88,62.21555,-8.664450531005855,8.664450531005855,12,21
2024-01-24 22:00:00,73.14,53.488674,-19.65132583618164,19.65132583618164,12,22
2024-01-24 23:00:00,62.78,43.632164,-19.147835998535157,19.147835998535157,12,23
2024-01-25 00:00:00,59.64,28.885828,-30.754171981811524,30.754171981811524,13,0
2024-01-25 01:00:00,60.0,31.877443,-28.122556686401367,28.122556686401367,13,1
2024-01-25 02:00:00,55.36,23.160912,-32.199088439941406,32.199088439941406,13,2
2024-01-25 03:00:00,57.26,23.325367,-33.934633026123045,33.934633026123045,13,3
2024-01-25 04:00:00,63.29,30.69294,-32.59706024169922,32.59706024169922,13,4
2024-01-25 05:00:00,72.45,46.69223,-25.757769775390628,25.757769775390628,13,5
2024-01-25 06:00:00,83.5,63.634716,-19.865283966064453,19.865283966064453,13,6
2024-01-25 07:00:00,95.53,72.385254,-23.14474609375,23.14474609375,13,7
2024-01-25 08:00:00,89.84,68.7778,-21.06219848632813,21.06219848632813,13,8
2024-01-25 09:00:00,83.95,65.08948,-18.860522460937503,18.860522460937503,13,9
2024-01-25 10:00:00,78.66,60.484367,-18.175632629394528,18.175632629394528,13,10
2024-01-25 11:00:00,74.95,58.49735,-16.452651214599612,16.452651214599612,13,11
2024-01-25 12:00:00,69.76,52.853,-16.906999359130864,16.906999359130864,13,12
2024-01-25 13:00:00,66.17,57.740566,-8.429433746337892,8.429433746337892,13,13
2024-01-25 14:00:00,61.85,60.009598,-1.840402221679689,1.840402221679689,13,14
2024-01-25 15:00:00,67.67,69.31947,1.6494732666015608,1.6494732666015608,13,15
2024-01-25 16:00:00,75.59,79.65034,4.060337219238278,4.060337219238278,13,16
2024-01-25 17:00:00,94.72,92.808136,-1.9118640136718739,1.9118640136718739,13,17
2024-01-25 18:00:00,96.11,94.37367,-1.736327514648437,1.736327514648437,13,18
2024-01-25 19:00:00,79.83,88.097725,8.267724914550783,8.267724914550783,13,19
2024-01-25 20:00:00,72.14,72.53819,0.39819274902343693,0.39819274902343693,13,20
2024-01-25 21:00:00,71.39,80.052826,8.662825927734374,8.662825927734374,13,21
2024-01-25 22:00:00,67.34,80.877144,13.537143859863278,13.537143859863278,13,22
2024-01-25 23:00:00,62.8,67.02545,4.225451660156253,4.225451660156253,13,23
2024-01-26 00:00:00,62.0,65.70817,3.7081680297851562,3.7081680297851562,14,0
2024-01-26 01:00:00,58.49,63.46782,4.9778192138671855,4.9778192138671855,14,1
2024-01-26 02:00:00,52.99,63.389065,10.399064788818357,10.399064788818357,14,2
2024-01-26 03:00:00,39.82,64.29519,24.475188903808593,24.475188903808593,14,3
2024-01-26 04:00:00,50.3,66.654076,16.354075622558597,16.354075622558597,14,4
2024-01-26 05:00:00,61.53,88.54988,27.01988098144531,27.01988098144531,14,5
2024-01-26 06:00:00,74.25,98.5866,24.33660125732422,24.33660125732422,14,6
2024-01-26 07:00:00,80.45,104.03953,23.589527893066403,23.589527893066403,14,7
2024-01-26 08:00:00,75.34,97.63783,22.29783264160156,22.29783264160156,14,8
2024-01-26 09:00:00,66.19,92.50158,26.31157928466797,26.31157928466797,14,9
2024-01-26 10:00:00,62.39,86.571915,24.181914672851562,24.181914672851562,14,10
2024-01-26 11:00:00,55.78,77.38327,21.603270263671874,21.603270263671874,14,11
2024-01-26 12:00:00,50.7,66.295,15.59499816894531,15.59499816894531,14,12
2024-01-26 13:00:00,53.61,67.33229,13.722290649414063,13.722290649414063,14,13
2024-01-26 14:00:00,55.52,64.09914,8.57913635253906,8.57913635253906,14,14
2024-01-26 15:00:00,63.38,68.42245,5.042447204589841,5.042447204589841,14,15
2024-01-26 16:00:00,73.74,86.32312,12.583120117187505,12.583120117187505,14,16
2024-01-26 17:00:00,89.62,96.5167,6.896700744628902,6.896700744628902,14,17
2024-01-26 18:00:00,89.8,96.28455,6.484553527832034,6.484553527832034,14,18
2024-01-26 19:00:00,84.53,85.61116,1.0811602783203114,1.0811602783203114,14,19
2024-01-26 20:00:00,71.13,80.07645,8.94644653320313,8.94644653320313,14,20
2024-01-26 21:00:00,74.98,79.675766,4.6957659912109335,4.6957659912109335,14,21
2024-01-26 22:00:00,70.45,70.52225,0.07224731445312216,0.07224731445312216,14,22
2024-01-26 23:00:00,64.97,66.44869,1.4786923217773449,1.4786923217773449,14,23
2024-01-28 00:00:00,58.2,51.80048,-6.399520111083987,6.399520111083987,16,0
2024-01-28 01:00:00,52.9,47.870827,-5.029173278808592,5.029173278808592,16,1
2024-01-28 02:00:00,47.21,44.120914,-3.0890855407714852,3.0890855407714852,16,2
2024-01-28 03:00:00,44.0,45.094254,1.0942535400390625,1.0942535400390625,16,3
2024-01-28 04:00:00,43.2,40.686733,-2.5132667541503935,2.5132667541503935,16,4
2024-01-28 05:00:00,47.05,44.144974,-2.9050262451171847,2.9050262451171847,16,5
2024-01-28 06:00:00,51.4,46.524174,-4.875826263427733,4.875826263427733,16,6
2024-01-28 07:00:00,55.29,62.85832,7.568318328857423,7.568318328857423,16,7
2024-01-28 08:00:00,55.8,65.16534,9.365336608886722,9.365336608886722,16,8
2024-01-28 09:00:00,52.29,39.912354,-12.377646484375,12.377646484375,16,9
2024-01-28 10:00:00,47.53,36.745747,-10.784253387451173,10.784253387451173,16,10
2024-01-28 11:00:00,42.49,28.230799,-14.259201278686525,14.259201278686525,16,11
2024-01-28 12:00:00,40.53,30.160328,-10.369672088623048,10.369672088623048,16,12
2024-01-28 13:00:00,40.09,25.737383,-14.352617111206058,14.352617111206058,16,13
2024-01-28 14:00:00,38.03,45.175488,7.145487518310546,7.145487518310546,16,14
2024-01-28 15:00:00,43.12,48.512825,5.392825012207034,5.392825012207034,16,15
2024-01-28 16:00:00,60.8,60.00927,-0.7907302856445284,0.7907302856445284,16,16
2024-01-28 17:00:00,73.34,87.35217,14.012172851562497,14.012172851562497,16,17
2024-01-28 18:00:00,71.55,85.752975,14.20297546386719,14.20297546386719,16,18
2024-01-28 19:00:00,69.87,80.91338,11.043383483886714,11.043383483886714,16,19
2024-01-28 20:00:00,58.86,69.32207,10.462067260742188,10.462067260742188,16,20
2024-01-28 21:00:00,60.34,63.49818,3.1581803894042935,3.1581803894042935,16,21
2024-01-28 22:00:00,56.0,59.019196,3.019195556640625,3.019195556640625,16,22
2024-01-28 23:00:00,49.97,44.25883,-5.711168975830077,5.711168975830077,16,23
2024-01-29 00:00:00,47.26,49.7973,2.5372984313964864,2.5372984313964864,17,0
2024-01-29 01:00:00,48.12,52.198788,4.078787689208987,4.078787689208987,17,1
2024-01-29 02:00:00,47.97,49.76595,1.7959492492675793,1.7959492492675793,17,2
2024-01-29 03:00:00,51.58,46.703465,-4.876535491943358,4.876535491943358,17,3
2024-01-29 04:00:00,60.06,51.793434,-8.266565856933596,8.266565856933596,17,4
2024-01-29 05:00:00,80.66,65.819565,-14.840435180664059,14.840435180664059,17,5
2024-01-29 06:00:00,88.7,71.55164,-17.14835662841797,17.14835662841797,17,6
2024-01-29 07:00:00,99.26,71.71554,-27.54446197509766,27.54446197509766,17,7
2024-01-29 08:00:00,88.39,70.50224,-17.887756958007813,17.887756958007813,17,8
2024-01-29 09:00:00,78.9,66.62801,-12.271986389160162,12.271986389160162,17,9
2024-01-29 10:00:00,71.27,63.862865,-7.407134552001949,7.407134552001949,17,10
2024-01-29 11:00:00,70.24,59.79993,-10.44006942749023,10.44006942749023,17,11
2024-01-29 12:00:00,73.81,58.02353,-15.786470947265627,15.786470947265627,17,12
2024-01-29 13:00:00,78.03,57.460754,-20.56924560546875,20.56924560546875,17,13
2024-01-29 14:00:00,78.78,60.29721,-18.482789306640626,18.482789306640626,17,14
2024-01-29 15:00:00,82.87,61.61599,-21.25401031494141,21.25401031494141,17,15
2024-01-29 16:00:00,89.86,72.48775,-17.372252807617187,17.372252807617187,17,16
2024-01-29 17:00:00,110.0,82.79993,-27.2000732421875,27.2000732421875,17,17
2024-01-29 18:00:00,107.52,82.59179,-24.928210754394527,24.928210754394527,17,18
2024-01-29 19:00:00,86.29,77.963905,-8.32609466552735,8.32609466552735,17,19
2024-01-29 20:00:00,81.09,69.45349,-11.636508789062503,11.636508789062503,17,20
2024-01-29 21:00:00,82.55,68.84015,-13.709851074218747,13.709851074218747,17,21
2024-01-29 22:00:00,80.29,67.917465,-12.372534790039069,12.372534790039069,17,22
2024-01-29 23:00:00,71.94,63.954517,-7.985482635498045,7.985482635498045,17,23
2024-01-30 00:00:00,68.64,64.06538,-4.574623718261719,4.574623718261719,18,0
2024-01-30 01:00:00,69.37,63.68525,-5.684750671386723,5.684750671386723,18,1
2024-01-30 02:00:00,65.1,65.16336,0.06336059570313068,0.06336059570313068,18,2
2024-01-30 03:00:00,64.0,65.356384,1.35638427734375,1.35638427734375,18,3
2024-01-30 04:00:00,69.37,66.78849,-2.5815097045898483,2.5815097045898483,18,4
2024-01-30 05:00:00,79.02,89.943855,10.923855285644535,10.923855285644535,18,5
2024-01-30 06:00:00,91.04,98.82315,7.783150634765619,7.783150634765619,18,6
2024-01-30 07:00:00,95.95,109.32792,13.377919006347653,13.377919006347653,18,7
2024-01-30 08:00:00,84.93,96.369774,11.439773864746087,11.439773864746087,18,8
2024-01-30 09:00:00,77.15,87.981,10.831002807617182,10.831002807617182,18,9
2024-01-30 10:00:00,70.1,80.09765,9.997648620605474,9.997648620605474,18,10
2024-01-30 11:00:00,68.1,68.46336,0.3633636474609432,0.3633636474609432,18,11
2024-01-30 12:00:00,68.23,73.028496,4.798495788574215,4.798495788574215,18,12
2024-01-30 13:00:00,71.93,70.721664,-1.2083355712890693,1.2083355712890693,18,13
2024-01-30 14:00:00,71.95,73.87098,1.9209793090820284,1.9209793090820284,18,14
2024-01-30 15:00:00,78.89,80.200836,1.3108361816406244,1.3108361816406244,18,15
2024-01-30 16:00:00,88.83,90.49644,1.666437072753908,1.666437072753908,18,16
2024-01-30 17:00:00,99.76,112.36094,12.600939025878901,12.600939025878901,18,17
2024-01-30 18:00:00,98.44,107.71334,9.273340759277346,9.273340759277346,18,18
2024-01-30 19:00:00,88.32,88.277916,-0.04208404541014943,0.04208404541014943,18,19
2024-01-30 20:00:00,78.99,79.98625,0.9962518310546926,0.9962518310546926,18,20
2024-01-30 21:00:00,78.24,82.514984,4.27498413085938,4.27498413085938,18,21
2024-01-30 22:00:00,74.46,76.453064,1.9930639648437563,1.9930639648437563,18,22
2024-01-30 23:00:00,74.09,65.11315,-8.976848449707035,8.976848449707035,18,23
2024-01-31 00:00:00,71.48,54.39074,-17.089260559082035,17.089260559082035,19,0
2024-01-31 01:00:00,70.89,55.16972,-15.720280303955079,15.720280303955079,19,1
2024-01-31 02:00:00,69.82,52.340294,-17.47970611572265,17.47970611572265,19,2
2024-01-31 03:00:00,69.25,54.19656,-15.05344009399414,15.05344009399414,19,3
2024-01-31 04:00:00,74.01,56.135323,-17.874677429199224,17.874677429199224,19,4
2024-01-31 05:00:00,84.44,76.783035,-7.656964721679685,7.656964721679685,19,5
2024-01-31 06:00:00,93.29,90.970116,-2.3198843383789125,2.3198843383789125,19,6
2024-01-31 07:00:00,120.23,91.86713,-28.362873535156254,28.362873535156254,19,7
2024-01-31 08:00:00,93.23,83.15935,-10.070652465820316,10.070652465820316,19,8
2024-01-31 09:00:00,82.98,76.40554,-6.57445953369141,6.57445953369141,19,9
2024-01-31 10:00:00,77.09,69.846214,-7.24378570556641,7.24378570556641,19,10
2024-01-31 11:00:00,74.91,66.968346,-7.941654357910153,7.941654357910153,19,11
2024-01-31 12:00:00,66.5,66.6959,0.19589996337890625,0.19589996337890625,19,12
2024-01-31 13:00:00,65.8,71.726135,5.926135253906253,5.926135253906253,19,13
2024-01-31 14:00:00,64.95,71.791145,6.841145324707028,6.841145324707028,19,14
2024-01-31 15:00:00,66.26,79.165405,12.905405273437495,12.905405273437495,19,15
2024-01-31 16:00:00,77.0,90.96468,13.964683532714844,13.964683532714844,19,16
2024-01-31 17:00:00,90.16,106.20841,16.04841217041016,16.04841217041016,19,17
2024-01-31 18:00:00,80.72,105.84878,25.128777770996095,25.128777770996095,19,18
2024-01-31 19:00:00,73.02,91.86561,18.845608215332035,18.845608215332035,19,19
2024-01-31 20:00:00,61.67,83.28848,21.618482666015623,21.618482666015623,19,20
2024-01-31 21:00:00,58.81,80.73795,21.927953186035154,21.927953186035154,19,21
2024-01-31 22:00:00,44.31,77.473724,33.16372436523437,33.16372436523437,19,22
2024-01-31 23:00:00,51.9,76.22172,24.321717834472658,24.321717834472658,19,23
2024-02-01 00:00:00,46.99,69.17324,22.18324066162109,22.18324066162109,20,0
2024-02-01 01:00:00,46.66,67.86656,21.20656188964844,21.20656188964844,20,1
2024-02-01 02:00:00,47.04,65.87642,18.836419067382813,18.836419067382813,20,2
2024-02-01 03:00:00,51.06,65.21008,14.150083007812498,14.150083007812498,20,3
2024-02-01 04:00:00,59.82,73.824554,14.004554443359375,14.004554443359375,20,4
2024-02-01 05:00:00,72.42,83.59332,11.173322753906248,11.173322753906248,20,5
2024-02-01 06:00:00,88.76,90.65602,1.8960211181640574,1.8960211181640574,20,6
2024-02-01 07:00:00,95.76,112.65131,16.891313781738276,16.891313781738276,20,7
2024-02-01 08:00:00,88.77,89.61433,0.8443264770507852,0.8443264770507852,20,8
2024-02-01 09:00:00,83.9,78.47559,-5.424406433105474,5.424406433105474,20,9
2024-02-01 10:00:00,79.29,71.31372,-7.976279296875006,7.976279296875006,20,10
2024-02-01 11:00:00,69.75,70.37622,0.626220703125,0.626220703125,20,11
2024-02-01 12:00:00,62.23,65.52644,3.2964434814453156,3.2964434814453156,20,12
2024-02-01 13:00:00,71.62,64.73638,-6.883618469238286,6.883618469238286,20,13
2024-02-01 14:00:00,80.6,66.120605,-14.479394531249994,14.479394531249994,20,14
2024-02-01 15:00:00,80.69,70.911446,-9.778554382324216,9.778554382324216,20,15
2024-02-01 16:00:00,94.1,82.652084,-11.447915649414057,11.447915649414057,20,16
2024-02-01 17:00:00,101.89,90.17164,-11.71836151123047,11.71836151123047,20,17
2024-02-01 18:00:00,99.05,87.39194,-11.658062744140622,11.658062744140622,20,18
2024-02-01 19:00:00,91.84,80.961815,-10.87818511962891,10.87818511962891,20,19
2024-02-01 20:00:00,83.66,70.259125,-13.400875244140622,13.400875244140622,20,20
2024-02-01 21:00:00,82.13,68.14845,-13.981547241210933,13.981547241210933,20,21
2024-02-01 22:00:00,73.69,58.247566,-15.442433776855466,15.442433776855466,20,22
2024-02-01 23:00:00,64.62,58.77893,-5.8410693359375045,5.8410693359375045,20,23
2024-02-02 00:00:00,60.05,52.402977,-7.647023010253903,7.647023010253903,21,0
2024-02-02 01:00:00,58.0,48.51443,-9.48556900024414,9.48556900024414,21,1
2024-02-02 02:00:00,54.69,54.48247,-0.2075285339355446,0.2075285339355446,21,2
2024-02-02 03:00:00,52.41,53.535057,1.1250570678710972,1.1250570678710972,21,3
2024-02-02 04:00:00,55.0,54.7595,-0.24050140380859375,0.24050140380859375,21,4
2024-02-02 05:00:00,63.27,75.5562,12.286198120117184,12.286198120117184,21,5
2024-02-02 06:00:00,80.34,91.30735,10.967350158691403,10.967350158691403,21,6
2024-02-02 07:00:00,90.75,93.15403,2.4040298461914062,2.4040298461914062,21,7
2024-02-02 08:00:00,86.39,82.74134,-3.6486593627929693,3.6486593627929693,21,8
2024-02-02 09:00:00,80.89,80.10306,-0.7869421386718756,0.7869421386718756,21,9
2024-02-02 10:00:00,75.25,72.36106,-2.8889389038085938,2.8889389038085938,21,10
2024-02-02 11:00:00,65.25,60.858974,-4.391025543212891,4.391025543212891,21,11
2024-02-02 12:00:00,59.77,53.845654,-5.924346466064456,5.924346466064456,21,12
2024-02-02 13:00:00,59.82,61.37762,1.557620697021484,1.557620697021484,21,13
2024-02-02 14:00:00,58.3,70.79856,12.498561096191409,12.498561096191409,21,14
2024-02-02 15:00:00,63.2,77.53011,14.330113220214841,14.330113220214841,21,15
2024-02-02 16:00:00,70.95,91.36467,20.414669799804685,20.414669799804685,21,16
2024-02-02 17:00:00,80.16,100.83435,20.674350585937503,20.674350585937503,21,17
2024-02-02 18:00:00,81.4,97.167046,15.767045593261713,15.767045593261713,21,18
2024-02-02 19:00:00,73.06,88.58391,15.523908081054685,15.523908081054685,21,19
2024-02-02 20:00:00,62.27,82.59317,20.323170166015622,20.323170166015622,21,20
2024-02-02 21:00:00,62.6,77.77959,15.179586791992186,15.179586791992186,21,21
2024-02-02 22:00:00,53.51,74.39416,20.88415740966797,20.88415740966797,21,22
2024-02-02 23:00:00,39.99,60.165195,20.17519546508789,20.17519546508789,21,23
2024-02-03 00:00:00,38.77,53.149788,14.379787902832028,14.379787902832028,22,0
2024-02-03 01:00:00,32.83,49.09081,16.260808868408205,16.260808868408205,22,1
2024-02-03 02:00:00,20.22,48.670147,28.450146942138673,28.450146942138673,22,2
2024-02-03 03:00:00,15.45,48.914658,33.464657592773435,33.464657592773435,22,3
2024-02-03 04:00:00,16.58,46.324936,29.74493591308594,29.74493591308594,22,4
2024-02-03 05:00:00,26.33,51.25961,24.92960922241211,24.92960922241211,22,5
2024-02-03 06:00:00,42.87,59.17923,16.309229736328128,16.309229736328128,22,6
2024-02-03 07:00:00,52.09,67.05791,14.967907104492184,14.967907104492184,22,7
2024-02-03 08:00:00,59.1,62.112255,3.0122550964355455,3.0122550964355455,22,8
2024-02-03 09:00:00,53.28,56.809155,3.5291545104980457,3.5291545104980457,22,9
2024-02-03 10:00:00,45.27,50.279057,5.0090565490722625,5.0090565490722625,22,10
2024-02-03 11:00:00,41.58,39.75318,-1.826818542480467,1.826818542480467,22,11
2024-02-03 12:00:00,39.81,35.81544,-3.9945588684082054,3.9945588684082054,22,12
2024-02-03 13:00:00,41.76,36.773514,-4.9864862060546855,4.9864862060546855,22,13
2024-02-03 14:00:00,46.44,40.242355,-6.19764465332031,6.19764465332031,22,14
2024-02-03 15:00:00,53.0,48.882195,-4.117805480957031,4.117805480957031,22,15
2024-02-03 16:00:00,64.87,64.75451,-0.1154910278320358,0.1154910278320358,22,16
2024-02-03 17:00:00,81.43,70.335754,-11.094245605468757,11.094245605468757,22,17
2024-02-03 18:00:00,77.05,73.55356,-3.496441650390622,3.496441650390622,22,18
2024-02-03 19:00:00,63.57,67.179855,3.609855346679687,3.609855346679687,22,19
2024-02-03 20:00:00,59.08,62.956493,3.8764933776855486,3.8764933776855486,22,20
2024-02-03 21:00:00,52.42,55.692905,3.272905426025389,3.272905426025389,22,21
2024-02-03 22:00:00,42.6,50.116604,7.516603851318358,7.516603851318358,22,22
2024-02-03 23:00:00,39.91,43.391815,3.4818151855468784,3.4818151855468784,22,23
2024-02-04 00:00:00,24.29,36.131935,11.841935119628907,11.841935119628907,23,0
2024-02-04 01:00:00,11.35,32.41014,21.060140991210936,21.060140991210936,23,1
2024-02-04 02:00:00,3.47,27.652172,24.182172088623048,24.182172088623048,23,2
2024-02-04 03:00:00,1.55,26.524452,24.974452209472656,24.974452209472656,23,3
2024-02-04 04:00:00,6.16,28.147377,21.987377014160156,21.987377014160156,23,4
2024-02-04 05:00:00,7.04,33.273453,26.233452758789063,26.233452758789063,23,5
2024-02-04 06:00:00,12.68,39.822212,27.14221221923828,27.14221221923828,23,6
2024-02-04 07:00:00,20.39,51.490818,31.10081802368164,31.10081802368164,23,7
2024-02-04 08:00:00,24.16,49.55927,25.399268951416015,25.399268951416015,23,8
2024-02-04 09:00:00,26.47,43.137836,16.66783645629883,16.66783645629883,23,9
2024-02-04 10:00:00,19.5,40.87774,21.37773895263672,21.37773895263672,23,10
2024-02-04 11:00:00,16.68,36.13935,19.45935089111328,19.45935089111328,23,11
2024-02-04 12:00:00,6.16,33.74296,27.58296188354492,27.58296188354492,23,12
2024-02-04 13:00:00,13.07,36.186127,23.116126708984375,23.116126708984375,23,13
2024-02-04 14:00:00,24.69,40.805927,16.115927276611327,16.115927276611327,23,14
2024-02-04 15:00:00,34.72,48.45323,13.733231811523439,13.733231811523439,23,15
2024-02-04 16:00:00,54.93,55.356827,0.4268267822265628,0.4268267822265628,23,16
2024-02-04 17:00:00,65.25,77.194084,11.944084167480469,11.944084167480469,23,17
2024-02-04 18:00:00,69.99,78.68535,8.695348510742193,8.695348510742193,23,18
2024-02-04 19:00:00,51.73,62.27431,10.544311065673831,10.544311065673831,23,19
2024-02-04 20:00:00,50.06,55.87173,5.811730804443357,5.811730804443357,23,20
2024-02-04 21:00:00,48.4,57.916832,9.516831970214845,9.516831970214845,23,21
2024-02-04 22:00:00,38.08,48.11466,10.034658355712892,10.034658355712892,23,22
2024-02-04 23:00:00,11.28,52.388157,41.10815689086914,41.10815689086914,23,23
2024-02-05 00:00:00,15.85,52.55295,36.70295181274414,36.70295181274414,24,0
2024-02-05 01:00:00,8.91,49.73583,40.82582839965821,40.82582839965821,24,1
2024-02-05 02:00:00,2.71,47.455963,44.745963134765624,44.745963134765624,24,2
2024-02-05 03:00:00,1.25,48.771107,47.5211067199707,47.5211067199707,24,3
2024-02-05 04:00:00,7.53,52.61008,45.08008071899414,45.08008071899414,24,4
2024-02-05 05:00:00,48.09,57.062187,8.972187194824215,8.972187194824215,24,5
2024-02-05 06:00:00,83.15,69.133896,-14.016104125976568,14.016104125976568,24,6
2024-02-05 07:00:00,90.36,66.29152,-24.068480834960937,24.068480834960937,24,7
2024-02-05 08:00:00,87.36,69.04383,-18.316169128417968,18.316169128417968,24,8
2024-02-05 09:00:00,76.68,69.28041,-7.399589233398444,7.399589233398444,24,9
2024-02-05 10:00:00,69.74,61.888924,-7.851076354980464,7.851076354980464,24,10
2024-02-05 11:00:00,60.0,54.325176,-5.674823760986328,5.674823760986328,24,11
2024-02-05 12:00:00,42.86,52.86297,10.00296844482422,10.00296844482422,24,12
2024-02-05 13:00:00,51.0,53.669033,2.6690330505371094,2.6690330505371094,24,13
2024-02-05 14:00:00,59.71,61.502113,1.7921133422851554,1.7921133422851554,24,14
2024-02-05 15:00:00,64.49,69.85299,5.362989196777349,5.362989196777349,24,15
2024-02-05 16:00:00,76.44,74.85937,-1.580632629394529,1.580632629394529,24,16
2024-02-05 17:00:00,89.13,96.90598,7.775982971191411,7.775982971191411,24,17
2024-02-05 18:00:00,86.67,92.531204,5.861204223632811,5.861204223632811,24,18
2024-02-05 19:00:00,80.04,77.31429,-2.7257070922851625,2.7257070922851625,24,19
2024-02-05 20:00:00,65.69,67.58952,1.8995233154296898,1.8995233154296898,24,20
2024-02-05 21:00:00,57.11,61.659664,4.549664154052735,4.549664154052735,24,21
2024-02-05 22:00:00,48.19,58.235115,10.045115051269534,10.045115051269534,24,22
2024-02-05 23:00:00,36.8,45.161835,8.361834716796878,8.361834716796878,24,23
2024-02-06 00:00:00,30.13,44.979656,14.849656219482423,14.849656219482423,25,0
2024-02-06 01:00:00,20.41,37.999847,17.589847412109375,17.589847412109375,25,1
2024-02-06 02:00:00,11.83,36.73332,24.903318328857424,24.903318328857424,25,2
2024-02-06 03:00:00,7.1,33.28051,26.180509948730467,26.180509948730467,25,3
2024-02-06 04:00:00,23.4,42.329407,18.92940673828125,18.92940673828125,25,4
2024-02-06 05:00:00,54.26,61.640625,7.380625000000002,7.380625000000002,25,5
2024-02-06 06:00:00,71.91,85.49048,13.580478515625003,13.580478515625003,25,6
2024-02-06 07:00:00,80.87,84.50185,3.631846313476558,3.631846313476558,25,7
2024-02-06 08:00:00,78.68,80.15019,1.4701922607421807,1.4701922607421807,25,8
2024-02-06 09:00:00,74.72,73.79093,-0.9290682983398426,0.9290682983398426,25,9
2024-02-06 10:00:00,60.64,67.539856,6.899855957031249,6.899855957031249,25,10
2024-02-06 11:00:00,51.08,61.02244,9.942441864013674,9.942441864013674,25,11
2024-02-06 12:00:00,48.62,54.831047,6.211047058105471,6.211047058105471,25,12
2024-02-06 13:00:00,49.79,57.793415,8.003415069580079,8.003415069580079,25,13
2024-02-06 14:00:00,56.44,61.55741,5.1174111938476585,5.1174111938476585,25,14
2024-02-06 15:00:00,61.33,67.668205,6.3382052612304705,6.3382052612304705,25,15
2024-02-06 16:00:00,71.0,81.651306,10.65130615234375,10.65130615234375,25,16
2024-02-06 17:00:00,78.77,90.20061,11.430607299804691,11.430607299804691,25,17
2024-02-06 18:00:00,80.36,86.755226,6.395226135253907,6.395226135253907,25,18
2024-02-06 19:00:00,65.16,80.31484,15.154842224121097,15.154842224121097,25,19
2024-02-06 20:00:00,60.17,66.46396,6.293958740234373,6.293958740234373,25,20
2024-02-06 21:00:00,57.09,63.280827,6.190826568603512,6.190826568603512,25,21
2024-02-06 22:00:00,52.76,61.541233,8.781233062744143,8.781233062744143,25,22
2024-02-06 23:00:00,41.7,51.20305,9.503048706054685,9.503048706054685,25,23
2024-02-07 00:00:00,39.0,47.610104,8.610103607177734,8.610103607177734,26,0
2024-02-07 01:00:00,37.45,41.87393,4.423931884765622,4.423931884765622,26,1
2024-02-07 02:00:00,33.21,35.605835,2.395834960937499,2.395834960937499,26,2
2024-02-07 03:00:00,16.02,35.756096,19.73609588623047,19.73609588623047,26,3
2024-02-07 04:00:00,38.0,54.697575,16.697574615478516,16.697574615478516,26,4
2024-02-07 05:00:00,47.28,68.114174,20.834173889160155,20.834173889160155,26,5
2024-02-07 06:00:00,69.99,83.70885,13.718847045898443,13.718847045898443,26,6
2024-02-07 07:00:00,74.49,85.34314,10.853139648437505,10.853139648437505,26,7
2024-02-07 08:00:00,68.61,77.71658,9.106583251953126,9.106583251953126,26,8
2024-02-07 09:00:00,66.04,70.64843,4.6084298706054625,4.6084298706054625,26,9
2024-02-07 10:00:00,64.03,61.24394,-2.7860615539550793,2.7860615539550793,26,10
2024-02-07 11:00:00,58.87,59.311436,0.4414356994628932,0.4414356994628932,26,11
2024-02-07 12:00:00,50.67,55.165752,4.49575241088867,4.49575241088867,26,12
2024-02-07 13:00:00,61.13,56.566147,-4.563853149414065,4.563853149414065,26,13
2024-02-07 14:00:00,56.65,61.321465,4.67146453857422,4.67146453857422,26,14
2024-02-07 15:00:00,57.61,61.507923,3.8979231262207037,3.8979231262207037,26,15
2024-02-07 16:00:00,58.96,75.75854,16.798537292480468,16.798537292480468,26,16
2024-02-07 17:00:00,79.34,82.380226,3.040226135253903,3.040226135253903,26,17
2024-02-07 18:00:00,92.09,82.843575,-9.246425476074222,9.246425476074222,26,18
2024-02-07 19:00:00,76.89,64.837364,-12.052635803222657,12.052635803222657,26,19
2024-02-07 20:00:00,67.72,66.58625,-1.1337496948242176,1.1337496948242176,26,20
2024-02-07 21:00:00,62.03,57.352814,-4.677186279296876,4.677186279296876,26,21
2024-02-07 22:00:00,63.48,52.98994,-10.49005935668945,10.49005935668945,26,22
2024-02-07 23:00:00,73.7,47.43253,-26.267470550537112,26.267470550537112,26,23
2024-02-08 00:00:00,73.2,44.580883,-28.619116973876956,28.619116973876956,27,0
2024-02-08 01:00:00,72.15,47.5254,-24.624601745605474,24.624601745605474,27,1
2024-02-08 02:00:00,54.34,45.67012,-8.669879760742191,8.669879760742191,27,2
2024-02-08 03:00:00,45.75,36.301117,-9.448883056640625,9.448883056640625,27,3
2024-02-08 04:00:00,47.49,47.25157,-0.2384283447265645,0.2384283447265645,27,4
2024-02-08 05:00:00,65.24,54.086914,-11.153085937499995,11.153085937499995,27,5
2024-02-08 06:00:00,72.26,71.54746,-0.7125375366210989,0.7125375366210989,27,6
2024-02-08 07:00:00,73.09,81.76165,8.671650085449215,8.671650085449215,27,7
2024-02-08 08:00:00,60.17,67.31008,7.140081481933592,7.140081481933592,27,8
2024-02-08 09:00:00,50.01,65.72661,15.71660827636719,15.71660827636719,27,9
2024-02-08 10:00:00,44.69,65.61948,20.929476318359377,20.929476318359377,27,10
2024-02-08 11:00:00,38.0,58.440105,20.440105438232422,20.440105438232422,27,11
2024-02-08 12:00:00,31.7,58.945354,27.245354461669923,27.245354461669923,27,12
2024-02-08 13:00:00,33.8,54.123646,20.323645782470706,20.323645782470706,27,13
2024-02-08 14:00:00,33.08,57.77324,24.69323913574219,24.69323913574219,27,14
2024-02-08 15:00:00,39.4,67.588715,28.188714599609376,28.188714599609376,27,15
2024-02-08 16:00:00,41.5,73.0118,31.511802673339844,31.511802673339844,27,16
2024-02-08 17:00:00,45.5,87.628075,42.128074645996094,42.128074645996094,27,17
2024-02-08 18:00:00,61.09,90.17169,29.081691894531247,29.081691894531247,27,18
2024-02-08 19:00:00,53.34,78.95966,25.619663391113278,25.619663391113278,27,19
2024-02-08 20:00:00,46.21,71.583206,25.37320617675781,25.37320617675781,27,20
2024-02-08 21:00:00,43.83,63.370983,19.5409831237793,19.5409831237793,27,21
2024-02-08 22:00:00,40.46,61.7638,21.30380157470703,21.30380157470703,27,22
2024-02-08 23:00:00,22.04,72.24791,50.20790954589844,50.20790954589844,27,23
2024-02-10 00:00:00,64.08,34.023308,-30.05669219970703,30.05669219970703,29,0
2024-02-10 01:00:00,64.4,31.870539,-32.529461288452154,32.529461288452154,29,1
2024-02-10 02:00:00,64.39,29.375519,-35.014481201171876,35.014481201171876,29,2
2024-02-10 03:00:00,64.41,23.712767,-40.69723335266113,40.69723335266113,29,3
2024-02-10 04:00:00,65.82,24.747705,-41.07229454040527,41.07229454040527,29,4
2024-02-10 05:00:00,70.91,29.95251,-40.95748916625976,40.95748916625976,29,5
2024-02-10 06:00:00,74.86,37.295956,-37.564044342041015,37.564044342041015,29,6
2024-02-10 07:00:00,77.7,42.29212,-35.40787811279297,35.40787811279297,29,7
2024-02-10 08:00:00,80.38,44.530655,-35.84934509277343,35.84934509277343,29,8
2024-02-10 09:00:00,74.83,36.919292,-37.910707550048826,37.910707550048826,29,9
2024-02-10 10:00:00,69.7,36.314117,-33.38588256835938,33.38588256835938,29,10
2024-02-10 11:00:00,68.36,33.029568,-35.33043228149414,35.33043228149414,29,11
2024-02-10 12:00:00,66.72,30.8806,-35.83940002441406,35.83940002441406,29,12
2024-02-10 13:00:00,69.53,28.016407,-41.51359298706055,41.51359298706055,29,13
2024-02-10 14:00:00,77.17,33.732586,-43.43741409301758,43.43741409301758,29,14
2024-02-10 15:00:00,78.99,38.3437,-40.64629959106445,40.64629959106445,29,15
2024-02-10 16:00:00,82.9,55.9925,-26.907499694824224,26.907499694824224,29,16
2024-02-10 17:00:00,89.85,67.35761,-22.492387390136713,22.492387390136713,29,17
2024-02-10 18:00:00,82.46,76.36519,-6.094811401367181,6.094811401367181,29,18
2024-02-10 19:00:00,74.4,69.08299,-5.317007446289068,5.317007446289068,29,19
2024-02-10 20:00:00,68.54,66.23384,-2.3061590576171938,2.3061590576171938,29,20
2024-02-10 21:00:00,69.54,68.171005,-1.3689947509765688,1.3689947509765688,29,21
2024-02-10 22:00:00,63.82,65.10111,1.281112365722656,1.281112365722656,29,22
2024-02-10 23:00:00,60.48,53.25551,-7.224491577148434,7.224491577148434,29,23
2024-02-11 00:00:00,55.66,50.57612,-5.083881530761715,5.083881530761715,30,0
2024-02-11 01:00:00,52.6,50.29602,-2.3039794921875014,2.3039794921875014,30,1
2024-02-11 02:00:00,46.83,52.472,5.642000122070314,5.642000122070314,30,2
2024-02-11 03:00:00,39.23,49.08535,9.855350036621097,9.855350036621097,30,3
2024-02-11 04:00:00,44.88,51.5891,6.709099884033201,6.709099884033201,30,4
2024-02-11 05:00:00,45.47,56.562813,11.092812805175782,11.092812805175782,30,5
2024-02-11 06:00:00,48.34,61.244858,12.904857788085934,12.904857788085934,30,6
2024-02-11 07:00:00,57.13,63.33685,6.206849212646482,6.206849212646482,30,7
2024-02-11 08:00:00,58.82,64.51247,5.692466430664062,5.692466430664062,30,8
2024-02-11 09:00:00,61.77,57.87702,-3.892978210449222,3.892978210449222,30,9
2024-02-11 10:00:00,65.01,46.64812,-18.361879119873052,18.361879119873052,30,10
2024-02-11 11:00:00,62.63,38.830467,-23.79953277587891,23.79953277587891,30,11
2024-02-11 12:00:00,44.47,37.73284,-6.73715850830078,6.73715850830078,30,12
2024-02-11 13:00:00,39.98,43.409164,3.4291644287109406,3.4291644287109406,30,13
2024-02-11 14:00:00,39.99,55.39675,15.406751403808592,15.406751403808592,30,14
2024-02-11 15:00:00,46.73,63.47525,16.745250244140628,16.745250244140628,30,15
2024-02-11 16:00:00,61.94,63.31359,1.373591003417971,1.373591003417971,30,16
2024-02-11 17:00:00,83.56,75.44526,-8.114740905761721,8.114740905761721,30,17
2024-02-11 18:00:00,83.98,75.64783,-8.332172851562504,8.332172851562504,30,18
2024-02-11 19:00:00,76.82,69.33383,-7.486168212890618,7.486168212890618,30,19
2024-02-11 20:00:00,70.72,58.105137,-12.614863128662108,12.614863128662108,30,20
2024-02-11 21:00:00,68.39,60.690205,-7.699795379638672,7.699795379638672,30,21
2024-02-11 22:00:00,64.01,54.781048,-9.228952178955083,9.228952178955083,30,22
2024-02-11 23:00:00,64.35,50.540737,-13.809262847900385,13.809262847900385,30,23
2024-02-12 00:00:00,61.87,61.613384,-0.25661575317382557,0.25661575317382557,31,0
2024-02-12 01:00:00,61.01,60.88557,-0.12442947387695114,0.12442947387695114,31,1
2024-02-12 02:00:00,59.75,60.44692,0.6969184875488281,0.6969184875488281,31,2
2024-02-12 03:00:00,59.21,53.2287,-5.981301269531251,5.981301269531251,31,3
2024-02-12 04:00:00,65.0,61.467335,-3.532665252685547,3.532665252685547,31,4
2024-02-12 05:00:00,76.0,72.02543,-3.9745712280273438,3.9745712280273438,31,5
2024-02-12 06:00:00,85.41,79.08204,-6.327961120605465,6.327961120605465,31,6
2024-02-12 07:00:00,104.0,78.68273,-25.31726837158203,25.31726837158203,31,7
2024-02-12 08:00:00,96.5,78.554016,-17.94598388671875,17.94598388671875,31,8
2024-02-12 09:00:00,85.47,75.72851,-9.74149200439453,9.74149200439453,31,9
2024-02-12 10:00:00,78.96,71.68808,-7.271920166015619,7.271920166015619,31,10
2024-02-12 11:00:00,67.64,71.38882,3.748816833496093,3.748816833496093,31,11
2024-02-12 12:00:00,64.41,59.74445,-4.665550384521481,4.665550384521481,31,12
2024-02-12 13:00:00,64.93,57.123203,-7.806796722412116,7.806796722412116,31,13
2024-02-12 14:00:00,67.25,56.104805,-11.145195007324219,11.145195007324219,31,14
2024-02-12 15:00:00,69.83,60.807312,-9.022687988281248,9.022687988281248,31,15
2024-02-12 16:00:00,67.07,68.9286,1.858596496582038,1.858596496582038,31,16
2024-02-12 17:00:00,96.0,92.79253,-3.2074737548828125,3.2074737548828125,31,17
2024-02-12 18:00:00,89.08,87.6006,-1.4793988037109358,1.4793988037109358,31,18
2024-02-12 19:00:00,79.15,77.22665,-1.923353576660162,1.923353576660162,31,19
2024-02-12 20:00:00,71.54,70.09035,-1.4496527099609438,1.4496527099609438,31,20
2024-02-12 21:00:00,65.87,62.846413,-3.0235873413085983,3.0235873413085983,31,21
2024-02-12 22:00:00,61.9,57.314682,-4.585317993164061,4.585317993164061,31,22
2024-02-12 23:00:00,68.59,53.89767,-14.692329254150394,14.692329254150394,31,23
2024-02-13 00:00:00,65.37,58.028244,-7.341755981445317,7.341755981445317,32,0
2024-02-13 01:00:00,63.41,50.172016,-13.237983856201168,13.237983856201168,32,1
2024-02-13 02:00:00,60.49,56.114254,-4.375746002197268,4.375746002197268,32,2
2024-02-13 03:00:00,60.06,55.466442,-4.593557891845705,4.593557891845705,32,3
2024-02-13 04:00:00,63.59,58.676105,-4.913894500732425,4.913894500732425,32,4
2024-02-13 05:00:00,70.74,80.88935,10.149350891113286,10.149350891113286,32,5
2024-02-13 06:00:00,82.84,84.143166,1.3031655883789028,1.3031655883789028,32,6
2024-02-13 07:00:00,89.12,97.0656,7.945597534179683,7.945597534179683,32,7
2024-02-13 08:00:00,75.12,87.82916,12.709162597656245,12.709162597656245,32,8
2024-02-13 09:00:00,69.21,77.20425,7.9942465209961,7.9942465209961,32,9
2024-02-13 10:00:00,63.87,70.15061,6.280611877441409,6.280611877441409,32,10
2024-02-13 11:00:00,60.53,63.87662,3.3466212463378895,3.3466212463378895,32,11
2024-02-13 12:00:00,60.26,58.24042,-2.0195787048339824,2.0195787048339824,32,12
2024-02-13 13:00:00,63.1,65.05092,1.950918579101561,1.950918579101561,32,13
2024-02-13 14:00:00,70.7,64.67955,-6.020449829101565,6.020449829101565,32,14
2024-02-13 15:00:00,74.51,72.964905,-1.5450952148437551,1.5450952148437551,32,15
2024-02-13 16:00:00,69.95,72.82697,2.8769729614257784,2.8769729614257784,32,16
2024-02-13 17:00:00,94.53,98.171104,3.6411044311523426,3.6411044311523426,32,17
2024-02-13 18:00:00,91.81,88.25615,-3.5538507080078148,3.5538507080078148,32,18
2024-02-13 19:00:00,79.23,80.16096,0.9309573364257773,0.9309573364257773,32,19
2024-02-13 20:00:00,73.17,68.2507,-4.919298095703127,4.919298095703127,32,20
2024-02-13 21:00:00,69.18,63.71417,-5.4658314514160224,5.4658314514160224,32,21
2024-02-13 22:00:00,65.0,58.014256,-6.985744476318359,6.985744476318359,32,22
2024-02-13 23:00:00,60.63,60.54011,-0.08988845825195568,0.08988845825195568,32,23
2024-02-14 00:00:00,59.34,53.566193,-5.773807373046878,5.773807373046878,33,0
2024-02-14 01:00:00,55.76,59.121773,3.3617727661132832,3.3617727661132832,33,1
2024-02-14 02:00:00,54.79,54.954205,0.16420455932617273,0.16420455932617273,33,2
2024-02-14 03:00:00,55.06,51.35747,-3.702528533935549,3.702528533935549,33,3
2024-02-14 04:00:00,59.21,61.157955,1.9479551696777335,1.9479551696777335,33,4
2024-02-14 05:00:00,64.95,73.56064,8.610638427734372,8.610638427734372,33,5
2024-02-14 06:00:00,74.28,83.36626,9.086256713867186,9.086256713867186,33,6
2024-02-14 07:00:00,80.56,86.65462,6.09461730957031,6.09461730957031,33,7
2024-02-14 08:00:00,69.65,74.620705,4.970704650878901,4.970704650878901,33,8
2024-02-14 09:00:00,63.86,67.938286,4.078285827636719,4.078285827636719,33,9
2024-02-14 10:00:00,63.29,63.757233,0.46723266601562585,0.46723266601562585,33,10
2024-02-14 11:00:00,58.41,62.599785,4.189784851074222,4.189784851074222,33,11
2024-02-14 12:00:00,46.65,62.11013,15.460130310058595,15.460130310058595,33,12
2024-02-14 13:00:00,53.33,60.438736,7.108735961914064,7.108735961914064,33,13
2024-02-14 14:00:00,58.89,66.86613,7.976127014160156,7.976127014160156,33,14
2024-02-14 15:00:00,58.06,72.533905,14.473905029296873,14.473905029296873,33,15
2024-02-14 16:00:00,71.66,75.30774,3.6477392578125034,3.6477392578125034,33,16
2024-02-14 17:00:00,88.11,96.00643,7.896431579589844,7.896431579589844,33,17
2024-02-14 18:00:00,85.16,94.49012,9.330119934082035,9.330119934082035,33,18
2024-02-14 19:00:00,77.1,83.61445,6.514448547363287,6.514448547363287,33,19
2024-02-14 20:00:00,69.59,77.494774,7.90477386474609,7.90477386474609,33,20
2024-02-14 21:00:00,68.2,68.16335,-0.03664703369140909,0.03664703369140909,33,21
2024-02-14 22:00:00,63.8,62.55308,-1.2469184875488253,1.2469184875488253,33,22
2024-02-14 23:00:00,61.52,60.249287,-1.270713348388675,1.270713348388675,33,23
2024-02-15 00:00:00,54.9,52.53736,-2.3626388549804673,2.3626388549804673,34,0
2024-02-15 01:00:00,50.42,51.34847,0.9284687805175764,0.9284687805175764,34,1
2024-02-15 02:00:00,43.77,50.775677,7.005676727294919,7.005676727294919,34,2
2024-02-15 03:00:00,38.25,48.608162,10.358161926269531,10.358161926269531,34,3
2024-02-15 04:00:00,43.79,51.779575,7.9895753479003915,7.9895753479003915,34,4
2024-02-15 05:00:00,58.08,62.26325,4.183248443603517,4.183248443603517,34,5
2024-02-15 06:00:00,67.2,72.59059,5.39059143066406,5.39059143066406,34,6
2024-02-15 07:00:00,77.18,81.46108,4.281082458496087,4.281082458496087,34,7
2024-02-15 08:00:00,72.32,69.38934,-2.930656738281243,2.930656738281243,34,8
2024-02-15 09:00:00,68.64,63.96273,-4.677269592285157,4.677269592285157,34,9
2024-02-15 10:00:00,58.98,60.254562,1.2745623779296906,1.2745623779296906,34,10
2024-02-15 11:00:00,52.65,61.174515,8.524514770507814,8.524514770507814,34,11
2024-02-15 12:00:00,48.01,61.111137,13.10113739013672,13.10113739013672,34,12
2024-02-15 13:00:00,45.56,61.633636,16.073636474609373,16.073636474609373,34,13
2024-02-15 14:00:00,46.89,61.81344,14.923438415527343,14.923438415527343,34,14
2024-02-15 15:00:00,45.39,68.55124,23.161239013671874,23.161239013671874,34,15
2024-02-15 16:00:00,53.24,76.84906,23.609060058593748,23.609060058593748,34,16
2024-02-15 17:00:00,69.13,90.42872,21.298718566894536,21.298718566894536,34,17
2024-02-15 18:00:00,71.32,90.14483,18.824828796386726,18.824828796386726,34,18
2024-02-15 19:00:00,63.29,80.72926,17.439263305664063,17.439263305664063,34,19
2024-02-15 20:00:00,60.0,74.55375,14.553749084472656,14.553749084472656,34,20
2024-02-15 21:00:00,59.5,71.16217,11.66217041015625,11.66217041015625,34,21
2024-02-15 22:00:00,55.68,67.51193,11.831932373046875,11.831932373046875,34,22
2024-02-15 23:00:00,51.76,67.279564,15.519563903808596,15.519563903808596,34,23
2024-02-16 00:00:00,51.08,56.836704,5.756704254150392,5.756704254150392,35,0
2024-02-16 01:00:00,49.92,55.563606,5.6436062622070295,5.6436062622070295,35,1
2024-02-16 02:00:00,47.06,48.429935,1.3699354553222634,1.3699354553222634,35,2
2024-02-16 03:00:00,42.0,47.66522,5.665218353271484,5.665218353271484,35,3
2024-02-16 04:00:00,46.0,50.808178,4.808177947998047,4.808177947998047,35,4
2024-02-16 05:00:00,53.48,60.38225,6.902251739501956,6.902251739501956,35,5
2024-02-16 06:00:00,69.81,65.77429,-4.035708007812502,4.035708007812502,35,6
2024-02-16 07:00:00,70.5,79.475296,8.975296020507812,8.975296020507812,35,7
2024-02-16 08:00:00,65.52,67.708305,2.1883053588867227,2.1883053588867227,35,8
2024-02-16 09:00:00,56.43,60.75105,4.321049041748047,4.321049041748047,35,9
2024-02-16 10:00:00,56.99,53.870007,-3.119993438720705,3.119993438720705,35,10
2024-02-16 11:00:00,55.56,50.673664,-4.886335906982424,4.886335906982424,35,11
2024-02-16 12:00:00,54.27,50.34093,-3.9290690612793,3.9290690612793,35,12
2024-02-16 13:00:00,55.57,47.503876,-8.066124267578125,8.066124267578125,35,13
2024-02-16 14:00:00,62.58,53.5405,-9.039499359130858,9.039499359130858,35,14
2024-02-16 15:00:00,70.03,53.950787,-16.07921340942383,16.07921340942383,35,15
2024-02-16 16:00:00,70.6,61.39826,-9.201741790771479,9.201741790771479,35,16
2024-02-16 17:00:00,78.13,75.26008,-2.869921569824214,2.869921569824214,35,17
2024-02-16 18:00:00,77.93,77.67611,-0.25389068603516307,0.25389068603516307,35,18
2024-02-16 19:00:00,73.09,65.600105,-7.489894714355472,7.489894714355472,35,19
2024-02-16 20:00:00,69.66,63.639668,-6.0203324890136685,6.0203324890136685,35,20
2024-02-16 21:00:00,68.49,64.11227,-4.377733459472651,4.377733459472651,35,21
2024-02-16 22:00:00,61.6,62.31518,0.715181732177733,0.715181732177733,35,22
2024-02-16 23:00:00,59.94,60.156147,0.2161470031738304,0.2161470031738304,35,23
2024-02-17 00:00:00,58.74,53.715595,-5.024404754638674,5.024404754638674,36,0
2024-02-17 01:00:00,58.43,54.02344,-4.406558685302734,4.406558685302734,36,1
2024-02-17 02:00:00,54.66,54.009026,-0.6509744262695278,0.6509744262695278,36,2
2024-02-17 03:00:00,53.96,49.070812,-4.889187774658204,4.889187774658204,36,3
2024-02-17 04:00:00,56.26,50.310665,-5.949334869384764,5.949334869384764,36,4
2024-02-17 05:00:00,56.46,52.216232,-4.243767700195313,4.243767700195313,36,5
2024-02-17 06:00:00,59.68,57.137043,-2.5429570007324216,2.5429570007324216,36,6
2024-02-17 07:00:00,67.31,58.258347,-9.051653442382815,9.051653442382815,36,7
2024-02-17 08:00:00,67.08,48.884926,-18.195074157714842,18.195074157714842,36,8
2024-02-17 09:00:00,63.08,44.474747,-18.605253295898436,18.605253295898436,36,9
2024-02-17 10:00:00,60.61,42.163464,-18.446536407470703,18.446536407470703,36,10
2024-02-17 11:00:00,58.18,40.899033,-17.280967407226562,17.280967407226562,36,11
2024-02-17 12:00:00,55.24,41.039806,-14.200193634033205,14.200193634033205,36,12
2024-02-17 13:00:00,58.96,41.78369,-17.17630859375,17.17630859375,36,13
2024-02-17 14:00:00,52.44,48.04751,-4.392491760253904,4.392491760253904,36,14
2024-02-17 15:00:00,49.27,54.40768,5.137680511474606,5.137680511474606,36,15
2024-02-17 16:00:00,66.66,57.461628,-9.198372039794918,9.198372039794918,36,16
2024-02-17 17:00:00,67.45,67.8485,0.3985031127929659,0.3985031127929659,36,17
2024-02-17 18:00:00,82.93,69.080734,-13.84926574707032,13.84926574707032,36,18
2024-02-17 19:00:00,75.03,63.793293,-11.236707000732423,11.236707000732423,36,19
2024-02-17 20:00:00,70.75,60.88889,-9.86111068725586,9.86111068725586,36,20
2024-02-17 21:00:00,68.2,62.706055,-5.493945312500003,5.493945312500003,36,21
2024-02-17 22:00:00,69.11,52.718662,-16.39133773803711,16.39133773803711,36,22
2024-02-17 23:00:00,59.98,49.545925,-10.434074859619137,10.434074859619137,36,23
2024-02-18 00:00:00,54.81,39.447525,-15.36247497558594,15.36247497558594,37,0
2024-02-18 01:00:00,51.05,42.10352,-8.946480560302732,8.946480560302732,37,1
2024-02-18 02:00:00,49.16,39.42746,-9.732540283203122,9.732540283203122,37,2
2024-02-18 03:00:00,47.72,40.56753,-7.1524684143066395,7.1524684143066395,37,3
2024-02-18 04:00:00,48.47,43.51202,-4.9579798889160145,4.9579798889160145,37,4
2024-02-18 05:00:00,46.02,42.1909,-3.8291011047363313,3.8291011047363313,37,5
2024-02-18 06:00:00,48.97,44.282154,-4.687845916748046,4.687845916748046,37,6
2024-02-18 07:00:00,47.28,48.11377,0.8337695312499989,0.8337695312499989,37,7
2024-02-18 08:00:00,43.03,43.938183,0.9081828308105457,0.9081828308105457,37,8
2024-02-18 09:00:00,40.45,39.01862,-1.4313804626464872,1.4313804626464872,37,9
2024-02-18 10:00:00,41.0,35.326645,-5.6733551025390625,5.6733551025390625,37,10
2024-02-18 11:00:00,34.8,33.63491,-1.1650894165039034,1.1650894165039034,37,11
2024-02-18 12:00:00,33.5,31.506273,-1.9937267303466797,1.9937267303466797,37,12
2024-02-18 13:00:00,33.2,32.688137,-0.5118629455566435,0.5118629455566435,37,13
2024-02-18 14:00:00,30.18,37.3135,7.133499450683594,7.133499450683594,37,14
2024-02-18 15:00:00,32.2,44.17659,11.97658996582031,11.97658996582031,37,15
2024-02-18 16:00:00,41.2,52.221886,11.021885681152341,11.021885681152341,37,16
2024-02-18 17:00:00,51.96,61.317505,9.3575048828125,9.3575048828125,37,17
2024-02-18 18:00:00,66.99,70.47856,3.4885614013671926,3.4885614013671926,37,18
2024-02-18 19:00:00,64.71,64.251884,-0.458115539550775,0.458115539550775,37,19
2024-02-18 20:00:00,59.83,58.59852,-1.231481628417967,1.231481628417967,37,20
2024-02-18 21:00:00,57.33,55.59095,-1.739049987792967,1.739049987792967,37,21
2024-02-18 22:00:00,53.94,53.92703,-0.012971343994138351,0.012971343994138351,37,22
2024-02-18 23:00:00,44.0,46.18431,2.1843109130859375,2.1843109130859375,37,23
2024-02-19 00:00:00,44.33,60.197002,15.867002410888674,15.867002410888674,38,0
2024-02-19 01:00:00,44.63,60.750343,16.120343322753904,16.120343322753904,38,1
2024-02-19 02:00:00,43.91,60.629723,16.719722595214847,16.719722595214847,38,2
2024-02-19 03:00:00,44.92,61.44715,16.52715118408203,16.52715118408203,38,3
2024-02-19 04:00:00,51.57,67.834076,16.264075927734375,16.264075927734375,38,4
2024-02-19 05:00:00,68.87,69.5271,0.6570996093749955,0.6570996093749955,38,5
2024-02-19 06:00:00,79.26,77.76564,-1.4943597412109426,1.4943597412109426,38,6
2024-02-19 07:00:00,83.97,83.33201,-0.6379916381835926,0.6379916381835926,38,7
2024-02-19 08:00:00,75.14,71.9096,-3.230400695800782,3.230400695800782,38,8
2024-02-19 09:00:00,71.05,69.2547,-1.7953002929687472,1.7953002929687472,38,9
2024-02-19 10:00:00,69.5,66.69705,-2.802947998046875,2.802947998046875,38,10
2024-02-19 11:00:00,60.55,62.973663,2.423663330078128,2.423663330078128,38,11
2024-02-19 12:00:00,50.65,61.728477,11.078477478027345,11.078477478027345,38,12
2024-02-19 13:00:00,46.73,62.67403,15.944030303955081,15.944030303955081,38,13
2024-02-19 14:00:00,49.08,65.00891,15.928911132812502,15.928911132812502,38,14
2024-02-19 15:00:00,56.9,70.99997,14.099969482421876,14.099969482421876,38,15
2024-02-19 16:00:00,64.07,75.474625,11.40462463378907,11.40462463378907,38,16
2024-02-19 17:00:00,76.13,78.61355,2.4835482788085983,2.4835482788085983,38,17
2024-02-19 18:00:00,80.24,85.77332,5.533323059082036,5.533323059082036,38,18
2024-02-19 19:00:00,72.26,77.85253,5.592531433105464,5.592531433105464,38,19
2024-02-19 20:00:00,67.57,75.87266,8.302657775878913,8.302657775878913,38,20
2024-02-19 21:00:00,66.27,67.95154,1.681538085937504,1.681538085937504,38,21
2024-02-19 22:00:00,59.07,66.34258,7.2725827026367185,7.2725827026367185,38,22
2024-02-19 23:00:00,58.06,63.583427,5.5234274291992165,5.5234274291992165,38,23
2024-02-20 00:00:00,54.32,58.924686,4.604686431884765,4.604686431884765,39,0
2024-02-20 01:00:00,53.96,52.572903,-1.3870973205566415,1.3870973205566415,39,1
2024-02-20 02:00:00,53.66,54.32017,0.6601713562011753,0.6601713562011753,39,2
2024-02-20 03:00:00,53.05,53.90341,0.8534118652343778,0.8534118652343778,39,3
2024-02-20 04:00:00,54.98,62.421608,7.441607971191409,7.441607971191409,39,4
2024-02-20 05:00:00,66.58,70.988785,4.408784790039064,4.408784790039064,39,5
2024-02-20 06:00:00,72.64,81.65399,9.01399169921875,9.01399169921875,39,6
2024-02-20 07:00:00,81.47,88.42779,6.95778778076172,6.95778778076172,39,7
2024-02-20 08:00:00,76.88,75.73938,-1.1406201171874955,1.1406201171874955,39,8
2024-02-20 09:00:00,69.89,66.27855,-3.611450805664063,3.611450805664063,39,9
2024-02-20 10:00:00,61.11,69.89638,8.786377563476563,8.786377563476563,39,10
2024-02-20 11:00:00,53.81,59.32476,5.5147604370117165,5.5147604370117165,39,11
2024-02-20 12:00:00,51.92,57.18379,5.263788299560545,5.263788299560545,39,12
2024-02-20 13:00:00,52.34,61.727684,9.38768402099609,9.38768402099609,39,13
2024-02-20 14:00:00,56.86,56.556923,-0.3030770874023432,0.3030770874023432,39,14
2024-02-20 15:00:00,61.0,59.87891,-1.1210899353027344,1.1210899353027344,39,15
2024-02-20 16:00:00,63.6,66.94606,3.346060180664061,3.346060180664061,39,16
2024-02-20 17:00:00,72.64,76.04856,3.4085610961914057,3.4085610961914057,39,17
2024-02-20 18:00:00,75.44,76.62921,1.1892114257812523,1.1892114257812523,39,18
2024-02-20 19:00:00,69.36,70.203156,0.8431555175781256,0.8431555175781256,39,19
2024-02-20 20:00:00,64.7,65.81467,1.1146667480468722,1.1146667480468722,39,20
2024-02-20 21:00:00,63.16,62.824196,-0.33580413818359034,0.33580413818359034,39,21
2024-02-20 22:00:00,54.76,58.114136,3.354135742187502,3.354135742187502,39,22
2024-02-20 23:00:00,52.84,55.004845,2.1648446655273403,2.1648446655273403,39,23
2024-02-21 00:00:00,49.5,48.923073,-0.5769271850585938,0.5769271850585938,40,0
2024-02-21 01:00:00,46.99,50.444828,3.4548280334472636,3.4548280334472636,40,1
2024-02-21 02:00:00,44.95,48.094864,3.1448638916015597,3.1448638916015597,40,2
2024-02-21 03:00:00,45.68,48.358288,2.678287811279297,2.678287811279297,40,3
2024-02-21 04:00:00,50.35,49.640472,-0.7095275878906264,0.7095275878906264,40,4
2024-02-21 05:00:00,61.69,62.85814,1.1681390380859398,1.1681390380859398,40,5
2024-02-21 06:00:00,69.6,68.49419,-1.1058135986328068,1.1058135986328068,40,6
2024-02-21 07:00:00,76.7,76.39161,-0.3083908081054716,0.3083908081054716,40,7
2024-02-21 08:00:00,65.61,68.37355,2.763550415039063,2.763550415039063,40,8
2024-02-21 09:00:00,64.1,62.11427,-1.9857307434081974,1.9857307434081974,40,9
2024-02-21 10:00:00,60.39,56.50535,-3.8846517944335943,3.8846517944335943,40,10
2024-02-21 11:00:00,53.01,54.24885,1.2388517761230489,1.2388517761230489,40,11
2024-02-21 12:00:00,51.22,53.35959,2.139588623046876,2.139588623046876,40,12
2024-02-21 13:00:00,53.79,53.715126,-0.0748739624023429,0.0748739624023429,40,13
2024-02-21 14:00:00,55.94,56.419422,0.4794221496582054,0.4794221496582054,40,14
2024-02-21 15:00:00,50.59,61.672268,11.082267913818356,11.082267913818356,40,15
2024-02-21 16:00:00,55.08,60.620636,5.540635986328127,5.540635986328127,40,16
2024-02-21 17:00:00,66.19,69.308075,3.1180749511718773,3.1180749511718773,40,17
2024-02-21 18:00:00,63.47,72.76288,9.292878417968751,9.292878417968751,40,18
2024-02-21 19:00:00,54.76,68.08233,13.32232879638672,13.32232879638672,40,19
2024-02-21 20:00:00,47.91,63.265846,15.35584625244141,15.35584625244141,40,20
2024-02-21 21:00:00,43.76,58.993378,15.233377685546877,15.233377685546877,40,21
2024-02-21 22:00:00,37.14,55.99694,18.856940612792968,18.856940612792968,40,22
2024-02-21 23:00:00,32.79,53.709496,20.919495544433595,20.919495544433595,40,23
2024-02-23 00:00:00,4.09,51.1527,47.0626985168457,47.0626985168457,42,0
2024-02-23 01:00:00,3.2,50.055305,46.85530548095703,46.85530548095703,42,1
2024-02-23 02:00:00,1.83,52.100784,50.270784301757814,50.270784301757814,42,2
2024-02-23 03:00:00,2.58,49.958107,47.37810699462891,47.37810699462891,42,3
2024-02-23 04:00:00,7.78,58.281616,50.5016162109375,50.5016162109375,42,4
2024-02-23 05:00:00,43.84,64.50967,20.66966644287109,20.66966644287109,42,5
2024-02-23 06:00:00,60.73,65.87534,5.145343322753909,5.145343322753909,42,6
2024-02-23 07:00:00,62.15,68.15359,6.003587341308595,6.003587341308595,42,7
2024-02-23 08:00:00,55.21,63.618538,8.40853790283203,8.40853790283203,42,8
2024-02-23 09:00:00,48.82,60.514717,11.694717102050781,11.694717102050781,42,9
2024-02-23 10:00:00,44.03,59.89779,15.867789001464843,15.867789001464843,42,10
2024-02-23 11:00:00,39.96,56.63509,16.675089874267577,16.675089874267577,42,11
2024-02-23 12:00:00,36.33,50.17422,13.844221038818361,13.844221038818361,42,12
2024-02-23 13:00:00,41.87,52.76437,10.894369964599612,10.894369964599612,42,13
2024-02-23 14:00:00,50.97,52.22121,1.2512104797363293,1.2512104797363293,42,14
2024-02-23 15:00:00,63.96,54.400345,-9.559655151367188,9.559655151367188,42,15
2024-02-23 16:00:00,72.61,57.900974,-14.709025726318359,14.709025726318359,42,16
2024-02-23 17:00:00,86.44,67.62011,-18.81989044189453,18.81989044189453,42,17
2024-02-23 18:00:00,84.01,62.53842,-21.47157836914063,21.47157836914063,42,18
2024-02-23 19:00:00,72.97,60.891724,-12.078276367187499,12.078276367187499,42,19
2024-02-23 20:00:00,69.26,56.369728,-12.890271911621099,12.890271911621099,42,20
2024-02-23 21:00:00,67.98,50.142014,-17.837986450195316,17.837986450195316,42,21
2024-02-23 22:00:00,65.1,45.151943,-19.948056793212885,19.948056793212885,42,22
2024-02-23 23:00:00,66.47,46.989273,-19.480726928710936,19.480726928710936,42,23
2024-02-24 00:00:00,63.9,37.67151,-26.2284912109375,26.2284912109375,43,0
2024-02-24 01:00:00,59.5,37.44697,-22.053028106689453,22.053028106689453,43,1
2024-02-24 02:00:00,55.2,38.369106,-16.830893707275393,16.830893707275393,43,2
2024-02-24 03:00:00,55.39,35.855618,-19.53438247680664,19.53438247680664,43,3
2024-02-24 04:00:00,57.1,41.568882,-15.53111801147461,15.53111801147461,43,4
2024-02-24 05:00:00,61.67,43.129333,-18.54066650390625,18.54066650390625,43,5
2024-02-24 06:00:00,66.11,57.436436,-8.673564300537109,8.673564300537109,43,6
2024-02-24 07:00:00,64.4,54.144936,-10.25506439208985,10.25506439208985,43,7
2024-02-24 08:00:00,57.6,55.194164,-2.4058357238769545,2.4058357238769545,43,8
2024-02-24 09:00:00,49.11,52.41615,3.3061491394042974,3.3061491394042974,43,9
2024-02-24 10:00:00,45.71,47.007416,1.2974157714843741,1.2974157714843741,43,10
2024-02-24 11:00:00,40.3,43.793457,3.493457031250003,3.493457031250003,43,11
2024-02-24 12:00:00,32.22,40.582794,8.362794189453126,8.362794189453126,43,12
2024-02-24 13:00:00,37.6,41.845566,4.245565795898436,4.245565795898436,43,13
2024-02-24 14:00:00,45.0,43.233074,-1.7669258117675781,1.7669258117675781,43,14
2024-02-24 15:00:00,55.94,52.17254,-3.767461242675779,3.767461242675779,43,15
2024-02-24 16:00:00,63.83,63.269897,-0.5601025390624983,0.5601025390624983,43,16
2024-02-24 17:00:00,68.16,71.51612,3.3561209106445347,3.3561209106445347,43,17
2024-02-24 18:00:00,74.13,71.884,-2.2459973144531205,2.2459973144531205,43,18
2024-02-24 19:00:00,65.17,67.38295,2.212949829101561,2.212949829101561,43,19
2024-02-24 20:00:00,59.94,61.821213,1.8812127685546898,1.8812127685546898,43,20
2024-02-24 21:00:00,58.03,59.80969,1.7796885681152332,1.7796885681152332,43,21
2024-02-24 22:00:00,54.98,58.04154,3.0615382385253938,3.0615382385253938,43,22
2024-02-24 23:00:00,56.57,57.001923,0.4319226074218747,0.4319226074218747,43,23
2024-02-25 00:00:00,55.44,47.520016,-7.919984283447263,7.919984283447263,44,0
2024-02-25 01:00:00,55.39,45.016804,-10.373196258544922,10.373196258544922,44,1
2024-02-25 02:00:00,54.9,41.414406,-13.485594177246092,13.485594177246092,44,2
2024-02-25 03:00:00,55.2,43.478325,-11.721675109863284,11.721675109863284,44,3
2024-02-25 04:00:00,55.07,45.21599,-9.854011840820313,9.854011840820313,44,4
2024-02-25 05:00:00,57.02,44.352085,-12.667914886474613,12.667914886474613,44,5
2024-02-25 06:00:00,59.92,44.472477,-15.447523040771486,15.447523040771486,44,6
2024-02-25 07:00:00,63.82,47.55667,-16.263328857421875,16.263328857421875,44,7
2024-02-25 08:00:00,63.42,39.045025,-24.37497512817383,24.37497512817383,44,8
2024-02-25 09:00:00,56.69,38.683674,-18.00632614135742,18.00632614135742,44,9
2024-02-25 10:00:00,54.37,32.892876,-21.47712432861328,21.47712432861328,44,10
2024-02-25 11:00:00,50.0,31.557032,-18.442968368530273,18.442968368530273,44,11
2024-02-25 12:00:00,46.03,26.637577,-19.392422943115236,19.392422943115236,44,12
2024-02-25 13:00:00,49.84,29.148703,-20.691297378540042,20.691297378540042,44,13
2024-02-25 14:00:00,55.0,34.995823,-20.00417709350586,20.00417709350586,44,14
2024-02-25 15:00:00,60.61,40.1725,-20.437499389648437,20.437499389648437,44,15
2024-02-25 16:00:00,58.85,46.8139,-12.036100006103517,12.036100006103517,44,16
2024-02-25 17:00:00,67.75,60.902122,-6.847877502441406,6.847877502441406,44,17
2024-02-25 18:00:00,76.28,69.88025,-6.399750976562501,6.399750976562501,44,18
2024-02-25 19:00:00,69.62,55.405727,-14.214272613525395,14.214272613525395,44,19
2024-02-25 20:00:00,64.49,50.855774,-13.634226074218745,13.634226074218745,44,20
2024-02-25 21:00:00,65.23,48.684727,-16.545273284912113,16.545273284912113,44,21
2024-02-25 22:00:00,58.38,45.47522,-12.904780273437503,12.904780273437503,44,22
2024-02-25 23:00:00,57.83,45.64611,-12.18388946533203,12.18388946533203,44,23
2024-02-26 00:00:00,56.82,53.069775,-3.7502253723144534,3.7502253723144534,45,0
2024-02-26 01:00:00,55.68,52.306118,-3.3738819885253903,3.3738819885253903,45,1
2024-02-26 02:00:00,51.8,52.511505,0.7115051269531278,0.7115051269531278,45,2
2024-02-26 03:00:00,52.46,50.115005,-2.3449945068359384,2.3449945068359384,45,3
2024-02-26 04:00:00,57.92,55.598785,-2.3212145996093767,2.3212145996093767,45,4
2024-02-26 05:00:00,64.85,64.044716,-0.8052841186523381,0.8052841186523381,45,5
2024-02-26 06:00:00,74.25,65.942894,-8.307106018066406,8.307106018066406,45,6
2024-02-26 07:00:00,81.6,72.597664,-9.002336120605463,9.002336120605463,45,7
2024-02-26 08:00:00,73.83,67.30112,-6.528883056640623,6.528883056640623,45,8
2024-02-26 09:00:00,66.65,64.21639,-2.433607482910162,2.433607482910162,45,9
2024-02-26 10:00:00,65.03,59.65374,-5.376260070800782,5.376260070800782,45,10
2024-02-26 11:00:00,58.42,61.903576,3.483575897216795,3.483575897216795,45,11
2024-02-26 12:00:00,58.19,57.593475,-0.5965246582031227,0.5965246582031227,45,12
2024-02-26 13:00:00,61.29,55.611935,-5.678065338134765,5.678065338134765,45,13
2024-02-26 14:00:00,64.95,57.232857,-7.717143249511722,7.717143249511722,45,14
2024-02-26 15:00:00,69.41,64.16418,-5.245823059082028,5.245823059082028,45,15
2024-02-26 16:00:00,77.0,68.71225,-8.287750244140625,8.287750244140625,45,16
2024-02-26 17:00:00,85.48,70.92227,-14.557728271484379,14.557728271484379,45,17
2024-02-26 18:00:00,81.55,77.21704,-4.332958984374997,4.332958984374997,45,18
2024-02-26 19:00:00,73.13,73.98818,0.8581820678710983,0.8581820678710983,45,19
2024-02-26 20:00:00,66.12,67.78734,1.667338256835933,1.667338256835933,45,20
2024-02-26 21:00:00,65.21,66.50214,1.2921362304687563,1.2921362304687563,45,21
2024-02-26 22:00:00,60.76,63.72238,2.962381591796877,2.962381591796877,45,22
2024-02-26 23:00:00,57.62,61.58897,3.9689701843261744,3.9689701843261744,45,23
2024-02-27 00:00:00,57.55,54.485558,-3.0644424438476534,3.0644424438476534,46,0
2024-02-27 01:00:00,57.35,57.03831,-0.31168899536132955,0.31168899536132955,46,1
2024-02-27 02:00:00,56.87,57.52841,0.6584118652343776,0.6584118652343776,46,2
2024-02-27 03:00:00,57.35,58.6331,1.2830986022949205,1.2830986022949205,46,3
2024-02-27 04:00:00,61.16,64.27304,3.1130407714843784,3.1130407714843784,46,4
2024-02-27 05:00:00,65.76,68.5227,2.7626974487304636,2.7626974487304636,46,5
2024-02-27 06:00:00,69.24,78.661606,9.421605834960943,9.421605834960943,46,6
2024-02-27 07:00:00,90.77,83.63044,-7.139560241699215,7.139560241699215,46,7
2024-02-27 08:00:00,80.81,76.05171,-4.75828796386719,4.75828796386719,46,8
2024-02-27 09:00:00,68.71,68.20809,-0.50190826416015,0.50190826416015,46,9
2024-02-27 10:00:00,63.86,63.796413,-0.06358657836914006,0.06358657836914006,46,10
2024-02-27 11:00:00,58.19,60.407444,2.217444000244143,2.217444000244143,46,11
2024-02-27 12:00:00,58.22,58.568863,0.34886291503906364,0.34886291503906364,46,12
2024-02-27 13:00:00,62.3,58.562283,-3.737717437744138,3.737717437744138,46,13
2024-02-27 14:00:00,65.97,62.467487,-3.5025126647949207,3.5025126647949207,46,14
2024-02-27 15:00:00,58.29,67.9574,9.6673974609375,9.6673974609375,46,15
2024-02-27 16:00:00,59.74,76.55652,16.816518554687498,16.816518554687498,46,16
2024-02-27 17:00:00,96.67,85.01836,-11.651643676757814,11.651643676757814,46,17
2024-02-27 18:00:00,105.17,79.75673,-25.41327087402344,25.41327087402344,46,18
2024-02-27 19:00:00,84.69,72.89575,-11.794248046874998,11.794248046874998,46,19
2024-02-27 20:00:00,73.05,66.16635,-6.883648681640622,6.883648681640622,46,20
2024-02-27 21:00:00,70.45,62.697998,-7.752001953125003,7.752001953125003,46,21
2024-02-27 22:00:00,64.97,61.00081,-3.9691912841796864,3.9691912841796864,46,22
2024-02-27 23:00:00,60.36,57.13083,-3.2291711425781244,3.2291711425781244,46,23
2024-02-28 00:00:00,59.4,53.293274,-6.106726074218749,6.106726074218749,47,0
2024-02-28 01:00:00,61.34,53.3084,-8.03160079956055,8.03160079956055,47,1
2024-02-28 02:00:00,63.46,53.3781,-10.081898651123048,10.081898651123048,47,2
2024-02-28 03:00:00,63.87,51.246113,-12.62388717651367,12.62388717651367,47,3
2024-02-28 04:00:00,67.63,52.157116,-15.472884063720699,15.472884063720699,47,4
2024-02-28 05:00:00,71.04,63.83241,-7.207591094970709,7.207591094970709,47,5
2024-02-28 06:00:00,80.1,63.104645,-16.99535522460937,16.99535522460937,47,6
2024-02-28 07:00:00,104.49,83.002625,-21.487375488281245,21.487375488281245,47,7
2024-02-28 08:00:00,85.46,74.19397,-11.266030273437494,11.266030273437494,47,8
2024-02-28 09:00:00,73.99,58.69198,-15.298021545410151,15.298021545410151,47,9
2024-02-28 10:00:00,67.55,57.653442,-9.896557617187497,9.896557617187497,47,10
2024-02-28 11:00:00,63.93,55.467102,-8.46289794921875,8.46289794921875,47,11
2024-02-28 12:00:00,56.78,56.62581,-0.15419128417968864,0.15419128417968864,47,12
2024-02-28 13:00:00,56.38,54.61576,-1.7642391967773463,1.7642391967773463,47,13
2024-02-28 14:00:00,53.64,59.16936,5.529361114501953,5.529361114501953,47,14
2024-02-28 15:00:00,49.65,59.635757,9.985757446289064,9.985757446289064,47,15
2024-02-28 16:00:00,60.25,60.652718,0.40271759033203125,0.40271759033203125,47,16
2024-02-28 17:00:00,75.86,91.73699,15.87699188232422,15.87699188232422,47,17
2024-02-28 18:00:00,79.0,93.3817,14.381698608398438,14.381698608398438,47,18
2024-02-28 19:00:00,66.96,78.87236,11.912360229492194,11.912360229492194,47,19
2024-02-28 20:00:00,64.07,70.44692,6.376922302246101,6.376922302246101,47,20
2024-02-28 21:00:00,64.77,64.50495,-0.26504852294921477,0.26504852294921477,47,21
2024-02-28 22:00:00,55.68,54.657284,-1.0227162170410153,1.0227162170410153,47,22
2024-02-28 23:00:00,55.78,54.728138,-1.051862030029298,1.051862030029298,47,23
2024-02-29 00:00:00,54.03,50.52706,-3.5029385375976574,3.5029385375976574,48,0
2024-02-29 01:00:00,50.87,55.489216,4.619215850830081,4.619215850830081,48,1
2024-02-29 02:00:00,47.97,58.49027,10.520268707275392,10.520268707275392,48,2
2024-02-29 03:00:00,47.1,61.3636,14.263601684570311,14.263601684570311,48,3
2024-02-29 04:00:00,52.71,65.00171,12.291708984375,12.291708984375,48,4
2024-02-29 05:00:00,63.5,70.6076,7.107597351074219,7.107597351074219,48,5
2024-02-29 06:00:00,74.85,76.39783,1.5478271484375057,1.5478271484375057,48,6
2024-02-29 07:00:00,74.95,99.455154,24.50515441894531,24.50515441894531,48,7
2024-02-29 08:00:00,70.71,80.32764,9.617636718750006,9.617636718750006,48,8
2024-02-29 09:00:00,64.43,66.2006,1.7705996704101494,1.7705996704101494,48,9
2024-02-29 10:00:00,62.96,57.941677,-5.0183229064941415,5.0183229064941415,48,10
2024-02-29 11:00:00,57.36,56.423008,-0.9369920349121088,0.9369920349121088,48,11
2024-02-29 12:00:00,56.34,56.981728,0.6417276000976528,0.6417276000976528,48,12
2024-02-29 13:00:00,58.18,51.72721,-6.4527890014648435,6.4527890014648435,48,13
2024-02-29 14:00:00,65.39,54.045345,-11.344654693603516,11.344654693603516,48,14
2024-02-29 15:00:00,66.5,58.21331,-8.286689758300781,8.286689758300781,48,15
2024-02-29 16:00:00,69.34,60.814827,-8.525173034667972,8.525173034667972,48,16
2024-02-29 17:00:00,86.26,77.0953,-9.164701232910161,9.164701232910161,48,17
2024-02-29 18:00:00,80.99,79.16598,-1.8240225219726511,1.8240225219726511,48,18
2024-02-29 19:00:00,72.77,67.01457,-5.7554278564453085,5.7554278564453085,48,19
2024-02-29 20:00:00,67.25,58.21565,-9.034351348876953,9.034351348876953,48,20
2024-02-29 21:00:00,64.9,55.99887,-8.90112915039063,8.90112915039063,48,21
2024-02-29 22:00:00,60.9,53.531017,-7.368982696533202,7.368982696533202,48,22
2024-02-29 23:00:00,62.04,52.972374,-9.067626037597655,9.067626037597655,48,23
2024-03-01 00:00:00,61.42,47.95534,-13.464658660888674,13.464658660888674,49,0
2024-03-01 01:00:00,58.14,49.27892,-8.861080780029297,8.861080780029297,49,1
2024-03-01 02:00:00,57.83,44.19142,-13.638578491210936,13.638578491210936,49,2
2024-03-01 03:00:00,58.3,47.652115,-10.647885131835935,10.647885131835935,49,3
2024-03-01 04:00:00,62.49,50.53326,-11.956739654541018,11.956739654541018,49,4
2024-03-01 05:00:00,71.58,56.81867,-14.761331634521483,14.761331634521483,49,5
2024-03-01 06:00:00,79.36,69.86189,-9.498107299804687,9.498107299804687,49,6
2024-03-01 07:00:00,79.07,70.812035,-8.2579653930664,8.2579653930664,49,7
2024-03-01 08:00:00,71.34,64.221245,-7.118755187988285,7.118755187988285,49,8
2024-03-01 09:00:00,66.55,53.879856,-12.670143890380857,12.670143890380857,49,9
2024-03-01 10:00:00,65.24,49.248615,-15.991384735107417,15.991384735107417,49,10
2024-03-01 11:00:00,63.87,48.15119,-15.718808288574216,15.718808288574216,49,11
2024-03-01 12:00:00,59.7,50.20594,-9.494059753417972,9.494059753417972,49,12
2024-03-01 13:00:00,64.9,46.538963,-18.361036682128912,18.361036682128912,49,13
2024-03-01 14:00:00,59.83,52.997505,-6.832494812011717,6.832494812011717,49,14
2024-03-01 15:00:00,55.55,58.91468,3.364680480957034,3.364680480957034,49,15
2024-03-01 16:00:00,60.71,62.19709,1.4870901489257804,1.4870901489257804,49,16
2024-03-01 17:00:00,82.45,80.61171,-1.8382904052734403,1.8382904052734403,49,17
2024-03-01 18:00:00,87.19,79.18908,-8.000920715332029,8.000920715332029,49,18
2024-03-01 19:00:00,77.49,71.334915,-6.155084838867182,6.155084838867182,49,19
2024-03-01 20:00:00,71.62,63.160065,-8.45993530273438,8.45993530273438,49,20
2024-03-01 21:00:00,70.06,61.29377,-8.766230163574221,8.766230163574221,49,21
2024-03-01 22:00:00,66.39,59.13576,-7.254238739013672,7.254238739013672,49,22
2024-03-01 23:00:00,59.95,58.016293,-1.9337074279785185,1.9337074279785185,49,23
2024-03-02 00:00:00,56.03,55.01374,-1.0162594604492199,1.0162594604492199,50,0
2024-03-02 01:00:00,56.02,52.28793,-3.7320704650878938,3.7320704650878938,50,1
2024-03-02 02:00:00,55.48,52.34271,-3.1372914123535125,3.1372914123535125,50,2
2024-03-02 03:00:00,54.88,45.799053,-9.08094680786133,9.08094680786133,50,3
2024-03-02 04:00:00,55.99,41.12371,-14.866289367675783,14.866289367675783,50,4
2024-03-02 05:00:00,56.58,49.67089,-6.9091091918945295,6.9091091918945295,50,5
2024-03-02 06:00:00,60.67,52.411407,-8.258592529296877,8.258592529296877,50,6
2024-03-02 07:00:00,63.76,53.70094,-10.059060821533201,10.059060821533201,50,7
2024-03-02 08:00:00,65.75,49.391808,-16.358192443847656,16.358192443847656,50,8
2024-03-02 09:00:00,60.44,39.160976,-21.27902359008789,21.27902359008789,50,9
2024-03-02 10:00:00,61.61,35.435596,-26.174403533935546,26.174403533935546,50,10
2024-03-02 11:00:00,57.66,35.015396,-22.644603881835934,22.644603881835934,50,11
2024-03-02 12:00:00,54.9,33.013065,-21.886934661865233,21.886934661865233,50,12
2024-03-02 13:00:00,59.86,33.201073,-26.658927307128906,26.658927307128906,50,13
2024-03-02 14:00:00,66.08,34.43279,-31.647211151123045,31.647211151123045,50,14
2024-03-02 15:00:00,73.0,36.02976,-36.97024154663086,36.97024154663086,50,15
2024-03-02 16:00:00,79.55,46.515392,-33.0346076965332,33.0346076965332,50,16
2024-03-02 17:00:00,93.6,62.353687,-31.24631271362304,31.24631271362304,50,17
2024-03-02 18:00:00,89.9,64.25407,-25.64593353271485,25.64593353271485,50,18
2024-03-02 19:00:00,76.98,57.352757,-19.627243499755863,19.627243499755863,50,19
2024-03-02 20:00:00,72.28,53.205124,-19.074876098632814,19.074876098632814,50,20
2024-03-02 21:00:00,79.63,51.326603,-28.30339706420898,28.30339706420898,50,21
2024-03-02 22:00:00,74.41,44.381817,-30.028183135986325,30.028183135986325,50,22
2024-03-02 23:00:00,59.74,38.651302,-21.088697662353518,21.088697662353518,50,23
2024-03-03 00:00:00,61.28,49.95175,-11.328248291015626,11.328248291015626,51,0
2024-03-03 01:00:00,61.14,49.108597,-12.031403198242188,12.031403198242188,51,1
2024-03-03 02:00:00,56.91,49.06625,-7.843750152587887,7.843750152587887,51,2
2024-03-03 03:00:00,55.41,47.107567,-8.302433166503903,8.302433166503903,51,3
2024-03-03 04:00:00,57.57,48.620323,-8.949676818847657,8.949676818847657,51,4
2024-03-03 05:00:00,61.13,49.042347,-12.0876530456543,12.0876530456543,51,5
2024-03-03 06:00:00,63.71,50.045406,-13.664593658447266,13.664593658447266,51,6
2024-03-03 07:00:00,63.35,49.101765,-14.248235321044923,14.248235321044923,51,7
2024-03-03 08:00:00,63.01,52.755085,-10.25491500854492,10.25491500854492,51,8
2024-03-03 09:00:00,62.41,46.59851,-15.811489257812497,15.811489257812497,51,9
2024-03-03 10:00:00,60.53,43.87304,-16.656960754394532,16.656960754394532,51,10
2024-03-03 11:00:00,50.96,39.18213,-11.77787109375,11.77787109375,51,11
2024-03-03 12:00:00,42.51,34.732082,-7.777917633056639,7.777917633056639,51,12
2024-03-03 13:00:00,46.84,36.048557,-10.791442718505863,10.791442718505863,51,13
2024-03-03 14:00:00,54.93,46.240627,-8.68937271118164,8.68937271118164,51,14
2024-03-03 15:00:00,60.28,55.65805,-4.621949462890626,4.621949462890626,51,15
2024-03-03 16:00:00,71.86,66.19619,-5.663810119628906,5.663810119628906,51,16
2024-03-03 17:00:00,78.53,83.412,4.882002563476561,4.882002563476561,51,17
2024-03-03 18:00:00,86.96,80.45031,-6.509690246582025,6.509690246582025,51,18
2024-03-03 19:00:00,81.8,71.95968,-9.840321350097653,9.840321350097653,51,19
2024-03-03 20:00:00,75.0,64.648155,-10.351844787597656,10.351844787597656,51,20
2024-03-03 21:00:00,72.18,69.15337,-3.026626281738288,3.026626281738288,51,21
2024-03-03 22:00:00,72.42,60.078518,-12.341482086181642,12.341482086181642,51,22
2024-03-03 23:00:00,69.13,50.051044,-19.078955535888667,19.078955535888667,51,23
2024-03-04 00:00:00,67.9,57.436703,-10.463297271728521,10.463297271728521,52,0
2024-03-04 01:00:00,67.41,57.426147,-9.983852539062497,9.983852539062497,52,1
2024-03-04 02:00:00,66.22,56.570557,-9.649443359374999,9.649443359374999,52,2
2024-03-04 03:00:00,65.59,54.89482,-10.695178833007816,10.695178833007816,52,3
2024-03-04 04:00:00,70.83,59.050556,-11.77944381713867,11.77944381713867,52,4
2024-03-04 05:00:00,81.18,76.10418,-5.075820617675788,5.075820617675788,52,5
2024-03-04 06:00:00,96.67,71.63068,-25.03932373046875,25.03932373046875,52,6
2024-03-04 07:00:00,102.97,76.92298,-26.047018737792968,26.047018737792968,52,7
2024-03-04 08:00:00,85.02,72.78951,-12.230487365722652,12.230487365722652,52,8
2024-03-04 09:00:00,73.56,64.10691,-9.453089294433596,9.453089294433596,52,9
2024-03-04 10:00:00,66.02,67.65802,1.638020019531254,1.638020019531254,52,10
2024-03-04 11:00:00,64.69,62.733276,-1.9567236328124977,1.9567236328124977,52,11
2024-03-04 12:00:00,61.29,57.32317,-3.966830291748046,3.966830291748046,52,12
2024-03-04 13:00:00,62.5,60.752506,-1.7474937438964844,1.7474937438964844,52,13
2024-03-04 14:00:00,69.86,63.223732,-6.636268005371093,6.636268005371093,52,14
2024-03-04 15:00:00,68.31,69.19624,0.8862432861328102,0.8862432861328102,52,15
2024-03-04 16:00:00,68.04,75.616005,7.57600494384765,7.57600494384765,52,16
2024-03-04 17:00:00,105.18,85.69606,-19.483939819335944,19.483939819335944,52,17
2024-03-04 18:00:00,99.13,89.10763,-10.022372131347652,10.022372131347652,52,18
2024-03-04 19:00:00,80.52,81.75791,1.2379116821289102,1.2379116821289102,52,19
2024-03-04 20:00:00,71.39,76.57416,5.184157714843749,5.184157714843749,52,20
2024-03-04 21:00:00,67.49,73.17941,5.68941284179688,5.68941284179688,52,21
2024-03-04 22:00:00,63.93,68.96975,5.039749450683594,5.039749450683594,52,22
2024-03-04 23:00:00,61.96,63.594795,1.6347952270507804,1.6347952270507804,52,23
2024-03-05 00:00:00,61.67,64.83682,3.1668225097656233,3.1668225097656233,53,0
2024-03-05 01:00:00,61.33,63.43352,2.103521270751955,2.103521270751955,53,1
2024-03-05 02:00:00,59.86,64.36597,4.505966796875001,4.505966796875001,53,2
2024-03-05 03:00:00,60.56,63.223045,2.6630453491210915,2.6630453491210915,53,3
2024-03-05 04:00:00,61.67,70.19765,8.52764709472656,8.52764709472656,53,4
2024-03-05 05:00:00,71.53,81.710014,10.180014343261718,10.180014343261718,53,5
2024-03-05 06:00:00,79.28,97.47951,18.19950744628906,18.19950744628906,53,6
2024-03-05 07:00:00,83.02,107.80307,24.78307006835938,24.78307006835938,53,7
2024-03-05 08:00:00,77.0,86.03192,9.03192138671875,9.03192138671875,53,8
2024-03-05 09:00:00,71.15,73.3064,2.1563964843749943,2.1563964843749943,53,9
2024-03-05 10:00:00,69.72,67.93025,-1.7897479248046864,1.7897479248046864,53,10
2024-03-05 11:00:00,66.17,64.528694,-1.6413058471679705,1.6413058471679705,53,11
2024-03-05 12:00:00,66.07,61.983753,-4.08624679565429,4.08624679565429,53,12
2024-03-05 13:00:00,69.85,62.606354,-7.243646240234369,7.243646240234369,53,13
2024-03-05 14:00:00,71.15,67.28715,-3.8628524780273494,3.8628524780273494,53,14
2024-03-05 15:00:00,76.39,72.354675,-4.035324707031251,4.035324707031251,53,15
2024-03-05 16:00:00,83.15,74.28856,-8.861441040039068,8.861441040039068,53,16
2024-03-05 17:00:00,104.66,103.03106,-1.6289407348632778,1.6289407348632778,53,17
2024-03-05 18:00:00,125.17,103.9152,-21.254800720214845,21.254800720214845,53,18
2024-03-05 19:00:00,104.29,81.45985,-22.830153503417975,22.830153503417975,53,19
2024-03-05 20:00:00,90.11,73.9324,-16.177596435546874,16.177596435546874,53,20
2024-03-05 21:00:00,85.41,71.42378,-13.986217651367184,13.986217651367184,53,21
2024-03-05 22:00:00,72.86,67.971924,-4.888076171874999,4.888076171874999,53,22
2024-03-05 23:00:00,71.0,64.12468,-6.8753204345703125,6.8753204345703125,53,23
2024-03-06 00:00:00,70.7,63.274094,-7.425906372070315,7.425906372070315,54,0
2024-03-06 01:00:00,70.46,62.435184,-8.024815521240228,8.024815521240228,54,1
2024-03-06 02:00:00,69.74,61.441334,-8.298666229248042,8.298666229248042,54,2
2024-03-06 03:00:00,70.46,61.99413,-8.46587081909179,8.46587081909179,54,3
2024-03-06 04:00:00,73.91,65.3032,-8.60680023193359,8.60680023193359,54,4
2024-03-06 05:00:00,83.98,75.75616,-8.223843078613285,8.223843078613285,54,5
2024-03-06 06:00:00,106.64,88.18757,-18.45243133544922,18.45243133544922,54,6
2024-03-06 07:00:00,108.7,89.76474,-18.935260009765628,18.935260009765628,54,7
2024-03-06 08:00:00,87.21,82.96683,-4.243172607421869,4.243172607421869,54,8
2024-03-06 09:00:00,76.82,72.78222,-4.037781066894524,4.037781066894524,54,9
2024-03-06 10:00:00,72.74,67.92691,-4.81308959960937,4.81308959960937,54,10
2024-03-06 11:00:00,69.37,61.504974,-7.8650256347656295,7.8650256347656295,54,11
2024-03-06 12:00:00,69.29,61.46913,-7.820868530273444,7.820868530273444,54,12
2024-03-06 13:00:00,70.64,62.372684,-8.267315521240235,8.267315521240235,54,13
2024-03-06 14:00:00,72.35,65.1379,-7.212098693847651,7.212098693847651,54,14
2024-03-06 15:00:00,74.51,74.25948,-0.25051666259766137,0.25051666259766137,54,15
2024-03-06 16:00:00,79.47,80.78116,1.3111584472656261,1.3111584472656261,54,16
2024-03-06 17:00:00,116.74,99.22653,-17.51346801757812,17.51346801757812,54,17
2024-03-06 18:00:00,119.27,112.617516,-6.652484436035152,6.652484436035152,54,18
2024-03-06 19:00:00,93.48,96.22219,2.7421908569335898,2.7421908569335898,54,19
2024-03-06 20:00:00,80.15,82.298874,2.148873901367182,2.148873901367182,54,20
2024-03-06 21:00:00,77.98,76.310135,-1.6698651123046915,1.6698651123046915,54,21
2024-03-06 22:00:00,74.34,69.05079,-5.289211120605472,5.289211120605472,54,22
2024-03-06 23:00:00,73.33,67.031784,-6.298215942382811,6.298215942382811,54,23
2024-03-07 00:00:00,72.32,64.97674,-7.343262023925774,7.343262023925774,55,0
2024-03-07 01:00:00,70.34,64.27031,-6.069690551757816,6.069690551757816,55,1
2024-03-07 02:00:00,68.71,65.60678,-3.1032189941406187,3.1032189941406187,55,2
2024-03-07 03:00:00,69.89,64.9426,-4.947403564453126,4.947403564453126,55,3
2024-03-07 04:00:00,73.13,71.25649,-1.8735073852539017,1.8735073852539017,55,4
2024-03-07 05:00:00,84.27,85.93093,1.6609310913085977,1.6609310913085977,55,5
2024-03-07 06:00:00,103.2,100.98155,-2.2184478759765653,2.2184478759765653,55,6
2024-03-07 07:00:00,96.7,106.82746,10.127461242675778,10.127461242675778,55,7
2024-03-07 08:00:00,79.09,84.708206,5.618206176757809,5.618206176757809,55,8
2024-03-07 09:00:00,71.31,77.4729,6.162900390624998,6.162900390624998,55,9
2024-03-07 10:00:00,66.16,70.976456,4.816455688476566,4.816455688476566,55,10
2024-03-07 11:00:00,61.58,64.2807,2.7007006835937517,2.7007006835937517,55,11
2024-03-07 12:00:00,59.82,59.067898,-0.7521022033691409,0.7521022033691409,55,12
2024-03-07 13:00:00,63.19,64.96491,1.7749124145507835,1.7749124145507835,55,13
2024-03-07 14:00:00,60.97,67.42168,6.451676635742189,6.451676635742189,55,14
2024-03-07 15:00:00,57.7,74.12349,16.42348937988281,16.42348937988281,55,15
2024-03-07 16:00:00,69.07,80.55821,11.488212280273444,11.488212280273444,55,16
2024-03-07 17:00:00,78.06,109.30748,31.247479858398435,31.247479858398435,55,17
2024-03-07 18:00:00,89.57,113.00325,23.43325012207032,23.43325012207032,55,18
2024-03-07 19:00:00,74.06,91.910225,17.85022491455078,17.85022491455078,55,19
2024-03-07 20:00:00,73.78,76.97485,3.194853515624999,3.194853515624999,55,20
2024-03-07 21:00:00,73.56,73.21825,-0.3417535400390648,0.3417535400390648,55,21
2024-03-07 22:00:00,68.02,64.74132,-3.2786822509765585,3.2786822509765585,55,22
2024-03-07 23:00:00,68.69,65.218155,-3.4718450927734352,3.4718450927734352,55,23
2024-03-08 00:00:00,66.96,62.558228,-4.401772460937494,4.401772460937494,56,0
2024-03-08 01:00:00,67.01,63.436264,-3.5737359619140676,3.5737359619140676,56,1
2024-03-08 02:00:00,65.99,61.130817,-4.859182586669917,4.859182586669917,56,2
2024-03-08 03:00:00,62.91,63.344387,0.4343870544433628,0.4343870544433628,56,3
2024-03-08 04:00:00,67.42,69.70972,2.2897167968749983,2.2897167968749983,56,4
2024-03-08 05:00:00,76.72,84.703156,7.983155517578126,7.983155517578126,56,5
2024-03-08 06:00:00,94.66,97.44425,2.7842520141601597,2.7842520141601597,56,6
2024-03-08 07:00:00,88.89,94.536095,5.646094665527343,5.646094665527343,56,7
2024-03-08 08:00:00,74.36,78.35582,3.995819702148438,3.995819702148438,56,8
2024-03-08 09:00:00,59.02,65.01523,5.995228271484372,5.995228271484372,56,9
2024-03-08 10:00:00,52.52,60.6941,8.174099426269528,8.174099426269528,56,10
2024-03-08 11:00:00,42.33,57.911842,15.581842346191408,15.581842346191408,56,11
2024-03-08 12:00:00,29.07,54.547424,25.47742431640625,25.47742431640625,56,12
2024-03-08 13:00:00,42.96,55.058716,12.0987158203125,12.0987158203125,56,13
2024-03-08 14:00:00,48.91,59.343925,10.433925476074222,10.433925476074222,56,14
2024-03-08 15:00:00,58.06,60.61316,2.5531591796874977,2.5531591796874977,56,15
2024-03-08 16:00:00,73.96,68.91448,-5.045517883300775,5.045517883300775,56,16
2024-03-08 17:00:00,85.55,86.0793,0.5292999267578153,0.5292999267578153,56,17
2024-03-08 18:00:00,81.96,92.30562,10.345618286132819,10.345618286132819,56,18
2024-03-08 19:00:00,73.13,79.62521,6.4952136230468795,6.4952136230468795,56,19
2024-03-08 20:00:00,66.03,75.45121,9.421210021972655,9.421210021972655,56,20
2024-03-08 21:00:00,65.68,72.77923,7.099228210449212,7.099228210449212,56,21
2024-03-08 22:00:00,60.54,64.98462,4.444619140625001,4.444619140625001,56,22
2024-03-08 23:00:00,57.31,64.32872,7.018720092773435,7.018720092773435,56,23
2024-03-10 00:00:00,46.06,54.85076,8.790761413574216,8.790761413574216,58,0
2024-03-10 01:00:00,40.98,53.689133,12.70913269042969,12.70913269042969,58,1
2024-03-10 02:00:00,35.55,52.138912,16.588912200927737,16.588912200927737,58,2
2024-03-10 03:00:00,32.39,53.49271,21.10271011352539,21.10271011352539,58,3
2024-03-10 04:00:00,32.28,52.76092,20.480921478271483,20.480921478271483,58,4
2024-03-10 05:00:00,33.91,52.615562,18.705562438964847,18.705562438964847,58,5
2024-03-10 06:00:00,39.49,52.397118,12.907117614746092,12.907117614746092,58,6
2024-03-10 07:00:00,47.34,53.798195,6.458194885253903,6.458194885253903,58,7
2024-03-10 08:00:00,52.11,51.749046,-0.3609536743164057,0.3609536743164057,58,8
2024-03-10 09:00:00,44.88,38.421837,-6.458163146972659,6.458163146972659,58,9
2024-03-10 10:00:00,49.22,28.778671,-20.44132873535156,20.44132873535156,58,10
2024-03-10 11:00:00,52.04,26.145084,-25.894915618896484,25.894915618896484,58,11
2024-03-10 12:00:00,45.26,21.486841,-23.77315879821777,23.77315879821777,58,12
2024-03-10 13:00:00,39.58,23.091696,-16.488304214477537,16.488304214477537,58,13
2024-03-10 14:00:00,45.81,32.247482,-13.562517700195315,13.562517700195315,58,14
2024-03-10 15:00:00,61.44,48.14425,-13.295751037597654,13.295751037597654,58,15
2024-03-10 16:00:00,74.13,58.803116,-15.326884155273433,15.326884155273433,58,16
2024-03-10 17:00:00,79.54,68.963844,-10.5761557006836,10.5761557006836,58,17
2024-03-10 18:00:00,89.63,76.473564,-13.156435852050777,13.156435852050777,58,18
2024-03-10 19:00:00,80.97,61.737717,-19.23228332519531,19.23228332519531,58,19
2024-03-10 20:00:00,74.72,61.31276,-13.407240600585936,13.407240600585936,58,20
2024-03-10 21:00:00,73.78,59.65804,-14.121960906982423,14.121960906982423,58,21
2024-03-10 22:00:00,70.04,55.17617,-14.863829650878913,14.863829650878913,58,22
2024-03-10 23:00:00,58.59,51.370033,-7.219966735839847,7.219966735839847,58,23
2024-03-11 00:00:00,58.03,60.64966,2.619658203124999,2.619658203124999,59,0
2024-03-11 01:00:00,54.19,58.704506,4.5145059204101585,4.5145059204101585,59,1
2024-03-11 02:00:00,52.69,55.16644,2.4764390563964866,2.4764390563964866,59,2
2024-03-11 03:00:00,52.22,54.706608,2.4866078186035168,2.4866078186035168,59,3
2024-03-11 04:00:00,56.77,59.218636,2.448635559082028,2.448635559082028,59,4
2024-03-11 05:00:00,76.75,72.081825,-4.668174743652344,4.668174743652344,59,5
2024-03-11 06:00:00,82.95,76.101524,-6.848475646972659,6.848475646972659,59,6
2024-03-11 07:00:00,85.86,80.259705,-5.600295410156249,5.600295410156249,59,7
2024-03-11 08:00:00,81.92,75.45697,-6.463029785156252,6.463029785156252,59,8
2024-03-11 09:00:00,74.75,70.14949,-4.6005096435546875,4.6005096435546875,59,9
2024-03-11 10:00:00,67.34,66.998184,-0.3418157958984409,0.3418157958984409,59,10
2024-03-11 11:00:00,68.42,62.98109,-5.438909454345705,5.438909454345705,59,11
2024-03-11 12:00:00,66.72,61.873535,-4.846464843749999,4.846464843749999,59,12
2024-03-11 13:00:00,67.0,61.117702,-5.882297515869141,5.882297515869141,59,13
2024-03-11 14:00:00,73.17,61.321903,-11.848096771240236,11.848096771240236,59,14
2024-03-11 15:00:00,67.96,65.3599,-2.6000985717773375,2.6000985717773375,59,15
2024-03-11 16:00:00,78.55,73.06114,-5.48885803222656,5.48885803222656,59,16
2024-03-11 17:00:00,94.53,82.6202,-11.909798889160157,11.909798889160157,59,17
2024-03-11 18:00:00,107.93,91.88437,-16.045631103515632,16.045631103515632,59,18
2024-03-11 19:00:00,87.97,81.31755,-6.652449340820311,6.652449340820311,59,19
2024-03-11 20:00:00,76.64,75.731,-0.9089971923828131,0.9089971923828131,59,20
2024-03-11 21:00:00,75.0,73.171234,-1.828765869140625,1.828765869140625,59,21
2024-03-11 22:00:00,67.08,66.41134,-0.6686611938476545,0.6686611938476545,59,22
2024-03-11 23:00:00,69.16,59.855137,-9.304863128662106,9.304863128662106,59,23
2024-03-12 00:00:00,65.56,59.193466,-6.366533813476565,6.366533813476565,60,0
2024-03-12 01:00:00,66.51,54.865856,-11.644143829345708,11.644143829345708,60,1
2024-03-12 02:00:00,65.2,54.41394,-10.786059570312503,10.786059570312503,60,2
2024-03-12 03:00:00,61.85,52.90597,-8.944028472900392,8.944028472900392,60,3
2024-03-12 04:00:00,67.37,54.52482,-12.845181579589848,12.845181579589848,60,4
2024-03-12 05:00:00,70.53,78.74171,8.21170684814453,8.21170684814453,60,5
2024-03-12 06:00:00,89.8,82.51457,-7.28542785644531,7.28542785644531,60,6
2024-03-12 07:00:00,99.44,85.58896,-13.851041259765623,13.851041259765623,60,7
2024-03-12 08:00:00,93.57,76.09227,-17.477730102539056,17.477730102539056,60,8
2024-03-12 09:00:00,79.58,70.19315,-9.386846618652342,9.386846618652342,60,9
2024-03-12 10:00:00,68.84,63.776436,-5.063564147949222,5.063564147949222,60,10
2024-03-12 11:00:00,69.17,63.325516,-5.844484252929689,5.844484252929689,60,11
2024-03-12 12:00:00,64.03,63.66517,-0.3648312377929699,0.3648312377929699,60,12
2024-03-12 13:00:00,64.35,63.1186,-1.231401062011713,1.231401062011713,60,13
2024-03-12 14:00:00,68.03,70.66806,2.638060302734374,2.638060302734374,60,14
2024-03-12 15:00:00,57.42,69.14143,11.72143371582031,11.72143371582031,60,15
2024-03-12 16:00:00,65.2,79.866554,14.666554260253903,14.666554260253903,60,16
2024-03-12 17:00:00,71.32,92.89524,21.575240783691413,21.575240783691413,60,17
2024-03-12 18:00:00,98.99,108.09711,9.107106933593755,9.107106933593755,60,18
2024-03-12 19:00:00,77.6,93.44869,15.84869232177735,15.84869232177735,60,19
2024-03-12 20:00:00,70.12,84.72892,14.608919982910152,14.608919982910152,60,20
2024-03-12 21:00:00,70.54,75.67506,5.135056457519525,5.135056457519525,60,21
2024-03-12 22:00:00,61.99,68.55424,6.564237365722654,6.564237365722654,60,22
2024-03-12 23:00:00,55.09,64.08271,8.992710266113278,8.992710266113278,60,23
2024-03-13 00:00:00,50.5,62.048973,11.548973083496094,11.548973083496094,61,0
2024-03-13 01:00:00,48.09,62.691383,14.601383361816403,14.601383361816403,61,1
2024-03-13 02:00:00,45.97,61.76846,15.79845932006836,15.79845932006836,61,2
2024-03-13 03:00:00,44.49,61.088936,16.59893585205078,16.59893585205078,61,3
2024-03-13 04:00:00,52.1,66.55773,14.457731628417967,14.457731628417967,61,4
2024-03-13 05:00:00,65.68,73.46073,7.780731506347649,7.780731506347649,61,5
2024-03-13 06:00:00,88.03,88.72256,0.6925570678710926,0.6925570678710926,61,6
2024-03-13 07:00:00,88.66,104.24201,15.582012023925785,15.582012023925785,61,7
2024-03-13 08:00:00,70.07,94.03557,23.965568237304694,23.965568237304694,61,8
2024-03-13 09:00:00,61.85,77.27431,15.424307250976561,15.424307250976561,61,9
2024-03-13 10:00:00,56.15,65.18105,9.031053161621095,9.031053161621095,61,10
2024-03-13 11:00:00,50.16,61.683815,11.52381500244141,11.52381500244141,61,11
2024-03-13 12:00:00,40.24,58.811317,18.571317443847654,18.571317443847654,61,12
2024-03-13 13:00:00,43.08,59.75445,16.674451751708986,16.674451751708986,61,13
2024-03-13 14:00:00,46.93,65.05033,18.120331115722657,18.120331115722657,61,14
2024-03-13 15:00:00,49.98,64.5302,14.55019714355469,14.55019714355469,61,15
2024-03-13 16:00:00,62.14,72.45989,10.319892272949218,10.319892272949218,61,16
2024-03-13 17:00:00,79.09,78.61665,-0.4733465576171909,0.4733465576171909,61,17
2024-03-13 18:00:00,98.78,98.44972,-0.33027770996093864,0.33027770996093864,61,18
2024-03-13 19:00:00,82.75,86.37583,3.6258316040039062,3.6258316040039062,61,19
2024-03-13 20:00:00,67.44,69.88201,2.442011413574221,2.442011413574221,61,20
2024-03-13 21:00:00,68.26,64.57845,-3.6815469360351614,3.6815469360351614,61,21
2024-03-13 22:00:00,63.88,62.195816,-1.68418395996094,1.68418395996094,61,22
2024-03-13 23:00:00,63.29,54.768383,-8.521616973876952,8.521616973876952,61,23
2024-03-14 00:00:00,56.9,55.540695,-1.359304809570311,1.359304809570311,62,0
2024-03-14 01:00:00,57.52,51.406574,-6.113425750732425,6.113425750732425,62,1
2024-03-14 02:00:00,57.0,47.691505,-9.308494567871094,9.308494567871094,62,2
2024-03-14 03:00:00,48.53,46.25858,-2.2714207458496105,2.2714207458496105,62,3
2024-03-14 04:00:00,56.6,52.262047,-4.337953186035158,4.337953186035158,62,4
2024-03-14 05:00:00,69.26,70.443665,1.1836645507812449,1.1836645507812449,62,5
2024-03-14 06:00:00,87.85,83.319496,-4.530503845214838,4.530503845214838,62,6
2024-03-14 07:00:00,81.99,86.398994,4.408994445800786,4.408994445800786,62,7
2024-03-14 08:00:00,65.71,72.072784,6.362784423828131,6.362784423828131,62,8
2024-03-14 09:00:00,54.32,60.197533,5.8775326538085935,5.8775326538085935,62,9
2024-03-14 10:00:00,48.68,54.449303,5.769302673339844,5.769302673339844,62,10
2024-03-14 11:00:00,40.73,54.609158,13.879157562255863,13.879157562255863,62,11
2024-03-14 12:00:00,42.6,51.35351,8.753511810302733,8.753511810302733,62,12
2024-03-14 13:00:00,42.63,50.325962,7.695962066650388,7.695962066650388,62,13
2024-03-14 14:00:00,41.56,59.162567,17.602567138671873,17.602567138671873,62,14
2024-03-14 15:00:00,39.42,58.34369,18.92368896484375,18.92368896484375,62,15
2024-03-14 16:00:00,59.81,65.51411,5.704106750488279,5.704106750488279,62,16
2024-03-14 17:00:00,62.91,73.9671,11.057102050781253,11.057102050781253,62,17
2024-03-14 18:00:00,85.82,98.27707,12.457069091796882,12.457069091796882,62,18
2024-03-14 19:00:00,74.87,73.62876,-1.2412387084960983,1.2412387084960983,62,19
2024-03-14 20:00:00,62.8,67.26062,4.460620117187503,4.460620117187503,62,20
2024-03-14 21:00:00,59.91,63.77301,3.8630102539062534,3.8630102539062534,62,21
2024-03-14 22:00:00,49.55,62.27018,12.720179748535159,12.720179748535159,62,22
2024-03-14 23:00:00,45.97,54.64269,8.672688751220704,8.672688751220704,62,23
2024-03-15 00:00:00,39.66,49.438393,9.77839263916016,9.77839263916016,63,0
2024-03-15 01:00:00,38.68,48.578743,9.898742980957032,9.898742980957032,63,1
2024-03-15 02:00:00,33.93,52.161858,18.23185760498047,18.23185760498047,63,2
2024-03-15 03:00:00,21.96,48.15657,26.19657043457031,26.19657043457031,63,3
2024-03-15 04:00:00,33.17,52.527943,19.3579426574707,19.3579426574707,63,4
2024-03-15 05:00:00,40.36,62.16492,21.804920806884766,21.804920806884766,63,5
2024-03-15 06:00:00,51.92,83.1348,31.214803771972655,31.214803771972655,63,6
2024-03-15 07:00:00,62.42,80.673515,18.253515319824217,18.253515319824217,63,7
2024-03-15 08:00:00,53.8,61.375088,7.575087738037112,7.575087738037112,63,8
2024-03-15 09:00:00,43.34,56.766758,13.426757965087887,13.426757965087887,63,9
2024-03-15 10:00:00,37.11,50.196545,13.086544647216797,13.086544647216797,63,10
2024-03-15 11:00:00,30.56,47.354816,16.79481643676758,16.79481643676758,63,11
2024-03-15 12:00:00,26.5,47.601498,21.101497650146484,21.101497650146484,63,12
2024-03-15 13:00:00,15.81,47.821453,32.01145309448242,32.01145309448242,63,13
2024-03-15 14:00:00,10.55,49.621998,39.071997833251956,39.071997833251956,63,14
2024-03-15 15:00:00,25.46,55.84476,30.38476089477539,30.38476089477539,63,15
2024-03-15 16:00:00,39.48,62.715694,23.235694427490238,23.235694427490238,63,16
2024-03-15 17:00:00,57.52,66.80317,9.283169250488278,9.283169250488278,63,17
2024-03-15 18:00:00,88.01,86.934586,-1.0754144287109426,1.0754144287109426,63,18
2024-03-15 19:00:00,65.02,74.82856,9.808559875488285,9.808559875488285,63,19
2024-03-15 20:00:00,56.28,64.169846,7.889845581054686,7.889845581054686,63,20
2024-03-15 21:00:00,57.03,62.13762,5.107619018554686,5.107619018554686,63,21
2024-03-15 22:00:00,49.59,57.590206,8.000206146240231,8.000206146240231,63,22
2024-03-15 23:00:00,45.18,53.910755,8.730755157470703,8.730755157470703,63,23
2024-03-16 00:00:00,42.31,40.538116,-1.7718835449218773,1.7718835449218773,64,0
2024-03-16 01:00:00,40.69,40.480568,-0.20943206787109148,0.20943206787109148,64,1
2024-03-16 02:00:00,39.03,38.84092,-0.1890805053710949,0.1890805053710949,64,2
2024-03-16 03:00:00,39.0,41.421085,2.4210853576660156,2.4210853576660156,64,3
2024-03-16 04:00:00,41.17,42.744213,1.5742131042480452,1.5742131042480452,64,4
2024-03-16 05:00:00,48.28,46.02978,-2.2502186584472668,2.2502186584472668,64,5
2024-03-16 06:00:00,53.47,50.216503,-3.253496856689452,3.253496856689452,64,6
2024-03-16 07:00:00,52.8,54.16433,1.3643295288085966,1.3643295288085966,64,7
2024-03-16 08:00:00,47.01,51.15413,4.1441290283203145,4.1441290283203145,64,8
2024-03-16 09:00:00,44.88,44.30274,-0.5772618103027369,0.5772618103027369,64,9
2024-03-16 10:00:00,41.72,40.870796,-0.8492037963867176,0.8492037963867176,64,10
2024-03-16 11:00:00,37.0,35.213394,-1.7866058349609375,1.7866058349609375,64,11
2024-03-16 12:00:00,22.3,34.808617,12.508616638183593,12.508616638183593,64,12
2024-03-16 13:00:00,15.9,36.97897,21.07896957397461,21.07896957397461,64,13
2024-03-16 14:00:00,33.81,38.801216,4.991216125488279,4.991216125488279,64,14
2024-03-16 15:00:00,50.8,43.171494,-7.62850646972656,7.62850646972656,64,15
2024-03-16 16:00:00,72.84,55.026165,-17.81383499145508,17.81383499145508,64,16
2024-03-16 17:00:00,83.02,63.055027,-19.964972991943355,19.964972991943355,64,17
2024-03-16 18:00:00,92.37,81.182686,-11.187314147949223,11.187314147949223,64,18
2024-03-16 19:00:00,82.61,63.791416,-18.81858383178711,18.81858383178711,64,19
2024-03-16 20:00:00,73.35,60.95592,-12.394078826904291,12.394078826904291,64,20
2024-03-16 21:00:00,72.47,60.3333,-12.136698455810546,12.136698455810546,64,21
2024-03-16 22:00:00,67.1,57.115105,-9.984895324707026,9.984895324707026,64,22
2024-03-16 23:00:00,64.99,48.814842,-16.1751577758789,16.1751577758789,64,23
2024-03-17 00:00:00,54.68,43.110916,-11.569083862304687,11.569083862304687,65,0
2024-03-17 01:00:00,54.45,43.135895,-11.314105224609378,11.314105224609378,65,1
2024-03-17 02:00:00,43.72,42.773705,-0.9462954711914051,0.9462954711914051,65,2
2024-03-17 03:00:00,38.42,43.610153,5.190153198242186,5.190153198242186,65,3
2024-03-17 04:00:00,37.6,43.874516,6.274515533447264,6.274515533447264,65,4
2024-03-17 05:00:00,36.17,47.77716,11.607160644531248,11.607160644531248,65,5
2024-03-17 06:00:00,37.74,50.18263,12.442628631591795,12.442628631591795,65,6
2024-03-17 07:00:00,35.67,53.01449,17.344488220214842,17.344488220214842,65,7
2024-03-17 08:00:00,40.59,49.93701,9.347011718749997,9.347011718749997,65,8
2024-03-17 09:00:00,30.95,43.865406,12.915406036376954,12.915406036376954,65,9
2024-03-17 10:00:00,34.78,39.96925,5.189249725341796,5.189249725341796,65,10
2024-03-17 11:00:00,37.71,37.226204,-0.4837960815429696,0.4837960815429696,65,11
2024-03-17 12:00:00,29.15,34.50051,5.350511169433595,5.350511169433595,65,12
2024-03-17 13:00:00,25.76,29.908022,4.148021926879881,4.148021926879881,65,13
2024-03-17 14:00:00,28.24,40.69493,12.454931030273439,12.454931030273439,65,14
2024-03-17 15:00:00,36.17,53.58748,17.41747863769531,17.41747863769531,65,15
2024-03-17 16:00:00,37.56,70.42152,32.86151641845703,32.86151641845703,65,16
2024-03-17 17:00:00,49.26,79.80735,30.54735015869141,30.54735015869141,65,17
2024-03-17 18:00:00,79.96,89.82245,9.862448730468756,9.862448730468756,65,18
2024-03-17 19:00:00,77.89,78.65749,0.7674935913085932,0.7674935913085932,65,19
2024-03-17 20:00:00,72.33,72.051735,-0.27826507568359204,0.27826507568359204,65,20
2024-03-17 21:00:00,72.1,69.751526,-2.3484741210937443,2.3484741210937443,65,21
2024-03-17 22:00:00,65.91,58.792076,-7.117923889160153,7.117923889160153,65,22
2024-03-17 23:00:00,64.12,53.84787,-10.27213012695313,10.27213012695313,65,23
2024-03-18 00:00:00,57.14,57.36492,0.22492156982421818,0.22492156982421818,66,0
2024-03-18 01:00:00,58.31,58.88927,0.5792707824707009,0.5792707824707009,66,1
2024-03-18 02:00:00,49.93,54.366993,4.436992950439453,4.436992950439453,66,2
2024-03-18 03:00:00,46.03,55.561302,9.531302185058593,9.531302185058593,66,3
2024-03-18 04:00:00,44.28,61.059578,16.77957794189453,16.77957794189453,66,4
2024-03-18 05:00:00,61.71,70.99588,9.285880126953124,9.285880126953124,66,5
2024-03-18 06:00:00,94.68,74.11461,-20.56539123535157,20.56539123535157,66,6
2024-03-18 07:00:00,94.45,76.38928,-18.060717773437503,18.060717773437503,66,7
2024-03-18 08:00:00,82.8,65.97179,-16.82821350097656,16.82821350097656,66,8
2024-03-18 09:00:00,72.81,62.508274,-10.301725921630862,10.301725921630862,66,9
2024-03-18 10:00:00,66.63,59.080856,-7.549143676757808,7.549143676757808,66,10
2024-03-18 11:00:00,62.52,56.237,-6.283000488281253,6.283000488281253,66,11
2024-03-18 12:00:00,49.98,55.16274,5.182738800048831,5.182738800048831,66,12
2024-03-18 13:00:00,35.0,57.093685,22.093685150146484,22.093685150146484,66,13
2024-03-18 14:00:00,35.85,62.538292,26.688291931152342,26.688291931152342,66,14
2024-03-18 15:00:00,43.86,64.881905,21.021904602050782,21.021904602050782,66,15
2024-03-18 16:00:00,47.7,68.68847,20.988468933105466,20.988468933105466,66,16
2024-03-18 17:00:00,73.45,80.46745,7.017453002929685,7.017453002929685,66,17
2024-03-18 18:00:00,125.16,98.74291,-26.417087707519528,26.417087707519528,66,18
2024-03-18 19:00:00,102.86,90.30961,-12.550391540527343,12.550391540527343,66,19
2024-03-18 20:00:00,79.42,78.307076,-1.1129244995117205,1.1129244995117205,66,20
2024-03-18 21:00:00,77.8,74.96012,-2.839878845214841,2.839878845214841,66,21
2024-03-18 22:00:00,70.51,66.61276,-3.89723754882813,3.89723754882813,66,22
2024-03-18 23:00:00,69.14,64.263374,-4.876625671386719,4.876625671386719,66,23
2024-03-19 00:00:00,65.06,57.56482,-7.495180664062502,7.495180664062502,67,0
2024-03-19 01:00:00,59.62,57.535854,-2.084145660400388,2.084145660400388,67,1
2024-03-19 02:00:00,56.18,55.960438,-0.2195622253417966,0.2195622253417966,67,2
2024-03-19 03:00:00,53.0,53.84132,0.8413200378417969,0.8413200378417969,67,3
2024-03-19 04:00:00,58.76,59.203224,0.44322418212890824,0.44322418212890824,67,4
2024-03-19 05:00:00,76.18,68.95206,-7.227943115234382,7.227943115234382,67,5
2024-03-19 06:00:00,101.64,93.813354,-7.826645507812501,7.826645507812501,67,6
2024-03-19 07:00:00,95.87,95.452896,-0.41710388183594205,0.41710388183594205,67,7
2024-03-19 08:00:00,71.75,83.049355,11.299354553222656,11.299354553222656,67,8
2024-03-19 09:00:00,51.67,72.03744,20.367437438964842,20.367437438964842,67,9
2024-03-19 10:00:00,50.57,62.8261,12.256099395751953,12.256099395751953,67,10
2024-03-19 11:00:00,47.82,58.603092,10.783092193603515,10.783092193603515,67,11
2024-03-19 12:00:00,38.66,57.47426,18.814258422851566,18.814258422851566,67,12
2024-03-19 13:00:00,37.34,52.191128,14.851127777099606,14.851127777099606,67,13
2024-03-19 14:00:00,38.07,55.36875,17.298751525878906,17.298751525878906,67,14
2024-03-19 15:00:00,45.59,61.796497,16.2064973449707,16.2064973449707,67,15
2024-03-19 16:00:00,62.94,68.76387,5.823870239257815,5.823870239257815,67,16
2024-03-19 17:00:00,76.62,77.908455,1.2884548950195267,1.2884548950195267,67,17
2024-03-19 18:00:00,128.96,115.07038,-13.889618835449227,13.889618835449227,67,18
2024-03-19 19:00:00,110.0,101.45948,-8.540519714355469,8.540519714355469,67,19
2024-03-19 20:00:00,89.11,76.38998,-12.720023498535156,12.720023498535156,67,20
2024-03-19 21:00:00,81.75,74.66357,-7.086433410644531,7.086433410644531,67,21
2024-03-19 22:00:00,76.1,66.72189,-9.37810668945312,9.37810668945312,67,22
2024-03-19 23:00:00,76.01,63.218502,-12.79149795532227,12.79149795532227,67,23
2024-03-20 00:00:00,69.0,61.108826,-7.89117431640625,7.89117431640625,68,0
2024-03-20 01:00:00,61.27,58.53436,-2.7356410217285188,2.7356410217285188,68,1
2024-03-20 02:00:00,50.53,56.209263,5.6792628479003895,5.6792628479003895,68,2
2024-03-20 03:00:00,42.84,56.03383,13.193828735351559,13.193828735351559,68,3
2024-03-20 04:00:00,59.84,59.82891,-0.01108917236328466,0.01108917236328466,68,4
2024-03-20 05:00:00,68.0,78.94331,10.943313598632812,10.943313598632812,68,5
2024-03-20 06:00:00,88.38,102.16532,13.78532135009766,13.78532135009766,68,6
2024-03-20 07:00:00,85.25,96.12642,10.876419067382812,10.876419067382812,68,7
2024-03-20 08:00:00,61.76,71.48082,9.72081970214844,9.72081970214844,68,8
2024-03-20 09:00:00,39.72,57.589043,17.86904266357422,17.86904266357422,68,9
2024-03-20 10:00:00,35.0,56.533524,21.533523559570312,21.533523559570312,68,10
2024-03-20 11:00:00,33.26,54.958,21.69800018310547,21.69800018310547,68,11
2024-03-20 12:00:00,27.0,50.11953,23.119529724121094,23.119529724121094,68,12
2024-03-20 13:00:00,27.28,50.01887,22.738871307373046,22.738871307373046,68,13
2024-03-20 14:00:00,28.69,52.54356,23.85356002807617,23.85356002807617,68,14
2024-03-20 15:00:00,34.15,58.77238,24.622380828857423,24.622380828857423,68,15
2024-03-20 16:00:00,43.07,65.09655,22.02654998779297,22.02654998779297,68,16
2024-03-20 17:00:00,66.87,79.007645,12.137644653320308,12.137644653320308,68,17
2024-03-20 18:00:00,124.69,124.56854,-0.12145751953124773,0.12145751953124773,68,18
2024-03-20 19:00:00,100.76,104.965614,4.205614318847651,4.205614318847651,68,19
2024-03-20 20:00:00,79.25,84.70249,5.452491760253906,5.452491760253906,68,20
2024-03-20 21:00:00,68.0,76.450554,8.450553894042969,8.450553894042969,68,21
2024-03-20 22:00:00,62.48,72.16702,9.687022705078128,9.687022705078128,68,22
2024-03-20 23:00:00,65.6,71.765335,6.165335083007818,6.165335083007818,68,23
2024-03-21 00:00:00,43.08,64.58973,21.509729309082033,21.509729309082033,69,0
2024-03-21 01:00:00,48.64,62.299618,13.659617767333984,13.659617767333984,69,1
2024-03-21 02:00:00,40.4,56.204365,15.80436477661133,15.80436477661133,69,2
2024-03-21 03:00:00,35.14,53.70861,18.568610534667968,18.568610534667968,69,3
2024-03-21 04:00:00,35.56,59.83616,24.276158752441404,24.276158752441404,69,4
2024-03-21 05:00:00,52.71,70.44033,17.730330505371093,17.730330505371093,69,5
2024-03-21 06:00:00,80.38,92.34415,11.96414672851563,11.96414672851563,69,6
2024-03-21 07:00:00,73.35,92.0433,18.69329681396485,18.69329681396485,69,7
2024-03-21 08:00:00,69.71,68.53747,-1.172532043457025,1.172532043457025,69,8
2024-03-21 09:00:00,50.91,58.7242,7.8142012023925815,7.8142012023925815,69,9
2024-03-21 10:00:00,47.82,51.583553,3.763553314208984,3.763553314208984,69,10
2024-03-21 11:00:00,43.08,49.934975,6.854974670410158,6.854974670410158,69,11
2024-03-21 12:00:00,44.99,47.334343,2.3443429565429668,2.3443429565429668,69,12
2024-03-21 13:00:00,31.69,44.986694,13.296694335937499,13.296694335937499,69,13
2024-03-21 14:00:00,34.81,49.468517,14.658517303466795,14.658517303466795,69,14
2024-03-21 15:00:00,35.37,49.663055,14.293055419921878,14.293055419921878,69,15
2024-03-21 16:00:00,39.8,56.55195,16.751948547363284,16.751948547363284,69,16
2024-03-21 17:00:00,61.45,69.30279,7.852787780761716,7.852787780761716,69,17
2024-03-21 18:00:00,108.7,125.16825,16.468251037597653,16.468251037597653,69,18
2024-03-21 19:00:00,89.33,98.87477,9.544771118164064,9.544771118164064,69,19
2024-03-21 20:00:00,65.86,77.63209,11.772087707519532,11.772087707519532,69,20
2024-03-21 21:00:00,54.76,64.10261,9.342607727050783,9.342607727050783,69,21
2024-03-21 22:00:00,44.21,58.600887,14.390887298583984,14.390887298583984,69,22
2024-03-21 23:00:00,39.6,54.919987,15.319986724853514,15.319986724853514,69,23
2024-03-22 00:00:00,37.92,38.739525,0.819524841308592,0.819524841308592,70,0
2024-03-22 01:00:00,34.8,45.20255,10.402548980712893,10.402548980712893,70,1
2024-03-22 02:00:00,26.95,40.662422,13.712422180175782,13.712422180175782,70,2
2024-03-22 03:00:00,20.97,42.73071,21.760709075927736,21.760709075927736,70,3
2024-03-22 04:00:00,25.0,40.84973,15.8497314453125,15.8497314453125,70,4
2024-03-22 05:00:00,35.0,56.324963,21.324962615966797,21.324962615966797,70,5
2024-03-22 06:00:00,59.46,76.26173,16.80172637939453,16.80172637939453,70,6
2024-03-22 07:00:00,60.96,70.77479,9.81478790283203,9.81478790283203,70,7
2024-03-22 08:00:00,32.87,58.98406,26.114058380126956,26.114058380126956,70,8
2024-03-22 09:00:00,21.99,49.308735,27.31873489379883,27.31873489379883,70,9
2024-03-22 10:00:00,24.43,44.959908,20.52990753173828,20.52990753173828,70,10
2024-03-22 11:00:00,25.84,38.90634,13.066341552734375,13.066341552734375,70,11
2024-03-22 12:00:00,30.68,40.197254,9.517254180908203,9.517254180908203,70,12
2024-03-22 13:00:00,32.37,34.109333,1.7393330383300807,1.7393330383300807,70,13
2024-03-22 14:00:00,25.58,34.526764,8.946763916015627,8.946763916015627,70,14
2024-03-22 15:00:00,27.2,41.03854,13.83853988647461,13.83853988647461,70,15
2024-03-22 16:00:00,37.84,47.833347,9.993347320556637,9.993347320556637,70,16
2024-03-22 17:00:00,48.78,62.334396,13.554396362304686,13.554396362304686,70,17
2024-03-22 18:00:00,74.73,108.812805,34.082805175781246,34.082805175781246,70,18
2024-03-22 19:00:00,53.92,84.40598,30.485982971191405,30.485982971191405,70,19
2024-03-22 20:00:00,35.0,61.42248,26.422481536865234,26.422481536865234,70,20
2024-03-22 21:00:00,29.16,53.529037,24.369037475585937,24.369037475585937,70,21
2024-03-22 22:00:00,24.13,50.27847,26.14846908569336,26.14846908569336,70,22
2024-03-22 23:00:00,14.7,49.732826,35.03282623291015,35.03282623291015,70,23
2024-03-23 00:00:00,14.22,37.2765,23.056500701904298,23.056500701904298,71,0
2024-03-23 01:00:00,7.93,31.30657,23.376570053100586,23.376570053100586,71,1
2024-03-23 02:00:00,3.04,32.867825,29.82782455444336,29.82782455444336,71,2
2024-03-23 03:00:00,2.05,34.483425,32.43342514038086,32.43342514038086,71,3
2024-03-23 04:00:00,2.03,34.619286,32.58928558349609,32.58928558349609,71,4
2024-03-23 05:00:00,5.36,36.02348,30.663479461669922,30.663479461669922,71,5
2024-03-23 06:00:00,7.57,46.81729,39.247291259765625,39.247291259765625,71,6
2024-03-23 07:00:00,9.64,49.09202,39.452018127441406,39.452018127441406,71,7
2024-03-23 08:00:00,1.58,34.0269,32.44690124511719,32.44690124511719,71,8
2024-03-23 09:00:00,0.02,27.266014,27.246014099121094,27.246014099121094,71,9
2024-03-23 10:00:00,-0.03,24.97699,25.00698974609375,25.00698974609375,71,10
2024-03-23 11:00:00,-0.08,26.789503,26.869503097534178,26.869503097534178,71,11
2024-03-23 12:00:00,-1.88,21.409967,23.28996742248535,23.28996742248535,71,12
2024-03-23 13:00:00,-7.1,20.826906,27.926906204223634,27.926906204223634,71,13
2024-03-23 14:00:00,-0.07,30.163488,30.233488388061524,30.233488388061524,71,14
2024-03-23 15:00:00,0.0,32.837326,32.83732604980469,32.83732604980469,71,15
2024-03-23 16:00:00,4.39,43.20741,38.817408905029296,38.817408905029296,71,16
2024-03-23 17:00:00,14.8,59.907734,45.10773391723633,45.10773391723633,71,17
2024-03-23 18:00:00,37.01,76.66782,39.65782379150391,39.65782379150391,71,18
2024-03-23 19:00:00,37.06,62.822388,25.762387695312498,25.762387695312498,71,19
2024-03-23 20:00:00,27.07,47.596413,20.526412658691406,20.526412658691406,71,20
2024-03-23 21:00:00,29.6,46.743053,17.143053436279295,17.143053436279295,71,21
2024-03-23 22:00:00,22.24,45.594734,23.354734191894533,23.354734191894533,71,22
2024-03-23 23:00:00,6.98,43.54727,36.56727172851562,36.56727172851562,71,23
2024-03-25 00:00:00,42.85,31.225801,-11.624198532104494,11.624198532104494,73,0
2024-03-25 01:00:00,40.64,34.57085,-6.069149627685547,6.069149627685547,73,1
2024-03-25 02:00:00,38.7,41.7926,3.0925987243652315,3.0925987243652315,73,2
2024-03-25 03:00:00,33.19,51.352768,18.16276794433594,18.16276794433594,73,3
2024-03-25 04:00:00,52.41,56.952366,4.542365875244144,4.542365875244144,73,4
2024-03-25 05:00:00,84.91,57.89231,-27.01768890380859,27.01768890380859,73,5
2024-03-25 06:00:00,113.87,56.049034,-57.82096588134766,57.82096588134766,73,6
2024-03-25 07:00:00,99.68,55.184967,-44.49503295898438,44.49503295898438,73,7
2024-03-25 08:00:00,49.65,44.411438,-5.238562011718749,5.238562011718749,73,8
2024-03-25 09:00:00,37.27,42.020657,4.750656585693356,4.750656585693356,73,9
2024-03-25 10:00:00,32.87,39.75119,6.881190185546878,6.881190185546878,73,10
2024-03-25 11:00:00,32.85,40.072624,7.222624206542967,7.222624206542967,73,11
2024-03-25 12:00:00,26.07,35.97084,9.900840454101562,9.900840454101562,73,12
2024-03-25 13:00:00,27.92,33.86554,5.945539550781248,5.945539550781248,73,13
2024-03-25 14:00:00,27.54,37.98243,10.442429504394532,10.442429504394532,73,14
2024-03-25 15:00:00,21.14,49.887936,28.747935638427734,28.747935638427734,73,15
2024-03-25 16:00:00,19.25,54.252655,35.002655029296875,35.002655029296875,73,16
2024-03-25 17:00:00,48.74,55.37703,6.6370294189453105,6.6370294189453105,73,17
2024-03-25 18:00:00,106.19,76.363266,-29.82673400878906,29.82673400878906,73,18
2024-03-25 19:00:00,40.26,65.068016,24.808016052246096,24.808016052246096,73,19
2024-03-25 20:00:00,29.11,48.372585,19.26258529663086,19.26258529663086,73,20
2024-03-25 21:00:00,31.56,50.979603,19.419602813720704,19.419602813720704,73,21
2024-03-25 22:00:00,44.07,49.91929,5.849288635253906,5.849288635253906,73,22
2024-03-25 23:00:00,16.44,53.66913,37.22912841796875,37.22912841796875,73,23
2024-03-26 00:00:00,26.86,44.02298,17.162979736328126,17.162979736328126,74,0
2024-03-26 01:00:00,26.14,42.72454,16.584540710449218,16.584540710449218,74,1
2024-03-26 02:00:00,19.57,44.767048,25.197047882080078,25.197047882080078,74,2
2024-03-26 03:00:00,24.49,70.73167,46.24166656494141,46.24166656494141,74,3
2024-03-26 04:00:00,29.04,59.126972,30.08697219848633,30.08697219848633,74,4
2024-03-26 05:00:00,62.4,81.12491,18.724908447265626,18.724908447265626,74,5
2024-03-26 06:00:00,79.19,110.66905,31.47905212402344,31.47905212402344,74,6
2024-03-26 07:00:00,72.05,97.88747,25.837466430664065,25.837466430664065,74,7
2024-03-26 08:00:00,62.0,57.454327,-4.545673370361328,4.545673370361328,74,8
2024-03-26 09:00:00,49.5,48.255997,-1.2440032958984375,1.2440032958984375,74,9
2024-03-26 10:00:00,37.03,45.3471,8.317099304199218,8.317099304199218,74,10
2024-03-26 11:00:00,29.31,45.554127,16.244126739501954,16.244126739501954,74,11
2024-03-26 12:00:00,29.76,45.464184,15.704183807373045,15.704183807373045,74,12
2024-03-26 13:00:00,37.1,44.23995,7.139948272705077,7.139948272705077,74,13
2024-03-26 14:00:00,43.08,47.72646,4.64645950317383,4.64645950317383,74,14
2024-03-26 15:00:00,33.57,57.154278,23.58427780151367,23.58427780151367,74,15
2024-03-26 16:00:00,36.81,58.32948,21.519479217529295,21.519479217529295,74,16
2024-03-26 17:00:00,92.45,56.461285,-35.98871536254883,35.98871536254883,74,17
2024-03-26 18:00:00,100.3,96.30113,-3.9988677978515597,3.9988677978515597,74,18
2024-03-26 19:00:00,75.72,51.616833,-24.103167266845702,24.103167266845702,74,19
2024-03-26 20:00:00,37.57,48.870987,11.300986938476562,11.300986938476562,74,20
2024-03-26 21:00:00,46.99,46.889988,-0.10001205444336136,0.10001205444336136,74,21
2024-03-26 22:00:00,51.35,49.420055,-1.9299446105957045,1.9299446105957045,74,22
2024-03-26 23:00:00,58.35,36.612095,-21.73790512084961,21.73790512084961,74,23
2024-03-27 00:00:00,57.09,36.487545,-20.60245498657227,20.60245498657227,75,0
2024-03-27 01:00:00,57.28,38.11964,-19.160359649658204,19.160359649658204,75,1
2024-03-27 02:00:00,48.13,34.289673,-13.840327148437503,13.840327148437503,75,2
2024-03-27 03:00:00,46.15,50.157677,4.007676696777345,4.007676696777345,75,3
2024-03-27 04:00:00,32.09,54.700596,22.610595855712887,22.610595855712887,75,4
2024-03-27 05:00:00,68.21,59.35868,-8.851319274902337,8.851319274902337,75,5
2024-03-27 06:00:00,82.78,80.24659,-2.53341033935547,2.53341033935547,75,6
2024-03-27 07:00:00,79.99,75.89207,-4.097933044433589,4.097933044433589,75,7
2024-03-27 08:00:00,67.73,57.383366,-10.346634368896488,10.346634368896488,75,8
2024-03-27 09:00:00,63.52,51.5585,-11.961501617431644,11.961501617431644,75,9
2024-03-27 10:00:00,43.78,46.291843,2.5118434143066395,2.5118434143066395,75,10
2024-03-27 11:00:00,41.02,43.664803,2.644802551269528,2.644802551269528,75,11
2024-03-27 12:00:00,38.1,43.01032,4.910318756103514,4.910318756103514,75,12
2024-03-27 13:00:00,21.07,43.687782,22.617782287597656,22.617782287597656,75,13
2024-03-27 14:00:00,19.41,50.225185,30.81518539428711,30.81518539428711,75,14
2024-03-27 15:00:00,29.6,51.94852,22.34852066040039,22.34852066040039,75,15
2024-03-27 16:00:00,29.96,54.23341,24.273409881591796,24.273409881591796,75,16
2024-03-27 17:00:00,47.35,81.497314,34.147314453125,34.147314453125,75,17
2024-03-27 18:00:00,95.41,94.68999,-0.7200128173828091,0.7200128173828091,75,18
2024-03-27 19:00:00,60.95,67.5873,6.637303161621091,6.637303161621091,75,19
2024-03-27 20:00:00,49.5,51.04603,1.5460281372070312,1.5460281372070312,75,20
2024-03-27 21:00:00,46.21,53.209465,6.999465026855468,6.999465026855468,75,21
2024-03-27 22:00:00,32.66,52.10914,19.449138488769535,19.449138488769535,75,22
2024-03-27 23:00:00,21.24,51.390553,30.150552520751955,30.150552520751955,75,23
2024-03-28 00:00:00,12.82,48.283916,35.46391647338867,35.46391647338867,76,0
2024-03-28 01:00:00,11.19,51.403103,40.21310287475586,40.21310287475586,76,1
2024-03-28 02:00:00,10.37,50.393383,40.02338302612305,40.02338302612305,76,2
2024-03-28 03:00:00,5.16,56.586487,51.42648681640625,51.42648681640625,76,3
2024-03-28 04:00:00,12.43,47.37081,34.940811462402344,34.940811462402344,76,4
2024-03-28 05:00:00,17.92,68.973434,51.053434448242186,51.053434448242186,76,5
2024-03-28 06:00:00,28.62,81.04671,52.42670715332031,52.42670715332031,76,6
2024-03-28 07:00:00,19.39,73.46465,54.07465301513672,54.07465301513672,76,7
2024-03-28 08:00:00,22.91,60.473442,37.56344207763672,37.56344207763672,76,8
2024-03-28 09:00:00,8.98,49.24083,40.26082946777343,40.26082946777343,76,9
2024-03-28 10:00:00,3.68,43.53426,39.85425979614258,39.85425979614258,76,10
2024-03-28 11:00:00,6.71,43.51367,36.803671875,36.803671875,76,11
2024-03-28 12:00:00,0.05,41.379353,41.32935256958008,41.32935256958008,76,12
2024-03-28 13:00:00,0.15,40.402344,40.25234375,40.25234375,76,13
2024-03-28 14:00:00,5.57,41.353466,35.78346603393555,35.78346603393555,76,14
2024-03-28 15:00:00,7.89,50.629826,42.739825592041015,42.739825592041015,76,15
2024-03-28 16:00:00,15.03,50.839077,35.80907699584961,35.80907699584961,76,16
2024-03-28 17:00:00,26.64,62.128098,35.48809753417969,35.48809753417969,76,17
2024-03-28 18:00:00,59.87,91.25584,31.38583648681641,31.38583648681641,76,18
2024-03-28 19:00:00,34.46,57.324215,22.864214935302734,22.864214935302734,76,19
2024-03-28 20:00:00,18.71,52.34822,33.63822082519531,33.63822082519531,76,20
2024-03-28 21:00:00,32.06,49.462746,17.402745666503904,17.402745666503904,76,21
2024-03-28 22:00:00,25.0,44.745674,19.74567413330078,19.74567413330078,76,22
2024-03-28 23:00:00,20.6,43.371902,22.77190246582031,22.77190246582031,76,23
2024-03-29 00:00:00,18.83,25.110046,6.280046386718752,6.280046386718752,77,0
2024-03-29 01:00:00,12.43,25.321308,12.891308135986328,12.891308135986328,77,1
2024-03-29 02:00:00,10.24,27.058884,16.818883666992186,16.818883666992186,77,2
2024-03-29 03:00:00,12.59,44.95018,32.360180053710934,32.360180053710934,77,3
2024-03-29 04:00:00,14.32,35.237198,20.917197875976562,20.917197875976562,77,4
2024-03-29 05:00:00,22.02,38.913116,16.893116455078125,16.893116455078125,77,5
2024-03-29 06:00:00,28.65,41.764618,13.114617919921876,13.114617919921876,77,6
2024-03-29 07:00:00,29.09,40.13411,11.044109497070313,11.044109497070313,77,7
2024-03-29 08:00:00,27.25,32.890526,5.640525817871094,5.640525817871094,77,8
2024-03-29 09:00:00,20.9,26.866873,5.966872787475587,5.966872787475587,77,9
2024-03-29 10:00:00,18.75,24.968607,6.218606948852539,6.218606948852539,77,10
2024-03-29 11:00:00,12.96,23.51996,10.559960403442382,10.559960403442382,77,11
2024-03-29 12:00:00,9.86,22.020569,12.16056884765625,12.16056884765625,77,12
2024-03-29 13:00:00,13.44,21.374306,7.934305725097657,7.934305725097657,77,13
2024-03-29 14:00:00,19.61,24.81265,5.202650680541993,5.202650680541993,77,14
2024-03-29 15:00:00,23.45,29.779018,6.32901840209961,6.32901840209961,77,15
2024-03-29 16:00:00,44.46,31.380848,-13.079152069091798,13.079152069091798,77,16
2024-03-29 17:00:00,74.71,35.655685,-39.054314575195306,39.054314575195306,77,17
2024-03-29 18:00:00,105.5,54.227627,-51.27237319946289,51.27237319946289,77,18
2024-03-29 19:00:00,87.4,35.628216,-51.771784210205084,51.771784210205084,77,19
2024-03-29 20:00:00,59.64,32.498688,-27.141312255859376,27.141312255859376,77,20
2024-03-29 21:00:00,75.89,33.24633,-42.64366973876953,42.64366973876953,77,21
2024-03-29 22:00:00,70.0,31.997332,-38.002668380737305,38.002668380737305,77,22
2024-03-29 23:00:00,69.3,30.846087,-38.4539134979248,38.4539134979248,77,23
2024-03-30 00:00:00,58.16,30.91735,-27.242649230957028,27.242649230957028,78,0
2024-03-30 01:00:00,48.54,30.710215,-17.829785385131835,17.829785385131835,78,1
2024-03-30 02:00:00,59.09,28.532606,-30.557393875122074,30.557393875122074,78,2
2024-03-30 03:00:00,59.74,33.503174,-26.236826171875002,26.236826171875002,78,3
2024-03-30 04:00:00,65.05,26.765545,-38.284455108642575,38.284455108642575,78,4
2024-03-30 05:00:00,52.81,30.9797,-21.830299911499026,21.830299911499026,78,5
2024-03-30 06:00:00,45.85,30.202433,-15.647567367553712,15.647567367553712,78,6
2024-03-30 07:00:00,38.47,32.34504,-6.124960632324218,6.124960632324218,78,7
2024-03-30 08:00:00,43.38,28.723534,-14.656466369628909,14.656466369628909,78,8
2024-03-30 09:00:00,35.74,26.107443,-9.632557144165041,9.632557144165041,78,9
2024-03-30 10:00:00,24.48,21.758945,-2.72105453491211,2.72105453491211,78,10
2024-03-30 11:00:00,20.26,12.123755,-8.136244544982912,8.136244544982912,78,11
2024-03-30 12:00:00,9.93,11.33199,1.4019902420043948,1.4019902420043948,78,12
2024-03-30 13:00:00,15.93,12.001496,-3.9285036849975583,3.9285036849975583,78,13
2024-03-30 14:00:00,28.91,22.300158,-6.60984245300293,6.60984245300293,78,14
2024-03-30 15:00:00,52.52,23.152407,-29.36759330749512,29.36759330749512,78,15
2024-03-30 16:00:00,59.64,36.34393,-23.296070709228516,23.296070709228516,78,16
2024-03-30 17:00:00,76.23,57.5332,-18.69680068969727,18.69680068969727,78,17
2024-03-30 18:00:00,94.24,77.49581,-16.74418853759765,16.74418853759765,78,18
2024-03-30 19:00:00,82.4,69.89282,-12.507177734375006,12.507177734375006,78,19
2024-03-30 20:00:00,71.61,49.534275,-22.07572494506836,22.07572494506836,78,20
2024-03-30 21:00:00,70.83,57.98973,-12.84026916503906,12.84026916503906,78,21
2024-03-30 22:00:00,65.74,48.284702,-17.455297698974604,17.455297698974604,78,22
2024-03-30 23:00:00,60.13,49.74494,-10.385058288574221,10.385058288574221,78,23
2024-03-31 00:00:00,48.46,40.560375,-7.899624786376954,7.899624786376954,79,0
2024-03-31 01:00:00,17.66,39.712776,22.05277618408203,22.05277618408203,79,1
2024-03-31 02:00:00,15.96,40.510754,24.550753631591796,24.550753631591796,79,2
2024-03-31 03:00:00,29.91,42.824112,12.914111938476562,12.914111938476562,79,3
2024-03-31 04:00:00,23.52,44.945072,21.425072174072266,21.425072174072266,79,4
2024-03-31 05:00:00,33.29,37.463654,4.173653564453126,4.173653564453126,79,5
2024-03-31 06:00:00,29.83,35.171356,5.341356201171877,5.341356201171877,79,6
2024-03-31 07:00:00,24.53,26.974463,2.4444625091552723,2.4444625091552723,79,7
2024-03-31 08:00:00,31.25,26.746386,-4.50361442565918,4.50361442565918,79,8
2024-03-31 09:00:00,29.25,19.552937,-9.697063446044922,9.697063446044922,79,9
2024-03-31 10:00:00,20.47,19.21251,-1.2574908447265614,1.2574908447265614,79,10
2024-03-31 11:00:00,3.2,14.760131,11.560130882263184,11.560130882263184,79,11
2024-03-31 12:00:00,1.03,17.785343,16.755343170166014,16.755343170166014,79,12
2024-03-31 13:00:00,10.88,7.521982,-3.3580178070068367,3.3580178070068367,79,13
2024-03-31 14:00:00,8.19,22.142174,13.952173767089844,13.952173767089844,79,14
2024-03-31 15:00:00,10.15,28.865158,18.71515808105469,18.71515808105469,79,15
2024-03-31 16:00:00,14.41,40.79121,26.381210174560547,26.381210174560547,79,16
2024-03-31 17:00:00,21.76,57.73413,35.974130859374995,35.974130859374995,79,17
2024-03-31 18:00:00,31.62,82.100204,50.48020446777343,50.48020446777343,79,18
2024-03-31 19:00:00,26.12,62.661747,36.54174697875976,36.54174697875976,79,19
2024-03-31 20:00:00,24.53,51.17957,26.649569244384764,26.649569244384764,79,20
2024-03-31 21:00:00,32.35,50.95093,18.600931549072264,18.600931549072264,79,21
2024-03-31 22:00:00,40.7,43.52935,2.829350280761716,2.829350280761716,79,22
2024-03-31 23:00:00,32.1,36.102943,4.002943420410155,4.002943420410155,79,23
2024-04-05 00:00:00,8.35,42.501217,34.15121688842773,34.15121688842773,84,0
2024-04-05 01:00:00,4.77,37.35095,32.58094833374024,32.58094833374024,84,1
2024-04-05 02:00:00,2.42,34.895542,32.47554214477539,32.47554214477539,84,2
2024-04-05 03:00:00,3.71,35.00917,31.29917053222656,31.29917053222656,84,3
2024-04-05 04:00:00,9.34,29.732466,20.392465744018555,20.392465744018555,84,4
2024-04-05 05:00:00,5.15,34.06851,28.91850814819336,28.91850814819336,84,5
2024-04-05 06:00:00,12.65,35.917557,23.267556762695314,23.267556762695314,84,6
2024-04-05 07:00:00,3.86,35.511635,31.651634826660157,31.651634826660157,84,7
2024-04-05 08:00:00,3.4,31.556303,28.156303024291994,28.156303024291994,84,8
2024-04-05 09:00:00,2.0,32.13448,30.134479522705078,30.134479522705078,84,9
2024-04-05 10:00:00,2.09,31.57736,29.487360153198242,29.487360153198242,84,10
2024-04-05 11:00:00,0.0,31.938375,31.93837547302246,31.93837547302246,84,11
2024-04-05 12:00:00,-0.02,32.412735,32.432734985351566,32.432734985351566,84,12
2024-04-05 13:00:00,-0.05,29.476591,29.526591110229493,29.526591110229493,84,13
2024-04-05 14:00:00,0.0,34.0938,34.09379959106445,34.09379959106445,84,14
2024-04-05 15:00:00,0.08,37.355515,37.27551452636719,37.27551452636719,84,15
2024-04-05 16:00:00,7.54,43.60272,36.062718353271485,36.062718353271485,84,16
2024-04-05 17:00:00,11.3,47.113583,35.81358261108399,35.81358261108399,84,17
2024-04-05 18:00:00,14.4,50.323776,35.92377624511719,35.92377624511719,84,18
2024-04-05 19:00:00,5.14,49.528057,44.38805709838867,44.38805709838867,84,19
2024-04-05 20:00:00,14.75,43.690075,28.940074920654297,28.940074920654297,84,20
2024-04-05 21:00:00,15.78,43.161686,27.381685943603514,27.381685943603514,84,21
2024-04-05 22:00:00,5.35,38.98476,33.63476028442383,33.63476028442383,84,22
2024-04-05 23:00:00,0.0,38.981533,38.98153305053711,38.98153305053711,84,23
2024-04-10 00:00:00,6.7,22.038965,15.338965225219727,15.338965225219727,89,0
2024-04-10 01:00:00,9.06,26.348854,17.288854064941404,17.288854064941404,89,1
2024-04-10 02:00:00,9.76,23.729488,13.969488372802735,13.969488372802735,89,2
2024-04-10 03:00:00,18.71,18.65475,-0.05524917602539148,0.05524917602539148,89,3
2024-04-10 04:00:00,46.16,18.349594,-27.81040588378906,27.81040588378906,89,4
2024-04-10 05:00:00,99.63,22.78521,-76.84479034423828,76.84479034423828,89,5
2024-04-10 06:00:00,108.69,27.217138,-81.47286170959472,81.47286170959472,89,6
2024-04-10 07:00:00,83.56,27.589,-55.970999298095705,55.970999298095705,89,7
2024-04-10 08:00:00,67.5,23.421505,-44.078495025634766,44.078495025634766,89,8
2024-04-10 09:00:00,49.03,21.634768,-27.39523246765137,27.39523246765137,89,9
2024-04-10 10:00:00,35.86,20.544325,-15.31567512512207,15.31567512512207,89,10
2024-04-10 11:00:00,27.96,21.586365,-6.373635253906251,6.373635253906251,89,11
2024-04-10 12:00:00,23.37,22.308441,-1.061558837890626,1.061558837890626,89,12
2024-04-10 13:00:00,21.84,20.682756,-1.1572435760498045,1.1572435760498045,89,13
2024-04-10 14:00:00,17.93,20.628202,2.6982024383544925,2.6982024383544925,89,14
2024-04-10 15:00:00,52.7,24.371582,-28.328417968750003,28.328417968750003,89,15
2024-04-10 16:00:00,31.85,25.528252,-6.321748352050783,6.321748352050783,89,16
2024-04-10 17:00:00,46.49,29.859695,-16.63030456542969,16.63030456542969,89,17
2024-04-10 18:00:00,35.71,27.806828,-7.903172454833985,7.903172454833985,89,18
2024-04-10 19:00:00,34.45,32.479717,-1.970282745361331,1.970282745361331,89,19
2024-04-10 20:00:00,48.22,28.813763,-19.406237335205077,19.406237335205077,89,20
2024-04-10 21:00:00,27.59,27.286266,-0.303733673095703,0.303733673095703,89,21
2024-04-10 22:00:00,3.25,25.74089,22.490890502929688,22.490890502929688,89,22
2024-04-10 23:00:00,1.0,19.167671,18.16767120361328,18.16767120361328,89,23
2024-04-12 00:00:00,12.5,17.407722,4.907722473144531,4.907722473144531,91,0
2024-04-12 01:00:00,11.94,19.251247,7.31124740600586,7.31124740600586,91,1
2024-04-12 02:00:00,12.49,19.854986,7.364986190795898,7.364986190795898,91,2
2024-04-12 03:00:00,16.93,19.24381,2.3138106536865237,2.3138106536865237,91,3
2024-04-12 04:00:00,33.47,24.010963,-9.459036560058593,9.459036560058593,91,4
2024-04-12 05:00:00,78.44,35.88111,-42.55888885498047,42.55888885498047,91,5
2024-04-12 06:00:00,74.04,49.395016,-24.644984283447272,24.644984283447272,91,6
2024-04-12 07:00:00,14.86,33.58818,18.728180541992188,18.728180541992188,91,7
2024-04-12 08:00:00,11.8,22.645668,10.845668029785156,10.845668029785156,91,8
2024-04-12 09:00:00,18.7,19.234516,0.5345161437988288,0.5345161437988288,91,9
2024-04-12 10:00:00,0.0,13.113669,13.113669395446777,13.113669395446777,91,10
2024-04-12 11:00:00,-0.06,8.920688,8.980687675476075,8.980687675476075,91,11
2024-04-12 12:00:00,-0.09,9.0185175,9.10851749420166,9.10851749420166,91,12
2024-04-12 13:00:00,-0.37,8.374425,8.744424934387206,8.744424934387206,91,13
2024-04-12 14:00:00,-0.03,11.189361,11.219360618591308,11.219360618591308,91,14
2024-04-12 15:00:00,4.69,12.94395,8.253949699401854,8.253949699401854,91,15
2024-04-12 16:00:00,8.46,16.082802,7.622801818847655,7.622801818847655,91,16
2024-04-12 17:00:00,25.61,20.175856,-5.43414436340332,5.43414436340332,91,17
2024-04-12 18:00:00,39.35,39.340572,-0.009427642822267046,0.009427642822267046,91,18
2024-04-12 19:00:00,38.47,50.425606,11.955605773925782,11.955605773925782,91,19
2024-04-12 20:00:00,38.05,49.541927,11.491927337646487,11.491927337646487,91,20
2024-04-12 21:00:00,26.67,22.816813,-3.8531874847412126,3.8531874847412126,91,21
2024-04-12 22:00:00,24.15,18.292171,-5.857828521728514,5.857828521728514,91,22
2024-04-12 23:00:00,17.73,14.067186,-3.66281364440918,3.66281364440918,91,23
2024-04-13 00:00:00,17.15,11.245825,-5.904175186157225,5.904175186157225,92,0
2024-04-13 01:00:00,11.13,12.349834,1.219834442138671,1.219834442138671,92,1
2024-04-13 02:00:00,7.74,12.36368,4.623679885864258,4.623679885864258,92,2
2024-04-13 03:00:00,6.79,12.942591,6.1525907135009765,6.1525907135009765,92,3
2024-04-13 04:00:00,10.39,17.26126,6.871259078979492,6.871259078979492,92,4
2024-04-13 05:00:00,11.76,49.71826,37.95826171875,37.95826171875,92,5
2024-04-13 06:00:00,13.26,49.64349,36.383489837646486,36.383489837646486,92,6
2024-04-13 07:00:00,8.8,24.268267,15.468266677856445,15.468266677856445,92,7
2024-04-13 08:00:00,-0.02,19.611227,19.63122703552246,19.63122703552246,92,8
2024-04-13 09:00:00,-9.79,17.582699,27.372698822021484,27.372698822021484,92,9
2024-04-13 10:00:00,-20.64,11.820835,32.46083511352539,32.46083511352539,92,10
2024-04-13 11:00:00,-50.0,1.7638358,51.76383578777313,51.76383578777313,92,11
2024-04-13 12:00:00,-55.01,0.017979076,55.027979076132176,55.027979076132176,92,12
2024-04-13 13:00:00,-49.91,-0.59275883,49.31724116563797,49.31724116563797,92,13
2024-04-13 14:00:00,-19.0,4.5614777,23.561477661132812,23.561477661132812,92,14
2024-04-13 15:00:00,-0.08,9.085343,9.165343360900879,9.165343360900879,92,15
2024-04-13 16:00:00,1.2,21.269493,20.069493103027344,20.069493103027344,92,16
2024-04-13 17:00:00,11.66,23.568853,11.908853378295898,11.908853378295898,92,17
2024-04-13 18:00:00,24.96,31.357185,6.39718536376953,6.39718536376953,92,18
2024-04-13 19:00:00,33.82,30.541847,-3.278152770996094,3.278152770996094,92,19
2024-04-13 20:00:00,24.26,27.28297,3.0229704284667953,3.0229704284667953,92,20
2024-04-13 21:00:00,13.83,27.845894,14.015893859863281,14.015893859863281,92,21
2024-04-13 22:00:00,5.79,13.847082,8.057082138061524,8.057082138061524,92,22
2024-04-13 23:00:00,2.74,14.482182,11.742181549072265,11.742181549072265,92,23
2024-04-14 00:00:00,1.69,8.276735,6.586735305786133,6.586735305786133,93,0
2024-04-14 01:00:00,1.51,7.8790827,6.369082679748535,6.369082679748535,93,1
2024-04-14 02:00:00,3.25,7.1774893,3.9274892807006836,3.9274892807006836,93,2
2024-04-14 03:00:00,6.35,5.49445,-0.8555499076843258,0.8555499076843258,93,3
2024-04-14 04:00:00,12.86,6.787231,-6.072769031524658,6.072769031524658,93,4
2024-04-14 05:00:00,13.0,7.8918777,-5.1081223487854,5.1081223487854,93,5
2024-04-14 06:00:00,7.65,13.430845,5.780845260620117,5.780845260620117,93,6
2024-04-14 07:00:00,0.0,3.9823458,3.9823458194732666,3.9823458194732666,93,7
2024-04-14 08:00:00,-0.53,-0.25319824,0.2768017637729645,0.2768017637729645,93,8
2024-04-14 09:00:00,-7.37,-0.22671613,7.1432838690280915,7.1432838690280915,93,9
2024-04-14 10:00:00,-2.16,-7.4653482,-5.305348243713379,5.305348243713379,93,10
2024-04-14 11:00:00,-10.58,-3.892745,6.687254981994629,6.687254981994629,93,11
2024-04-14 12:00:00,-23.62,-4.4783835,19.141616458892823,19.141616458892823,93,12
2024-04-14 13:00:00,-39.89,-4.6458693,35.24413074493408,35.24413074493408,93,13
2024-04-14 14:00:00,-6.25,-0.8888924,5.361107587814331,5.361107587814331,93,14
2024-04-14 15:00:00,1.57,2.9746964,1.404696397781372,1.404696397781372,93,15
2024-04-14 16:00:00,7.96,12.865534,4.905533828735352,4.905533828735352,93,16
2024-04-14 17:00:00,2.5,16.390242,13.890241622924805,13.890241622924805,93,17
2024-04-14 18:00:00,18.41,26.145308,7.7353075408935545,7.7353075408935545,93,18
2024-04-14 19:00:00,30.77,28.620775,-2.1492247772216793,2.1492247772216793,93,19
2024-04-14 20:00:00,19.72,25.389006,5.669005661010743,5.669005661010743,93,20
2024-04-14 21:00:00,17.0,15.95754,-1.0424604415893555,1.0424604415893555,93,21
2024-04-14 22:00:00,7.3,6.8588843,-0.44111566543579084,0.44111566543579084,93,22
2024-04-14 23:00:00,3.25,3.9567273,0.7067272663116455,0.7067272663116455,93,23
2024-04-17 00:00:00,9.62,14.8113165,5.191316490173341,5.191316490173341,96,0
2024-04-17 01:00:00,4.84,16.353748,11.513748321533203,11.513748321533203,96,1
2024-04-17 02:00:00,8.03,15.653177,7.62317726135254,7.62317726135254,96,2
2024-04-17 03:00:00,22.03,18.438965,-3.591035156250001,3.591035156250001,96,3
2024-04-17 04:00:00,65.62,24.548351,-41.07164871215821,41.07164871215821,96,4
2024-04-17 05:00:00,140.0,36.90858,-103.0914192199707,103.0914192199707,96,5
2024-04-17 06:00:00,101.53,37.0041,-64.52589920043945,64.52589920043945,96,6
2024-04-17 07:00:00,48.78,33.092163,-15.687836914062501,15.687836914062501,96,7
2024-04-17 08:00:00,15.68,25.254456,9.57445556640625,9.57445556640625,96,8
2024-04-17 09:00:00,1.15,23.881706,22.73170623779297,22.73170623779297,96,9
2024-04-17 10:00:00,0.0,24.189949,24.18994903564453,24.18994903564453,96,10
2024-04-17 11:00:00,0.04,38.534462,38.49446197509766,38.49446197509766,96,11
2024-04-17 12:00:00,6.7,43.61753,36.9175308227539,36.9175308227539,96,12
2024-04-17 13:00:00,6.36,30.666616,24.306616439819337,24.306616439819337,96,13
2024-04-17 14:00:00,0.96,22.79805,21.83804992675781,21.83804992675781,96,14
2024-04-17 15:00:00,18.91,20.632277,1.7222765350341795,1.7222765350341795,96,15
2024-04-17 16:00:00,35.8,23.851961,-11.94803886413574,11.94803886413574,96,16
2024-04-17 17:00:00,96.46,26.901503,-69.55849739074706,69.55849739074706,96,17
2024-04-17 18:00:00,113.9,29.507944,-84.39205589294434,84.39205589294434,96,18
2024-04-17 19:00:00,115.63,31.145657,-84.48434341430664,84.48434341430664,96,19
2024-04-17 20:00:00,52.63,28.105303,-24.524697189331057,24.524697189331057,96,20
2024-04-17 21:00:00,54.83,27.872889,-26.95711143493652,26.95711143493652,96,21
2024-04-17 22:00:00,89.04,22.118343,-66.92165664672852,66.92165664672852,96,22
2024-04-17 23:00:00,74.94,23.09427,-51.84572929382324,51.84572929382324,96,23
2024-04-18 00:00:00,52.58,12.623245,-39.956754760742186,39.956754760742186,97,0
2024-04-18 01:00:00,25.27,11.893523,-13.376476783752441,13.376476783752441,97,1
2024-04-18 02:00:00,38.86,9.341846,-29.518153533935546,29.518153533935546,97,2
2024-04-18 03:00:00,19.22,10.375138,-8.84486171722412,8.84486171722412,97,3
2024-04-18 04:00:00,62.47,34.997448,-27.472552032470702,27.472552032470702,97,4
2024-04-18 05:00:00,114.87,91.84251,-23.0274935913086,23.0274935913086,97,5
2024-04-18 06:00:00,131.19,69.72103,-61.468968811035154,61.468968811035154,97,6
2024-04-18 07:00:00,101.12,32.68327,-68.43673049926758,68.43673049926758,97,7
2024-04-18 08:00:00,49.74,13.952677,-35.78732322692871,35.78732322692871,97,8
2024-04-18 09:00:00,21.72,7.9930553,-13.72694465637207,13.72694465637207,97,9
2024-04-18 10:00:00,23.17,6.1393943,-17.030605716705324,17.030605716705324,97,10
2024-04-18 11:00:00,33.29,7.131065,-26.158935108184814,26.158935108184814,97,11
2024-04-18 12:00:00,26.02,4.0057297,-22.01427032470703,22.01427032470703,97,12
2024-04-18 13:00:00,12.23,4.388522,-7.841477851867676,7.841477851867676,97,13
2024-04-18 14:00:00,13.21,7.3379602,-5.872039756774903,5.872039756774903,97,14
2024-04-18 15:00:00,13.27,11.490389,-1.7796111297607418,1.7796111297607418,97,15
2024-04-18 16:00:00,29.08,20.595354,-8.484645919799803,8.484645919799803,97,16
2024-04-18 17:00:00,112.33,68.141106,-44.18889434814453,44.18889434814453,97,17
2024-04-18 18:00:00,115.6,80.00469,-35.595307922363276,35.595307922363276,97,18
2024-04-18 19:00:00,95.07,84.237114,-10.832886047363274,10.832886047363274,97,19
2024-04-18 20:00:00,89.68,40.948917,-48.73108261108399,48.73108261108399,97,20
2024-04-18 21:00:00,75.67,36.774254,-38.89574615478516,38.89574615478516,97,21
2024-04-18 22:00:00,36.21,64.125946,27.915946044921874,27.915946044921874,97,22
2024-04-18 23:00:00,15.82,57.901867,42.0818669128418,42.0818669128418,97,23
2024-04-21 00:00:00,44.07,25.22609,-18.843910522460938,18.843910522460938,100,0
2024-04-21 01:00:00,44.88,23.806904,-21.073096160888674,21.073096160888674,100,1
2024-04-21 02:00:00,30.0,27.750479,-2.249521255493164,2.249521255493164,100,2
2024-04-21 03:00:00,17.14,22.60814,5.46814094543457,5.46814094543457,100,3
2024-04-21 04:00:00,18.93,18.903017,-0.026982955932616903,0.026982955932616903,100,4
2024-04-21 05:00:00,9.36,24.017054,14.657053604125977,14.657053604125977,100,5
2024-04-21 06:00:00,9.72,17.077332,7.357331542968749,7.357331542968749,100,6
2024-04-21 07:00:00,6.22,21.966364,15.746363906860353,15.746363906860353,100,7
2024-04-21 08:00:00,0.0,17.458025,17.458024978637695,17.458024978637695,100,8
2024-04-21 09:00:00,-0.01,22.649727,22.659726867675783,22.659726867675783,100,9
2024-04-21 10:00:00,-0.07,7.5110245,7.5810244750976565,7.5810244750976565,100,10
2024-04-21 11:00:00,-1.21,6.32902,7.539020023345947,7.539020023345947,100,11
2024-04-21 12:00:00,-1.49,4.9759855,6.465985527038574,6.465985527038574,100,12
2024-04-21 13:00:00,-1.5,-0.3062133,1.1937867105007172,1.1937867105007172,100,13
2024-04-21 14:00:00,-1.32,1.9556512,3.275651164054871,3.275651164054871,100,14
2024-04-21 15:00:00,-0.19,4.841556,5.031556072235108,5.031556072235108,100,15
2024-04-21 16:00:00,3.88,9.431907,5.5519067001342775,5.5519067001342775,100,16
2024-04-21 17:00:00,42.05,22.932339,-19.117661285400388,19.117661285400388,100,17
2024-04-21 18:00:00,31.74,21.614223,-10.125776519775389,10.125776519775389,100,18
2024-04-21 19:00:00,35.88,26.250227,-9.629773025512698,9.629773025512698,100,19
2024-04-21 20:00:00,34.18,36.261482,2.0814822387695315,2.0814822387695315,100,20
2024-04-21 21:00:00,27.65,38.583107,10.933106994628908,10.933106994628908,100,21
2024-04-21 22:00:00,32.08,32.694393,0.6143931579589861,0.6143931579589861,100,22
2024-04-21 23:00:00,78.05,26.482447,-51.56755332946777,51.56755332946777,100,23
2024-04-22 00:00:00,78.44,40.52319,-37.91681045532226,37.91681045532226,101,0
2024-04-22 01:00:00,26.29,29.056606,2.7666062927246102,2.7666062927246102,101,1
2024-04-22 02:00:00,10.78,19.651089,8.87108871459961,8.87108871459961,101,2
2024-04-22 03:00:00,36.17,16.21814,-19.9518603515625,19.9518603515625,101,3
2024-04-22 04:00:00,90.5,19.647137,-70.85286331176758,70.85286331176758,101,4
2024-04-22 05:00:00,125.48,34.571354,-90.90864608764649,90.90864608764649,101,5
2024-04-22 06:00:00,117.46,34.327053,-83.13294692993163,83.13294692993163,101,6
2024-04-22 07:00:00,97.05,24.669685,-72.38031463623047,72.38031463623047,101,7
2024-04-22 08:00:00,48.22,15.695559,-32.524441452026366,32.524441452026366,101,8
2024-04-22 09:00:00,14.64,10.84711,-3.7928902053833013,3.7928902053833013,101,9
2024-04-22 10:00:00,33.07,9.218993,-23.851006813049317,23.851006813049317,101,10
2024-04-22 11:00:00,44.17,9.890664,-34.27933589935303,34.27933589935303,101,11
2024-04-22 12:00:00,18.99,5.3411736,-13.64882635116577,13.64882635116577,101,12
2024-04-22 13:00:00,11.88,5.0519576,-6.828042392730714,6.828042392730714,101,13
2024-04-22 14:00:00,13.73,8.24675,-5.483250122070313,5.483250122070313,101,14
2024-04-22 15:00:00,40.05,10.3332405,-29.716759490966794,29.716759490966794,101,15
2024-04-22 16:00:00,56.81,16.63475,-40.175249633789065,40.175249633789065,101,16
2024-04-22 17:00:00,73.78,38.14054,-35.639458923339845,35.639458923339845,101,17
2024-04-22 18:00:00,93.48,32.40108,-61.078918914794926,61.078918914794926,101,18
2024-04-22 19:00:00,100.33,36.138226,-64.19177444458008,64.19177444458008,101,19
2024-04-22 20:00:00,95.67,33.402363,-62.267637176513674,62.267637176513674,101,20
2024-04-22 21:00:00,93.45,27.04255,-66.40745086669922,66.40745086669922,101,21
2024-04-22 22:00:00,88.32,24.09095,-64.22904998779296,64.22904998779296,101,22
2024-04-22 23:00:00,86.69,52.93581,-33.75418991088867,33.75418991088867,101,23
2024-04-23 00:00:00,85.95,64.68359,-21.266406250000003,21.266406250000003,102,0
2024-04-23 01:00:00,77.99,31.186401,-46.803598632812495,46.803598632812495,102,1
2024-04-23 02:00:00,69.73,29.434229,-40.29577110290528,40.29577110290528,102,2
2024-04-23 03:00:00,62.56,34.12656,-28.43343978881836,28.43343978881836,102,3
2024-04-23 04:00:00,99.92,71.837685,-28.082315368652345,28.082315368652345,102,4
2024-04-23 05:00:00,131.47,102.48863,-28.98136779785156,28.98136779785156,102,5
2024-04-23 06:00:00,136.28,97.42464,-38.85536315917969,38.85536315917969,102,6
2024-04-23 07:00:00,98.42,88.06621,-10.353792114257814,10.353792114257814,102,7
2024-04-23 08:00:00,82.9,50.289146,-32.61085357666016,32.61085357666016,102,8
2024-04-23 09:00:00,78.03,34.54358,-43.4864208984375,43.4864208984375,102,9
2024-04-23 10:00:00,76.5,38.26215,-38.237850189208984,38.237850189208984,102,10
2024-04-23 11:00:00,67.84,43.209103,-24.63089736938477,24.63089736938477,102,11
2024-04-23 12:00:00,78.62,30.557196,-48.062804336547856,48.062804336547856,102,12
2024-04-23 13:00:00,66.4,30.059717,-36.34028282165528,36.34028282165528,102,13
2024-04-23 14:00:00,65.39,32.34981,-33.04018844604492,33.04018844604492,102,14
2024-04-23 15:00:00,75.12,46.07439,-29.04560958862305,29.04560958862305,102,15
2024-04-23 16:00:00,79.08,54.53049,-24.549509124755858,24.549509124755858,102,16
2024-04-23 17:00:00,80.16,69.708595,-10.45140472412109,10.45140472412109,102,17
2024-04-23 18:00:00,81.0,82.17092,1.1709213256835938,1.1709213256835938,102,18
2024-04-23 19:00:00,86.69,91.26789,4.5778909301757835,4.5778909301757835,102,19
2024-04-23 20:00:00,95.37,87.30786,-8.062138671875005,8.062138671875005,102,20
2024-04-23 21:00:00,81.58,84.1481,2.5681018066406267,2.5681018066406267,102,21
2024-04-23 22:00:00,68.73,80.236046,11.50604583740234,11.50604583740234,102,22
2024-04-23 23:00:00,60.47,81.782555,21.312554626464845,21.312554626464845,102,23
2024-04-24 00:00:00,64.94,83.66681,18.726809082031252,18.726809082031252,103,0
2024-04-24 01:00:00,51.73,79.559,27.82899810791016,27.82899810791016,103,1
2024-04-24 02:00:00,49.32,70.55822,21.23821990966797,21.23821990966797,103,2
2024-04-24 03:00:00,62.35,61.62487,-0.7251296997070327,0.7251296997070327,103,3
2024-04-24 04:00:00,74.67,97.91814,23.248136596679686,23.248136596679686,103,4
2024-04-24 05:00:00,98.86,120.51854,21.658539428710938,21.658539428710938,103,5
2024-04-24 06:00:00,107.62,124.010796,16.390795593261714,16.390795593261714,103,6
2024-04-24 07:00:00,89.1,96.30946,7.209463500976568,7.209463500976568,103,7
2024-04-24 08:00:00,61.53,100.37449,38.844488830566405,38.844488830566405,103,8
2024-04-24 09:00:00,68.62,76.62407,8.004069213867183,8.004069213867183,103,9
2024-04-24 10:00:00,79.01,73.133095,-5.876905212402349,5.876905212402349,103,10
2024-04-24 11:00:00,44.72,63.216106,18.496106414794923,18.496106414794923,103,11
2024-04-24 12:00:00,39.81,73.26599,33.4559912109375,33.4559912109375,103,12
2024-04-24 13:00:00,34.24,64.26747,30.02747131347656,30.02747131347656,103,13
2024-04-24 14:00:00,14.8,64.10484,49.30484313964844,49.30484313964844,103,14
2024-04-24 15:00:00,42.88,77.25249,34.372487182617185,34.372487182617185,103,15
2024-04-24 16:00:00,52.38,83.23564,30.855641479492185,30.855641479492185,103,16
2024-04-24 17:00:00,74.7,86.2161,11.516102600097653,11.516102600097653,103,17
2024-04-24 18:00:00,92.45,87.90614,-4.54385681152344,4.54385681152344,103,18
2024-04-24 19:00:00,101.48,93.18076,-8.299236755371098,8.299236755371098,103,19
2024-04-24 20:00:00,93.06,94.43988,1.3798803710937477,1.3798803710937477,103,20
2024-04-24 21:00:00,88.28,89.39147,1.1114718627929676,1.1114718627929676,103,21
2024-04-24 22:00:00,83.5,81.09023,-2.4097671508789062,2.4097671508789062,103,22
2024-04-24 23:00:00,80.0,74.960945,-5.039054870605469,5.039054870605469,103,23
2024-04-25 00:00:00,77.39,65.91933,-11.470673217773438,11.470673217773438,104,0
2024-04-25 01:00:00,69.18,61.335308,-7.844691925048835,7.844691925048835,104,1
2024-04-25 02:00:00,64.31,57.822933,-6.487066802978518,6.487066802978518,104,2
2024-04-25 03:00:00,79.97,59.23914,-20.730860443115233,20.730860443115233,104,3
2024-04-25 04:00:00,77.13,78.66292,1.532918090820317,1.532918090820317,104,4
2024-04-25 05:00:00,102.24,113.16762,10.927617797851568,10.927617797851568,104,5
2024-04-25 06:00:00,105.05,119.08999,14.039988708496097,14.039988708496097,104,6
2024-04-25 07:00:00,92.1,92.2125,0.11250152587891193,0.11250152587891193,104,7
2024-04-25 08:00:00,80.01,82.15193,2.1419317626953074,2.1419317626953074,104,8
2024-04-25 09:00:00,78.2,83.78491,5.584912109374997,5.584912109374997,104,9
2024-04-25 10:00:00,73.92,73.516205,-0.4037951660156267,0.4037951660156267,104,10
2024-04-25 11:00:00,61.32,54.337917,-6.982082672119141,6.982082672119141,104,11
2024-04-25 12:00:00,57.04,45.31791,-11.722090759277343,11.722090759277343,104,12
2024-04-25 13:00:00,60.0,40.156532,-19.843467712402344,19.843467712402344,104,13
2024-04-25 14:00:00,61.19,42.17488,-19.015119018554685,19.015119018554685,104,14
2024-04-25 15:00:00,66.64,51.23561,-15.404389038085938,15.404389038085938,104,15
2024-04-25 16:00:00,88.59,66.30767,-22.282329406738285,22.282329406738285,104,16
2024-04-25 17:00:00,71.86,82.79598,10.935982360839844,10.935982360839844,104,17
2024-04-25 18:00:00,88.61,94.98186,6.371857299804688,6.371857299804688,104,18
2024-04-25 19:00:00,109.9,99.86205,-10.037947082519537,10.037947082519537,104,19
2024-04-25 20:00:00,91.35,99.27613,7.926130676269537,7.926130676269537,104,20
2024-04-25 21:00:00,79.74,92.25319,12.513189086914068,12.513189086914068,104,21
2024-04-25 22:00:00,79.87,84.264534,4.394533996582027,4.394533996582027,104,22
2024-04-25 23:00:00,74.0,78.59715,4.5971527099609375,4.5971527099609375,104,23
2024-04-26 00:00:00,67.81,75.458626,7.648625793457029,7.648625793457029,105,0
2024-04-26 01:00:00,74.07,62.353256,-11.716743774414056,11.716743774414056,105,1
2024-04-26 02:00:00,77.1,58.759926,-18.340074157714838,18.340074157714838,105,2
2024-04-26 03:00:00,73.88,73.1301,-0.7499035644531205,0.7499035644531205,105,3
2024-04-26 04:00:00,91.82,76.4093,-15.410698242187493,15.410698242187493,105,4
2024-04-26 05:00:00,104.06,100.77667,-3.2833276367187523,3.2833276367187523,105,5
2024-04-26 06:00:00,96.06,101.22021,5.1602072143554665,5.1602072143554665,105,6
2024-04-26 07:00:00,81.08,87.92253,6.842531127929689,6.842531127929689,105,7
2024-04-26 08:00:00,79.11,76.74693,-2.363067016601562,2.363067016601562,105,8
2024-04-26 09:00:00,72.95,72.42531,-0.5246917724609403,0.5246917724609403,105,9
2024-04-26 10:00:00,70.35,68.94829,-1.4017120361328068,1.4017120361328068,105,10
2024-04-26 11:00:00,68.74,57.15476,-11.585241546630854,11.585241546630854,105,11
2024-04-26 12:00:00,65.37,53.743526,-11.62647354125977,11.62647354125977,105,12
2024-04-26 13:00:00,69.92,56.49781,-13.42218963623047,13.42218963623047,105,13
2024-04-26 14:00:00,69.86,59.097588,-10.76241241455078,10.76241241455078,105,14
2024-04-26 15:00:00,76.07,66.7666,-9.303398437499993,9.303398437499993,105,15
2024-04-26 16:00:00,81.36,85.44681,4.086807861328126,4.086807861328126,105,16
2024-04-26 17:00:00,101.16,77.24409,-23.915912780761715,23.915912780761715,105,17
2024-04-26 18:00:00,95.09,88.41658,-6.673419799804691,6.673419799804691,105,18
2024-04-26 19:00:00,96.06,101.89653,5.836530151367185,5.836530151367185,105,19
2024-04-26 20:00:00,81.49,93.401726,11.911725769042974,11.911725769042974,105,20
2024-04-26 21:00:00,88.26,81.89823,-6.361768493652349,6.361768493652349,105,21
2024-04-26 22:00:00,88.04,73.970634,-14.069365539550788,14.069365539550788,105,22
2024-04-26 23:00:00,72.39,69.336945,-3.0530554199218756,3.0530554199218756,105,23
2024-04-28 00:00:00,39.6,71.12891,31.52890625,31.52890625,107,0
2024-04-28 01:00:00,20.97,63.533092,42.5630924987793,42.5630924987793,107,1
2024-04-28 02:00:00,5.7,57.43027,51.73027114868164,51.73027114868164,107,2
2024-04-28 03:00:00,8.43,43.83649,35.406490631103516,35.406490631103516,107,3
2024-04-28 04:00:00,9.92,35.355877,25.43587692260742,25.43587692260742,107,4
2024-04-28 05:00:00,0.1,41.42597,41.325968170166014,41.325968170166014,107,5
2024-04-28 06:00:00,-0.07,34.690975,34.760975189208985,34.760975189208985,107,6
2024-04-28 07:00:00,-1.02,45.975063,46.99506332397461,46.99506332397461,107,7
2024-04-28 08:00:00,-16.64,34.69598,51.335980072021485,51.335980072021485,107,8
2024-04-28 09:00:00,-36.74,41.62731,78.36731170654298,78.36731170654298,107,9
2024-04-28 10:00:00,-13.14,26.78229,39.92228950500488,39.92228950500488,107,10
2024-04-28 11:00:00,-26.98,10.508731,37.4887308883667,37.4887308883667,107,11
2024-04-28 12:00:00,-65.06,4.524738,69.58473783493042,69.58473783493042,107,12
2024-04-28 13:00:00,-52.43,9.78938,62.21938007354736,62.21938007354736,107,13
2024-04-28 14:00:00,-23.25,11.12671,34.376709938049316,34.376709938049316,107,14
2024-04-28 15:00:00,-0.02,18.230343,18.250342864990234,18.250342864990234,107,15
2024-04-28 16:00:00,20.66,36.14527,15.485271301269531,15.485271301269531,107,16
2024-04-28 17:00:00,53.18,42.381588,-10.798412017822265,10.798412017822265,107,17
2024-04-28 18:00:00,62.32,51.31908,-11.000919647216797,11.000919647216797,107,18
2024-04-28 19:00:00,78.56,63.963192,-14.596808013916018,14.596808013916018,107,19
2024-04-28 20:00:00,72.21,63.047047,-9.16295333862304,9.16295333862304,107,20
2024-04-28 21:00:00,66.94,60.314606,-6.625394287109373,6.625394287109373,107,21
2024-04-28 22:00:00,63.15,52.586773,-10.563227081298827,10.563227081298827,107,22
2024-04-28 23:00:00,60.05,41.27984,-18.77016143798828,18.77016143798828,107,23
2024-04-29 00:00:00,58.93,56.255325,-2.674674682617187,2.674674682617187,108,0
2024-04-29 01:00:00,58.87,53.000202,-5.869797821044919,5.869797821044919,108,1
2024-04-29 02:00:00,56.0,46.237247,-9.762752532958984,9.762752532958984,108,2
2024-04-29 03:00:00,58.52,46.80467,-11.715331573486331,11.715331573486331,108,3
2024-04-29 04:00:00,52.25,58.955574,6.705574035644531,6.705574035644531,108,4
2024-04-29 05:00:00,102.26,72.8988,-29.361196289062505,29.361196289062505,108,5
2024-04-29 06:00:00,99.96,81.40944,-18.55056091308593,18.55056091308593,108,6
2024-04-29 07:00:00,74.49,89.15178,14.661779174804693,14.661779174804693,108,7
2024-04-29 08:00:00,59.36,73.15527,13.7952734375,13.7952734375,108,8
2024-04-29 09:00:00,36.73,58.508575,21.778575439453128,21.778575439453128,108,9
2024-04-29 10:00:00,37.45,51.611187,14.161186981201169,14.161186981201169,108,10
2024-04-29 11:00:00,42.39,51.770897,9.380896911621093,9.380896911621093,108,11
2024-04-29 12:00:00,35.53,54.453594,18.92359420776367,18.92359420776367,108,12
2024-04-29 13:00:00,35.45,49.97661,14.526608276367185,14.526608276367185,108,13
2024-04-29 14:00:00,47.68,44.512325,-3.1676747131347653,3.1676747131347653,108,14
2024-04-29 15:00:00,41.74,62.97793,21.23792816162109,21.23792816162109,108,15
2024-04-29 16:00:00,49.67,74.35794,24.687940673828123,24.687940673828123,108,16
2024-04-29 17:00:00,60.53,89.668396,29.13839599609375,29.13839599609375,108,17
2024-04-29 18:00:00,87.21,95.957535,8.747534790039069,8.747534790039069,108,18
2024-04-29 19:00:00,97.92,105.708954,7.788953857421873,7.788953857421873,108,19
2024-04-29 20:00:00,83.75,102.93056,19.180557250976562,19.180557250976562,108,20
2024-04-29 21:00:00,69.77,99.03122,29.26121948242188,29.26121948242188,108,21
2024-04-29 22:00:00,73.73,92.494156,18.76415588378906,18.76415588378906,108,22
2024-04-29 23:00:00,57.83,88.29958,30.469583435058595,30.469583435058595,108,23
2024-04-30 00:00:00,58.99,77.385994,18.39599395751953,18.39599395751953,109,0
2024-04-30 01:00:00,68.81,76.80567,7.995671691894529,7.995671691894529,109,1
2024-04-30 02:00:00,64.77,72.063255,7.293255310058598,7.293255310058598,109,2
2024-04-30 03:00:00,77.13,63.149513,-13.98048675537109,13.98048675537109,109,3
2024-04-30 04:00:00,85.36,60.33556,-25.024440155029296,25.024440155029296,109,4
2024-04-30 05:00:00,99.32,95.38457,-3.9354327392578057,3.9354327392578057,109,5
2024-04-30 06:00:00,84.41,98.117134,13.707134094238285,13.707134094238285,109,6
2024-04-30 07:00:00,58.0,103.0975,45.097503662109375,45.097503662109375,109,7
2024-04-30 08:00:00,61.61,91.3342,29.724197998046876,29.724197998046876,109,8
2024-04-30 09:00:00,44.89,55.455437,10.565436706542968,10.565436706542968,109,9
2024-04-30 10:00:00,28.26,55.449574,27.1895735168457,27.1895735168457,109,10
2024-04-30 11:00:00,15.1,56.81165,41.711649322509764,41.711649322509764,109,11
2024-04-30 12:00:00,17.5,51.371223,33.87122344970703,33.87122344970703,109,12
2024-04-30 13:00:00,19.14,46.2567,27.116698608398437,27.116698608398437,109,13
2024-04-30 14:00:00,27.33,62.29908,34.96907989501953,34.96907989501953,109,14
2024-04-30 15:00:00,39.07,52.386475,13.316474609375,13.316474609375,109,15
2024-04-30 16:00:00,86.2,60.846756,-25.35324401855469,25.35324401855469,109,16
2024-04-30 17:00:00,55.2,71.51967,16.31966857910156,16.31966857910156,109,17
2024-04-30 18:00:00,60.1,88.03641,27.936407470703124,27.936407470703124,109,18
2024-04-30 19:00:00,83.91,92.19917,8.289172973632816,8.289172973632816,109,19
2024-04-30 20:00:00,70.98,83.004715,12.024714965820309,12.024714965820309,109,20
2024-04-30 21:00:00,75.79,72.753624,-3.0363760375976625,3.0363760375976625,109,21
2024-04-30 22:00:00,35.01,77.441956,42.43195556640625,42.43195556640625,109,22
2024-04-30 23:00:00,34.99,60.685078,25.695077667236326,25.695077667236326,109,23
2024-05-02 00:00:00,10.0,39.89271,29.892711639404297,29.892711639404297,111,0
2024-05-02 01:00:00,7.8,34.64527,26.84527130126953,26.84527130126953,111,1
2024-05-02 02:00:00,8.0,37.128983,29.128982543945312,29.128982543945312,111,2
2024-05-02 03:00:00,10.94,33.61271,22.67270904541016,22.67270904541016,111,3
2024-05-02 04:00:00,22.9,36.42602,13.526021575927736,13.526021575927736,111,4
2024-05-02 05:00:00,35.01,39.25825,4.248251190185549,4.248251190185549,111,5
2024-05-02 06:00:00,35.0,52.11488,17.114879608154297,17.114879608154297,111,6
2024-05-02 07:00:00,31.45,46.175827,14.725827026367188,14.725827026367188,111,7
2024-05-02 08:00:00,10.89,31.522375,20.632375106811523,20.632375106811523,111,8
2024-05-02 09:00:00,7.1,30.908781,23.80878105163574,23.80878105163574,111,9
2024-05-02 10:00:00,7.78,22.362837,14.582836837768554,14.582836837768554,111,10
2024-05-02 11:00:00,4.46,17.646843,13.186842956542968,13.186842956542968,111,11
2024-05-02 12:00:00,0.0,17.158613,17.158613204956055,17.158613204956055,111,12
2024-05-02 13:00:00,0.88,17.758242,16.878241653442384,16.878241653442384,111,13
2024-05-02 14:00:00,5.17,19.2253,14.055299835205078,14.055299835205078,111,14
2024-05-02 15:00:00,0.44,26.396578,25.956577835083007,25.956577835083007,111,15
2024-05-02 16:00:00,5.39,34.845604,29.455603942871093,29.455603942871093,111,16
2024-05-02 17:00:00,17.6,44.915554,27.315554046630858,27.315554046630858,111,17
2024-05-02 18:00:00,35.4,50.14458,14.744580841064455,14.744580841064455,111,18
2024-05-02 19:00:00,59.14,56.624554,-2.5154463195800787,2.5154463195800787,111,19
2024-05-02 20:00:00,43.9,56.241497,12.341497039794923,12.341497039794923,111,20
2024-05-02 21:00:00,35.64,49.649384,14.009383544921874,14.009383544921874,111,21
2024-05-02 22:00:00,17.85,48.106606,30.256605529785155,30.256605529785155,111,22
2024-05-02 23:00:00,31.2,39.3161,8.11610107421875,8.11610107421875,111,23
2024-05-03 00:00:00,24.96,23.67248,-1.2875203704833993,1.2875203704833993,112,0
2024-05-03 01:00:00,16.72,25.246479,8.52647903442383,8.52647903442383,112,1
2024-05-03 02:00:00,4.98,24.784582,19.804582138061523,19.804582138061523,112,2
2024-05-03 03:00:00,10.28,30.840994,20.560993881225585,20.560993881225585,112,3
2024-05-03 04:00:00,20.47,32.76079,12.290791778564454,12.290791778564454,112,4
2024-05-03 05:00:00,41.0,43.666527,2.6665267944335938,2.6665267944335938,112,5
2024-05-03 06:00:00,35.0,43.73863,8.738628387451172,8.738628387451172,112,6
2024-05-03 07:00:00,28.9,37.942825,9.042825317382814,9.042825317382814,112,7
2024-05-03 08:00:00,16.26,22.223467,5.963466873168944,5.963466873168944,112,8
2024-05-03 09:00:00,14.21,20.939642,6.729641952514648,6.729641952514648,112,9
2024-05-03 10:00:00,9.06,7.0345383,-2.0254617309570317,2.0254617309570317,112,10
2024-05-03 11:00:00,11.89,4.290091,-7.599908962249756,7.599908962249756,112,11
2024-05-03 12:00:00,13.39,0.13882497,-13.251175030469895,13.251175030469895,112,12
2024-05-03 13:00:00,2.51,2.5955658,0.08556579589843771,0.08556579589843771,112,13
2024-05-03 14:00:00,10.82,6.9051623,-3.9148376655578616,3.9148376655578616,112,14
2024-05-03 15:00:00,16.19,11.115572,-5.0744280242919935,5.0744280242919935,112,15
2024-05-03 16:00:00,20.4,16.515593,-3.8844074249267564,3.8844074249267564,112,16
2024-05-03 17:00:00,36.95,40.78664,3.8366401672363253,3.8366401672363253,112,17
2024-05-03 18:00:00,40.0,41.53876,1.5387611389160156,1.5387611389160156,112,18
2024-05-03 19:00:00,66.52,54.67328,-11.846721191406246,11.846721191406246,112,19
2024-05-03 20:00:00,50.02,44.53879,-5.4812083435058625,5.4812083435058625,112,20
2024-05-03 21:00:00,47.8,37.846977,-9.953022766113278,9.953022766113278,112,21
2024-05-03 22:00:00,64.32,30.953886,-33.3661139678955,33.3661139678955,112,22
2024-05-03 23:00:00,40.06,19.283232,-20.77676826477051,20.77676826477051,112,23
2024-05-04 00:00:00,28.59,22.288054,-6.301946487426758,6.301946487426758,113,0
2024-05-04 01:00:00,20.04,21.903204,1.8632039642333993,1.8632039642333993,113,1
2024-05-04 02:00:00,16.2,16.037111,-0.16288871765136648,0.16288871765136648,113,2
2024-05-04 03:00:00,20.65,20.596703,-0.05329742431640483,0.05329742431640483,113,3
2024-05-04 04:00:00,22.23,19.363432,-2.8665680694580082,2.8665680694580082,113,4
2024-05-04 05:00:00,26.22,25.069494,-1.1505057525634754,1.1505057525634754,113,5
2024-05-04 06:00:00,43.4,18.852833,-24.547167205810545,24.547167205810545,113,6
2024-05-04 07:00:00,52.05,15.965171,-36.08482913970947,36.08482913970947,113,7
2024-05-04 08:00:00,41.17,9.6893635,-31.480636520385744,31.480636520385744,113,8
2024-05-04 09:00:00,30.98,11.213421,-19.76657913208008,19.76657913208008,113,9
2024-05-04 10:00:00,24.46,3.5533085,-20.906691513061524,20.906691513061524,113,10
2024-05-04 11:00:00,14.2,5.0129433,-9.187056732177734,9.187056732177734,113,11
2024-05-04 12:00:00,13.17,-0.9978486,-14.167848570346832,14.167848570346832,113,12
2024-05-04 13:00:00,25.22,-4.875232,-30.095232219696044,30.095232219696044,113,13
2024-05-04 14:00:00,32.08,11.514155,-20.56584461212158,20.56584461212158,113,14
2024-05-04 15:00:00,31.71,17.706606,-14.003394088745118,14.003394088745118,113,15
2024-05-04 16:00:00,35.19,21.451704,-13.738295974731443,13.738295974731443,113,16
2024-05-04 17:00:00,28.84,29.448908,0.6089078521728517,0.6089078521728517,113,17
2024-05-04 18:00:00,30.0,32.603706,2.6037063598632812,2.6037063598632812,113,18
2024-05-04 19:00:00,35.01,51.585793,16.57579254150391,16.57579254150391,113,19
2024-05-04 20:00:00,35.02,44.851486,9.831486206054684,9.831486206054684,113,20
2024-05-04 21:00:00,52.51,43.045685,-9.464315185546873,9.464315185546873,113,21
2024-05-04 22:00:00,45.81,46.61706,0.8070616149902321,0.8070616149902321,113,22
2024-05-04 23:00:00,31.36,29.53157,-1.828429565429687,1.828429565429687,113,23
2024-05-05 00:00:00,40.09,19.083635,-21.006364669799808,21.006364669799808,114,0
2024-05-05 01:00:00,29.55,15.50495,-14.045050430297852,14.045050430297852,114,1
2024-05-05 02:00:00,29.06,16.519987,-12.540012893676757,12.540012893676757,114,2
2024-05-05 03:00:00,30.92,12.952124,-17.96787635803223,17.96787635803223,114,3
2024-05-05 04:00:00,35.65,13.962448,-21.68755187988281,21.68755187988281,114,4
2024-05-05 05:00:00,37.98,11.181124,-26.79887626647949,26.79887626647949,114,5
2024-05-05 06:00:00,33.72,20.308718,-13.411282272338866,13.411282272338866,114,6
2024-05-05 07:00:00,25.94,33.182617,7.242617187499999,7.242617187499999,114,7
2024-05-05 08:00:00,8.71,21.459913,12.749913253784179,12.749913253784179,114,8
2024-05-05 09:00:00,0.44,9.67878,9.238779602050782,9.238779602050782,114,9
2024-05-05 10:00:00,0.0,6.1844277,6.184427738189697,6.184427738189697,114,10
2024-05-05 11:00:00,-0.04,1.1184773,1.1584773445129395,1.1584773445129395,114,11
2024-05-05 12:00:00,-0.97,0.7696739,1.7396738839149475,1.7396738839149475,114,12
2024-05-05 13:00:00,-0.1,0.026927844,0.12692784368991852,0.12692784368991852,114,13
2024-05-05 14:00:00,0.0,10.005655,10.005655288696289,10.005655288696289,114,14
2024-05-05 15:00:00,32.0,13.0835495,-18.91645050048828,18.91645050048828,114,15
2024-05-05 16:00:00,45.82,16.849037,-28.970962829589844,28.970962829589844,114,16
2024-05-05 17:00:00,55.76,24.941381,-30.818618545532225,30.818618545532225,114,17
2024-05-05 18:00:00,50.55,29.13947,-21.41053085327148,21.41053085327148,114,18
2024-05-05 19:00:00,54.33,39.135838,-15.194162445068358,15.194162445068358,114,19
2024-05-05 20:00:00,51.61,37.24943,-14.360568389892578,14.360568389892578,114,20
2024-05-05 21:00:00,58.48,48.093277,-10.386723022460934,10.386723022460934,114,21
2024-05-05 22:00:00,82.86,33.939068,-48.92093215942383,48.92093215942383,114,22
2024-05-05 23:00:00,55.99,23.677439,-32.31256126403809,32.31256126403809,114,23
2024-05-06 00:00:00,51.91,44.931366,-6.978634033203122,6.978634033203122,115,0
2024-05-06 01:00:00,53.96,35.168324,-18.791676483154298,18.791676483154298,115,1
2024-05-06 02:00:00,51.08,34.345844,-16.73415573120117,16.73415573120117,115,2
2024-05-06 03:00:00,53.96,33.645435,-20.314564666748048,20.314564666748048,115,3
2024-05-06 04:00:00,57.1,41.357784,-15.742215728759767,15.742215728759767,115,4
2024-05-06 05:00:00,84.03,53.59765,-30.432351379394532,30.432351379394532,115,5
2024-05-06 06:00:00,101.13,56.315647,-44.814352874755855,44.814352874755855,115,6
2024-05-06 07:00:00,89.0,54.05936,-34.94063949584961,34.94063949584961,115,7
2024-05-06 08:00:00,71.7,31.104528,-40.59547157287598,40.59547157287598,115,8
2024-05-06 09:00:00,71.89,23.063538,-48.82646240234375,48.82646240234375,115,9
2024-05-06 10:00:00,69.29,20.195114,-49.09488586425782,49.09488586425782,115,10
2024-05-06 11:00:00,58.72,19.618143,-39.10185691833496,39.10185691833496,115,11
2024-05-06 12:00:00,51.95,17.813496,-34.136504364013675,34.136504364013675,115,12
2024-05-06 13:00:00,55.03,16.74737,-38.28263023376465,38.28263023376465,115,13
2024-05-06 14:00:00,52.88,16.208456,-36.67154396057129,36.67154396057129,115,14
2024-05-06 15:00:00,43.24,33.294434,-9.945566406250002,9.945566406250002,115,15
2024-05-06 16:00:00,58.28,44.9303,-13.349698333740236,13.349698333740236,115,16
2024-05-06 17:00:00,79.12,53.845272,-25.27472793579102,25.27472793579102,115,17
2024-05-06 18:00:00,75.1,55.44306,-19.656938171386713,19.656938171386713,115,18
2024-05-06 19:00:00,97.69,67.01592,-30.67407745361328,30.67407745361328,115,19
2024-05-06 20:00:00,93.2,60.60613,-32.59387130737305,32.59387130737305,115,20
2024-05-06 21:00:00,84.42,60.306183,-24.113817138671877,24.113817138671877,115,21
2024-05-06 22:00:00,81.73,70.57051,-11.159489135742191,11.159489135742191,115,22
2024-05-06 23:00:00,77.64,52.151447,-25.488552703857422,25.488552703857422,115,23
2024-05-07 00:00:00,74.77,53.312027,-21.457973022460934,21.457973022460934,116,0
2024-05-07 01:00:00,68.24,52.539604,-15.700395812988276,15.700395812988276,116,1
2024-05-07 02:00:00,66.82,51.482174,-15.337826080322259,15.337826080322259,116,2
2024-05-07 03:00:00,69.09,50.487064,-18.602935638427738,18.602935638427738,116,3
2024-05-07 04:00:00,75.98,58.381386,-17.598614196777348,17.598614196777348,116,4
2024-05-07 05:00:00,99.87,84.273674,-15.596325988769536,15.596325988769536,116,5
2024-05-07 06:00:00,112.66,98.08081,-14.579189453124997,14.579189453124997,116,6
2024-05-07 07:00:00,91.75,84.029366,-7.720634460449219,7.720634460449219,116,7
2024-05-07 08:00:00,70.36,64.811,-5.549002990722656,5.549002990722656,116,8
2024-05-07 09:00:00,46.71,61.42301,14.713011779785155,14.713011779785155,116,9
2024-05-07 10:00:00,55.61,56.313366,0.7033659362792974,0.7033659362792974,116,10
2024-05-07 11:00:00,42.05,49.535828,7.485827636718753,7.485827636718753,116,11
2024-05-07 12:00:00,32.3,48.824795,16.524794769287112,16.524794769287112,116,12
2024-05-07 13:00:00,30.88,49.594948,18.714947814941407,18.714947814941407,116,13
2024-05-07 14:00:00,35.28,52.6119,17.331900329589843,17.331900329589843,116,14
2024-05-07 15:00:00,40.07,47.54562,7.475619964599609,7.475619964599609,116,15
2024-05-07 16:00:00,61.83,59.918156,-1.9118443298339827,1.9118443298339827,116,16
2024-05-07 17:00:00,61.11,75.59862,14.488617553710938,14.488617553710938,116,17
2024-05-07 18:00:00,56.18,71.99067,15.810669250488282,15.810669250488282,116,18
2024-05-07 19:00:00,67.44,91.9395,24.49949890136719,24.49949890136719,116,19
2024-05-07 20:00:00,62.0,85.16575,23.165748596191406,23.165748596191406,116,20
2024-05-07 21:00:00,50.01,80.95813,30.948129882812502,30.948129882812502,116,21
2024-05-07 22:00:00,30.0,75.10116,45.101158142089844,45.101158142089844,116,22
2024-05-07 23:00:00,20.18,70.67575,50.495750732421875,50.495750732421875,116,23
2024-05-08 00:00:00,19.47,62.200127,42.73012664794922,42.73012664794922,117,0
2024-05-08 01:00:00,17.27,56.807087,39.53708694458008,39.53708694458008,117,1
2024-05-08 02:00:00,19.47,56.391888,36.92188766479492,36.92188766479492,117,2
2024-05-08 03:00:00,18.67,57.184696,38.514696197509764,38.514696197509764,117,3
2024-05-08 04:00:00,21.07,68.42199,47.35198944091797,47.35198944091797,117,4
2024-05-08 05:00:00,35.01,92.61558,57.60557769775391,57.60557769775391,117,5
2024-05-08 06:00:00,30.0,100.20735,70.20735168457031,70.20735168457031,117,6
2024-05-08 07:00:00,18.67,82.53638,63.866376953125,63.866376953125,117,7
2024-05-08 08:00:00,20.76,61.914032,41.15403198242187,41.15403198242187,117,8
2024-05-08 09:00:00,13.94,45.94005,32.00004821777344,32.00004821777344,117,9
2024-05-08 10:00:00,11.68,50.151886,38.471885986328125,38.471885986328125,117,10
2024-05-08 11:00:00,7.67,40.733578,33.06357772827148,33.06357772827148,117,11
2024-05-08 12:00:00,6.14,37.31516,31.17515884399414,31.17515884399414,117,12
2024-05-08 13:00:00,5.05,37.105434,32.05543441772461,32.05543441772461,117,13
2024-05-08 14:00:00,4.78,41.152966,36.372965545654296,36.372965545654296,117,14
2024-05-08 15:00:00,3.6,44.132812,40.5328125,40.5328125,117,15
2024-05-08 16:00:00,10.0,56.281227,46.281227111816406,46.281227111816406,117,16
2024-05-08 17:00:00,24.5,59.626274,35.12627410888672,35.12627410888672,117,17
2024-05-08 18:00:00,39.52,58.02313,18.50312850952148,18.50312850952148,117,18
2024-05-08 19:00:00,43.8,63.525036,19.7250358581543,19.7250358581543,117,19
2024-05-08 20:00:00,54.36,58.755756,4.395756378173829,4.395756378173829,117,20
2024-05-08 21:00:00,51.91,53.523266,1.6132658386230503,1.6132658386230503,117,21
2024-05-08 22:00:00,35.01,42.958782,7.948782196044924,7.948782196044924,117,22
2024-05-08 23:00:00,31.31,34.136032,2.826032104492189,2.826032104492189,117,23
2024-05-09 00:00:00,32.19,19.409687,-12.78031295776367,12.78031295776367,118,0
2024-05-09 01:00:00,26.24,20.358124,-5.881876220703123,5.881876220703123,118,1
2024-05-09 02:00:00,15.58,20.38081,4.800809783935547,4.800809783935547,118,2
2024-05-09 03:00:00,16.61,21.346525,4.736525192260743,4.736525192260743,118,3
2024-05-09 04:00:00,27.51,26.5177,-0.9922998046875016,0.9922998046875016,118,4
2024-05-09 05:00:00,19.85,44.70108,24.851080322265624,24.851080322265624,118,5
2024-05-09 06:00:00,21.07,48.9132,27.84320037841797,27.84320037841797,118,6
2024-05-09 07:00:00,23.77,42.783455,19.01345489501953,19.01345489501953,118,7
2024-05-09 08:00:00,6.01,36.566154,30.55615447998047,30.55615447998047,118,8
2024-05-09 09:00:00,0.34,31.69365,31.353649291992188,31.353649291992188,118,9
2024-05-09 10:00:00,-0.01,31.16621,31.17621017456055,31.17621017456055,118,10
2024-05-09 11:00:00,-0.53,23.791883,24.32188346862793,24.32188346862793,118,11
2024-05-09 12:00:00,-1.15,20.972185,22.122185134887694,22.122185134887694,118,12
2024-05-09 13:00:00,-0.01,22.74492,22.754920730590822,22.754920730590822,118,13
2024-05-09 14:00:00,1.74,21.812895,20.072894821166994,20.072894821166994,118,14
2024-05-09 15:00:00,5.89,17.795368,11.905368194580078,11.905368194580078,118,15
2024-05-09 16:00:00,13.01,31.502098,18.492098083496096,18.492098083496096,118,16
2024-05-09 17:00:00,27.47,41.97629,14.506291656494142,14.506291656494142,118,17
2024-05-09 18:00:00,36.72,47.957752,11.237752227783204,11.237752227783204,118,18
2024-05-09 19:00:00,31.97,50.894466,18.924466400146486,18.924466400146486,118,19
2024-05-09 20:00:00,32.25,56.673355,24.423355102539062,24.423355102539062,118,20
2024-05-09 21:00:00,32.12,51.66674,19.54674041748047,19.54674041748047,118,21
2024-05-09 22:00:00,18.43,36.52392,18.09391815185547,18.09391815185547,118,22
2024-05-09 23:00:00,9.66,33.77694,24.116939392089844,24.116939392089844,118,23
2024-05-11 00:00:00,10.19,19.584126,9.394125518798829,9.394125518798829,120,0
2024-05-11 01:00:00,9.91,19.905182,9.995181884765625,9.995181884765625,120,1
2024-05-11 02:00:00,8.34,13.818865,5.4788648223876955,5.4788648223876955,120,2
2024-05-11 03:00:00,9.81,17.362087,7.552087249755859,7.552087249755859,120,3
2024-05-11 04:00:00,21.73,18.528347,-3.201652984619141,3.201652984619141,120,4
2024-05-11 05:00:00,13.07,16.676983,3.6069828796386716,3.6069828796386716,120,5
2024-05-11 06:00:00,12.95,19.136173,6.186173248291016,6.186173248291016,120,6
2024-05-11 07:00:00,6.4,20.089373,13.689372634887695,13.689372634887695,120,7
2024-05-11 08:00:00,0.0,12.186371,12.186370849609375,12.186370849609375,120,8
2024-05-11 09:00:00,-10.37,6.1931767,16.563176746368406,16.563176746368406,120,9
2024-05-11 10:00:00,-16.69,-1.4643258,15.2256742143631,15.2256742143631,120,10
2024-05-11 11:00:00,-22.76,-5.6283717,17.131628284454347,17.131628284454347,120,11
2024-05-11 12:00:00,-18.79,-7.1926303,11.597369709014892,11.597369709014892,120,12
2024-05-11 13:00:00,-11.64,-5.735003,5.904997005462647,5.904997005462647,120,13
2024-05-11 14:00:00,-0.41,1.317741,1.7277410364151,1.7277410364151,120,14
2024-05-11 15:00:00,0.83,10.124267,9.294266624450684,9.294266624450684,120,15
2024-05-11 16:00:00,7.1,23.89524,16.795240783691405,16.795240783691405,120,16
2024-05-11 17:00:00,11.1,28.963015,17.86301460266113,17.86301460266113,120,17
2024-05-11 18:00:00,35.0,28.55192,-6.448080062866211,6.448080062866211,120,18
2024-05-11 19:00:00,26.85,29.243275,2.3932746887207017,2.3932746887207017,120,19
2024-05-11 20:00:00,36.92,32.607464,-4.31253616333008,4.31253616333008,120,20
2024-05-11 21:00:00,41.46,37.967445,-3.4925546264648446,3.4925546264648446,120,21
2024-05-11 22:00:00,35.01,23.736467,-11.273532638549803,11.273532638549803,120,22
2024-05-11 23:00:00,17.85,21.811653,3.96165313720703,3.96165313720703,120,23
2024-05-12 00:00:00,24.06,12.015074,-12.044926223754882,12.044926223754882,121,0
2024-05-12 01:00:00,17.39,11.082302,-6.307697906494141,6.307697906494141,121,1
2024-05-12 02:00:00,11.66,7.340563,-4.31943717956543,4.31943717956543,121,2
2024-05-12 03:00:00,7.55,13.597379,6.047378730773926,6.047378730773926,121,3
2024-05-12 04:00:00,17.61,14.000799,-3.609200820922851,3.609200820922851,121,4
2024-05-12 05:00:00,4.79,12.1170225,7.327022514343262,7.327022514343262,121,5
2024-05-12 06:00:00,2.35,10.036104,7.686104202270508,7.686104202270508,121,6
2024-05-12 07:00:00,-2.78,10.476375,13.256374626159667,13.256374626159667,121,7
2024-05-12 08:00:00,-23.49,3.0607982,26.55079816818237,26.55079816818237,121,8
2024-05-12 09:00:00,-39.97,1.3516414,41.32164141654968,41.32164141654968,121,9
2024-05-12 10:00:00,-27.61,-5.338783,22.271217212677,22.271217212677,121,10
2024-05-12 11:00:00,-66.52,-0.8059951,65.71400489330291,65.71400489330291,121,11
2024-05-12 12:00:00,-87.29,-5.2735176,82.01648239135743,82.01648239135743,121,12
2024-05-12 13:00:00,-64.39,-3.6731007,60.71689929008484,60.71689929008484,121,13
2024-05-12 14:00:00,-26.87,-0.356163,26.51383700489998,26.51383700489998,121,14
2024-05-12 15:00:00,0.0,6.3727584,6.372758388519287,6.372758388519287,121,15
2024-05-12 16:00:00,21.23,19.931911,-1.298088531494141,1.298088531494141,121,16
2024-05-12 17:00:00,35.0,26.956953,-8.043046951293945,8.043046951293945,121,17
2024-05-12 18:00:00,39.53,37.53141,-1.9985897827148449,1.9985897827148449,121,18
2024-05-12 19:00:00,61.5,33.674656,-27.82534408569336,27.82534408569336,121,19
2024-05-12 20:00:00,49.18,35.0507,-14.129298858642578,14.129298858642578,121,20
2024-05-12 21:00:00,39.68,34.937595,-4.742404632568359,4.742404632568359,121,21
2024-05-12 22:00:00,28.33,28.165117,-0.16488273620605298,0.16488273620605298,121,22
2024-05-12 23:00:00,27.11,28.253342,1.143341674804688,1.143341674804688,121,23
2024-05-13 00:00:00,26.53,27.038368,0.5083682250976551,0.5083682250976551,122,0
2024-05-13 01:00:00,25.57,26.27789,0.7078892517089841,0.7078892517089841,122,1
2024-05-13 02:00:00,28.22,28.348879,0.12887886047363395,0.12887886047363395,122,2
2024-05-13 03:00:00,34.0,25.018167,-8.981832504272461,8.981832504272461,122,3
2024-05-13 04:00:00,32.06,33.10726,1.0472616577148415,1.0472616577148415,122,4
2024-05-13 05:00:00,49.35,39.367554,-9.982446289062501,9.982446289062501,122,5
2024-05-13 06:00:00,50.0,54.067505,4.0675048828125,4.0675048828125,122,6
2024-05-13 07:00:00,38.03,52.410892,14.380892486572264,14.380892486572264,122,7
2024-05-13 08:00:00,11.7,38.9758,27.275799560546876,27.275799560546876,122,8
2024-05-13 09:00:00,1.52,31.655117,30.13511703491211,30.13511703491211,122,9
2024-05-13 10:00:00,-0.01,29.664007,29.67400718688965,29.67400718688965,122,10
2024-05-13 11:00:00,-0.03,27.210691,27.24069145202637,27.24069145202637,122,11
2024-05-13 12:00:00,-0.01,31.052042,31.06204200744629,31.06204200744629,122,12
2024-05-13 13:00:00,0.0,27.710848,27.710847854614258,27.710847854614258,122,13
2024-05-13 14:00:00,3.08,29.201494,26.121494216918947,26.121494216918947,122,14
2024-05-13 15:00:00,12.06,42.507465,30.447465362548826,30.447465362548826,122,15
2024-05-13 16:00:00,17.93,52.001537,34.07153732299805,34.07153732299805,122,16
2024-05-13 17:00:00,32.14,58.79814,26.658141479492187,26.658141479492187,122,17
2024-05-13 18:00:00,35.0,61.521767,26.521766662597656,26.521766662597656,122,18
2024-05-13 19:00:00,38.03,68.320854,30.290854187011718,30.290854187011718,122,19
2024-05-13 20:00:00,39.68,70.625404,30.945404357910157,30.945404357910157,122,20
2024-05-13 21:00:00,35.01,59.886124,24.876123657226564,24.876123657226564,122,21
2024-05-13 22:00:00,11.1,53.66821,42.56820907592773,42.56820907592773,122,22
2024-05-13 23:00:00,5.0,52.751667,47.75166702270508,47.75166702270508,122,23
2024-05-15 00:00:00,12.03,29.22367,17.193669052124022,17.193669052124022,124,0
2024-05-15 01:00:00,10.96,28.716228,17.75622848510742,17.75622848510742,124,1
2024-05-15 02:00:00,11.0,27.955862,16.955862045288086,16.955862045288086,124,2
2024-05-15 03:00:00,16.55,29.211117,12.661116790771484,12.661116790771484,124,3
2024-05-15 04:00:00,17.27,29.604065,12.33406494140625,12.33406494140625,124,4
2024-05-15 05:00:00,34.56,43.292717,8.732716979980466,8.732716979980466,124,5
2024-05-15 06:00:00,30.0,40.18025,10.180248260498047,10.180248260498047,124,6
2024-05-15 07:00:00,16.62,44.480904,27.86090362548828,27.86090362548828,124,7
2024-05-15 08:00:00,10.44,28.503542,18.063541946411135,18.063541946411135,124,8
2024-05-15 09:00:00,8.65,19.933792,11.283792114257812,11.283792114257812,124,9
2024-05-15 10:00:00,3.98,13.941594,9.961594123840332,9.961594123840332,124,10
2024-05-15 11:00:00,2.65,9.267703,6.617703056335449,6.617703056335449,124,11
2024-05-15 12:00:00,2.85,7.9802103,5.130210304260254,5.130210304260254,124,12
2024-05-15 13:00:00,6.66,9.07264,2.4126404190063475,2.4126404190063475,124,13
2024-05-15 14:00:00,9.65,16.541107,6.891107177734375,6.891107177734375,124,14
2024-05-15 15:00:00,5.48,26.646904,21.16690399169922,21.16690399169922,124,15
2024-05-15 16:00:00,25.3,30.864004,5.564004135131835,5.564004135131835,124,16
2024-05-15 17:00:00,36.11,35.32664,-0.7833589172363276,0.7833589172363276,124,17
2024-05-15 18:00:00,32.79,36.900673,4.110672912597657,4.110672912597657,124,18
2024-05-15 19:00:00,43.12,37.751328,-5.36867248535156,5.36867248535156,124,19
2024-05-15 20:00:00,51.29,45.81665,-5.473349609374999,5.473349609374999,124,20
2024-05-15 21:00:00,35.01,38.67019,3.6601889038085957,3.6601889038085957,124,21
2024-05-15 22:00:00,53.52,30.466274,-23.053725738525394,23.053725738525394,124,22
2024-05-15 23:00:00,39.52,28.0031,-11.516900558471683,11.516900558471683,124,23
2024-05-16 00:00:00,35.5,22.154629,-13.34537124633789,13.34537124633789,125,0
2024-05-16 01:00:00,35.01,20.699078,-14.310922393798826,14.310922393798826,125,1
2024-05-16 02:00:00,12.84,21.225101,8.385101470947266,8.385101470947266,125,2
2024-05-16 03:00:00,3.55,21.109486,17.559485626220702,17.559485626220702,125,3
2024-05-16 04:00:00,16.2,22.946535,6.7465351104736335,6.7465351104736335,125,4
2024-05-16 05:00:00,35.01,30.476242,-4.5337579345703105,4.5337579345703105,125,5
2024-05-16 06:00:00,44.03,32.52451,-11.50549057006836,11.50549057006836,125,6
2024-05-16 07:00:00,65.43,29.169277,-36.2607228088379,36.2607228088379,125,7
2024-05-16 08:00:00,26.75,20.001465,-6.74853515625,6.74853515625,125,8
2024-05-16 09:00:00,9.0,7.681066,-1.3189339637756348,1.3189339637756348,125,9
2024-05-16 10:00:00,5.97,3.0670264,-2.9029736232757566,2.9029736232757566,125,10
2024-05-16 11:00:00,2.95,7.9938135,5.0438135147094725,5.0438135147094725,125,11
2024-05-16 12:00:00,4.32,1.4988027,-2.8211973381042483,2.8211973381042483,125,12
2024-05-16 13:00:00,6.93,1.9691421,-4.960857920646667,4.960857920646667,125,13
2024-05-16 14:00:00,8.24,7.6678815,-0.5721185111999514,0.5721185111999514,125,14
2024-05-16 15:00:00,15.59,9.669867,-5.920133438110351,5.920133438110351,125,15
2024-05-16 16:00:00,14.52,24.044207,9.524206619262696,9.524206619262696,125,16
2024-05-16 17:00:00,30.0,31.698225,1.6982250213623047,1.6982250213623047,125,17
2024-05-16 18:00:00,39.52,34.612915,-4.907084960937503,4.907084960937503,125,18
2024-05-16 19:00:00,78.66,36.751972,-41.90802780151367,41.90802780151367,125,19
2024-05-16 20:00:00,82.57,44.131863,-38.438137359619134,38.438137359619134,125,20
2024-05-16 21:00:00,69.18,33.145515,-36.034484558105476,36.034484558105476,125,21
2024-05-16 22:00:00,68.85,40.048626,-28.801374053955072,28.801374053955072,125,22
2024-05-16 23:00:00,24.96,29.883873,4.923872985839843,4.923872985839843,125,23
2024-05-17 00:00:00,24.91,27.760569,2.850568618774414,2.850568618774414,126,0
2024-05-17 01:00:00,37.26,27.825563,-9.434436569213865,9.434436569213865,126,1
2024-05-17 02:00:00,44.49,22.7366,-21.75339912414551,21.75339912414551,126,2
2024-05-17 03:00:00,27.41,16.088078,-11.321922454833985,11.321922454833985,126,3
2024-05-17 04:00:00,40.05,26.424614,-13.625386047363278,13.625386047363278,126,4
2024-05-17 05:00:00,89.92,32.81482,-57.1051806640625,57.1051806640625,126,5
2024-05-17 06:00:00,89.46,38.649403,-50.81059738159179,50.81059738159179,126,6
2024-05-17 07:00:00,34.35,46.11662,11.76661911010742,11.76661911010742,126,7
2024-05-17 08:00:00,27.79,21.691214,-6.098786392211913,6.098786392211913,126,8
2024-05-17 09:00:00,33.49,13.25071,-20.239290466308596,20.239290466308596,126,9
2024-05-17 10:00:00,35.01,3.1218593,-31.888140687942503,31.888140687942503,126,10
2024-05-17 11:00:00,20.39,0.29320943,-20.096790566444398,20.096790566444398,126,11
2024-05-17 12:00:00,16.84,0.3543592,-16.485640790462494,16.485640790462494,126,12
2024-05-17 13:00:00,11.9,3.9066699,-7.9933301448822025,7.9933301448822025,126,13
2024-05-17 14:00:00,10.61,7.201152,-3.408848152160644,3.408848152160644,126,14
2024-05-17 15:00:00,17.74,20.150578,2.410577545166017,2.410577545166017,126,15
2024-05-17 16:00:00,29.57,23.69203,-5.877970046997071,5.877970046997071,126,16
2024-05-17 17:00:00,37.93,30.448832,-7.481168441772461,7.481168441772461,126,17
2024-05-17 18:00:00,64.8,36.696583,-28.103417205810544,28.103417205810544,126,18
2024-05-17 19:00:00,84.24,59.56248,-24.677519073486323,24.677519073486323,126,19
2024-05-17 20:00:00,89.4,60.953182,-28.44681777954102,28.44681777954102,126,20
2024-05-17 21:00:00,77.18,48.57079,-28.609210662841804,28.609210662841804,126,21
2024-05-17 22:00:00,71.37,45.593914,-25.776085968017583,25.776085968017583,126,22
2024-05-17 23:00:00,63.23,23.727552,-39.50244758605957,39.50244758605957,126,23
2024-05-18 00:00:00,31.13,26.050558,-5.079441909790038,5.079441909790038,127,0
2024-05-18 01:00:00,32.9,32.007336,-0.8926643371582017,0.8926643371582017,127,1
2024-05-18 02:00:00,25.5,36.02871,10.528709411621094,10.528709411621094,127,2
2024-05-18 03:00:00,28.09,27.429052,-0.6609476470947264,0.6609476470947264,127,3
2024-05-18 04:00:00,31.52,33.16642,1.6464199829101567,1.6464199829101567,127,4
2024-05-18 05:00:00,35.64,53.013096,17.37309585571289,17.37309585571289,127,5
2024-05-18 06:00:00,31.96,53.19878,21.238780059814452,21.238780059814452,127,6
2024-05-18 07:00:00,20.6,27.721157,7.121157073974608,7.121157073974608,127,7
2024-05-18 08:00:00,9.43,21.104275,11.67427474975586,11.67427474975586,127,8
2024-05-18 09:00:00,0.71,20.853144,20.1431436920166,20.1431436920166,127,9
2024-05-18 10:00:00,-0.02,20.69707,20.71706916809082,20.71706916809082,127,10
2024-05-18 11:00:00,-1.27,6.620505,7.890504856109619,7.890504856109619,127,11
2024-05-18 12:00:00,-2.73,8.001963,10.731962661743164,10.731962661743164,127,12
2024-05-18 13:00:00,-1.78,4.5016265,6.281626491546631,6.281626491546631,127,13
2024-05-18 14:00:00,0.0,18.048042,18.04804229736328,18.04804229736328,127,14
2024-05-18 15:00:00,4.9,21.340965,16.440965270996095,16.440965270996095,127,15
2024-05-18 16:00:00,15.25,25.575495,10.325494766235352,10.325494766235352,127,16
2024-05-18 17:00:00,35.0,30.2273,-4.772699356079102,4.772699356079102,127,17
2024-05-18 18:00:00,45.42,51.850758,6.430757598876951,6.430757598876951,127,18
2024-05-18 19:00:00,35.32,66.3227,31.00270050048828,31.00270050048828,127,19
2024-05-18 20:00:00,74.46,68.959,-5.501000366210931,5.501000366210931,127,20
2024-05-18 21:00:00,66.17,61.33874,-4.831258697509767,4.831258697509767,127,21
2024-05-18 22:00:00,58.15,60.21365,2.063649749755861,2.063649749755861,127,22
2024-05-18 23:00:00,23.94,48.943874,25.003874359130858,25.003874359130858,127,23
2024-05-19 00:00:00,25.84,24.372313,-1.4676874542236327,1.4676874542236327,128,0
2024-05-19 01:00:00,21.73,24.103724,2.373723526000976,2.373723526000976,128,1
2024-05-19 02:00:00,15.76,21.336773,5.576772918701172,5.576772918701172,128,2
2024-05-19 03:00:00,18.97,24.080072,5.110072402954103,5.110072402954103,128,3
2024-05-19 04:00:00,29.35,23.940191,-5.409808731079103,5.409808731079103,128,4
2024-05-19 05:00:00,49.19,25.423021,-23.766978683471677,23.766978683471677,128,5
2024-05-19 06:00:00,35.0,21.848097,-13.15190315246582,13.15190315246582,128,6
2024-05-19 07:00:00,6.69,18.385107,11.695107040405272,11.695107040405272,128,7
2024-05-19 08:00:00,-0.01,13.134824,13.1448237991333,13.1448237991333,128,8
2024-05-19 09:00:00,-12.4,-4.9689574,7.431042575836182,7.431042575836182,128,9
2024-05-19 10:00:00,-17.34,-7.5678544,9.772145595550537,9.772145595550537,128,10
2024-05-19 11:00:00,-24.95,-12.558638,12.391362380981445,12.391362380981445,128,11
2024-05-19 12:00:00,-28.27,-13.790001,14.479999084472656,14.479999084472656,128,12
2024-05-19 13:00:00,-18.8,-13.670998,5.1290023803710945,5.1290023803710945,128,13
2024-05-19 14:00:00,-6.22,-7.9573617,-1.737361698150635,1.737361698150635,128,14
2024-05-19 15:00:00,0.0,4.497182,4.4971818923950195,4.4971818923950195,128,15
2024-05-19 16:00:00,8.18,22.658812,14.478811569213867,14.478811569213867,128,16
2024-05-19 17:00:00,20.8,37.059826,16.259825897216796,16.259825897216796,128,17
2024-05-19 18:00:00,31.99,47.189735,15.199735412597658,15.199735412597658,128,18
2024-05-19 19:00:00,35.03,46.61076,11.58075973510742,11.58075973510742,128,19
2024-05-19 20:00:00,45.54,68.17576,22.635758361816407,22.635758361816407,128,20
2024-05-19 21:00:00,48.15,60.691723,12.541722869873048,12.541722869873048,128,21
2024-05-19 22:00:00,49.12,49.202568,0.08256805419922131,0.08256805419922131,128,22
2024-05-19 23:00:00,21.43,23.225992,1.7959922027587893,1.7959922027587893,128,23
2024-05-20 00:00:00,15.26,34.47745,19.217451324462893,19.217451324462893,129,0
2024-05-20 01:00:00,12.72,32.65503,19.935029296875,19.935029296875,129,1
2024-05-20 02:00:00,13.77,34.271595,20.501595001220704,20.501595001220704,129,2
2024-05-20 03:00:00,17.23,31.097834,13.867833633422851,13.867833633422851,129,3
2024-05-20 04:00:00,13.76,43.48219,29.7221891784668,29.7221891784668,129,4
2024-05-20 05:00:00,18.54,70.73917,52.199166259765626,52.199166259765626,129,5
2024-05-20 06:00:00,30.16,64.40706,34.247058715820316,34.247058715820316,129,6
2024-05-20 07:00:00,22.14,43.971443,21.83144317626953,21.83144317626953,129,7
2024-05-20 08:00:00,13.5,25.324976,11.824975967407227,11.824975967407227,129,8
2024-05-20 09:00:00,8.33,20.556782,12.226781768798828,12.226781768798828,129,9
2024-05-20 10:00:00,3.26,19.043282,15.783281555175781,15.783281555175781,129,10
2024-05-20 11:00:00,1.09,12.081767,10.991767082214356,10.991767082214356,129,11
2024-05-20 12:00:00,0.78,12.724916,11.944916458129883,11.944916458129883,129,12
2024-05-20 13:00:00,0.54,12.295181,11.755181274414063,11.755181274414063,129,13
2024-05-20 14:00:00,7.36,17.814575,10.4545751953125,10.4545751953125,129,14
2024-05-20 15:00:00,8.3,24.294813,15.994813156127929,15.994813156127929,129,15
2024-05-20 16:00:00,15.17,30.696947,15.52694709777832,15.52694709777832,129,16
2024-05-20 17:00:00,33.8,41.43363,7.633631896972659,7.633631896972659,129,17
2024-05-20 18:00:00,43.67,55.728992,12.058992462158201,12.058992462158201,129,18
2024-05-20 19:00:00,33.78,61.0199,27.239901275634764,27.239901275634764,129,19
2024-05-20 20:00:00,36.85,62.77708,25.92708053588867,25.92708053588867,129,20
2024-05-20 21:00:00,47.34,57.236847,9.896846923828122,9.896846923828122,129,21
2024-05-20 22:00:00,39.42,52.800323,13.380323486328123,13.380323486328123,129,22
2024-05-20 23:00:00,21.46,38.598255,17.138255157470702,17.138255157470702,129,23
2024-05-21 00:00:00,26.47,23.838614,-2.631386489868163,2.631386489868163,130,0
2024-05-21 01:00:00,25.57,24.006516,-1.5634844970703128,1.5634844970703128,130,1
2024-05-21 02:00:00,21.71,22.53008,0.8200807952880851,0.8200807952880851,130,2
2024-05-21 03:00:00,21.67,23.106298,1.4362984466552717,1.4362984466552717,130,3
2024-05-21 04:00:00,24.15,25.431469,1.2814689636230483,1.2814689636230483,130,4
2024-05-21 05:00:00,67.92,33.93037,-33.989629669189455,33.989629669189455,130,5
2024-05-21 06:00:00,72.87,34.526646,-38.343354339599614,38.343354339599614,130,6
2024-05-21 07:00:00,41.7,32.711296,-8.988703918457034,8.988703918457034,130,7
2024-05-21 08:00:00,30.0,21.574663,-8.425336837768555,8.425336837768555,130,8
2024-05-21 09:00:00,18.82,13.746432,-5.073567695617676,5.073567695617676,130,9
2024-05-21 10:00:00,20.43,11.202119,-9.227881126403808,9.227881126403808,130,10
2024-05-21 11:00:00,14.7,11.429725,-3.2702753067016594,3.2702753067016594,130,11
2024-05-21 12:00:00,9.66,11.269879,1.6098793411254881,1.6098793411254881,130,12
2024-05-21 13:00:00,8.21,11.650075,3.4400749588012687,3.4400749588012687,130,13
2024-05-21 14:00:00,7.44,13.437535,5.997535285949707,5.997535285949707,130,14
2024-05-21 15:00:00,14.7,18.71542,4.01541976928711,4.01541976928711,130,15
2024-05-21 16:00:00,19.44,25.704958,6.2649579620361315,6.2649579620361315,130,16
2024-05-21 17:00:00,34.79,34.001762,-0.7882376098632804,0.7882376098632804,130,17
2024-05-21 18:00:00,62.73,44.24316,-18.486839752197262,18.486839752197262,130,18
2024-05-21 19:00:00,67.22,37.903614,-29.316385955810546,29.316385955810546,130,19
2024-05-21 20:00:00,65.07,43.051987,-22.018013305664056,22.018013305664056,130,20
2024-05-21 21:00:00,34.07,51.314594,17.244594268798828,17.244594268798828,130,21
2024-05-21 22:00:00,26.85,39.26899,12.41898956298828,12.41898956298828,130,22
2024-05-21 23:00:00,35.3,25.04166,-10.258339691162107,10.258339691162107,130,23
2024-05-23 00:00:00,15.99,32.130314,16.140313873291014,16.140313873291014,132,0
2024-05-23 01:00:00,25.56,30.470963,4.910962524414064,4.910962524414064,132,1
2024-05-23 02:00:00,14.15,26.217957,12.06795654296875,12.06795654296875,132,2
2024-05-23 03:00:00,27.4,26.359028,-1.0409721374511705,1.0409721374511705,132,3
2024-05-23 04:00:00,29.15,31.415617,2.2656169891357436,2.2656169891357436,132,4
2024-05-23 05:00:00,76.75,35.5173,-41.23270034790039,41.23270034790039,132,5
2024-05-23 06:00:00,82.67,51.154865,-31.515134735107424,31.515134735107424,132,6
2024-05-23 07:00:00,71.74,48.345627,-23.394373168945307,23.394373168945307,132,7
2024-05-23 08:00:00,49.21,33.71708,-15.492920837402345,15.492920837402345,132,8
2024-05-23 09:00:00,42.63,20.75837,-21.87163055419922,21.87163055419922,132,9
2024-05-23 10:00:00,35.01,14.248484,-20.761516342163084,20.761516342163084,132,10
2024-05-23 11:00:00,35.0,18.013012,-16.986988067626953,16.986988067626953,132,11
2024-05-23 12:00:00,30.39,16.42187,-13.968130722045899,13.968130722045899,132,12
2024-05-23 13:00:00,26.1,16.492756,-9.607244110107423,9.607244110107423,132,13
2024-05-23 14:00:00,26.31,16.086956,-10.223043975830077,10.223043975830077,132,14
2024-05-23 15:00:00,35.01,21.411034,-13.598966369628904,13.598966369628904,132,15
2024-05-23 16:00:00,43.56,27.466385,-16.09361511230469,16.09361511230469,132,16
2024-05-23 17:00:00,71.12,42.15505,-28.964951629638676,28.964951629638676,132,17
2024-05-23 18:00:00,68.43,52.789043,-15.640956573486335,15.640956573486335,132,18
2024-05-23 19:00:00,91.73,41.519775,-50.210224609375004,50.210224609375004,132,19
2024-05-23 20:00:00,92.3,59.74738,-32.55262069702148,32.55262069702148,132,20
2024-05-23 21:00:00,85.65,57.32541,-28.32459106445313,28.32459106445313,132,21
2024-05-23 22:00:00,85.0,51.01181,-33.988189697265625,33.988189697265625,132,22
2024-05-23 23:00:00,78.34,36.02452,-42.315479125976566,42.315479125976566,132,23
2024-05-24 00:00:00,77.51,25.721464,-51.78853584289551,51.78853584289551,133,0
2024-05-24 01:00:00,72.0,27.421293,-44.57870674133301,44.57870674133301,133,1
2024-05-24 02:00:00,67.5,26.366095,-41.1339054107666,41.1339054107666,133,2
2024-05-24 03:00:00,81.09,29.280413,-51.80958732604981,51.80958732604981,133,3
2024-05-24 04:00:00,83.34,33.083576,-50.256423797607425,50.256423797607425,133,4
2024-05-24 05:00:00,89.72,65.03736,-24.682638854980468,24.682638854980468,133,5
2024-05-24 06:00:00,86.84,77.28788,-9.552120056152347,9.552120056152347,133,6
2024-05-24 07:00:00,74.9,69.5341,-5.365896606445318,5.365896606445318,133,7
2024-05-24 08:00:00,61.22,44.273365,-16.946634979248046,16.946634979248046,133,8
2024-05-24 09:00:00,48.1,29.728851,-18.371148681640626,18.371148681640626,133,9
2024-05-24 10:00:00,48.3,27.269342,-21.030657577514646,21.030657577514646,133,10
2024-05-24 11:00:00,40.8,26.21153,-14.588469314575192,14.588469314575192,133,11
2024-05-24 12:00:00,36.76,24.135445,-12.624555358886717,12.624555358886717,133,12
2024-05-24 13:00:00,35.01,20.877586,-14.132413635253904,14.132413635253904,133,13
2024-05-24 14:00:00,38.5,21.442303,-17.057697296142578,17.057697296142578,133,14
2024-05-24 15:00:00,41.1,30.74418,-10.355819320678712,10.355819320678712,133,15
2024-05-24 16:00:00,68.0,37.897648,-30.102352142333984,30.102352142333984,133,16
2024-05-24 17:00:00,81.56,59.61128,-21.948721466064455,21.948721466064455,133,17
2024-05-24 18:00:00,92.76,56.705936,-36.05406356811524,36.05406356811524,133,18
2024-05-24 19:00:00,115.92,79.98304,-35.93696014404297,35.93696014404297,133,19
2024-05-24 20:00:00,109.67,82.02957,-27.640428466796877,27.640428466796877,133,20
2024-05-24 21:00:00,99.84,78.31509,-21.52491363525391,21.52491363525391,133,21
2024-05-24 22:00:00,94.88,71.79289,-23.087107543945308,23.087107543945308,133,22
2024-05-24 23:00:00,85.74,61.08544,-24.654558410644526,24.654558410644526,133,23
2024-05-26 00:00:00,28.04,57.16241,29.122410736083985,29.122410736083985,135,0
2024-05-26 01:00:00,25.15,45.66365,20.513650512695314,20.513650512695314,135,1
2024-05-26 02:00:00,20.02,42.27746,22.25745819091797,22.25745819091797,135,2
2024-05-26 03:00:00,21.16,34.639725,13.479724731445312,13.479724731445312,135,3
2024-05-26 04:00:00,17.72,39.05364,21.333638458251954,21.333638458251954,135,4
2024-05-26 05:00:00,11.22,37.092316,25.872315673828126,25.872315673828126,135,5
2024-05-26 06:00:00,13.25,25.630802,12.380802154541016,12.380802154541016,135,6
2024-05-26 07:00:00,0.02,14.548344,14.528343658447266,14.528343658447266,135,7
2024-05-26 08:00:00,0.0,13.487795,13.487794876098633,13.487794876098633,135,8
2024-05-26 09:00:00,-0.09,8.157283,8.247282829284668,8.247282829284668,135,9
2024-05-26 10:00:00,-2.11,2.7521377,4.862137660980224,4.862137660980224,135,10
2024-05-26 11:00:00,-10.62,-1.2446535,9.375346536636352,9.375346536636352,135,11
2024-05-26 12:00:00,-23.79,-5.954771,17.835228958129882,17.835228958129882,135,12
2024-05-26 13:00:00,-9.87,-11.349724,-1.4797238159179695,1.4797238159179695,135,13
2024-05-26 14:00:00,-0.6,-0.039183274,0.5608167260885238,0.5608167260885238,135,14
2024-05-26 15:00:00,0.0,11.590214,11.590213775634766,11.590213775634766,135,15
2024-05-26 16:00:00,1.59,28.614473,27.024473342895508,27.024473342895508,135,16
2024-05-26 17:00:00,16.72,34.78921,18.06921127319336,18.06921127319336,135,17
2024-05-26 18:00:00,35.23,64.45911,29.229106445312503,29.229106445312503,135,18
2024-05-26 19:00:00,46.0,70.53355,24.533546447753906,24.533546447753906,135,19
2024-05-26 20:00:00,55.52,84.09672,28.576717834472653,28.576717834472653,135,20
2024-05-26 21:00:00,35.6,82.43412,46.834120178222655,46.834120178222655,135,21
2024-05-26 22:00:00,32.3,40.105267,7.805266571044925,7.805266571044925,135,22
2024-05-26 23:00:00,33.0,29.501352,-3.498647689819336,3.498647689819336,135,23
2024-05-29 00:00:00,23.5,43.620026,20.120025634765625,20.120025634765625,138,0
2024-05-29 01:00:00,14.6,38.21309,23.61308898925781,23.61308898925781,138,1
2024-05-29 02:00:00,5.7,34.637177,28.937176513671876,28.937176513671876,138,2
2024-05-29 03:00:00,24.98,30.35628,5.376279373168945,5.376279373168945,138,3
2024-05-29 04:00:00,30.5,33.14707,2.6470718383789062,2.6470718383789062,138,4
2024-05-29 05:00:00,49.22,39.67916,-9.540838928222655,9.540838928222655,138,5
2024-05-29 06:00:00,52.19,35.768475,-16.421525421142576,16.421525421142576,138,6
2024-05-29 07:00:00,38.5,39.882504,1.3825035095214844,1.3825035095214844,138,7
2024-05-29 08:00:00,29.0,36.254414,7.254413604736328,7.254413604736328,138,8
2024-05-29 09:00:00,20.5,30.913805,10.41380500793457,10.41380500793457,138,9
2024-05-29 10:00:00,24.08,33.930565,9.850564880371095,9.850564880371095,138,10
2024-05-29 11:00:00,18.4,22.2047,3.8047004699707045,3.8047004699707045,138,11
2024-05-29 12:00:00,17.47,20.11715,2.647149353027345,2.647149353027345,138,12
2024-05-29 13:00:00,11.98,18.464918,6.484918136596679,6.484918136596679,138,13
2024-05-29 14:00:00,11.0,19.79155,8.791549682617188,8.791549682617188,138,14
2024-05-29 15:00:00,19.76,27.843317,8.08331703186035,8.08331703186035,138,15
2024-05-29 16:00:00,29.38,30.06465,0.6846495819091807,0.6846495819091807,138,16
2024-05-29 17:00:00,35.01,45.303406,10.293405761718752,10.293405761718752,138,17
2024-05-29 18:00:00,40.94,47.423386,6.48338562011719,6.48338562011719,138,18
2024-05-29 19:00:00,67.94,42.14575,-25.794251861572263,25.794251861572263,138,19
2024-05-29 20:00:00,69.87,44.340042,-25.529957885742192,25.529957885742192,138,20
2024-05-29 21:00:00,63.95,41.246674,-22.703326416015628,22.703326416015628,138,21
2024-05-29 22:00:00,50.94,40.770275,-10.1697248840332,10.1697248840332,138,22
2024-05-29 23:00:00,28.97,39.862724,10.89272430419922,10.89272430419922,138,23
2024-06-02 00:00:00,6.15,2.2587373,-3.8912626743316654,3.8912626743316654,142,0
2024-06-02 01:00:00,4.78,2.8423436,-1.9376564311981204,1.9376564311981204,142,1
2024-06-02 02:00:00,5.22,5.2650695,0.04506948471069361,0.04506948471069361,142,2
2024-06-02 03:00:00,5.3,4.4726257,-0.8273742675781248,0.8273742675781248,142,3
2024-06-02 04:00:00,4.91,9.996038,5.086038436889648,5.086038436889648,142,4
2024-06-02 05:00:00,4.11,15.521385,11.411385192871094,11.411385192871094,142,5
2024-06-02 06:00:00,0.97,14.031515,13.06151512145996,13.06151512145996,142,6
2024-06-02 07:00:00,-0.01,15.711323,15.721322784423828,15.721322784423828,142,7
2024-06-02 08:00:00,-1.05,5.2939987,6.343998718261719,6.343998718261719,142,8
2024-06-02 09:00:00,-4.0,-1.3841184,2.615881562232971,2.615881562232971,142,9
2024-06-02 10:00:00,-3.58,-9.47401,-5.894010467529297,5.894010467529297,142,10
2024-06-02 11:00:00,-16.82,-14.7740755,2.0459244918823245,2.0459244918823245,142,11
2024-06-02 12:00:00,-29.26,-20.92535,8.334649810791017,8.334649810791017,142,12
2024-06-02 13:00:00,-40.74,-17.684885,23.055114974975588,23.055114974975588,142,13
2024-06-02 14:00:00,-14.64,-9.990091,4.6499086761474615,4.6499086761474615,142,14
2024-06-02 15:00:00,-1.0,-8.198106,-7.198105812072754,7.198105812072754,142,15
2024-06-02 16:00:00,0.03,-2.836277,-2.8662770080566404,2.8662770080566404,142,16
2024-06-02 17:00:00,7.27,7.9675083,0.6975083160400395,0.6975083160400395,142,17
2024-06-02 18:00:00,11.35,17.90941,6.559410476684571,6.559410476684571,142,18
2024-06-02 19:00:00,25.01,18.300322,-6.709678421020509,6.709678421020509,142,19
2024-06-02 20:00:00,28.87,21.167618,-7.7023822021484385,7.7023822021484385,142,20
2024-06-02 21:00:00,17.34,19.050838,1.7108384704589845,1.7108384704589845,142,21
2024-06-02 22:00:00,9.16,16.495893,7.3358934783935545,7.3358934783935545,142,22
2024-06-02 23:00:00,14.1,6.8068757,-7.2931242942810055,7.2931242942810055,142,23
2024-06-04 00:00:00,75.92,25.90643,-50.01357070922852,50.01357070922852,144,0
2024-06-04 01:00:00,36.8,24.7427,-12.05729942321777,12.05729942321777,144,1
2024-06-04 02:00:00,27.82,24.349705,-3.4702952575683597,3.4702952575683597,144,2
2024-06-04 03:00:00,48.69,24.157866,-24.532134475708006,24.532134475708006,144,3
2024-06-04 04:00:00,90.41,33.458218,-56.95178237915039,56.95178237915039,144,4
2024-06-04 05:00:00,96.64,42.790493,-53.84950698852539,53.84950698852539,144,5
2024-06-04 06:00:00,113.22,43.937153,-69.28284713745117,69.28284713745117,144,6
2024-06-04 07:00:00,81.82,40.142994,-41.67700607299804,41.67700607299804,144,7
2024-06-04 08:00:00,70.0,24.355894,-45.64410591125488,45.64410591125488,144,8
2024-06-04 09:00:00,37.3,16.190577,-21.10942344665527,21.10942344665527,144,9
2024-06-04 10:00:00,35.01,18.674345,-16.335654983520506,16.335654983520506,144,10
2024-06-04 11:00:00,14.84,15.449873,0.6098729705810548,0.6098729705810548,144,11
2024-06-04 12:00:00,1.17,13.899878,12.729877548217774,12.729877548217774,144,12
2024-06-04 13:00:00,-0.01,14.518742,14.528741607666015,14.528741607666015,144,13
2024-06-04 14:00:00,0.0,15.300733,15.300732612609863,15.300732612609863,144,14
2024-06-04 15:00:00,10.62,19.72299,9.102990036010743,9.102990036010743,144,15
2024-06-04 16:00:00,31.78,29.690886,-2.089114456176759,2.089114456176759,144,16
2024-06-04 17:00:00,45.71,51.10335,5.393351593017577,5.393351593017577,144,17
2024-06-04 18:00:00,40.05,66.23436,26.18435974121094,26.18435974121094,144,18
2024-06-04 19:00:00,39.47,65.915,26.445000915527345,26.445000915527345,144,19
2024-06-04 20:00:00,55.95,66.798325,10.848324584960935,10.848324584960935,144,20
2024-06-04 21:00:00,49.51,53.8583,4.348299255371096,4.348299255371096,144,21
2024-06-04 22:00:00,57.02,76.43123,19.41122863769531,19.41122863769531,144,22
2024-06-04 23:00:00,46.6,64.82076,18.220762634277342,18.220762634277342,144,23
2024-06-05 00:00:00,47.14,58.582474,11.442473754882812,11.442473754882812,145,0
2024-06-05 01:00:00,39.65,36.027958,-3.622042083740233,3.622042083740233,145,1
2024-06-05 02:00:00,48.23,32.94031,-15.289688568115231,15.289688568115231,145,2
2024-06-05 03:00:00,46.94,47.340874,0.400873718261721,0.400873718261721,145,3
2024-06-05 04:00:00,48.9,67.24063,18.340631103515626,18.340631103515626,145,4
2024-06-05 05:00:00,35.13,72.29372,37.16371643066406,37.16371643066406,145,5
2024-06-05 06:00:00,43.72,83.57225,39.85225036621094,39.85225036621094,145,6
2024-06-05 07:00:00,29.19,66.5125,37.32249694824219,37.32249694824219,145,7
2024-06-05 08:00:00,4.4,53.395874,48.9958740234375,48.9958740234375,145,8
2024-06-05 09:00:00,3.63,29.509775,25.879775161743165,25.879775161743165,145,9
2024-06-05 10:00:00,0.06,26.437855,26.377854766845704,26.377854766845704,145,10
2024-06-05 11:00:00,1.48,22.343086,20.86308624267578,20.86308624267578,145,11
2024-06-05 12:00:00,-0.01,16.247946,16.257945785522463,16.257945785522463,145,12
2024-06-05 13:00:00,0.0,16.737127,16.73712730407715,16.73712730407715,145,13
2024-06-05 14:00:00,-0.01,17.907166,17.91716552734375,17.91716552734375,145,14
2024-06-05 15:00:00,15.51,24.151999,8.641998519897461,8.641998519897461,145,15
2024-06-05 16:00:00,44.32,33.15012,-11.16988021850586,11.16988021850586,145,16
2024-06-05 17:00:00,76.06,43.2299,-32.83009963989258,32.83009963989258,145,17
2024-06-05 18:00:00,79.26,41.7482,-37.51180053710938,37.51180053710938,145,18
2024-06-05 19:00:00,87.0,44.566536,-42.43346405029297,42.43346405029297,145,19
2024-06-05 20:00:00,90.56,53.883106,-36.67689376831055,36.67689376831055,145,20
2024-06-05 21:00:00,93.25,48.83882,-44.41117858886719,44.41117858886719,145,21
2024-06-05 22:00:00,59.59,46.780228,-12.809772338867191,12.809772338867191,145,22
2024-06-05 23:00:00,38.76,43.82034,5.060339202880861,5.060339202880861,145,23
2024-06-06 00:00:00,35.35,43.739212,8.389212036132811,8.389212036132811,146,0
2024-06-06 01:00:00,27.95,37.511284,9.56128387451172,9.56128387451172,146,1
2024-06-06 02:00:00,27.83,43.637787,15.807786865234377,15.807786865234377,146,2
2024-06-06 03:00:00,32.37,42.74982,10.379820709228518,10.379820709228518,146,3
2024-06-06 04:00:00,59.76,45.27475,-14.485250244140623,14.485250244140623,146,4
2024-06-06 05:00:00,74.13,44.115715,-30.014284973144527,30.014284973144527,146,5
2024-06-06 06:00:00,79.12,57.4994,-21.620598907470708,21.620598907470708,146,6
2024-06-06 07:00:00,68.55,42.14899,-26.40100936889648,26.40100936889648,146,7
2024-06-06 08:00:00,57.8,19.855915,-37.94408493041992,37.94408493041992,146,8
2024-06-06 09:00:00,30.42,14.967738,-15.452261848449709,15.452261848449709,146,9
2024-06-06 10:00:00,26.35,13.281728,-13.068272209167482,13.068272209167482,146,10
2024-06-06 11:00:00,20.08,13.083105,-6.996894912719725,6.996894912719725,146,11
2024-06-06 12:00:00,7.68,9.171553,1.491552658081055,1.491552658081055,146,12
2024-06-06 13:00:00,4.97,8.748833,3.778832702636719,3.778832702636719,146,13
2024-06-06 14:00:00,19.32,11.339097,-7.980902976989746,7.980902976989746,146,14
2024-06-06 15:00:00,47.44,25.050446,-22.389554443359373,22.389554443359373,146,15
2024-06-06 16:00:00,81.59,43.123844,-38.46615585327149,38.46615585327149,146,16
2024-06-06 17:00:00,92.53,67.73777,-24.792229919433595,24.792229919433595,146,17
2024-06-06 18:00:00,88.01,69.827965,-18.18203521728516,18.18203521728516,146,18
2024-06-06 19:00:00,84.05,76.73545,-7.314549255371091,7.314549255371091,146,19
2024-06-06 20:00:00,88.98,77.55762,-11.422382812500004,11.422382812500004,146,20
2024-06-06 21:00:00,83.19,78.04704,-5.14295715332031,5.14295715332031,146,21
2024-06-06 22:00:00,84.92,49.040115,-35.87988464355469,35.87988464355469,146,22
2024-06-06 23:00:00,81.68,36.473236,-45.20676391601563,45.20676391601563,146,23
2024-06-07 00:00:00,64.92,38.782524,-26.137475891113283,26.137475891113283,147,0
2024-06-07 01:00:00,48.11,32.378803,-15.731196746826171,15.731196746826171,147,1
2024-06-07 02:00:00,41.04,32.771957,-8.268042602539062,8.268042602539062,147,2
2024-06-07 03:00:00,62.59,35.960144,-26.629855957031253,26.629855957031253,147,3
2024-06-07 04:00:00,71.49,54.925594,-16.56440567016601,16.56440567016601,147,4
2024-06-07 05:00:00,71.52,63.57137,-7.948630828857418,7.948630828857418,147,5
2024-06-07 06:00:00,82.56,73.34732,-9.212679443359377,9.212679443359377,147,6
2024-06-07 07:00:00,72.04,57.045803,-14.994196929931647,14.994196929931647,147,7
2024-06-07 08:00:00,48.98,46.373703,-2.6062969970703094,2.6062969970703094,147,8
2024-06-07 09:00:00,41.39,23.608624,-17.78137649536133,17.78137649536133,147,9
2024-06-07 10:00:00,33.91,19.918804,-13.991195831298825,13.991195831298825,147,10
2024-06-07 11:00:00,25.36,16.634724,-8.725276336669921,8.725276336669921,147,11
2024-06-07 12:00:00,18.34,12.703304,-5.6366957092285155,5.6366957092285155,147,12
2024-06-07 13:00:00,19.58,10.811289,-8.768711166381834,8.768711166381834,147,13
2024-06-07 14:00:00,27.08,20.451544,-6.6284561920166,6.6284561920166,147,14
2024-06-07 15:00:00,37.54,43.63414,6.094140014648438,6.094140014648438,147,15
2024-06-07 16:00:00,56.2,62.7658,6.565800476074216,6.565800476074216,147,16
2024-06-07 17:00:00,82.84,73.5979,-9.242099609375003,9.242099609375003,147,17
2024-06-07 18:00:00,69.29,68.697365,-0.5926351928711,0.5926351928711,147,18
2024-06-07 19:00:00,61.33,69.461525,8.131524963378908,8.131524963378908,147,19
2024-06-07 20:00:00,78.62,77.84997,-0.7700320434570358,0.7700320434570358,147,20
2024-06-07 21:00:00,84.29,73.85517,-10.434828796386725,10.434828796386725,147,21
2024-06-07 22:00:00,72.52,70.643524,-1.876475830078121,1.876475830078121,147,22
2024-06-07 23:00:00,41.36,62.4539,21.093899383544922,21.093899383544922,147,23
2024-06-08 00:00:00,32.24,41.516865,9.276864776611326,9.276864776611326,148,0
2024-06-08 01:00:00,23.3,36.76804,13.46803970336914,13.46803970336914,148,1
2024-06-08 02:00:00,11.25,33.229736,21.979736328125,21.979736328125,148,2
2024-06-08 03:00:00,10.53,39.78505,29.25504943847656,29.25504943847656,148,3
2024-06-08 04:00:00,17.57,45.92646,28.35646026611328,28.35646026611328,148,4
2024-06-08 05:00:00,12.7,41.60524,28.905239868164063,28.905239868164063,148,5
2024-06-08 06:00:00,21.84,45.364464,23.524463806152344,23.524463806152344,148,6
2024-06-08 07:00:00,12.82,40.43969,27.61968963623047,27.61968963623047,148,7
2024-06-08 08:00:00,0.23,24.89346,24.66345932006836,24.66345932006836,148,8
2024-06-08 09:00:00,-2.2,11.8166685,14.016668510437011,14.016668510437011,148,9
2024-06-08 10:00:00,-9.46,5.4741383,14.934138259887696,14.934138259887696,148,10
2024-06-08 11:00:00,-22.13,-0.49450272,21.63549727678299,21.63549727678299,148,11
2024-06-08 12:00:00,-28.4,-2.3192394,26.080760622024535,26.080760622024535,148,12
2024-06-08 13:00:00,-19.22,-1.4125472,17.80745276927948,17.80745276927948,148,13
2024-06-08 14:00:00,-6.5,6.567001,13.06700086593628,13.06700086593628,148,14
2024-06-08 15:00:00,4.13,17.803728,13.673728103637696,13.673728103637696,148,15
2024-06-08 16:00:00,31.23,39.427,8.196998138427734,8.196998138427734,148,16
2024-06-08 17:00:00,47.7,60.75932,13.059319305419919,13.059319305419919,148,17
2024-06-08 18:00:00,58.07,55.513367,-2.5566333007812503,2.5566333007812503,148,18
2024-06-08 19:00:00,60.09,51.474655,-8.615344848632816,8.615344848632816,148,19
2024-06-08 20:00:00,59.09,62.376404,3.2864038085937466,3.2864038085937466,148,20
2024-06-08 21:00:00,56.59,63.409637,6.819637451171872,6.819637451171872,148,21
2024-06-08 22:00:00,43.48,52.94376,9.463759918212894,9.463759918212894,148,22
2024-06-08 23:00:00,22.41,31.390278,8.980277862548828,8.980277862548828,148,23
2024-06-09 00:00:00,12.76,19.561682,6.801681747436524,6.801681747436524,149,0
2024-06-09 01:00:00,8.46,12.069728,3.609727897644042,3.609727897644042,149,1
2024-06-09 02:00:00,8.94,12.8740635,3.9340634918212896,3.9340634918212896,149,2
2024-06-09 03:00:00,9.8,17.084538,7.284537506103515,7.284537506103515,149,3
2024-06-09 04:00:00,7.32,19.801815,12.481815032958984,12.481815032958984,149,4
2024-06-09 05:00:00,4.4,17.56611,13.166110610961914,13.166110610961914,149,5
2024-06-09 06:00:00,0.22,16.503244,16.283244400024415,16.283244400024415,149,6
2024-06-09 07:00:00,-1.88,13.838259,15.718258743286132,15.718258743286132,149,7
2024-06-09 08:00:00,-7.27,0.83015466,8.100154657363891,8.100154657363891,149,8
2024-06-09 09:00:00,-14.35,-13.953355,0.39664516448974574,0.39664516448974574,149,9
2024-06-09 10:00:00,-8.91,-8.723058,0.1869422531127931,0.1869422531127931,149,10
2024-06-09 11:00:00,-14.35,-12.816802,1.533197975158691,1.533197975158691,149,11
2024-06-09 12:00:00,-25.4,-15.877588,9.522411727905272,9.522411727905272,149,12
2024-06-09 13:00:00,-28.52,-16.417845,12.102155227661132,12.102155227661132,149,13
2024-06-09 14:00:00,-4.84,-7.400664,-2.5606638526916505,2.5606638526916505,149,14
2024-06-09 15:00:00,2.07,2.8727705,0.8027705478668214,0.8027705478668214,149,15
2024-06-09 16:00:00,23.74,29.509336,5.769336471557619,5.769336471557619,149,16
2024-06-09 17:00:00,47.2,49.042313,1.8423126220703097,1.8423126220703097,149,17
2024-06-09 18:00:00,41.8,50.44839,8.648390960693362,8.648390960693362,149,18
2024-06-09 19:00:00,58.76,53.788776,-4.97122360229492,4.97122360229492,149,19
2024-06-09 20:00:00,69.64,53.699852,-15.940148010253907,15.940148010253907,149,20
2024-06-09 21:00:00,56.9,51.94018,-4.959818267822264,4.959818267822264,149,21
2024-06-09 22:00:00,69.41,37.82492,-31.58507934570312,31.58507934570312,149,22
2024-06-09 23:00:00,35.5,22.797983,-12.702016830444336,12.702016830444336,149,23
2024-06-10 00:00:00,38.2,35.4459,-2.7541000366210966,2.7541000366210966,150,0
2024-06-10 01:00:00,30.86,24.75613,-6.10386978149414,6.10386978149414,150,1
2024-06-10 02:00:00,17.74,28.597073,10.857072601318361,10.857072601318361,150,2
2024-06-10 03:00:00,35.01,32.531002,-2.4789979553222636,2.4789979553222636,150,3
2024-06-10 04:00:00,31.98,37.838154,5.858153839111328,5.858153839111328,150,4
2024-06-10 05:00:00,55.05,64.07932,9.029322814941409,9.029322814941409,150,5
2024-06-10 06:00:00,35.5,52.3961,16.896099090576172,16.896099090576172,150,6
2024-06-10 07:00:00,38.3,50.202667,11.902667236328128,11.902667236328128,150,7
2024-06-10 08:00:00,18.08,25.13396,7.053960723876955,7.053960723876955,150,8
2024-06-10 09:00:00,8.04,15.55813,7.518130264282227,7.518130264282227,150,9
2024-06-10 10:00:00,10.6,14.09247,3.492470169067383,3.492470169067383,150,10
2024-06-10 11:00:00,3.36,14.499426,11.139425888061524,11.139425888061524,150,11
2024-06-10 12:00:00,0.03,12.291874,12.261873931884766,12.261873931884766,150,12
2024-06-10 13:00:00,0.0,12.009134,12.009134292602539,12.009134292602539,150,13
2024-06-10 14:00:00,-0.01,17.149685,17.15968490600586,17.15968490600586,150,14
2024-06-10 15:00:00,0.09,23.78942,23.699419174194336,23.699419174194336,150,15
2024-06-10 16:00:00,21.06,38.317173,17.257173004150392,17.257173004150392,150,16
2024-06-10 17:00:00,40.56,61.38978,20.82977813720703,20.82977813720703,150,17
2024-06-10 18:00:00,25.34,64.36909,39.02908721923828,39.02908721923828,150,18
2024-06-10 19:00:00,28.78,70.7682,41.98820373535156,41.98820373535156,150,19
2024-06-10 20:00:00,68.01,74.243324,6.233324279785151,6.233324279785151,150,20
2024-06-10 21:00:00,70.06,65.06908,-4.990923461914065,4.990923461914065,150,21
2024-06-10 22:00:00,62.28,68.23714,5.957136840820311,5.957136840820311,150,22
2024-06-10 23:00:00,58.69,46.61292,-12.077081146240232,12.077081146240232,150,23
2024-06-11 00:00:00,51.85,35.435925,-16.414075469970705,16.414075469970705,151,0
2024-06-11 01:00:00,37.03,31.010502,-6.0194981384277355,6.0194981384277355,151,1
2024-06-11 02:00:00,22.74,27.89689,5.156890640258791,5.156890640258791,151,2
2024-06-11 03:00:00,55.02,32.638416,-22.3815837097168,22.3815837097168,151,3
2024-06-11 04:00:00,44.81,34.690434,-10.119566497802737,10.119566497802737,151,4
2024-06-11 05:00:00,68.77,64.29896,-4.471042175292965,4.471042175292965,151,5
2024-06-11 06:00:00,70.0,51.88085,-18.11914825439453,18.11914825439453,151,6
2024-06-11 07:00:00,66.84,43.71958,-23.120418395996097,23.120418395996097,151,7
2024-06-11 08:00:00,42.39,25.402952,-16.987047805786133,16.987047805786133,151,8
2024-06-11 09:00:00,37.05,16.593754,-20.45624618530273,20.45624618530273,151,9
2024-06-11 10:00:00,19.51,16.999315,-2.5106847381591813,2.5106847381591813,151,10
2024-06-11 11:00:00,7.65,10.875974,3.2259737014770504,3.2259737014770504,151,11
2024-06-11 12:00:00,6.62,9.338733,2.7187327194213866,2.7187327194213866,151,12
2024-06-11 13:00:00,9.26,9.775547,0.5155470275878908,0.5155470275878908,151,13
2024-06-11 14:00:00,13.89,13.490265,-0.39973510742187557,0.39973510742187557,151,14
2024-06-11 15:00:00,35.13,20.069984,-15.060015563964846,15.060015563964846,151,15
2024-06-11 16:00:00,46.0,31.17217,-14.827829360961914,14.827829360961914,151,16
2024-06-11 17:00:00,66.05,47.73802,-18.31197814941406,18.31197814941406,151,17
2024-06-11 18:00:00,71.12,41.35804,-29.761960144042973,29.761960144042973,151,18
2024-06-11 19:00:00,85.41,45.01226,-40.39773956298828,40.39773956298828,151,19
2024-06-11 20:00:00,77.29,63.143238,-14.146761932373053,14.146761932373053,151,20
2024-06-11 21:00:00,70.13,59.696457,-10.433543090820308,10.433543090820308,151,21
2024-06-11 22:00:00,27.82,55.14379,27.32379119873047,27.32379119873047,151,22
2024-06-11 23:00:00,30.13,51.604237,21.474236602783204,21.474236602783204,151,23
2024-06-12 00:00:00,30.31,46.567917,16.25791687011719,16.25791687011719,152,0
2024-06-12 01:00:00,24.89,35.402115,10.512114868164062,10.512114868164062,152,1
2024-06-12 02:00:00,19.98,31.428896,11.448895950317382,11.448895950317382,152,2
2024-06-12 03:00:00,30.48,49.244156,18.764155883789062,18.764155883789062,152,3
2024-06-12 04:00:00,40.08,44.69924,4.6192416381835955,4.6192416381835955,152,4
2024-06-12 05:00:00,44.88,61.352573,16.472573394775388,16.472573394775388,152,5
2024-06-12 06:00:00,44.45,63.809124,19.35912399291992,19.35912399291992,152,6
2024-06-12 07:00:00,29.93,62.25521,32.325210876464844,32.325210876464844,152,7
2024-06-12 08:00:00,15.29,40.289593,24.999592742919923,24.999592742919923,152,8
2024-06-12 09:00:00,11.68,31.736204,20.056204147338867,20.056204147338867,152,9
2024-06-12 10:00:00,20.06,26.478922,6.41892189025879,6.41892189025879,152,10
2024-06-12 11:00:00,25.97,18.721594,-7.248406143188475,7.248406143188475,152,11
2024-06-12 12:00:00,24.35,16.702078,-7.6479221343994155,7.6479221343994155,152,12
2024-06-12 13:00:00,12.25,18.053862,5.803861618041992,5.803861618041992,152,13
2024-06-12 14:00:00,10.43,24.081953,13.651953048706055,13.651953048706055,152,14
2024-06-12 15:00:00,25.73,35.87146,10.1414599609375,10.1414599609375,152,15
2024-06-12 16:00:00,40.0,47.15818,7.158180236816406,7.158180236816406,152,16
2024-06-12 17:00:00,55.1,62.284035,7.184034729003905,7.184034729003905,152,17
2024-06-12 18:00:00,52.77,69.028625,16.258625488281247,16.258625488281247,152,18
2024-06-12 19:00:00,45.59,83.63865,38.0486489868164,38.0486489868164,152,19
2024-06-12 20:00:00,66.09,79.45358,13.363582763671872,13.363582763671872,152,20
2024-06-12 21:00:00,70.4,72.56603,2.166032409667963,2.166032409667963,152,21
2024-06-12 22:00:00,65.68,45.066692,-20.613307647705085,20.613307647705085,152,22
2024-06-12 23:00:00,34.24,40.413006,6.17300582885742,6.17300582885742,152,23
2024-06-15 00:00:00,0.08,21.029114,20.94911376953125,20.94911376953125,155,0
2024-06-15 01:00:00,0.09,18.48699,18.396989974975586,18.396989974975586,155,1
2024-06-15 02:00:00,2.47,18.269804,15.799804000854492,15.799804000854492,155,2
2024-06-15 03:00:00,0.26,10.167588,9.907588233947754,9.907588233947754,155,3
2024-06-15 04:00:00,1.54,3.8001351,2.2601351356506347,2.2601351356506347,155,4
2024-06-15 05:00:00,0.09,7.9719067,7.881906661987305,7.881906661987305,155,5
2024-06-15 06:00:00,0.0,12.227616,12.227616310119629,12.227616310119629,155,6
2024-06-15 07:00:00,-0.06,28.91528,28.975279388427733,28.975279388427733,155,7
2024-06-15 08:00:00,-10.08,28.445072,38.525072174072264,38.525072174072264,155,8
2024-06-15 09:00:00,-28.87,17.943316,46.81331550598145,46.81331550598145,155,9
2024-06-15 10:00:00,-44.68,6.152218,50.832217864990234,50.832217864990234,155,10
2024-06-15 11:00:00,-65.47,-3.3279955,62.14200446128845,62.14200446128845,155,11
2024-06-15 12:00:00,-80.02,-12.198837,67.82116271972656,67.82116271972656,155,12
2024-06-15 13:00:00,-55.93,-12.919583,43.010416679382324,43.010416679382324,155,13
2024-06-15 14:00:00,-28.08,-7.336438,20.743561820983885,20.743561820983885,155,14
2024-06-15 15:00:00,-2.36,1.2932273,3.6532273149490355,3.6532273149490355,155,15
2024-06-15 16:00:00,0.0,5.583421,5.583421230316162,5.583421230316162,155,16
2024-06-15 17:00:00,9.59,16.66431,7.074310455322266,7.074310455322266,155,17
2024-06-15 18:00:00,23.22,20.967005,-2.2529952239990223,2.2529952239990223,155,18
2024-06-15 19:00:00,28.0,43.48726,15.487258911132812,15.487258911132812,155,19
2024-06-15 20:00:00,47.7,38.763123,-8.936877441406253,8.936877441406253,155,20
2024-06-15 21:00:00,41.76,28.444242,-13.315757522583006,13.315757522583006,155,21
2024-06-15 22:00:00,27.49,23.629477,-3.8605234527587875,3.8605234527587875,155,22
2024-06-15 23:00:00,10.62,16.332918,5.712918167114259,5.712918167114259,155,23
2024-06-16 00:00:00,7.92,0.50901353,-7.410986466407776,7.410986466407776,156,0
2024-06-16 01:00:00,5.94,5.78671,-0.1532902145385746,0.1532902145385746,156,1
2024-06-16 02:00:00,4.81,4.3108344,-0.4991655921936031,0.4991655921936031,156,2
2024-06-16 03:00:00,4.39,5.8945265,1.5045264816284183,1.5045264816284183,156,3
2024-06-16 04:00:00,4.53,4.6282744,0.09827444076538061,0.09827444076538061,156,4
2024-06-16 05:00:00,0.71,5.0760145,4.366014518737793,4.366014518737793,156,5
2024-06-16 06:00:00,-0.02,2.4458027,2.465802688598633,2.465802688598633,156,6
2024-06-16 07:00:00,-1.26,4.1978197,5.457819709777832,5.457819709777832,156,7
2024-06-16 08:00:00,-10.01,-10.019175,-0.009174575805664276,0.009174575805664276,156,8
2024-06-16 09:00:00,-13.34,-14.119129,-0.7791291809082033,0.7791291809082033,156,9
2024-06-16 10:00:00,-20.01,-18.880686,1.1293141937255875,1.1293141937255875,156,10
2024-06-16 11:00:00,-30.01,-21.515835,8.494165191650392,8.494165191650392,156,11
2024-06-16 12:00:00,-35.68,-25.375402,10.304597549438476,10.304597549438476,156,12
2024-06-16 13:00:00,-29.05,-26.394445,2.6555545806884773,2.6555545806884773,156,13
2024-06-16 14:00:00,-9.52,-16.10299,-6.582989196777344,6.582989196777344,156,14
2024-06-16 15:00:00,-0.06,-7.6539392,-7.593939247131348,7.593939247131348,156,15
2024-06-16 16:00:00,6.47,1.9179924,-4.552007646560669,4.552007646560669,156,16
2024-06-16 17:00:00,11.33,22.94882,11.618820114135742,11.618820114135742,156,17
2024-06-16 18:00:00,16.8,30.067078,13.26707763671875,13.26707763671875,156,18
2024-06-16 19:00:00,35.02,36.470394,1.4503941345214812,1.4503941345214812,156,19
2024-06-16 20:00:00,41.26,51.576145,10.316145172119143,10.316145172119143,156,20
2024-06-16 21:00:00,41.62,39.687054,-1.9329463195800756,1.9329463195800756,156,21
2024-06-16 22:00:00,41.49,26.449135,-15.040865173339846,15.040865173339846,156,22
2024-06-16 23:00:00,35.01,18.610075,-16.399925003051756,16.399925003051756,156,23
2024-06-18 00:00:00,34.15,33.879025,-0.2709754943847642,0.2709754943847642,158,0
2024-06-18 01:00:00,35.65,29.49429,-6.155710601806639,6.155710601806639,158,1
2024-06-18 02:00:00,29.26,26.840414,-2.4195859527587906,2.4195859527587906,158,2
2024-06-18 03:00:00,27.0,21.91484,-5.0851593017578125,5.0851593017578125,158,3
2024-06-18 04:00:00,37.36,30.44004,-6.919959411621093,6.919959411621093,158,4
2024-06-18 05:00:00,55.71,40.012283,-15.697716674804688,15.697716674804688,158,5
2024-06-18 06:00:00,59.1,52.816536,-6.28346405029297,6.28346405029297,158,6
2024-06-18 07:00:00,52.21,46.310673,-5.899327239990235,5.899327239990235,158,7
2024-06-18 08:00:00,39.0,27.45398,-11.5460205078125,11.5460205078125,158,8
2024-06-18 09:00:00,33.25,14.000585,-19.249415397644043,19.249415397644043,158,9
2024-06-18 10:00:00,26.56,15.04187,-11.518129882812499,11.518129882812499,158,10
2024-06-18 11:00:00,8.6,13.167872,4.567872428894043,4.567872428894043,158,11
2024-06-18 12:00:00,11.21,14.400465,3.190465011596679,3.190465011596679,158,12
2024-06-18 13:00:00,10.6,13.437123,2.83712329864502,2.83712329864502,158,13
2024-06-18 14:00:00,9.99,18.967844,8.977844009399414,8.977844009399414,158,14
2024-06-18 15:00:00,20.27,28.818588,8.548588256835938,8.548588256835938,158,15
2024-06-18 16:00:00,35.0,48.645023,13.645023345947266,13.645023345947266,158,16
2024-06-18 17:00:00,45.28,54.80811,9.528109283447264,9.528109283447264,158,17
2024-06-18 18:00:00,49.65,56.347965,6.697965240478517,6.697965240478517,158,18
2024-06-18 19:00:00,18.61,65.78802,47.17801727294922,47.17801727294922,158,19
2024-06-18 20:00:00,54.98,78.506714,23.526713867187503,23.526713867187503,158,20
2024-06-18 21:00:00,57.9,56.86465,-1.0353492736816392,1.0353492736816392,158,21
2024-06-18 22:00:00,99.83,51.51815,-48.311849670410155,48.311849670410155,158,22
2024-06-18 23:00:00,54.0,40.044704,-13.95529556274414,13.95529556274414,158,23
2024-06-19 00:00:00,44.1,34.59189,-9.508111572265626,9.508111572265626,159,0
2024-06-19 01:00:00,34.92,33.059868,-1.860132141113283,1.860132141113283,159,1
2024-06-19 02:00:00,24.0,29.586737,5.586736679077148,5.586736679077148,159,2
2024-06-19 03:00:00,33.19,31.231968,-1.958032073974607,1.958032073974607,159,3
2024-06-19 04:00:00,55.51,32.103123,-23.406877288818357,23.406877288818357,159,4
2024-06-19 05:00:00,93.36,52.76905,-40.59094940185547,40.59094940185547,159,5
2024-06-19 06:00:00,91.79,52.931858,-38.858141937255866,38.858141937255866,159,6
2024-06-19 07:00:00,59.38,50.56522,-8.814780120849612,8.814780120849612,159,7
2024-06-19 08:00:00,55.8,30.83666,-24.96333961486816,24.96333961486816,159,8
2024-06-19 09:00:00,46.41,23.261427,-23.148573074340817,23.148573074340817,159,9
2024-06-19 10:00:00,43.54,21.54708,-21.992920913696288,21.992920913696288,159,10
2024-06-19 11:00:00,37.0,19.446146,-17.55385398864746,17.55385398864746,159,11
2024-06-19 12:00:00,22.43,17.732681,-4.697318725585937,4.697318725585937,159,12
2024-06-19 13:00:00,23.56,21.093378,-2.466621932983397,2.466621932983397,159,13
2024-06-19 14:00:00,28.6,24.049545,-4.550454711914064,4.550454711914064,159,14
2024-06-19 15:00:00,35.02,28.184809,-6.835191268920902,6.835191268920902,159,15
2024-06-19 16:00:00,38.47,40.109894,1.6398937988281261,1.6398937988281261,159,16
2024-06-19 17:00:00,79.83,49.45711,-30.37288864135742,30.37288864135742,159,17
2024-06-19 18:00:00,69.04,55.535393,-13.504607238769538,13.504607238769538,159,18
2024-06-19 19:00:00,109.01,40.765266,-68.24473358154297,68.24473358154297,159,19
2024-06-19 20:00:00,109.0,56.093937,-52.906063079833984,52.906063079833984,159,20
2024-06-19 21:00:00,89.59,54.545044,-35.0449560546875,35.0449560546875,159,21
2024-06-19 22:00:00,85.89,77.72127,-8.168732299804688,8.168732299804688,159,22
2024-06-19 23:00:00,68.92,48.328285,-20.591714782714845,20.591714782714845,159,23
2024-06-20 00:00:00,61.45,41.85617,-19.593829345703128,19.593829345703128,160,0
2024-06-20 01:00:00,46.72,36.391273,-10.328726501464843,10.328726501464843,160,1
2024-06-20 02:00:00,48.49,29.35876,-19.131239166259768,19.131239166259768,160,2
2024-06-20 03:00:00,61.45,35.87954,-25.57046051025391,25.57046051025391,160,3
2024-06-20 04:00:00,99.0,50.776707,-48.22329330444336,48.22329330444336,160,4
2024-06-20 05:00:00,111.72,79.38659,-32.33341094970703,32.33341094970703,160,5
2024-06-20 06:00:00,103.0,76.602394,-26.397605895996094,26.397605895996094,160,6
2024-06-20 07:00:00,81.94,55.548607,-26.391393127441404,26.391393127441404,160,7
2024-06-20 08:00:00,71.87,48.758114,-23.11188613891602,23.11188613891602,160,8
2024-06-20 09:00:00,63.04,37.349472,-25.69052795410156,25.69052795410156,160,9
2024-06-20 10:00:00,59.94,35.615704,-24.324296417236326,24.324296417236326,160,10
2024-06-20 11:00:00,58.35,30.547293,-27.802707290649415,27.802707290649415,160,11
2024-06-20 12:00:00,61.42,23.046198,-38.37380210876465,38.37380210876465,160,12
2024-06-20 13:00:00,61.93,23.010397,-38.91960304260254,38.91960304260254,160,13
2024-06-20 14:00:00,61.42,31.128996,-30.29100410461426,30.29100410461426,160,14
2024-06-20 15:00:00,62.15,36.63017,-25.519831085205077,25.519831085205077,160,15
2024-06-20 16:00:00,77.46,42.584896,-34.87510391235351,34.87510391235351,160,16
2024-06-20 17:00:00,107.0,70.2824,-36.71759796142578,36.71759796142578,160,17
2024-06-20 18:00:00,115.28,66.44571,-48.834290771484376,48.834290771484376,160,18
2024-06-20 19:00:00,122.78,85.87261,-36.90738800048828,36.90738800048828,160,19
2024-06-20 20:00:00,114.59,87.08977,-27.500232543945316,27.500232543945316,160,20
2024-06-20 21:00:00,95.85,70.637764,-25.212236022949213,25.212236022949213,160,21
2024-06-20 22:00:00,101.38,68.16834,-33.211657409667964,33.211657409667964,160,22
2024-06-20 23:00:00,91.2,50.83759,-40.36241073608399,40.36241073608399,160,23
2024-06-21 00:00:00,89.95,45.010582,-44.93941802978516,44.93941802978516,161,0
2024-06-21 01:00:00,85.8,43.605892,-42.19410781860351,42.19410781860351,161,1
2024-06-21 02:00:00,76.22,41.404926,-34.81507369995117,34.81507369995117,161,2
2024-06-21 03:00:00,81.14,45.2101,-35.92990173339844,35.92990173339844,161,3
2024-06-21 04:00:00,96.06,75.35884,-20.70115905761719,20.70115905761719,161,4
2024-06-21 05:00:00,113.47,87.49666,-25.973341674804686,25.973341674804686,161,5
2024-06-21 06:00:00,114.32,88.058075,-26.261925048828118,26.261925048828118,161,6
2024-06-21 07:00:00,107.42,67.76487,-39.655130310058595,39.655130310058595,161,7
2024-06-21 08:00:00,96.74,57.54222,-39.19777893066406,39.19777893066406,161,8
2024-06-21 09:00:00,84.21,48.024292,-36.185708007812494,36.185708007812494,161,9
2024-06-21 10:00:00,61.34,44.691013,-16.648986663818363,16.648986663818363,161,10
2024-06-21 11:00:00,57.4,48.909866,-8.490133666992186,8.490133666992186,161,11
2024-06-21 12:00:00,55.1,46.82667,-8.273328399658205,8.273328399658205,161,12
2024-06-21 13:00:00,43.17,42.606255,-0.563745422363283,0.563745422363283,161,13
2024-06-21 14:00:00,40.0,53.966457,13.96645736694336,13.96645736694336,161,14
2024-06-21 15:00:00,49.8,52.826706,3.0267059326171903,3.0267059326171903,161,15
2024-06-21 16:00:00,56.75,67.40301,10.653007507324219,10.653007507324219,161,16
2024-06-21 17:00:00,77.46,92.73616,15.276160278320319,15.276160278320319,161,17
2024-06-21 18:00:00,100.01,96.3814,-3.6285989379882864,3.6285989379882864,161,18
2024-06-21 19:00:00,105.14,99.24262,-5.897377624511719,5.897377624511719,161,19
2024-06-21 20:00:00,96.49,108.21273,11.722730407714849,11.722730407714849,161,20
2024-06-21 21:00:00,83.26,95.943115,12.683115234374995,12.683115234374995,161,21
2024-06-21 22:00:00,81.53,94.79347,13.263472290039061,13.263472290039061,161,22
2024-06-21 23:00:00,70.19,84.58301,14.393007812500002,14.393007812500002,161,23
2024-06-22 00:00:00,56.12,55.596256,-0.5237437438964818,0.5237437438964818,162,0
2024-06-22 01:00:00,46.93,56.360794,9.430794067382813,9.430794067382813,162,1
2024-06-22 02:00:00,46.16,57.64527,11.485271301269535,11.485271301269535,162,2
2024-06-22 03:00:00,42.96,57.19815,14.238150634765624,14.238150634765624,162,3
2024-06-22 04:00:00,44.48,68.13223,23.652232666015628,23.652232666015628,162,4
2024-06-22 05:00:00,47.76,81.83629,34.07628845214844,34.07628845214844,162,5
2024-06-22 06:00:00,36.95,78.9149,41.964901733398435,41.964901733398435,162,6
2024-06-22 07:00:00,34.65,69.179054,34.52905426025391,34.52905426025391,162,7
2024-06-22 08:00:00,12.54,61.561516,49.02151580810547,49.02151580810547,162,8
2024-06-22 09:00:00,3.59,43.238903,39.64890304565429,39.64890304565429,162,9
2024-06-22 10:00:00,2.68,32.278404,29.598404235839844,29.598404235839844,162,10
2024-06-22 11:00:00,0.03,30.7122,30.68220016479492,30.68220016479492,162,11
2024-06-22 12:00:00,0.0,29.376562,29.376562118530273,29.376562118530273,162,12
2024-06-22 13:00:00,0.8,22.76389,21.96388931274414,21.96388931274414,162,13
2024-06-22 14:00:00,5.36,28.281973,22.921972885131837,22.921972885131837,162,14
2024-06-22 15:00:00,14.93,40.88826,25.958259887695313,25.958259887695313,162,15
2024-06-22 16:00:00,47.06,49.27286,2.2128614807128884,2.2128614807128884,162,16
2024-06-22 17:00:00,87.04,69.06337,-17.976630249023444,17.976630249023444,162,17
2024-06-22 18:00:00,66.72,81.541565,14.821564941406251,14.821564941406251,162,18
2024-06-22 19:00:00,76.79,89.643364,12.853363952636712,12.853363952636712,162,19
2024-06-22 20:00:00,101.53,90.96872,-10.561280517578126,10.561280517578126,162,20
2024-06-22 21:00:00,84.18,68.72589,-15.454108886718757,15.454108886718757,162,21
2024-06-22 22:00:00,77.0,61.976456,-15.023544311523438,15.023544311523438,162,22
2024-06-22 23:00:00,56.99,54.942013,-2.0479872131347676,2.0479872131347676,162,23
2024-06-24 00:00:00,40.0,81.378525,41.37852478027344,41.37852478027344,164,0
2024-06-24 01:00:00,35.4,76.952034,41.55203399658203,41.55203399658203,164,1
2024-06-24 02:00:00,35.02,70.86868,35.84868286132812,35.84868286132812,164,2
2024-06-24 03:00:00,49.07,63.177616,14.107616119384765,14.107616119384765,164,3
2024-06-24 04:00:00,55.03,66.97598,11.945982666015624,11.945982666015624,164,4
2024-06-24 05:00:00,70.0,74.98891,4.9889068603515625,4.9889068603515625,164,5
2024-06-24 06:00:00,77.04,67.50413,-9.5358724975586,9.5358724975586,164,6
2024-06-24 07:00:00,52.86,66.15378,13.293778076171876,13.293778076171876,164,7
2024-06-24 08:00:00,35.0,51.066635,16.066635131835938,16.066635131835938,164,8
2024-06-24 09:00:00,18.73,42.344063,23.61406280517578,23.61406280517578,164,9
2024-06-24 10:00:00,30.7,41.02988,10.329880523681641,10.329880523681641,164,10
2024-06-24 11:00:00,19.32,39.312504,19.992503814697265,19.992503814697265,164,11
2024-06-24 12:00:00,18.78,32.03148,13.251478881835936,13.251478881835936,164,12
2024-06-24 13:00:00,15.95,31.980677,16.030676651000977,16.030676651000977,164,13
2024-06-24 14:00:00,24.17,33.364227,9.194227294921873,9.194227294921873,164,14
2024-06-24 15:00:00,49.06,35.578068,-13.481932220458987,13.481932220458987,164,15
2024-06-24 16:00:00,65.92,53.130726,-12.789274139404299,12.789274139404299,164,16
2024-06-24 17:00:00,115.48,76.35759,-39.12241027832032,39.12241027832032,164,17
2024-06-24 18:00:00,92.41,80.293045,-12.116954956054684,12.116954956054684,164,18
2024-06-24 19:00:00,117.33,90.64577,-26.684232788085936,26.684232788085936,164,19
2024-06-24 20:00:00,113.7,97.88319,-15.816813659667972,15.816813659667972,164,20
2024-06-24 21:00:00,91.54,80.2734,-11.266600646972663,11.266600646972663,164,21
2024-06-24 22:00:00,44.55,71.71588,27.165881347656253,27.165881347656253,164,22
2024-06-24 23:00:00,40.08,57.479202,17.399202270507814,17.399202270507814,164,23
2024-06-25 00:00:00,45.1,46.235947,1.135946655273436,1.135946655273436,165,0
2024-06-25 01:00:00,28.12,40.54649,12.42648971557617,12.42648971557617,165,1
2024-06-25 02:00:00,12.49,39.14596,26.655961761474607,26.655961761474607,165,2
2024-06-25 03:00:00,38.28,48.332184,10.052183837890624,10.052183837890624,165,3
2024-06-25 04:00:00,45.6,55.57847,9.978468322753905,9.978468322753905,165,4
2024-06-25 05:00:00,62.91,65.92255,3.0125463867187534,3.0125463867187534,165,5
2024-06-25 06:00:00,74.77,71.629814,-3.1401858520507773,3.1401858520507773,165,6
2024-06-25 07:00:00,64.9,63.254734,-1.645265960693365,1.645265960693365,165,7
2024-06-25 08:00:00,35.69,39.18375,3.493750152587893,3.493750152587893,165,8
2024-06-25 09:00:00,12.83,30.967684,18.13768379211426,18.13768379211426,165,9
2024-06-25 10:00:00,0.0,33.991966,33.991966247558594,33.991966247558594,165,10
2024-06-25 11:00:00,-0.05,32.96907,33.01907043457031,33.01907043457031,165,11
2024-06-25 12:00:00,-0.04,30.952116,30.99211601257324,30.99211601257324,165,12
2024-06-25 13:00:00,11.59,29.651169,18.061168823242188,18.061168823242188,165,13
2024-06-25 14:00:00,25.0,33.54024,8.540241241455078,8.540241241455078,165,14
2024-06-25 15:00:00,35.02,57.834774,22.81477401733398,22.81477401733398,165,15
2024-06-25 16:00:00,48.99,67.436745,18.446744689941404,18.446744689941404,165,16
2024-06-25 17:00:00,77.0,113.02891,36.028907775878906,36.028907775878906,165,17
2024-06-25 18:00:00,105.0,93.600334,-11.399665832519531,11.399665832519531,165,18
2024-06-25 19:00:00,96.37,109.516365,13.146365051269527,13.146365051269527,165,19
2024-06-25 20:00:00,106.57,102.35988,-4.210121459960931,4.210121459960931,165,20
2024-06-25 21:00:00,87.03,78.82464,-8.205361633300782,8.205361633300782,165,21
2024-06-25 22:00:00,107.43,50.177097,-57.252902679443366,57.252902679443366,165,22
2024-06-25 23:00:00,99.96,46.006386,-53.95361419677734,53.95361419677734,165,23
2024-06-26 00:00:00,95.32,49.595974,-45.724026031494134,45.724026031494134,166,0
2024-06-26 01:00:00,95.46,38.538815,-56.92118545532226,56.92118545532226,166,1
2024-06-26 02:00:00,91.7,34.11019,-57.58980865478516,57.58980865478516,166,2
2024-06-26 03:00:00,97.12,39.421455,-57.69854461669922,57.69854461669922,166,3
2024-06-26 04:00:00,109.59,47.270866,-62.319133605957035,62.319133605957035,166,4
2024-06-26 05:00:00,130.0,61.63165,-68.36835098266602,68.36835098266602,166,5
2024-06-26 06:00:00,121.1,66.91489,-54.18511352539062,54.18511352539062,166,6
2024-06-26 07:00:00,101.76,65.1133,-36.64670349121094,36.64670349121094,166,7
2024-06-26 08:00:00,90.98,40.223495,-50.75650451660157,50.75650451660157,166,8
2024-06-26 09:00:00,85.99,29.750113,-56.23988746643066,56.23988746643066,166,9
2024-06-26 10:00:00,79.41,25.039436,-54.370563659667965,54.370563659667965,166,10
2024-06-26 11:00:00,77.24,26.67675,-50.563249816894526,50.563249816894526,166,11
2024-06-26 12:00:00,80.62,24.25175,-56.36824905395508,56.36824905395508,166,12
2024-06-26 13:00:00,90.59,25.919527,-64.670472946167,64.670472946167,166,13
2024-06-26 14:00:00,100.08,33.32554,-66.75446136474609,66.75446136474609,166,14
2024-06-26 15:00:00,105.96,42.53,-63.43000122070312,63.43000122070312,166,15
2024-06-26 16:00:00,114.98,56.93712,-58.04288146972657,58.04288146972657,166,16
2024-06-26 17:00:00,145.0,89.750626,-55.24937438964844,55.24937438964844,166,17
2024-06-26 18:00:00,156.98,97.83104,-59.14896057128905,59.14896057128905,166,18
2024-06-26 19:00:00,137.18,100.5256,-36.65440338134766,36.65440338134766,166,19
2024-06-26 20:00:00,118.98,103.21,-15.770000915527348,15.770000915527348,166,20
2024-06-26 21:00:00,110.0,85.58283,-24.41716766357422,24.41716766357422,166,21
2024-06-26 22:00:00,96.0,88.695694,-7.3043060302734375,7.3043060302734375,166,22
2024-06-26 23:00:00,86.92,77.07415,-9.845849914550783,9.845849914550783,166,23
2024-06-27 00:00:00,80.64,89.93558,9.295577392578124,9.295577392578124,167,0
2024-06-27 01:00:00,67.3,88.06987,20.76986999511719,20.76986999511719,167,1
2024-06-27 02:00:00,59.82,85.2762,25.456199340820312,25.456199340820312,167,2
2024-06-27 03:00:00,61.93,90.88591,28.955910034179688,28.955910034179688,167,3
2024-06-27 04:00:00,76.05,102.722885,26.67288513183594,26.67288513183594,167,4
2024-06-27 05:00:00,109.98,122.11456,12.134562988281246,12.134562988281246,167,5
2024-06-27 06:00:00,115.0,117.12185,2.1218490600585938,2.1218490600585938,167,6
2024-06-27 07:00:00,88.92,108.826004,19.90600402832031,19.90600402832031,167,7
2024-06-27 08:00:00,68.5,90.878296,22.3782958984375,22.3782958984375,167,8
2024-06-27 09:00:00,54.48,86.02804,31.548038024902347,31.548038024902347,167,9
2024-06-27 10:00:00,43.22,79.48342,36.263421325683595,36.263421325683595,167,10
2024-06-27 11:00:00,32.38,76.36137,43.981366271972654,43.981366271972654,167,11
2024-06-27 12:00:00,27.15,77.26334,50.11334381103516,50.11334381103516,167,12
2024-06-27 13:00:00,18.75,83.94451,65.19451141357422,65.19451141357422,167,13
2024-06-27 14:00:00,23.34,98.34915,75.00915161132812,75.00915161132812,167,14
2024-06-27 15:00:00,41.88,104.63918,62.75918304443359,62.75918304443359,167,15
2024-06-27 16:00:00,63.43,113.433586,50.00358612060547,50.00358612060547,167,16
2024-06-27 17:00:00,75.39,141.26465,65.8746484375,65.8746484375,167,17
2024-06-27 18:00:00,93.5,143.53897,50.038970947265625,50.038970947265625,167,18
2024-06-27 19:00:00,88.91,137.89717,48.987171020507816,48.987171020507816,167,19
2024-06-27 20:00:00,92.81,119.86636,27.056363525390623,27.056363525390623,167,20
2024-06-27 21:00:00,75.06,111.45065,36.39065307617187,36.39065307617187,167,21
2024-06-27 22:00:00,22.35,97.37075,75.0207504272461,75.0207504272461,167,22
2024-06-27 23:00:00,20.67,84.13995,63.46995361328125,63.46995361328125,167,23
2024-06-28 00:00:00,15.66,61.606003,45.94600280761719,45.94600280761719,168,0
2024-06-28 01:00:00,12.88,56.655922,43.775921936035154,43.775921936035154,168,1
2024-06-28 02:00:00,9.63,61.096615,51.46661483764648,51.46661483764648,168,2
2024-06-28 03:00:00,8.54,60.37382,51.83382125854492,51.83382125854492,168,3
2024-06-28 04:00:00,10.02,74.93509,64.91508911132813,64.91508911132813,168,4
2024-06-28 05:00:00,41.79,91.60133,49.81133361816406,49.81133361816406,168,5
2024-06-28 06:00:00,51.18,96.76854,45.58853942871094,45.58853942871094,168,6
2024-06-28 07:00:00,45.67,83.63119,37.96118743896484,37.96118743896484,168,7
2024-06-28 08:00:00,14.36,69.75517,55.39517272949219,55.39517272949219,168,8
2024-06-28 09:00:00,1.94,58.567596,56.62759643554688,56.62759643554688,168,9
2024-06-28 10:00:00,0.77,39.884644,39.1146435546875,39.1146435546875,168,10
2024-06-28 11:00:00,-0.01,33.25829,33.2682893371582,33.2682893371582,168,11
2024-06-28 12:00:00,-2.06,31.170662,33.23066192626953,33.23066192626953,168,12
2024-06-28 13:00:00,-0.01,28.386147,28.396146545410158,28.396146545410158,168,13
2024-06-28 14:00:00,4.64,30.91302,26.27301918029785,26.27301918029785,168,14
2024-06-28 15:00:00,13.0,42.18824,29.18824005126953,29.18824005126953,168,15
2024-06-28 16:00:00,48.64,62.274277,13.634276733398437,13.634276733398437,168,16
2024-06-28 17:00:00,88.5,78.01285,-10.487152099609375,10.487152099609375,168,17
2024-06-28 18:00:00,94.04,90.61154,-3.4284582519531313,3.4284582519531313,168,18
2024-06-28 19:00:00,105.42,86.73843,-18.681573791503908,18.681573791503908,168,19
2024-06-28 20:00:00,113.3,87.719055,-25.580944824218747,25.580944824218747,168,20
2024-06-28 21:00:00,105.18,78.43985,-26.740150146484382,26.740150146484382,168,21
2024-06-28 22:00:00,62.19,40.34686,-21.843141021728513,21.843141021728513,168,22
2024-06-28 23:00:00,32.38,39.460796,7.080796356201169,7.080796356201169,168,23
2024-06-29 00:00:00,24.1,26.39009,2.290090942382811,2.290090942382811,169,0
2024-06-29 01:00:00,28.84,26.854664,-1.9853361511230467,1.9853361511230467,169,1
2024-06-29 02:00:00,16.16,27.00951,10.849510040283203,10.849510040283203,169,2
2024-06-29 03:00:00,20.61,25.10325,4.49325050354004,4.49325050354004,169,3
2024-06-29 04:00:00,18.52,28.951872,10.431871871948243,10.431871871948243,169,4
2024-06-29 05:00:00,15.75,37.762012,22.012012481689453,22.012012481689453,169,5
2024-06-29 06:00:00,27.79,43.05295,15.262951812744141,15.262951812744141,169,6
2024-06-29 07:00:00,29.58,33.324158,3.7441577148437517,3.7441577148437517,169,7
2024-06-29 08:00:00,5.04,19.637007,14.597006759643556,14.597006759643556,169,8
2024-06-29 09:00:00,0.05,12.811961,12.76196117401123,12.76196117401123,169,9
2024-06-29 10:00:00,0.0,10.694571,10.694570541381836,10.694570541381836,169,10
2024-06-29 11:00:00,-0.19,11.757766,11.947765769958496,11.947765769958496,169,11
2024-06-29 12:00:00,-0.06,10.527369,10.587368545532227,10.587368545532227,169,12
2024-06-29 13:00:00,1.5,11.453288,9.953288078308105,9.953288078308105,169,13
2024-06-29 14:00:00,12.76,21.54659,8.786590805053711,8.786590805053711,169,14
2024-06-29 15:00:00,31.86,37.00773,5.147728576660157,5.147728576660157,169,15
2024-06-29 16:00:00,35.02,60.559124,25.53912399291992,25.53912399291992,169,16
2024-06-29 17:00:00,46.6,81.72235,35.12235107421875,35.12235107421875,169,17
2024-06-29 18:00:00,48.65,88.98228,40.33227691650391,40.33227691650391,169,18
2024-06-29 19:00:00,38.29,99.70284,61.412842712402345,61.412842712402345,169,19
2024-06-29 20:00:00,60.23,101.05066,40.8206591796875,40.8206591796875,169,20
2024-06-29 21:00:00,53.9,90.89385,36.99385223388672,36.99385223388672,169,21
2024-06-29 22:00:00,43.25,68.23414,24.98413848876953,24.98413848876953,169,22
2024-06-29 23:00:00,25.3,41.937912,16.637911987304687,16.637911987304687,169,23
2024-07-01 00:00:00,52.95,28.021788,-24.928212356567386,24.928212356567386,171,0
2024-07-01 01:00:00,46.05,29.01169,-17.03830986022949,17.03830986022949,171,1
2024-07-01 02:00:00,45.83,25.079252,-20.750747756958006,20.750747756958006,171,2
2024-07-01 03:00:00,51.9,26.002514,-25.89748611450195,25.89748611450195,171,3
2024-07-01 04:00:00,59.26,30.240183,-29.019817123413084,29.019817123413084,171,4
2024-07-01 05:00:00,87.57,42.823856,-44.74614364624023,44.74614364624023,171,5
2024-07-01 06:00:00,71.18,46.3509,-24.829101257324226,24.829101257324226,171,6
2024-07-01 07:00:00,50.03,48.626816,-1.4031842041015636,1.4031842041015636,171,7
2024-07-01 08:00:00,44.52,30.47469,-14.045310516357425,14.045310516357425,171,8
2024-07-01 09:00:00,40.15,22.91356,-17.23643913269043,17.23643913269043,171,9
2024-07-01 10:00:00,39.71,22.808935,-16.901064834594727,16.901064834594727,171,10
2024-07-01 11:00:00,35.0,23.645887,-11.35411262512207,11.35411262512207,171,11
2024-07-01 12:00:00,21.17,22.25009,1.0800896453857405,1.0800896453857405,171,12
2024-07-01 13:00:00,15.02,20.63787,5.617870788574219,5.617870788574219,171,13
2024-07-01 14:00:00,10.15,22.324629,12.174628829956054,12.174628829956054,171,14
2024-07-01 15:00:00,21.17,26.15791,4.987909393310545,4.987909393310545,171,15
2024-07-01 16:00:00,39.65,49.413776,9.76377639770508,9.76377639770508,171,16
2024-07-01 17:00:00,49.28,69.7736,20.493597717285155,20.493597717285155,171,17
2024-07-01 18:00:00,71.18,100.9434,29.76339752197265,29.76339752197265,171,18
2024-07-01 19:00:00,80.79,91.01148,10.221482238769525,10.221482238769525,171,19
2024-07-01 20:00:00,99.26,92.31835,-6.941648254394536,6.941648254394536,171,20
2024-07-01 21:00:00,87.46,90.98151,3.5215063476562563,3.5215063476562563,171,21
2024-07-01 22:00:00,65.53,74.62279,9.092787475585936,9.092787475585936,171,22
2024-07-01 23:00:00,49.9,56.266228,6.36622772216797,6.36622772216797,171,23
2024-07-02 00:00:00,34.63,50.10902,15.479020233154294,15.479020233154294,172,0
2024-07-02 01:00:00,37.52,48.657764,11.13776443481445,11.13776443481445,172,1
2024-07-02 02:00:00,35.15,49.832207,14.68220672607422,14.68220672607422,172,2
2024-07-02 03:00:00,41.07,53.406174,12.336173706054687,12.336173706054687,172,3
2024-07-02 04:00:00,52.97,61.300102,8.33010223388672,8.33010223388672,172,4
2024-07-02 05:00:00,81.82,72.64662,-9.17337829589843,9.17337829589843,172,5
2024-07-02 06:00:00,92.99,72.36335,-20.626650085449214,20.626650085449214,172,6
2024-07-02 07:00:00,51.2,69.6377,18.43770294189453,18.43770294189453,172,7
2024-07-02 08:00:00,48.63,55.809555,7.179555053710935,7.179555053710935,172,8
2024-07-02 09:00:00,47.16,44.228695,-2.931305084228512,2.931305084228512,172,9
2024-07-02 10:00:00,26.79,43.966366,17.176365814208985,17.176365814208985,172,10
2024-07-02 11:00:00,24.99,35.07121,10.081208953857423,10.081208953857423,172,11
2024-07-02 12:00:00,17.95,31.762352,13.812351989746094,13.812351989746094,172,12
2024-07-02 13:00:00,4.0,28.130402,24.130401611328125,24.130401611328125,172,13
2024-07-02 14:00:00,18.01,31.005507,12.995506515502928,12.995506515502928,172,14
2024-07-02 15:00:00,20.32,36.589523,16.269523315429687,16.269523315429687,172,15
2024-07-02 16:00:00,49.57,49.294106,-0.27589447021484403,0.27589447021484403,172,16
2024-07-02 17:00:00,67.87,64.432396,-3.437604064941411,3.437604064941411,172,17
2024-07-02 18:00:00,74.64,70.056335,-4.583664550781251,4.583664550781251,172,18
2024-07-02 19:00:00,110.41,84.301414,-26.108585510253903,26.108585510253903,172,19
2024-07-02 20:00:00,109.45,88.323326,-21.12667388916016,21.12667388916016,172,20
2024-07-02 21:00:00,89.99,79.56654,-10.423456420898432,10.423456420898432,172,21
2024-07-02 22:00:00,78.97,63.56486,-15.405138702392577,15.405138702392577,172,22
2024-07-02 23:00:00,69.53,65.51017,-4.019830017089845,4.019830017089845,172,23
2024-07-03 00:00:00,54.78,37.08897,-17.69102981567383,17.69102981567383,173,0
2024-07-03 01:00:00,46.25,35.13449,-11.115509033203125,11.115509033203125,173,1
2024-07-03 02:00:00,33.0,37.087452,4.087451934814453,4.087451934814453,173,2
2024-07-03 03:00:00,27.48,40.271416,12.791415710449218,12.791415710449218,173,3
2024-07-03 04:00:00,47.9,51.932735,4.032735443115236,4.032735443115236,173,4
2024-07-03 05:00:00,90.54,73.90824,-16.63175872802735,16.63175872802735,173,5
2024-07-03 06:00:00,95.75,75.18996,-20.560043334960938,20.560043334960938,173,6
2024-07-03 07:00:00,76.0,74.838135,-1.161865234375,1.161865234375,173,7
2024-07-03 08:00:00,54.08,46.62724,-7.452760772705076,7.452760772705076,173,8
2024-07-03 09:00:00,40.25,40.01718,-0.232818603515625,0.232818603515625,173,9
2024-07-03 10:00:00,35.0,28.308048,-6.691951751708984,6.691951751708984,173,10
2024-07-03 11:00:00,21.34,28.307346,6.967346343994141,6.967346343994141,173,11
2024-07-03 12:00:00,14.0,26.26124,12.261240005493164,12.261240005493164,173,12
2024-07-03 13:00:00,8.68,22.087725,13.407724685668946,13.407724685668946,173,13
2024-07-03 14:00:00,3.6,29.236725,25.636724853515624,25.636724853515624,173,14
2024-07-03 15:00:00,12.17,33.10923,20.939230041503905,20.939230041503905,173,15
2024-07-03 16:00:00,34.27,62.679848,28.409847717285153,28.409847717285153,173,16
2024-07-03 17:00:00,27.83,74.59475,46.764749450683595,46.764749450683595,173,17
2024-07-03 18:00:00,14.77,86.397224,71.62722442626954,71.62722442626954,173,18
2024-07-03 19:00:00,4.6,105.59247,100.99246826171876,100.99246826171876,173,19
2024-07-03 20:00:00,18.85,100.059715,81.2097152709961,81.2097152709961,173,20
2024-07-03 21:00:00,4.88,83.68221,78.80221282958985,78.80221282958985,173,21
2024-07-03 22:00:00,5.24,74.812706,69.57270599365235,69.57270599365235,173,22
2024-07-03 23:00:00,0.0,62.01999,62.019989013671875,62.019989013671875,173,23
2024-07-04 00:00:00,-0.01,50.49376,50.503759155273436,50.503759155273436,174,0
2024-07-04 01:00:00,-0.53,45.25405,45.784051208496095,45.784051208496095,174,1
2024-07-04 02:00:00,-0.84,32.85179,33.69179138183594,33.69179138183594,174,2
2024-07-04 03:00:00,-0.01,32.180626,32.19062591552734,32.19062591552734,174,3
2024-07-04 04:00:00,0.0,47.363106,47.36310577392578,47.36310577392578,174,4
2024-07-04 05:00:00,10.63,76.666275,66.03627502441407,66.03627502441407,174,5
2024-07-04 06:00:00,31.04,84.493904,53.45390411376953,53.45390411376953,174,6
2024-07-04 07:00:00,24.4,69.79642,45.396417236328126,45.396417236328126,174,7
2024-07-04 08:00:00,4.83,53.56044,48.730440063476564,48.730440063476564,174,8
2024-07-04 09:00:00,0.0,34.10324,34.103240966796875,34.103240966796875,174,9
2024-07-04 10:00:00,-0.01,29.108553,29.11855293273926,29.11855293273926,174,10
2024-07-04 11:00:00,-9.8,21.135473,30.935473251342774,30.935473251342774,174,11
2024-07-04 12:00:00,-20.93,23.479088,44.40908782958984,44.40908782958984,174,12
2024-07-04 13:00:00,-18.03,21.10195,39.13194969177246,39.13194969177246,174,13
2024-07-04 14:00:00,-12.21,18.700182,30.91018196105957,30.91018196105957,174,14
2024-07-04 15:00:00,0.0,26.553566,26.553565979003906,26.553565979003906,174,15
2024-07-04 16:00:00,6.77,41.52958,34.75957916259766,34.75957916259766,174,16
2024-07-04 17:00:00,42.38,46.266933,3.886933441162107,3.886933441162107,174,17
2024-07-04 18:00:00,47.46,46.17927,-1.280728302001954,1.280728302001954,174,18
2024-07-04 19:00:00,47.94,51.42924,3.489241180419924,3.489241180419924,174,19
2024-07-04 20:00:00,52.71,50.918804,-1.791195831298829,1.791195831298829,174,20
2024-07-04 21:00:00,41.74,32.65896,-9.081041564941408,9.081041564941408,174,21
2024-07-04 22:00:00,5.86,30.559734,24.699734344482422,24.699734344482422,174,22
2024-07-04 23:00:00,5.76,25.327631,19.567630996704104,19.567630996704104,174,23
2024-07-05 00:00:00,10.44,13.019594,2.5795941925048833,2.5795941925048833,175,0
2024-07-05 01:00:00,12.58,16.469002,3.889001770019531,3.889001770019531,175,1
2024-07-05 02:00:00,9.08,12.896297,3.8162974548339843,3.8162974548339843,175,2
2024-07-05 03:00:00,6.78,13.322098,6.542097778320312,6.542097778320312,175,3
2024-07-05 04:00:00,12.0,18.546873,6.546873092651367,6.546873092651367,175,4
2024-07-05 05:00:00,40.9,29.465807,-11.434193038940428,11.434193038940428,175,5
2024-07-05 06:00:00,40.64,33.035168,-7.604832305908204,7.604832305908204,175,6
2024-07-05 07:00:00,18.57,27.86444,9.29444091796875,9.29444091796875,175,7
2024-07-05 08:00:00,3.04,14.984774,11.944773635864259,11.944773635864259,175,8
2024-07-05 09:00:00,0.63,4.6919594,4.061959381103516,4.061959381103516,175,9
2024-07-05 10:00:00,0.92,5.5087795,4.588779525756836,4.588779525756836,175,10
2024-07-05 11:00:00,0.21,-1.3900657,-1.6000656700134277,1.6000656700134277,175,11
2024-07-05 12:00:00,0.1,-2.0522099,-2.1522098541259767,2.1522098541259767,175,12
2024-07-05 13:00:00,1.23,-3.259529,-4.489529113769532,4.489529113769532,175,13
2024-07-05 14:00:00,3.32,-3.4881892,-6.808189220428467,6.808189220428467,175,14
2024-07-05 15:00:00,17.42,3.7997062,-13.62029377937317,13.62029377937317,175,15
2024-07-05 16:00:00,38.0,15.461315,-22.538684844970703,22.538684844970703,175,16
2024-07-05 17:00:00,63.31,38.033707,-25.27629333496094,25.27629333496094,175,17
2024-07-05 18:00:00,82.7,52.04619,-30.653811645507815,30.653811645507815,175,18
2024-07-05 19:00:00,95.0,52.989506,-42.010494232177734,42.010494232177734,175,19
2024-07-05 20:00:00,106.33,63.53907,-42.79092987060547,42.79092987060547,175,20
2024-07-05 21:00:00,85.45,44.441597,-41.00840301513672,41.00840301513672,175,21
2024-07-05 22:00:00,45.55,27.7527,-17.797299194335935,17.797299194335935,175,22
2024-07-05 23:00:00,14.77,22.281374,7.511373977661133,7.511373977661133,175,23
2024-07-06 00:00:00,10.09,21.077682,10.987682495117188,10.987682495117188,176,0
2024-07-06 01:00:00,8.49,18.971478,10.481477508544922,10.481477508544922,176,1
2024-07-06 02:00:00,4.23,20.930902,16.7009024810791,16.7009024810791,176,2
2024-07-06 03:00:00,4.2,14.180693,9.980692672729493,9.980692672729493,176,3
2024-07-06 04:00:00,6.63,23.065939,16.435938949584962,16.435938949584962,176,4
2024-07-06 05:00:00,5.38,31.174126,25.79412567138672,25.79412567138672,176,5
2024-07-06 06:00:00,3.4,29.58944,26.189439392089845,26.189439392089845,176,6
2024-07-06 07:00:00,0.0,19.074501,19.074501037597656,19.074501037597656,176,7
2024-07-06 08:00:00,-9.57,9.463831,19.033830947875977,19.033830947875977,176,8
2024-07-06 09:00:00,-28.12,-3.3818364,24.738163585662843,24.738163585662843,176,9
2024-07-06 10:00:00,-28.91,-9.119467,19.79053321838379,19.79053321838379,176,10
2024-07-06 11:00:00,-28.33,-6.039523,22.290476875305174,22.290476875305174,176,11
2024-07-06 12:00:00,-48.08,-13.328533,34.751466827392576,34.751466827392576,176,12
2024-07-06 13:00:00,-54.63,-8.203949,46.42605102539063,46.42605102539063,176,13
2024-07-06 14:00:00,-45.93,-8.449474,37.4805256652832,37.4805256652832,176,14
2024-07-06 15:00:00,-20.09,10.873945,30.963945236206055,30.963945236206055,176,15
2024-07-06 16:00:00,-0.82,31.042206,31.862205810546875,31.862205810546875,176,16
2024-07-06 17:00:00,2.38,49.28325,46.903248901367185,46.903248901367185,176,17
2024-07-06 18:00:00,9.23,57.28633,48.05633117675781,48.05633117675781,176,18
2024-07-06 19:00:00,10.44,60.204273,49.764273223876955,49.764273223876955,176,19
2024-07-06 20:00:00,20.39,70.53639,50.14639221191406,50.14639221191406,176,20
2024-07-06 21:00:00,16.43,60.152565,43.72256500244141,43.72256500244141,176,21
2024-07-06 22:00:00,2.69,45.259422,42.569422302246096,42.569422302246096,176,22
2024-07-06 23:00:00,2.39,27.001827,24.611827239990234,24.611827239990234,176,23
2024-07-07 00:00:00,1.7,8.511883,6.811882781982422,6.811882781982422,177,0
2024-07-07 01:00:00,1.89,8.965652,7.075652465820313,7.075652465820313,177,1
2024-07-07 02:00:00,1.98,4.6296177,2.649617691040039,2.649617691040039,177,2
2024-07-07 03:00:00,1.42,2.9945602,1.5745602416992188,1.5745602416992188,177,3
2024-07-07 04:00:00,1.29,5.0540996,3.7640995597839355,3.7640995597839355,177,4
2024-07-07 05:00:00,0.29,2.2690117,1.9790117359161377,1.9790117359161377,177,5
2024-07-07 06:00:00,-0.52,1.8232241,2.3432240676879883,2.3432240676879883,177,6
2024-07-07 07:00:00,-6.08,-1.5546224,4.525377588272095,4.525377588272095,177,7
2024-07-07 08:00:00,-9.28,-5.318184,3.961816101074218,3.961816101074218,177,8
2024-07-07 09:00:00,-11.36,-21.639568,-10.279568328857422,10.279568328857422,177,9
2024-07-07 10:00:00,-12.36,-22.445646,-10.085646286010743,10.085646286010743,177,10
2024-07-07 11:00:00,-20.84,-31.995579,-11.15557876586914,11.15557876586914,177,11
2024-07-07 12:00:00,-19.67,-24.734568,-5.064567642211912,5.064567642211912,177,12
2024-07-07 13:00:00,-10.51,-23.792892,-13.282892456054688,13.282892456054688,177,13
2024-07-07 14:00:00,-3.5,-21.040567,-17.54056739807129,17.54056739807129,177,14
2024-07-07 15:00:00,0.0,-10.666395,-10.66639518737793,10.66639518737793,177,15
2024-07-07 16:00:00,4.95,8.597971,3.647970962524414,3.647970962524414,177,16
2024-07-07 17:00:00,35.94,17.281458,-18.65854209899902,18.65854209899902,177,17
2024-07-07 18:00:00,48.94,31.542095,-17.397904815673826,17.397904815673826,177,18
2024-07-07 19:00:00,61.36,34.516926,-26.84307418823242,26.84307418823242,177,19
2024-07-07 20:00:00,104.58,36.823368,-67.75663192749023,67.75663192749023,177,20
2024-07-07 21:00:00,92.58,29.431587,-63.14841278076172,63.14841278076172,177,21
2024-07-07 22:00:00,81.72,13.009965,-68.71003505706787,68.71003505706787,177,22
2024-07-07 23:00:00,76.33,8.20829,-68.12170989990234,68.12170989990234,177,23
2024-07-08 00:00:00,63.88,28.373821,-35.50617874145508,35.50617874145508,178,0
2024-07-08 01:00:00,64.42,27.704065,-36.715934677124025,36.715934677124025,178,1
2024-07-08 02:00:00,66.92,27.31107,-39.60893051147461,39.60893051147461,178,2
2024-07-08 03:00:00,65.5,27.596018,-37.903982162475586,37.903982162475586,178,3
2024-07-08 04:00:00,76.11,32.193604,-43.916396484375,43.916396484375,178,4
2024-07-08 05:00:00,101.38,45.98229,-55.39771163940429,55.39771163940429,178,5
2024-07-08 06:00:00,100.61,46.979847,-53.630153045654296,53.630153045654296,178,6
2024-07-08 07:00:00,78.22,42.355404,-35.864596099853514,35.864596099853514,178,7
2024-07-08 08:00:00,54.6,21.91662,-32.6833797454834,32.6833797454834,178,8
2024-07-08 09:00:00,40.88,13.965548,-26.914452438354495,26.914452438354495,178,9
2024-07-08 10:00:00,35.0,13.475337,-21.524662971496582,21.524662971496582,178,10
2024-07-08 11:00:00,32.65,14.8872175,-17.762782478332518,17.762782478332518,178,11
2024-07-08 12:00:00,31.98,12.224861,-19.75513885498047,19.75513885498047,178,12
2024-07-08 13:00:00,38.0,11.96539,-26.0346097946167,26.0346097946167,178,13
2024-07-08 14:00:00,37.72,19.948586,-17.771414489746093,17.771414489746093,178,14
2024-07-08 15:00:00,50.09,24.425814,-25.664186325073246,25.664186325073246,178,15
2024-07-08 16:00:00,81.38,31.855024,-49.52497566223144,49.52497566223144,178,16
2024-07-08 17:00:00,93.58,60.76841,-32.81159027099609,32.81159027099609,178,17
2024-07-08 18:00:00,103.21,75.4634,-27.7465982055664,27.7465982055664,178,18
2024-07-08 19:00:00,115.15,77.6221,-37.52789916992188,37.52789916992188,178,19
2024-07-08 20:00:00,109.0,92.30521,-16.694793701171875,16.694793701171875,178,20
2024-07-08 21:00:00,87.25,79.64182,-7.608177185058594,7.608177185058594,178,21
2024-07-08 22:00:00,58.29,57.44115,-0.848849334716796,0.848849334716796,178,22
2024-07-08 23:00:00,43.69,52.948944,9.258944091796877,9.258944091796877,178,23
2024-07-09 00:00:00,28.64,52.47472,23.834720001220703,23.834720001220703,179,0
2024-07-09 01:00:00,10.69,53.18675,42.496748504638674,42.496748504638674,179,1
2024-07-09 02:00:00,8.71,54.24819,45.53819183349609,45.53819183349609,179,2
2024-07-09 03:00:00,21.23,53.899456,32.66945602416992,32.66945602416992,179,3
2024-07-09 04:00:00,25.7,66.42366,40.72366027832031,40.72366027832031,179,4
2024-07-09 05:00:00,56.67,89.43831,32.76830871582031,32.76830871582031,179,5
2024-07-09 06:00:00,63.44,87.21367,23.77366882324219,23.77366882324219,179,6
2024-07-09 07:00:00,54.49,72.143936,17.65393615722656,17.65393615722656,179,7
2024-07-09 08:00:00,46.63,52.665684,6.035683746337888,6.035683746337888,179,8
2024-07-09 09:00:00,33.71,38.761517,5.051516571044921,5.051516571044921,179,9
2024-07-09 10:00:00,21.95,34.71329,12.763291168212891,12.763291168212891,179,10
2024-07-09 11:00:00,9.63,38.263306,28.633305664062497,28.633305664062497,179,11
2024-07-09 12:00:00,8.3,33.45317,25.153170776367187,25.153170776367187,179,12
2024-07-09 13:00:00,15.59,34.15779,18.567791137695313,18.567791137695313,179,13
2024-07-09 14:00:00,29.39,37.596375,8.20637451171875,8.20637451171875,179,14
2024-07-09 15:00:00,48.8,56.41276,7.612761688232425,7.612761688232425,179,15
2024-07-09 16:00:00,60.7,75.927795,15.227795410156247,15.227795410156247,179,16
2024-07-09 17:00:00,84.77,90.070274,5.300274353027348,5.300274353027348,179,17
2024-07-09 18:00:00,106.18,103.16394,-3.016059570312507,3.016059570312507,179,18
2024-07-09 19:00:00,108.02,108.37389,0.35389373779297273,0.35389373779297273,179,19
2024-07-09 20:00:00,88.92,103.20228,14.28227813720703,14.28227813720703,179,20
2024-07-09 21:00:00,77.87,88.270546,10.400545959472652,10.400545959472652,179,21
2024-07-09 22:00:00,67.91,67.5169,-0.39310089111327784,0.39310089111327784,179,22
2024-07-09 23:00:00,61.33,57.361206,-3.9687939453124983,3.9687939453124983,179,23
2024-07-10 00:00:00,62.79,37.634907,-25.15509323120117,25.15509323120117,180,0
2024-07-10 01:00:00,57.08,39.095535,-17.984464721679686,17.984464721679686,180,1
2024-07-10 02:00:00,50.32,36.046783,-14.273216552734375,14.273216552734375,180,2
2024-07-10 03:00:00,53.82,39.263985,-14.556015319824219,14.556015319824219,180,3
2024-07-10 04:00:00,67.81,41.806877,-26.003122863769534,26.003122863769534,180,4
2024-07-10 05:00:00,78.45,65.29523,-13.154772949218753,13.154772949218753,180,5
2024-07-10 06:00:00,101.92,64.73373,-37.18627349853516,37.18627349853516,180,6
2024-07-10 07:00:00,84.93,58.052616,-26.87738388061524,26.87738388061524,180,7
2024-07-10 08:00:00,65.0,46.29123,-18.708770751953125,18.708770751953125,180,8
2024-07-10 09:00:00,55.83,29.71468,-26.11532028198242,26.11532028198242,180,9
2024-07-10 10:00:00,48.7,30.684072,-18.015927505493167,18.015927505493167,180,10
2024-07-10 11:00:00,43.25,29.687584,-13.562416076660156,13.562416076660156,180,11
2024-07-10 12:00:00,38.63,26.712332,-11.917668228149417,11.917668228149417,180,12
2024-07-10 13:00:00,31.56,30.225815,-1.3341851806640612,1.3341851806640612,180,13
2024-07-10 14:00:00,40.08,36.302597,-3.777402954101561,3.777402954101561,180,14
2024-07-10 15:00:00,52.5,54.217373,1.7173728942871094,1.7173728942871094,180,15
2024-07-10 16:00:00,75.0,63.833164,-11.16683578491211,11.16683578491211,180,16
2024-07-10 17:00:00,99.58,84.60278,-14.977216796874998,14.977216796874998,180,17
2024-07-10 18:00:00,105.0,100.83794,-4.1620635986328125,4.1620635986328125,180,18
2024-07-10 19:00:00,94.72,103.84731,9.127312927246095,9.127312927246095,180,19
2024-07-10 20:00:00,102.75,93.09363,-9.6563720703125,9.6563720703125,180,20
2024-07-10 21:00:00,92.45,79.27734,-13.172656250000003,13.172656250000003,180,21
2024-07-10 22:00:00,91.01,67.48025,-23.52975250244141,23.52975250244141,180,22
2024-07-10 23:00:00,75.41,60.793587,-14.616413269042965,14.616413269042965,180,23
2024-07-11 00:00:00,75.09,57.465332,-17.624667968750003,17.624667968750003,181,0
2024-07-11 01:00:00,59.57,52.530613,-7.03938705444336,7.03938705444336,181,1
2024-07-11 02:00:00,55.09,53.619892,-1.4701078796386753,1.4701078796386753,181,2
2024-07-11 03:00:00,80.06,52.544937,-27.51506286621094,27.51506286621094,181,3
2024-07-11 04:00:00,58.47,58.649887,0.17988708496093864,0.17988708496093864,181,4
2024-07-11 05:00:00,87.0,75.89323,-11.106773376464844,11.106773376464844,181,5
2024-07-11 06:00:00,100.96,89.2738,-11.686196289062494,11.686196289062494,181,6
2024-07-11 07:00:00,89.69,77.67841,-12.011586608886716,12.011586608886716,181,7
2024-07-11 08:00:00,81.0,56.834686,-24.165313720703125,24.165313720703125,181,8
2024-07-11 09:00:00,68.49,46.378265,-22.11173461914062,22.11173461914062,181,9
2024-07-11 10:00:00,60.0,42.484146,-17.515853881835938,17.515853881835938,181,10
2024-07-11 11:00:00,51.14,34.763287,-16.37671340942383,16.37671340942383,181,11
2024-07-11 12:00:00,46.8,32.269505,-14.530495452880857,14.530495452880857,181,12
2024-07-11 13:00:00,50.98,24.680616,-26.299383621215817,26.299383621215817,181,13
2024-07-11 14:00:00,61.24,34.369343,-26.870657196044924,26.870657196044924,181,14
2024-07-11 15:00:00,71.53,49.928402,-21.601598052978517,21.601598052978517,181,15
2024-07-11 16:00:00,86.5,71.96325,-14.536750793457031,14.536750793457031,181,16
2024-07-11 17:00:00,105.22,95.334854,-9.885145874023436,9.885145874023436,181,17
2024-07-11 18:00:00,108.68,99.48445,-9.195548706054694,9.195548706054694,181,18
2024-07-11 19:00:00,109.55,99.57069,-9.979313659667966,9.979313659667966,181,19
2024-07-11 20:00:00,111.39,94.90849,-16.481506958007813,16.481506958007813,181,20
2024-07-11 21:00:00,97.15,76.67707,-20.472929382324224,20.472929382324224,181,21
2024-07-11 22:00:00,85.0,70.52288,-14.477119445800781,14.477119445800781,181,22
2024-07-11 23:00:00,60.15,52.51876,-7.631239318847655,7.631239318847655,181,23
2024-07-12 00:00:00,61.46,56.491356,-4.968644104003907,4.968644104003907,182,0
2024-07-12 01:00:00,53.45,49.42201,-4.027991485595706,4.027991485595706,182,1
2024-07-12 02:00:00,27.71,50.420307,22.710307159423827,22.710307159423827,182,2
2024-07-12 03:00:00,41.5,59.08109,17.58108901977539,17.58108901977539,182,3
2024-07-12 04:00:00,38.08,47.662327,9.582326812744142,9.582326812744142,182,4
2024-07-12 05:00:00,53.29,70.18873,16.898728332519532,16.898728332519532,182,5
2024-07-12 06:00:00,73.72,82.92786,9.207856445312501,9.207856445312501,182,6
2024-07-12 07:00:00,49.0,71.41738,22.417381286621094,22.417381286621094,182,7
2024-07-12 08:00:00,47.35,61.64579,14.295790100097655,14.295790100097655,182,8
2024-07-12 09:00:00,49.98,46.5468,-3.4332012939453094,3.4332012939453094,182,9
2024-07-12 10:00:00,53.13,41.678337,-11.451662902832034,11.451662902832034,182,10
2024-07-12 11:00:00,42.16,39.394363,-2.765636596679684,2.765636596679684,182,11
2024-07-12 12:00:00,41.59,37.286613,-4.303386535644535,4.303386535644535,182,12
2024-07-12 13:00:00,36.03,38.52387,2.4938685607910145,2.4938685607910145,182,13
2024-07-12 14:00:00,24.45,44.60447,20.154469299316407,20.154469299316407,182,14
2024-07-12 15:00:00,38.36,58.91395,20.553951873779297,20.553951873779297,182,15
2024-07-12 16:00:00,46.38,77.00281,30.622807617187497,30.622807617187497,182,16
2024-07-12 17:00:00,52.8,90.85908,38.059077453613284,38.059077453613284,182,17
2024-07-12 18:00:00,75.58,92.92125,17.34124938964844,17.34124938964844,182,18
2024-07-12 19:00:00,89.93,92.235306,2.3053057861328057,2.3053057861328057,182,19
2024-07-12 20:00:00,87.0,92.928825,5.928825378417969,5.928825378417969,182,20
2024-07-12 21:00:00,79.97,83.74047,3.77047088623047,3.77047088623047,182,21
2024-07-12 22:00:00,64.92,70.53983,5.6198330688476545,5.6198330688476545,182,22
2024-07-12 23:00:00,57.52,54.046486,-3.473514099121097,3.473514099121097,182,23
2024-07-13 00:00:00,43.46,38.02161,-5.438389739990235,5.438389739990235,183,0
2024-07-13 01:00:00,39.12,34.863987,-4.256013031005857,4.256013031005857,183,1
2024-07-13 02:00:00,33.11,19.064758,-14.04524169921875,14.04524169921875,183,2
2024-07-13 03:00:00,31.44,25.597925,-5.842074813842775,5.842074813842775,183,3
2024-07-13 04:00:00,31.63,20.866169,-10.76383102416992,10.76383102416992,183,4
2024-07-13 05:00:00,28.21,30.516464,2.3064642333984366,2.3064642333984366,183,5
2024-07-13 06:00:00,26.6,38.744816,12.144815826416014,12.144815826416014,183,6
2024-07-13 07:00:00,20.97,29.858906,8.88890579223633,8.88890579223633,183,7
2024-07-13 08:00:00,5.16,24.864023,19.704023208618164,19.704023208618164,183,8
2024-07-13 09:00:00,0.04,26.611055,26.57105537414551,26.57105537414551,183,9
2024-07-13 10:00:00,0.0,24.862495,24.86249542236328,24.86249542236328,183,10
2024-07-13 11:00:00,-4.97,10.434382,15.404382438659667,15.404382438659667,183,11
2024-07-13 12:00:00,-14.8,11.803854,26.60385398864746,26.60385398864746,183,12
2024-07-13 13:00:00,-11.24,10.766334,22.006333580017092,22.006333580017092,183,13
2024-07-13 14:00:00,-2.54,3.5584917,6.098491706848145,6.098491706848145,183,14
2024-07-13 15:00:00,0.9,22.04569,21.145690536499025,21.145690536499025,183,15
2024-07-13 16:00:00,30.51,38.378193,7.868192901611327,7.868192901611327,183,16
2024-07-13 17:00:00,49.38,49.2116,-0.1683987426757838,0.1683987426757838,183,17
2024-07-13 18:00:00,75.45,60.17338,-15.276618194580081,15.276618194580081,183,18
2024-07-13 19:00:00,76.02,64.218956,-11.801044006347652,11.801044006347652,183,19
2024-07-13 20:00:00,79.66,69.635216,-10.024784240722653,10.024784240722653,183,20
2024-07-13 21:00:00,65.04,59.263054,-5.7769461059570375,5.7769461059570375,183,21
2024-07-13 22:00:00,89.19,50.52927,-38.66072982788086,38.66072982788086,183,22
2024-07-13 23:00:00,63.52,46.065266,-17.454734344482425,17.454734344482425,183,23
2024-07-14 00:00:00,55.69,30.213272,-25.476727905273435,25.476727905273435,184,0
2024-07-14 01:00:00,44.57,24.840954,-19.729046173095703,19.729046173095703,184,1
2024-07-14 02:00:00,37.42,18.69226,-18.7277392578125,18.7277392578125,184,2
2024-07-14 03:00:00,37.3,20.3833,-16.916699218749997,16.916699218749997,184,3
2024-07-14 04:00:00,30.36,17.477242,-12.882758483886718,12.882758483886718,184,4
2024-07-14 05:00:00,14.28,18.502357,4.222357482910157,4.222357482910157,184,5
2024-07-14 06:00:00,0.29,14.579948,14.28994842529297,14.28994842529297,184,6
2024-07-14 07:00:00,-3.29,13.012374,16.30237392425537,16.30237392425537,184,7
2024-07-14 08:00:00,-21.03,2.6147287,23.644728689193727,23.644728689193727,184,8
2024-07-14 09:00:00,-40.51,-5.7279263,34.78207374572754,34.78207374572754,184,9
2024-07-14 10:00:00,-59.43,-7.7115517,51.718448333740234,51.718448333740234,184,10
2024-07-14 11:00:00,-73.83,-12.832764,60.997236328125,60.997236328125,184,11
2024-07-14 12:00:00,-74.02,-14.019949,60.00005104064941,60.00005104064941,184,12
2024-07-14 13:00:00,-51.43,-10.149293,41.28070705413818,41.28070705413818,184,13
2024-07-14 14:00:00,-19.34,-7.6756673,11.66433271408081,11.66433271408081,184,14
2024-07-14 15:00:00,0.0,2.9328377,2.932837724685669,2.932837724685669,184,15
2024-07-14 16:00:00,17.6,29.593817,11.993816757202147,11.993816757202147,184,16
2024-07-14 17:00:00,44.81,48.884445,4.074445190429685,4.074445190429685,184,17
2024-07-14 18:00:00,74.57,66.82865,-7.741348571777337,7.741348571777337,184,18
2024-07-14 19:00:00,95.73,62.872356,-32.85764358520508,32.85764358520508,184,19
2024-07-14 20:00:00,106.12,75.396484,-30.723515625000005,30.723515625000005,184,20
2024-07-14 21:00:00,87.53,61.32977,-26.200230865478517,26.200230865478517,184,21
2024-07-14 22:00:00,80.02,62.586014,-17.433986206054684,17.433986206054684,184,22
2024-07-14 23:00:00,66.64,41.700047,-24.93995346069336,24.93995346069336,184,23
2024-07-15 00:00:00,58.98,53.684914,-5.295086364746091,5.295086364746091,185,0
2024-07-15 01:00:00,50.01,46.911106,-3.0988938903808574,3.0988938903808574,185,1
2024-07-15 02:00:00,48.28,38.15035,-10.129651336669923,10.129651336669923,185,2
2024-07-15 03:00:00,50.08,38.756348,-11.323652343749998,11.323652343749998,185,3
2024-07-15 04:00:00,53.8,42.256622,-11.543377685546872,11.543377685546872,185,4
2024-07-15 05:00:00,66.61,60.185207,-6.42479263305664,6.42479263305664,185,5
2024-07-15 06:00:00,82.15,56.129066,-26.02093353271485,26.02093353271485,185,6
2024-07-15 07:00:00,62.01,50.2093,-11.800699005126951,11.800699005126951,185,7
2024-07-15 08:00:00,39.49,34.851192,-4.638807525634768,4.638807525634768,185,8
2024-07-15 09:00:00,15.84,16.969702,1.1297017669677736,1.1297017669677736,185,9
2024-07-15 10:00:00,6.06,14.099297,8.03929656982422,8.03929656982422,185,10
2024-07-15 11:00:00,3.74,13.878754,10.138753662109375,10.138753662109375,185,11
2024-07-15 12:00:00,3.9,8.992648,5.092648124694824,5.092648124694824,185,12
2024-07-15 13:00:00,9.18,8.007525,-1.172474555969238,1.172474555969238,185,13
2024-07-15 14:00:00,26.52,10.658242,-15.861757774353027,15.861757774353027,185,14
2024-07-15 15:00:00,31.5,23.224325,-8.275674819946289,8.275674819946289,185,15
2024-07-15 16:00:00,44.85,42.774117,-2.07588348388672,2.07588348388672,185,16
2024-07-15 17:00:00,60.0,66.75603,6.7560272216796875,6.7560272216796875,185,17
2024-07-15 18:00:00,80.0,86.203896,6.203895568847656,6.203895568847656,185,18
2024-07-15 19:00:00,86.08,95.65458,9.574579162597658,9.574579162597658,185,19
2024-07-15 20:00:00,93.93,98.08942,4.159416503906243,4.159416503906243,185,20
2024-07-15 21:00:00,80.65,77.80838,-2.8416198730468807,2.8416198730468807,185,21
2024-07-15 22:00:00,45.49,60.30491,14.814908752441404,14.814908752441404,185,22
2024-07-15 23:00:00,19.63,54.352486,34.722485656738286,34.722485656738286,185,23
2024-07-17 00:00:00,73.14,49.28687,-23.853130950927735,23.853130950927735,187,0
2024-07-17 01:00:00,70.76,38.845646,-31.91435409545899,31.91435409545899,187,1
2024-07-17 02:00:00,71.23,39.239796,-31.99020431518555,31.99020431518555,187,2
2024-07-17 03:00:00,77.84,39.447487,-38.3925131225586,38.3925131225586,187,3
2024-07-17 04:00:00,91.02,40.89764,-50.12235977172851,50.12235977172851,187,4
2024-07-17 05:00:00,100.9,51.356674,-49.54332580566407,49.54332580566407,187,5
2024-07-17 06:00:00,105.7,52.893814,-52.80618591308594,52.80618591308594,187,6
2024-07-17 07:00:00,79.04,53.062965,-25.9770346069336,25.9770346069336,187,7
2024-07-17 08:00:00,60.26,45.73951,-14.520490417480467,14.520490417480467,187,8
2024-07-17 09:00:00,44.8,37.35136,-7.448639678955075,7.448639678955075,187,9
2024-07-17 10:00:00,36.48,30.133453,-6.346546630859372,6.346546630859372,187,10
2024-07-17 11:00:00,26.62,31.493673,4.87367332458496,4.87367332458496,187,11
2024-07-17 12:00:00,17.04,30.584732,13.544732055664063,13.544732055664063,187,12
2024-07-17 13:00:00,19.58,28.307503,8.727502746582033,8.727502746582033,187,13
2024-07-17 14:00:00,44.73,33.44273,-11.287270050048825,11.287270050048825,187,14
2024-07-17 15:00:00,65.94,46.901096,-19.038903656005857,19.038903656005857,187,15
2024-07-17 16:00:00,87.69,67.545364,-20.144635620117185,20.144635620117185,187,16
2024-07-17 17:00:00,104.63,94.145905,-10.48409545898437,10.48409545898437,187,17
2024-07-17 18:00:00,115.75,98.240845,-17.5091552734375,17.5091552734375,187,18
2024-07-17 19:00:00,125.26,109.28145,-15.978551635742193,15.978551635742193,187,19
2024-07-17 20:00:00,113.51,95.00992,-18.50008178710938,18.50008178710938,187,20
2024-07-17 21:00:00,88.48,84.22906,-4.250942687988285,4.250942687988285,187,21
2024-07-17 22:00:00,91.06,78.82824,-12.231760559082034,12.231760559082034,187,22
2024-07-17 23:00:00,80.65,65.01346,-15.63654174804688,15.63654174804688,187,23
2024-07-18 00:00:00,67.9,69.022316,1.1223159790039006,1.1223159790039006,188,0
2024-07-18 01:00:00,74.06,60.524315,-13.535685119628909,13.535685119628909,188,1
2024-07-18 02:00:00,66.4,60.914658,-5.485342407226568,5.485342407226568,188,2
2024-07-18 03:00:00,69.35,60.73912,-8.610879516601557,8.610879516601557,188,3
2024-07-18 04:00:00,79.46,71.569214,-7.890786132812494,7.890786132812494,188,4
2024-07-18 05:00:00,98.83,80.18102,-18.64897735595703,18.64897735595703,188,5
2024-07-18 06:00:00,97.41,78.81187,-18.59813323974609,18.59813323974609,188,6
2024-07-18 07:00:00,80.78,71.17169,-9.608308105468751,9.608308105468751,188,7
2024-07-18 08:00:00,66.18,59.721577,-6.458423309326179,6.458423309326179,188,8
2024-07-18 09:00:00,50.25,43.11552,-7.134479522705078,7.134479522705078,188,9
2024-07-18 10:00:00,38.66,33.703083,-4.9569169616699185,4.9569169616699185,188,10
2024-07-18 11:00:00,37.79,30.026207,-7.763793029785155,7.763793029785155,188,11
2024-07-18 12:00:00,40.97,23.367445,-17.60255500793457,17.60255500793457,188,12
2024-07-18 13:00:00,52.36,22.072979,-30.287021026611328,30.287021026611328,188,13
2024-07-18 14:00:00,70.97,40.8686,-30.101401062011718,30.101401062011718,188,14
2024-07-18 15:00:00,88.98,57.662075,-31.317924957275395,31.317924957275395,188,15
2024-07-18 16:00:00,102.85,83.63764,-19.212358093261713,19.212358093261713,188,16
2024-07-18 17:00:00,121.22,100.327965,-20.892035217285155,20.892035217285155,188,17
2024-07-18 18:00:00,130.05,115.18055,-14.86945037841798,14.86945037841798,188,18
2024-07-18 19:00:00,138.23,122.50309,-15.726910095214834,15.726910095214834,188,19
2024-07-18 20:00:00,121.89,110.94411,-10.945892944335938,10.945892944335938,188,20
2024-07-18 21:00:00,102.25,89.24675,-13.003250122070312,13.003250122070312,188,21
2024-07-18 22:00:00,91.24,82.6567,-8.583299865722651,8.583299865722651,188,22
2024-07-18 23:00:00,80.86,72.81809,-8.041907653808593,8.041907653808593,188,23
2024-07-19 00:00:00,80.31,62.61254,-17.697458801269534,17.697458801269534,189,0
2024-07-19 01:00:00,70.62,63.674446,-6.945553894042973,6.945553894042973,189,1
2024-07-19 02:00:00,66.8,57.897236,-8.902764129638669,8.902764129638669,189,2
2024-07-19 03:00:00,75.71,60.42744,-15.282559356689447,15.282559356689447,189,3
2024-07-19 04:00:00,78.7,66.94627,-11.753726196289065,11.753726196289065,189,4
2024-07-19 05:00:00,96.94,83.056046,-13.883954467773435,13.883954467773435,189,5
2024-07-19 06:00:00,98.4,85.372185,-13.027815246582037,13.027815246582037,189,6
2024-07-19 07:00:00,81.43,69.68977,-11.740226440429694,11.740226440429694,189,7
2024-07-19 08:00:00,70.75,54.819736,-15.93026351928711,15.93026351928711,189,8
2024-07-19 09:00:00,60.77,44.847557,-15.92244293212891,15.92244293212891,189,9
2024-07-19 10:00:00,47.39,28.86773,-18.522270812988282,18.522270812988282,189,10
2024-07-19 11:00:00,40.03,30.354189,-9.675811080932618,9.675811080932618,189,11
2024-07-19 12:00:00,39.84,34.479084,-5.360915985107425,5.360915985107425,189,12
2024-07-19 13:00:00,46.02,44.843292,-1.1767077636718781,1.1767077636718781,189,13
2024-07-19 14:00:00,66.49,60.90374,-5.586260070800776,5.586260070800776,189,14
2024-07-19 15:00:00,78.05,82.41527,4.36526794433594,4.36526794433594,189,15
2024-07-19 16:00:00,85.06,100.927765,15.867764892578123,15.867764892578123,189,16
2024-07-19 17:00:00,98.1,113.60683,15.506826782226568,15.506826782226568,189,17
2024-07-19 18:00:00,111.9,127.50907,15.60907135009765,15.60907135009765,189,18
2024-07-19 19:00:00,121.22,132.96298,11.742982177734376,11.742982177734376,189,19
2024-07-19 20:00:00,107.39,120.67149,13.281493530273437,13.281493530273437,189,20
2024-07-19 21:00:00,91.88,92.76275,0.8827487182617233,0.8827487182617233,189,21
2024-07-19 22:00:00,95.24,84.17476,-11.065241088867182,11.065241088867182,189,22
2024-07-19 23:00:00,89.74,75.52731,-14.21268676757812,14.21268676757812,189,23
2024-07-20 00:00:00,86.08,63.70391,-22.37608917236328,22.37608917236328,190,0
2024-07-20 01:00:00,77.73,56.03151,-21.69849060058594,21.69849060058594,190,1
2024-07-20 02:00:00,78.09,52.44658,-25.643421020507816,25.643421020507816,190,2
2024-07-20 03:00:00,81.83,58.001644,-23.828355865478514,23.828355865478514,190,3
2024-07-20 04:00:00,76.29,59.24592,-17.044081726074225,17.044081726074225,190,4
2024-07-20 05:00:00,65.6,66.9003,1.3002990722656307,1.3002990722656307,190,5
2024-07-20 06:00:00,67.74,63.445545,-4.294454803466792,4.294454803466792,190,6
2024-07-20 07:00:00,50.0,49.413425,-0.5865745544433594,0.5865745544433594,190,7
2024-07-20 08:00:00,9.96,41.045864,31.08586410522461,31.08586410522461,190,8
2024-07-20 09:00:00,1.57,33.844646,32.27464645385742,32.27464645385742,190,9
2024-07-20 10:00:00,0.44,18.40266,17.962660369873046,17.962660369873046,190,10
2024-07-20 11:00:00,0.0,14.725379,14.72537899017334,14.72537899017334,190,11
2024-07-20 12:00:00,-0.01,9.917379,9.92737937927246,9.92737937927246,190,12
2024-07-20 13:00:00,1.5,14.01006,12.51006031036377,12.51006031036377,190,13
2024-07-20 14:00:00,3.97,35.015255,31.045254974365236,31.045254974365236,190,14
2024-07-20 15:00:00,41.3,44.877415,3.5774147033691435,3.5774147033691435,190,15
2024-07-20 16:00:00,52.02,64.63619,12.61619232177734,12.61619232177734,190,16
2024-07-20 17:00:00,60.64,81.85763,21.217627868652343,21.217627868652343,190,17
2024-07-20 18:00:00,60.05,92.63729,32.58729095458985,32.58729095458985,190,18
2024-07-20 19:00:00,87.93,101.649086,13.71908599853515,13.71908599853515,190,19
2024-07-20 20:00:00,88.31,91.49649,3.1864904785156227,3.1864904785156227,190,20
2024-07-20 21:00:00,80.68,75.77529,-4.904708557128913,4.904708557128913,190,21
2024-07-20 22:00:00,67.98,74.91277,6.932773132324215,6.932773132324215,190,22
2024-07-20 23:00:00,49.77,63.2312,13.461201171874997,13.461201171874997,190,23
2024-07-22 00:00:00,58.84,71.70148,12.861477050781247,12.861477050781247,192,0
2024-07-22 01:00:00,49.99,68.92572,18.935720214843748,18.935720214843748,192,1
2024-07-22 02:00:00,48.17,65.20812,17.038122253417967,17.038122253417967,192,2
2024-07-22 03:00:00,57.87,63.428093,5.558092956542971,5.558092956542971,192,3
2024-07-22 04:00:00,54.0,71.599396,17.599395751953125,17.599395751953125,192,4
2024-07-22 05:00:00,56.96,88.13741,31.177413024902343,31.177413024902343,192,5
2024-07-22 06:00:00,68.2,87.32162,19.12161712646484,19.12161712646484,192,6
2024-07-22 07:00:00,53.68,84.538,30.858002014160157,30.858002014160157,192,7
2024-07-22 08:00:00,56.18,62.02361,5.843609161376953,5.843609161376953,192,8
2024-07-22 09:00:00,51.4,55.777096,4.377095794677736,4.377095794677736,192,9
2024-07-22 10:00:00,51.39,53.168114,1.7781137084960932,1.7781137084960932,192,10
2024-07-22 11:00:00,37.03,47.826324,10.796324462890624,10.796324462890624,192,11
2024-07-22 12:00:00,23.18,44.40698,21.226978607177735,21.226978607177735,192,12
2024-07-22 13:00:00,24.13,43.947346,19.81734573364258,19.81734573364258,192,13
2024-07-22 14:00:00,41.89,40.990078,-0.8999220275878912,0.8999220275878912,192,14
2024-07-22 15:00:00,56.31,48.085083,-8.224916992187502,8.224916992187502,192,15
2024-07-22 16:00:00,62.27,55.137997,-7.132003326416019,7.132003326416019,192,16
2024-07-22 17:00:00,82.87,71.69944,-11.170559997558598,11.170559997558598,192,17
2024-07-22 18:00:00,88.79,86.56315,-2.22685150146485,2.22685150146485,192,18
2024-07-22 19:00:00,77.46,91.55592,14.095923461914069,14.095923461914069,192,19
2024-07-22 20:00:00,100.59,87.857376,-12.732623901367191,12.732623901367191,192,20
2024-07-22 21:00:00,77.05,81.19708,4.147082519531253,4.147082519531253,192,21
2024-07-22 22:00:00,76.67,73.71491,-2.9550875854492205,2.9550875854492205,192,22
2024-07-22 23:00:00,54.46,70.50655,16.046553649902343,16.046553649902343,192,23
2024-07-23 00:00:00,44.61,57.344543,12.73454345703125,12.73454345703125,193,0
2024-07-23 01:00:00,44.57,51.600075,7.030074768066406,7.030074768066406,193,1
2024-07-23 02:00:00,38.32,51.55819,13.238189392089843,13.238189392089843,193,2
2024-07-23 03:00:00,44.49,55.6046,11.114598999023436,11.114598999023436,193,3
2024-07-23 04:00:00,52.2,55.040245,2.840245056152341,2.840245056152341,193,4
2024-07-23 05:00:00,52.0,67.786736,15.786735534667969,15.786735534667969,193,5
2024-07-23 06:00:00,72.69,66.4296,-6.2603964233398415,6.2603964233398415,193,6
2024-07-23 07:00:00,62.46,63.23269,0.7726889038085929,0.7726889038085929,193,7
2024-07-23 08:00:00,48.68,53.906666,5.226665802001953,5.226665802001953,193,8
2024-07-23 09:00:00,36.95,45.67994,8.729939270019528,8.729939270019528,193,9
2024-07-23 10:00:00,7.36,44.857605,37.49760498046875,37.49760498046875,193,10
2024-07-23 11:00:00,10.04,39.965153,29.925152740478516,29.925152740478516,193,11
2024-07-23 12:00:00,9.37,37.88519,28.515189056396487,28.515189056396487,193,12
2024-07-23 13:00:00,4.84,37.569157,32.72915664672851,32.72915664672851,193,13
2024-07-23 14:00:00,19.82,43.685326,23.865325622558593,23.865325622558593,193,14
2024-07-23 15:00:00,41.99,54.925083,12.935083160400389,12.935083160400389,193,15
2024-07-23 16:00:00,84.32,63.00843,-21.311569519042962,21.311569519042962,193,16
2024-07-23 17:00:00,90.67,81.34959,-9.320413513183595,9.320413513183595,193,17
2024-07-23 18:00:00,105.11,88.084785,-17.025214538574218,17.025214538574218,193,18
2024-07-23 19:00:00,97.61,85.25581,-12.354186401367187,12.354186401367187,193,19
2024-07-23 20:00:00,102.05,98.55267,-3.497326660156247,3.497326660156247,193,20
2024-07-23 21:00:00,91.73,85.98888,-5.7411236572265665,5.7411236572265665,193,21
2024-07-23 22:00:00,83.05,76.4289,-6.621098327636716,6.621098327636716,193,22
2024-07-23 23:00:00,78.11,60.86471,-17.24528823852539,17.24528823852539,193,23
2024-07-24 00:00:00,73.95,51.80144,-22.14855880737305,22.14855880737305,194,0
2024-07-24 01:00:00,58.6,54.597958,-4.002042388916017,4.002042388916017,194,1
2024-07-24 02:00:00,56.04,51.629604,-4.41039566040039,4.41039566040039,194,2
2024-07-24 03:00:00,65.01,54.39429,-10.61570907592774,10.61570907592774,194,3
2024-07-24 04:00:00,72.0,57.13751,-14.862491607666016,14.862491607666016,194,4
2024-07-24 05:00:00,75.85,69.62532,-6.224679565429682,6.224679565429682,194,5
2024-07-24 06:00:00,99.8,73.30815,-26.49184875488281,26.49184875488281,194,6
2024-07-24 07:00:00,75.11,70.33652,-4.773482666015624,4.773482666015624,194,7
2024-07-24 08:00:00,57.1,55.493153,-1.6068473815917983,1.6068473815917983,194,8
2024-07-24 09:00:00,24.06,45.21432,21.15432113647461,21.15432113647461,194,9
2024-07-24 10:00:00,6.16,42.297573,36.13757308959961,36.13757308959961,194,10
2024-07-24 11:00:00,3.35,41.50538,38.15537872314453,38.15537872314453,194,11
2024-07-24 12:00:00,0.01,43.298325,43.28832458496094,43.28832458496094,194,12
2024-07-24 13:00:00,5.5,43.830837,38.33083724975586,38.33083724975586,194,13
2024-07-24 14:00:00,12.8,46.303215,33.50321502685547,33.50321502685547,194,14
2024-07-24 15:00:00,47.14,60.66878,13.528781280517578,13.528781280517578,194,15
2024-07-24 16:00:00,74.54,91.490486,16.950486145019525,16.950486145019525,194,16
2024-07-24 17:00:00,100.85,97.051414,-3.7985855102539006,3.7985855102539006,194,17
2024-07-24 18:00:00,108.98,111.99304,3.013041992187496,3.013041992187496,194,18
2024-07-24 19:00:00,112.8,106.083336,-6.716664123535153,6.716664123535153,194,19
2024-07-24 20:00:00,99.24,95.64077,-3.599230041503901,3.599230041503901,194,20
2024-07-24 21:00:00,75.12,86.41255,11.292551879882808,11.292551879882808,194,21
2024-07-24 22:00:00,40.64,75.200554,34.56055389404297,34.56055389404297,194,22
2024-07-24 23:00:00,39.79,71.78112,31.99112030029297,31.99112030029297,194,23
2024-07-25 00:00:00,45.42,64.74858,19.328580932617186,19.328580932617186,195,0
2024-07-25 01:00:00,48.1,54.240967,6.140966796874999,6.140966796874999,195,1
2024-07-25 02:00:00,45.06,53.728157,8.668157043457029,8.668157043457029,195,2
2024-07-25 03:00:00,40.78,54.180252,13.400252075195311,13.400252075195311,195,3
2024-07-25 04:00:00,53.59,63.27709,9.6870881652832,9.6870881652832,195,4
2024-07-25 05:00:00,53.21,70.44164,17.231642761230468,17.231642761230468,195,5
2024-07-25 06:00:00,61.26,86.91105,25.65104888916016,25.65104888916016,195,6
2024-07-25 07:00:00,44.89,68.54254,23.65254150390625,23.65254150390625,195,7
2024-07-25 08:00:00,48.11,54.40027,6.290268554687501,6.290268554687501,195,8
2024-07-25 09:00:00,36.95,29.533419,-7.416581344604495,7.416581344604495,195,9
2024-07-25 10:00:00,24.31,25.722462,1.4124617004394544,1.4124617004394544,195,10
2024-07-25 11:00:00,17.36,21.41109,4.051090850830079,4.051090850830079,195,11
2024-07-25 12:00:00,13.27,18.419312,5.1493115234375,5.1493115234375,195,12
2024-07-25 13:00:00,26.2,19.485239,-6.714760971069335,6.714760971069335,195,13
2024-07-25 14:00:00,51.58,28.154688,-23.42531211853027,23.42531211853027,195,14
2024-07-25 15:00:00,54.3,47.777657,-6.522343444824216,6.522343444824216,195,15
2024-07-25 16:00:00,70.92,68.10686,-2.813142700195314,2.813142700195314,195,16
2024-07-25 17:00:00,86.93,90.84947,3.9194720458984307,3.9194720458984307,195,17
2024-07-25 18:00:00,106.44,98.932014,-7.5079855346679665,7.5079855346679665,195,18
2024-07-25 19:00:00,99.5,100.45626,0.9562606811523438,0.9562606811523438,195,19
2024-07-25 20:00:00,100.0,94.23499,-5.765007019042969,5.765007019042969,195,20
2024-07-25 21:00:00,84.86,75.029335,-9.830664978027343,9.830664978027343,195,21
2024-07-25 22:00:00,59.07,47.634197,-11.435802764892578,11.435802764892578,195,22
2024-07-25 23:00:00,70.65,44.35631,-26.293688201904303,26.293688201904303,195,23
2024-07-26 00:00:00,51.42,43.86631,-7.5536898803710955,7.5536898803710955,196,0
2024-07-26 01:00:00,53.63,49.09015,-4.539851074218753,4.539851074218753,196,1
2024-07-26 02:00:00,52.27,43.86304,-8.406959075927738,8.406959075927738,196,2
2024-07-26 03:00:00,55.16,40.892136,-14.267864379882809,14.267864379882809,196,3
2024-07-26 04:00:00,55.9,51.526196,-4.373804473876952,4.373804473876952,196,4
2024-07-26 05:00:00,57.51,58.262886,0.7528860473632832,0.7528860473632832,196,5
2024-07-26 06:00:00,78.28,67.746994,-10.533005981445314,10.533005981445314,196,6
2024-07-26 07:00:00,84.77,54.40445,-30.36555053710937,30.36555053710937,196,7
2024-07-26 08:00:00,75.84,50.64596,-25.194038238525394,25.194038238525394,196,8
2024-07-26 09:00:00,62.91,32.79361,-30.11639038085937,30.11639038085937,196,9
2024-07-26 10:00:00,64.4,25.390804,-39.00919570922852,39.00919570922852,196,10
2024-07-26 11:00:00,46.51,20.53075,-25.979249725341795,25.979249725341795,196,11
2024-07-26 12:00:00,46.67,17.9387,-28.731300277709963,28.731300277709963,196,12
2024-07-26 13:00:00,48.7,23.780922,-24.919078063964847,24.919078063964847,196,13
2024-07-26 14:00:00,57.21,42.53324,-14.676758728027345,14.676758728027345,196,14
2024-07-26 15:00:00,72.8,50.38692,-22.41307907104492,22.41307907104492,196,15
2024-07-26 16:00:00,76.0,66.72701,-9.272987365722656,9.272987365722656,196,16
2024-07-26 17:00:00,82.22,83.317726,1.0977261352539074,1.0977261352539074,196,17
2024-07-26 18:00:00,68.28,95.325264,27.04526397705078,27.04526397705078,196,18
2024-07-26 19:00:00,62.79,95.99805,33.208046875,33.208046875,196,19
2024-07-26 20:00:00,80.39,89.86662,9.476622924804687,9.476622924804687,196,20
2024-07-26 21:00:00,91.02,79.51249,-11.50751068115234,11.50751068115234,196,21
2024-07-26 22:00:00,74.94,59.02367,-15.916329803466795,15.916329803466795,196,22
2024-07-26 23:00:00,52.7,62.95589,10.255890655517575,10.255890655517575,196,23
2024-07-27 00:00:00,42.8,50.591274,7.791274261474612,7.791274261474612,197,0
2024-07-27 01:00:00,41.28,50.32504,9.045038909912108,9.045038909912108,197,1
2024-07-27 02:00:00,39.43,47.509785,8.079784698486328,8.079784698486328,197,2
2024-07-27 03:00:00,43.78,42.302307,-1.4776928710937511,1.4776928710937511,197,3
2024-07-27 04:00:00,37.86,46.202106,8.342106475830079,8.342106475830079,197,4
2024-07-27 05:00:00,29.06,38.76716,9.707158508300783,9.707158508300783,197,5
2024-07-27 06:00:00,39.28,43.926548,4.6465480041503895,4.6465480041503895,197,6
2024-07-27 07:00:00,40.86,46.146656,5.286656036376954,5.286656036376954,197,7
2024-07-27 08:00:00,47.09,38.108124,-8.981876220703128,8.981876220703128,197,8
2024-07-27 09:00:00,39.9,22.37721,-17.52278938293457,17.52278938293457,197,9
2024-07-27 10:00:00,28.0,18.920782,-9.079217910766602,9.079217910766602,197,10
2024-07-27 11:00:00,17.8,8.534475,-9.265524673461915,9.265524673461915,197,11
2024-07-27 12:00:00,17.92,8.898858,-9.021141929626467,9.021141929626467,197,12
2024-07-27 13:00:00,18.8,11.035578,-7.764422225952149,7.764422225952149,197,13
2024-07-27 14:00:00,15.0,26.755772,11.75577163696289,11.75577163696289,197,14
2024-07-27 15:00:00,31.51,41.127125,9.617124786376952,9.617124786376952,197,15
2024-07-27 16:00:00,55.24,52.335323,-2.9046766662597676,2.9046766662597676,197,16
2024-07-27 17:00:00,56.7,56.97072,0.27071838378905966,0.27071838378905966,197,17
2024-07-27 18:00:00,52.13,56.27861,4.148610229492185,4.148610229492185,197,18
2024-07-27 19:00:00,53.85,53.551327,-0.29867324829101705,0.29867324829101705,197,19
2024-07-27 20:00:00,60.69,70.50502,9.815020141601565,9.815020141601565,197,20
2024-07-27 21:00:00,56.71,72.61617,15.906172790527343,15.906172790527343,197,21
2024-07-27 22:00:00,30.0,53.972904,23.972904205322266,23.972904205322266,197,22
2024-07-27 23:00:00,39.46,40.232204,0.7722044372558585,0.7722044372558585,197,23
2024-07-30 00:00:00,42.91,35.297245,-7.612754974365231,7.612754974365231,200,0
2024-07-30 01:00:00,40.63,30.454372,-10.175627593994143,10.175627593994143,200,1
2024-07-30 02:00:00,36.36,28.807314,-7.552686080932617,7.552686080932617,200,2
2024-07-30 03:00:00,43.66,25.571104,-18.08889595031738,18.08889595031738,200,3
2024-07-30 04:00:00,48.13,32.236633,-15.893366699218753,15.893366699218753,200,4
2024-07-30 05:00:00,55.08,41.19799,-13.88200958251953,13.88200958251953,200,5
2024-07-30 06:00:00,61.31,45.054092,-16.25590759277344,16.25590759277344,200,6
2024-07-30 07:00:00,51.87,46.124706,-5.745293731689451,5.745293731689451,200,7
2024-07-30 08:00:00,37.52,37.148994,-0.3710055541992219,0.3710055541992219,200,8
2024-07-30 09:00:00,7.84,25.075089,17.235088500976563,17.235088500976563,200,9
2024-07-30 10:00:00,1.13,27.397259,26.267258758544923,26.267258758544923,200,10
2024-07-30 11:00:00,0.04,24.169098,24.129097900390626,24.129097900390626,200,11
2024-07-30 12:00:00,0.71,18.9917,18.28169921875,18.28169921875,200,12
2024-07-30 13:00:00,13.65,14.406162,0.7561622619628903,0.7561622619628903,200,13
2024-07-30 14:00:00,41.6,20.061174,-21.538825607299806,21.538825607299806,200,14
2024-07-30 15:00:00,68.1,50.72207,-17.3779312133789,17.3779312133789,200,15
2024-07-30 16:00:00,83.74,62.48697,-21.25303100585937,21.25303100585937,200,16
2024-07-30 17:00:00,108.31,89.131714,-19.178286132812502,19.178286132812502,200,17
2024-07-30 18:00:00,100.25,83.789566,-16.460433959960938,16.460433959960938,200,18
2024-07-30 19:00:00,109.53,88.552124,-20.9778759765625,20.9778759765625,200,19
2024-07-30 20:00:00,105.73,93.55915,-12.170849304199223,12.170849304199223,200,20
2024-07-30 21:00:00,99.04,83.693924,-15.346076049804694,15.346076049804694,200,21
2024-07-30 22:00:00,93.97,60.35726,-33.612738342285155,33.612738342285155,200,22
2024-07-30 23:00:00,69.03,57.913433,-11.11656692504883,11.11656692504883,200,23
2024-07-31 00:00:00,62.25,45.912315,-16.337684631347656,16.337684631347656,201,0
2024-07-31 01:00:00,49.15,44.45781,-4.692190551757811,4.692190551757811,201,1
2024-07-31 02:00:00,43.27,42.422173,-0.8478274536132844,0.8478274536132844,201,2
2024-07-31 03:00:00,48.18,43.886982,-4.293018035888672,4.293018035888672,201,3
2024-07-31 04:00:00,60.39,51.689377,-8.700623168945313,8.700623168945313,201,4
2024-07-31 05:00:00,60.71,59.636555,-1.0734452819824227,1.0734452819824227,201,5
2024-07-31 06:00:00,91.57,60.823593,-30.746406860351556,30.746406860351556,201,6
2024-07-31 07:00:00,71.81,59.081295,-12.728704986572268,12.728704986572268,201,7
2024-07-31 08:00:00,55.89,41.68733,-14.202671661376954,14.202671661376954,201,8
2024-07-31 09:00:00,33.46,30.975325,-2.484675369262696,2.484675369262696,201,9
2024-07-31 10:00:00,26.75,32.13641,5.386409759521484,5.386409759521484,201,10
2024-07-31 11:00:00,16.95,27.395838,10.445837783813477,10.445837783813477,201,11
2024-07-31 12:00:00,22.63,25.214872,2.584872360229493,2.584872360229493,201,12
2024-07-31 13:00:00,33.39,27.329887,-6.060112609863282,6.060112609863282,201,13
2024-07-31 14:00:00,46.09,47.151653,1.0616532897949185,1.0616532897949185,201,14
2024-07-31 15:00:00,76.52,59.36958,-17.15042068481445,17.15042068481445,201,15
2024-07-31 16:00:00,94.37,79.74784,-14.622159118652348,14.622159118652348,201,16
2024-07-31 17:00:00,111.14,92.80426,-18.33573974609375,18.33573974609375,201,17
2024-07-31 18:00:00,108.57,96.282585,-12.287414855957024,12.287414855957024,201,18
2024-07-31 19:00:00,97.1,96.11837,-0.9816299438476506,0.9816299438476506,201,19
2024-07-31 20:00:00,103.46,95.40108,-8.058922729492181,8.058922729492181,201,20
2024-07-31 21:00:00,96.78,90.707726,-6.072274475097657,6.072274475097657,201,21
2024-07-31 22:00:00,96.91,81.32732,-15.582683715820309,15.582683715820309,201,22
2024-07-31 23:00:00,81.91,63.26781,-18.642189178466793,18.642189178466793,201,23
2024-08-01 00:00:00,86.95,41.81544,-45.134558868408206,45.134558868408206,202,0
2024-08-01 01:00:00,72.24,39.23731,-33.00269149780273,33.00269149780273,202,1
2024-08-01 02:00:00,66.69,31.649128,-35.04087203979492,35.04087203979492,202,2
2024-08-01 03:00:00,62.13,35.72535,-26.40465057373047,26.40465057373047,202,3
2024-08-01 04:00:00,57.2,43.01311,-14.18688888549805,14.18688888549805,202,4
2024-08-01 05:00:00,71.99,47.10297,-24.88702987670898,24.88702987670898,202,5
2024-08-01 06:00:00,105.95,60.51829,-45.43170852661133,45.43170852661133,202,6
2024-08-01 07:00:00,90.1,50.896225,-39.20377502441406,39.20377502441406,202,7
2024-08-01 08:00:00,76.95,38.86601,-38.08399124145508,38.08399124145508,202,8
2024-08-01 09:00:00,67.64,25.441889,-42.1981111907959,42.1981111907959,202,9
2024-08-01 10:00:00,64.03,23.086136,-40.94386413574219,40.94386413574219,202,10
2024-08-01 11:00:00,60.0,14.975573,-45.02442741394043,45.02442741394043,202,11
2024-08-01 12:00:00,59.96,14.454897,-45.50510307312012,45.50510307312012,202,12
2024-08-01 13:00:00,65.43,22.221434,-43.20856636047364,43.20856636047364,202,13
2024-08-01 14:00:00,47.26,31.467798,-15.792201766967771,15.792201766967771,202,14
2024-08-01 15:00:00,65.83,62.787827,-3.042173461914061,3.042173461914061,202,15
2024-08-01 16:00:00,94.37,79.02344,-15.346562500000005,15.346562500000005,202,16
2024-08-01 17:00:00,106.07,96.48317,-9.58683044433593,9.58683044433593,202,17
2024-08-01 18:00:00,101.75,88.04814,-13.701858520507812,13.701858520507812,202,18
2024-08-01 19:00:00,103.3,85.67482,-17.625180053710935,17.625180053710935,202,19
2024-08-01 20:00:00,108.95,83.66576,-25.284243774414065,25.284243774414065,202,20
2024-08-01 21:00:00,91.99,75.85431,-16.135690917968745,16.135690917968745,202,21
2024-08-01 22:00:00,93.93,65.745476,-28.184524230957038,28.184524230957038,202,22
2024-08-01 23:00:00,79.36,51.62417,-27.735831604003906,27.735831604003906,202,23
2024-08-02 00:00:00,82.25,69.050476,-13.19952392578125,13.19952392578125,203,0
2024-08-02 01:00:00,69.34,60.437263,-8.902736511230472,8.902736511230472,203,1
2024-08-02 02:00:00,61.16,55.34928,-5.81071868896484,5.81071868896484,203,2
2024-08-02 03:00:00,58.33,53.542385,-4.787614898681639,4.787614898681639,203,3
2024-08-02 04:00:00,76.77,54.18008,-22.589919586181637,22.589919586181637,203,4
2024-08-02 05:00:00,107.14,65.29326,-41.84674133300781,41.84674133300781,203,5
2024-08-02 06:00:00,109.7,83.1562,-26.54380340576172,26.54380340576172,203,6
2024-08-02 07:00:00,104.42,70.02606,-34.39393798828125,34.39393798828125,203,7
2024-08-02 08:00:00,75.59,62.87632,-12.713680114746097,12.713680114746097,203,8
2024-08-02 09:00:00,65.16,55.359955,-9.800045166015622,9.800045166015622,203,9
2024-08-02 10:00:00,69.83,53.82376,-16.006239013671873,16.006239013671873,203,10
2024-08-02 11:00:00,58.09,50.355064,-7.73493560791016,7.73493560791016,203,11
2024-08-02 12:00:00,53.06,44.763695,-8.296305236816409,8.296305236816409,203,12
2024-08-02 13:00:00,51.24,46.574436,-4.665563812255861,4.665563812255861,203,13
2024-08-02 14:00:00,49.95,48.05398,-1.8960182189941435,1.8960182189941435,203,14
2024-08-02 15:00:00,58.77,61.859386,3.0893864440917937,3.0893864440917937,203,15
2024-08-02 16:00:00,65.0,88.24232,23.24231719970703,23.24231719970703,203,16
2024-08-02 17:00:00,88.0,101.96276,13.962760925292969,13.962760925292969,203,17
2024-08-02 18:00:00,100.2,95.155045,-5.04495544433594,5.04495544433594,203,18
2024-08-02 19:00:00,105.51,96.63647,-8.873533020019536,8.873533020019536,203,19
2024-08-02 20:00:00,102.51,95.47968,-7.030317077636724,7.030317077636724,203,20
2024-08-02 21:00:00,98.57,84.626205,-13.943794555664056,13.943794555664056,203,21
2024-08-02 22:00:00,62.52,83.3157,20.79569671630859,20.79569671630859,203,22
2024-08-02 23:00:00,45.41,69.81404,24.404041137695316,24.404041137695316,203,23
2024-08-03 00:00:00,43.01,66.260345,23.250345458984377,23.250345458984377,204,0
2024-08-03 01:00:00,32.81,54.56898,21.758981170654295,21.758981170654295,204,1
2024-08-03 02:00:00,29.95,47.017,17.066998291015626,17.066998291015626,204,2
2024-08-03 03:00:00,35.48,41.089836,5.609836120605472,5.609836120605472,204,3
2024-08-03 04:00:00,32.63,51.5932,18.963200683593747,18.963200683593747,204,4
2024-08-03 05:00:00,33.89,65.24022,31.350219116210937,31.350219116210937,204,5
2024-08-03 06:00:00,33.9,68.497986,34.59798583984375,34.59798583984375,204,6
2024-08-03 07:00:00,26.34,66.60984,40.2698403930664,40.2698403930664,204,7
2024-08-03 08:00:00,32.44,43.0241,10.584101257324221,10.584101257324221,204,8
2024-08-03 09:00:00,20.36,32.88253,12.522530212402344,12.522530212402344,204,9
2024-08-03 10:00:00,14.66,26.98699,12.326989974975586,12.326989974975586,204,10
2024-08-03 11:00:00,6.41,18.823936,12.413936462402344,12.413936462402344,204,11
2024-08-03 12:00:00,4.17,17.736115,13.566114501953125,13.566114501953125,204,12
2024-08-03 13:00:00,10.07,17.299564,7.229564361572265,7.229564361572265,204,13
2024-08-03 14:00:00,10.2,24.038885,13.83888511657715,13.83888511657715,204,14
2024-08-03 15:00:00,20.0,38.81678,18.81678009033203,18.81678009033203,204,15
2024-08-03 16:00:00,37.91,48.951794,11.0417936706543,11.0417936706543,204,16
2024-08-03 17:00:00,52.03,66.56944,14.539442749023436,14.539442749023436,204,17
2024-08-03 18:00:00,53.09,80.77788,27.687877807617184,27.687877807617184,204,18
2024-08-03 19:00:00,52.26,83.951294,31.691293945312502,31.691293945312502,204,19
2024-08-03 20:00:00,63.71,84.14846,20.438460388183593,20.438460388183593,204,20
2024-08-03 21:00:00,57.59,77.07517,19.485172424316403,19.485172424316403,204,21
2024-08-03 22:00:00,45.16,54.425182,9.2651823425293,9.2651823425293,204,22
2024-08-03 23:00:00,41.5,48.298275,6.798274993896484,6.798274993896484,204,23
2024-08-04 00:00:00,37.63,33.565117,-4.064883117675784,4.064883117675784,205,0
2024-08-04 01:00:00,18.42,29.371588,10.951587753295897,10.951587753295897,205,1
2024-08-04 02:00:00,14.62,32.64149,18.0214909362793,18.0214909362793,205,2
2024-08-04 03:00:00,19.91,31.042164,11.132163848876953,11.132163848876953,205,3
2024-08-04 04:00:00,20.15,31.01047,10.86046943664551,10.86046943664551,205,4
2024-08-04 05:00:00,24.98,29.205578,4.2255778503417964,4.2255778503417964,205,5
2024-08-04 06:00:00,26.53,30.370289,3.840288848876952,3.840288848876952,205,6
2024-08-04 07:00:00,20.01,30.062971,10.052971115112303,10.052971115112303,205,7
2024-08-04 08:00:00,8.05,22.20398,14.1539794921875,14.1539794921875,205,8
2024-08-04 09:00:00,2.05,16.670881,14.620881271362304,14.620881271362304,205,9
2024-08-04 10:00:00,0.06,8.08458,8.024580421447753,8.024580421447753,205,10
2024-08-04 11:00:00,-0.04,1.999028,2.039027967453003,2.039027967453003,205,11
2024-08-04 12:00:00,-2.16,-4.5170093,-2.3570092582702635,2.3570092582702635,205,12
2024-08-04 13:00:00,-0.01,3.066304,3.076303968429565,3.076303968429565,205,13
2024-08-04 14:00:00,1.13,10.508268,9.378268356323243,9.378268356323243,205,14
2024-08-04 15:00:00,22.05,20.638151,-1.4118488311767585,1.4118488311767585,205,15
2024-08-04 16:00:00,55.29,39.317417,-15.972582855224609,15.972582855224609,205,16
2024-08-04 17:00:00,70.41,55.938255,-14.471744689941403,14.471744689941403,205,17
2024-08-04 18:00:00,87.29,63.812286,-23.47771362304688,23.47771362304688,205,18
2024-08-04 19:00:00,87.44,69.058395,-18.38160461425781,18.38160461425781,205,19
2024-08-04 20:00:00,96.02,67.86479,-28.15520812988281,28.15520812988281,205,20
2024-08-04 21:00:00,76.86,58.347134,-18.51286636352539,18.51286636352539,205,21
2024-08-04 22:00:00,29.56,49.240425,19.680425109863283,19.680425109863283,205,22
2024-08-04 23:00:00,25.82,44.339367,18.519366912841797,18.519366912841797,205,23
2024-08-05 00:00:00,29.31,45.396664,16.086663665771486,16.086663665771486,206,0
2024-08-05 01:00:00,19.44,39.075626,19.635626373291014,19.635626373291014,206,1
2024-08-05 02:00:00,23.8,38.762276,14.96227569580078,14.96227569580078,206,2
2024-08-05 03:00:00,25.51,38.15953,12.649530639648436,12.649530639648436,206,3
2024-08-05 04:00:00,36.06,43.81307,7.753068389892576,7.753068389892576,206,4
2024-08-05 05:00:00,40.9,64.0914,23.191400146484376,23.191400146484376,206,5
2024-08-05 06:00:00,55.1,67.65445,12.554449462890624,12.554449462890624,206,6
2024-08-05 07:00:00,47.96,58.01226,10.052260437011718,10.052260437011718,206,7
2024-08-05 08:00:00,26.7,43.238224,16.538224029541016,16.538224029541016,206,8
2024-08-05 09:00:00,24.23,29.357065,5.127065200805664,5.127065200805664,206,9
2024-08-05 10:00:00,35.05,26.457733,-8.592266845703122,8.592266845703122,206,10
2024-08-05 11:00:00,6.97,24.40334,17.43333938598633,17.43333938598633,206,11
2024-08-05 12:00:00,9.74,21.343477,11.603477249145508,11.603477249145508,206,12
2024-08-05 13:00:00,9.97,22.184298,12.214297561645507,12.214297561645507,206,13
2024-08-05 14:00:00,17.78,28.24059,10.460589141845702,10.460589141845702,206,14
2024-08-05 15:00:00,40.4,47.412865,7.012864685058595,7.012864685058595,206,15
2024-08-05 16:00:00,86.69,74.19399,-12.496007385253904,12.496007385253904,206,16
2024-08-05 17:00:00,107.6,94.65676,-12.9432388305664,12.9432388305664,206,17
2024-08-05 18:00:00,109.62,100.02977,-9.590230102539067,9.590230102539067,206,18
2024-08-05 19:00:00,107.76,89.386086,-18.3739144897461,18.3739144897461,206,19
2024-08-05 20:00:00,104.73,98.110664,-6.619335632324223,6.619335632324223,206,20
2024-08-05 21:00:00,95.75,82.91467,-12.8353271484375,12.8353271484375,206,21
2024-08-05 22:00:00,59.55,58.046246,-1.5037544250488253,1.5037544250488253,206,22
2024-08-05 23:00:00,42.59,51.08958,8.499580535888668,8.499580535888668,206,23
2024-08-06 00:00:00,37.77,44.171524,6.401524047851559,6.401524047851559,207,0
2024-08-06 01:00:00,29.61,41.710865,12.100865020751954,12.100865020751954,207,1
2024-08-06 02:00:00,28.41,41.033974,12.623973693847656,12.623973693847656,207,2
2024-08-06 03:00:00,38.07,44.31464,6.244640045166015,6.244640045166015,207,3
2024-08-06 04:00:00,35.79,51.040333,15.250332794189454,15.250332794189454,207,4
2024-08-06 05:00:00,40.67,61.46777,20.797769622802733,20.797769622802733,207,5
2024-08-06 06:00:00,63.5,65.19196,1.6919631958007812,1.6919631958007812,207,6
2024-08-06 07:00:00,52.11,63.882427,11.772427215576172,11.772427215576172,207,7
2024-08-06 08:00:00,36.1,48.595783,12.495783233642577,12.495783233642577,207,8
2024-08-06 09:00:00,21.44,38.217243,16.777243194580077,16.777243194580077,207,9
2024-08-06 10:00:00,15.95,38.58156,22.631558227539063,22.631558227539063,207,10
2024-08-06 11:00:00,3.12,27.772148,24.652148132324218,24.652148132324218,207,11
2024-08-06 12:00:00,4.99,27.87072,22.880719909667967,22.880719909667967,207,12
2024-08-06 13:00:00,19.53,28.310314,8.780314178466796,8.780314178466796,207,13
2024-08-06 14:00:00,10.91,32.49895,21.588950958251953,21.588950958251953,207,14
2024-08-06 15:00:00,41.61,47.777313,6.167313232421876,6.167313232421876,207,15
2024-08-06 16:00:00,54.7,83.00707,28.307072448730466,28.307072448730466,207,16
2024-08-06 17:00:00,88.61,106.07685,17.466850891113282,17.466850891113282,207,17
2024-08-06 18:00:00,77.01,106.15259,29.142587890624995,29.142587890624995,207,18
2024-08-06 19:00:00,80.84,104.29595,23.455951843261715,23.455951843261715,207,19
2024-08-06 20:00:00,87.72,102.383804,14.663804321289064,14.663804321289064,207,20
2024-08-06 21:00:00,75.95,93.45827,17.50826721191406,17.50826721191406,207,21
2024-08-06 22:00:00,49.4,62.54538,13.145379638671876,13.145379638671876,207,22
2024-08-06 23:00:00,37.0,51.29627,14.296268463134766,14.296268463134766,207,23
2024-08-07 00:00:00,32.75,43.44664,10.696640014648438,10.696640014648438,208,0
2024-08-07 01:00:00,18.81,42.5888,23.77879852294922,23.77879852294922,208,1
2024-08-07 02:00:00,20.12,42.70569,22.5856884765625,22.5856884765625,208,2
2024-08-07 03:00:00,21.85,43.327538,21.477537536621092,21.477537536621092,208,3
2024-08-07 04:00:00,29.02,47.315086,18.295086364746094,18.295086364746094,208,4
2024-08-07 05:00:00,30.57,54.771233,24.20123260498047,24.20123260498047,208,5
2024-08-07 06:00:00,43.68,67.89325,24.21324951171875,24.21324951171875,208,6
2024-08-07 07:00:00,38.8,60.841396,22.041396331787112,22.041396331787112,208,7
2024-08-07 08:00:00,34.72,46.093784,11.373784332275392,11.373784332275392,208,8
2024-08-07 09:00:00,14.96,35.136433,20.176432647705077,20.176432647705077,208,9
2024-08-07 10:00:00,19.62,30.971571,11.351570968627929,11.351570968627929,208,10
2024-08-07 11:00:00,19.68,28.399294,8.719293899536133,8.719293899536133,208,11
2024-08-07 12:00:00,16.79,27.853685,11.063685379028321,11.063685379028321,208,12
2024-08-07 13:00:00,18.3,29.998072,11.698071670532226,11.698071670532226,208,13
2024-08-07 14:00:00,6.17,34.401413,28.231412963867186,28.231412963867186,208,14
2024-08-07 15:00:00,11.37,45.423157,34.05315673828125,34.05315673828125,208,15
2024-08-07 16:00:00,44.58,71.03572,26.455720825195314,26.455720825195314,208,16
2024-08-07 17:00:00,62.5,88.55713,26.05712890625,26.05712890625,208,17
2024-08-07 18:00:00,62.61,91.917046,29.30704559326172,29.30704559326172,208,18
2024-08-07 19:00:00,59.43,84.685936,25.255935974121094,25.255935974121094,208,19
2024-08-07 20:00:00,67.68,86.71956,19.039558715820306,19.039558715820306,208,20
2024-08-07 21:00:00,65.14,74.88306,9.743056640625,9.743056640625,208,21
2024-08-07 22:00:00,42.9,49.52792,6.627919769287111,6.627919769287111,208,22
2024-08-07 23:00:00,35.58,44.381012,8.801011962890627,8.801011962890627,208,23
2024-08-08 00:00:00,24.32,37.442986,13.122985534667968,13.122985534667968,209,0
2024-08-08 01:00:00,18.31,31.856428,13.546428146362306,13.546428146362306,209,1
2024-08-08 02:00:00,17.17,29.677156,12.507156448364256,12.507156448364256,209,2
2024-08-08 03:00:00,25.71,32.278946,6.568945922851562,6.568945922851562,209,3
2024-08-08 04:00:00,27.96,38.44984,10.489840545654296,10.489840545654296,209,4
2024-08-08 05:00:00,42.11,43.75728,1.647278442382813,1.647278442382813,209,5
2024-08-08 06:00:00,52.12,58.288876,6.168875579833987,6.168875579833987,209,6
2024-08-08 07:00:00,44.85,47.638557,2.78855743408203,2.78855743408203,209,7
2024-08-08 08:00:00,23.78,34.592857,10.812857360839843,10.812857360839843,209,8
2024-08-08 09:00:00,18.35,20.950836,2.6008361816406236,2.6008361816406236,209,9
2024-08-08 10:00:00,29.69,20.898546,-8.791453781127931,8.791453781127931,209,10
2024-08-08 11:00:00,0.08,21.16302,21.083019180297853,21.083019180297853,209,11
2024-08-08 12:00:00,1.19,22.003288,20.813288269042967,20.813288269042967,209,12
2024-08-08 13:00:00,0.1,21.874321,21.774320983886717,21.774320983886717,209,13
2024-08-08 14:00:00,15.0,23.085361,8.08536148071289,8.08536148071289,209,14
2024-08-08 15:00:00,26.71,30.521732,3.8117323303222648,3.8117323303222648,209,15
2024-08-08 16:00:00,51.9,56.40353,4.503530120849611,4.503530120849611,209,16
2024-08-08 17:00:00,52.09,77.49678,25.40678039550781,25.40678039550781,209,17
2024-08-08 18:00:00,48.55,70.80935,22.259349060058597,22.259349060058597,209,18
2024-08-08 19:00:00,44.73,72.94263,28.212626953125003,28.212626953125003,209,19
2024-08-08 20:00:00,52.19,80.32483,28.134829101562502,28.134829101562502,209,20
2024-08-08 21:00:00,48.95,72.060524,23.110523986816403,23.110523986816403,209,21
2024-08-08 22:00:00,22.4,49.110973,26.7109733581543,26.7109733581543,209,22
2024-08-08 23:00:00,13.02,40.921463,27.901463012695313,27.901463012695313,209,23
2024-08-09 00:00:00,3.2,30.438381,27.23838119506836,27.23838119506836,210,0
2024-08-09 01:00:00,-0.01,28.180433,28.19043327331543,28.19043327331543,210,1
2024-08-09 02:00:00,-0.02,27.599165,27.619164962768554,27.619164962768554,210,2
2024-08-09 03:00:00,0.01,31.169394,31.15939353942871,31.15939353942871,210,3
2024-08-09 04:00:00,4.05,32.56681,28.516810607910156,28.516810607910156,210,4
2024-08-09 05:00:00,14.66,44.983047,30.323047485351562,30.323047485351562,210,5
2024-08-09 06:00:00,35.05,63.53239,28.482390594482425,28.482390594482425,210,6
2024-08-09 07:00:00,26.8,48.80222,22.00221939086914,22.00221939086914,210,7
2024-08-09 08:00:00,4.85,27.78202,22.932020568847655,22.932020568847655,210,8
2024-08-09 09:00:00,0.1,19.042673,18.942673110961913,18.942673110961913,210,9
2024-08-09 10:00:00,0.07,23.44278,23.372779541015625,23.372779541015625,210,10
2024-08-09 11:00:00,0.0,7.5469255,7.5469255447387695,7.5469255447387695,210,11
2024-08-09 12:00:00,-0.72,7.005131,7.725130767822265,7.725130767822265,210,12
2024-08-09 13:00:00,-0.01,7.8777747,7.887774715423584,7.887774715423584,210,13
2024-08-09 14:00:00,0.0,19.229538,19.229537963867188,19.229537963867188,210,14
2024-08-09 15:00:00,5.64,27.992037,22.352036819458007,22.352036819458007,210,15
2024-08-09 16:00:00,42.37,51.094616,8.7246159362793,8.7246159362793,210,16
2024-08-09 17:00:00,72.47,59.977722,-12.492277832031249,12.492277832031249,210,17
2024-08-09 18:00:00,80.75,59.08466,-21.665340423583984,21.665340423583984,210,18
2024-08-09 19:00:00,89.9,61.35674,-28.543260955810553,28.543260955810553,210,19
2024-08-09 20:00:00,89.22,60.87259,-28.347410888671874,28.347410888671874,210,20
2024-08-09 21:00:00,67.08,56.382046,-10.697954254150389,10.697954254150389,210,21
2024-08-09 22:00:00,51.7,31.195646,-20.50435371398926,20.50435371398926,210,22
2024-08-09 23:00:00,26.41,27.02058,0.6105802917480467,0.6105802917480467,210,23
2024-08-10 00:00:00,16.38,4.092051,-12.287948970794677,12.287948970794677,211,0
2024-08-10 01:00:00,14.08,2.2507575,-11.829242544174194,11.829242544174194,211,1
2024-08-10 02:00:00,10.21,2.760165,-7.449835023880006,7.449835023880006,211,2
2024-08-10 03:00:00,14.33,3.029886,-11.30011399269104,11.30011399269104,211,3
2024-08-10 04:00:00,16.14,3.7311819,-12.408818140029908,12.408818140029908,211,4
2024-08-10 05:00:00,21.21,7.4725947,-13.737405261993409,13.737405261993409,211,5
2024-08-10 06:00:00,28.2,14.821155,-13.378845405578613,13.378845405578613,211,6
2024-08-10 07:00:00,0.24,11.723312,11.483312377929687,11.483312377929687,211,7
2024-08-10 08:00:00,-2.97,-3.0240195,-0.05401947975158672,0.05401947975158672,211,8
2024-08-10 09:00:00,-12.13,-14.152186,-2.022186393737792,2.022186393737792,211,9
2024-08-10 10:00:00,-22.39,-18.275225,4.114775314331055,4.114775314331055,211,10
2024-08-10 11:00:00,-29.87,-21.814117,8.055882568359376,8.055882568359376,211,11
2024-08-10 12:00:00,-21.92,-22.765131,-0.8451309967040999,0.8451309967040999,211,12
2024-08-10 13:00:00,-28.93,-23.35369,5.576310806274414,5.576310806274414,211,13
2024-08-10 14:00:00,-7.94,-13.4272585,-5.487258491516113,5.487258491516113,211,14
2024-08-10 15:00:00,0.65,4.7766304,4.126630401611328,4.126630401611328,211,15
2024-08-10 16:00:00,49.49,32.13399,-17.356008758544924,17.356008758544924,211,16
2024-08-10 17:00:00,81.67,56.392517,-25.27748291015625,25.27748291015625,211,17
2024-08-10 18:00:00,71.91,62.98738,-8.922619018554684,8.922619018554684,211,18
2024-08-10 19:00:00,64.03,70.881836,6.851835937499999,6.851835937499999,211,19
2024-08-10 20:00:00,88.35,69.642715,-18.707284545898432,18.707284545898432,211,20
2024-08-10 21:00:00,83.04,57.138775,-25.901225128173834,25.901225128173834,211,21
2024-08-10 22:00:00,45.03,36.02024,-9.009759216308595,9.009759216308595,211,22
2024-08-10 23:00:00,40.59,23.12198,-17.468019332885746,17.468019332885746,211,23
2024-08-11 00:00:00,31.88,15.900641,-15.979358558654784,15.979358558654784,212,0
2024-08-11 01:00:00,23.57,12.102752,-11.467248268127442,11.467248268127442,212,1
2024-08-11 02:00:00,12.54,11.294058,-1.2459421539306632,1.2459421539306632,212,2
2024-08-11 03:00:00,13.48,12.944342,-0.535658340454102,0.535658340454102,212,3
2024-08-11 04:00:00,10.44,15.30477,4.864770469665528,4.864770469665528,212,4
2024-08-11 05:00:00,4.79,12.442283,7.652282676696777,7.652282676696777,212,5
2024-08-11 06:00:00,13.05,14.22716,1.177160453796386,1.177160453796386,212,6
2024-08-11 07:00:00,0.0,3.4853442,3.485344171524048,3.485344171524048,212,7
2024-08-11 08:00:00,-4.98,-2.2514887,2.7285113143920903,2.7285113143920903,212,8
2024-08-11 09:00:00,-14.91,-16.91903,-2.0090292358398436,2.0090292358398436,212,9
2024-08-11 10:00:00,-30.64,-19.89213,10.747870101928712,10.747870101928712,212,10
2024-08-11 11:00:00,-59.67,-19.696863,39.973136825561525,39.973136825561525,212,11
2024-08-11 12:00:00,-50.03,-25.90951,24.120490341186525,24.120490341186525,212,12
2024-08-11 13:00:00,-30.98,-23.76487,7.215130310058594,7.215130310058594,212,13
2024-08-11 14:00:00,-4.99,-11.978162,-6.988161811828613,6.988161811828613,212,14
2024-08-11 15:00:00,4.12,5.1664467,1.0464466857910155,1.0464466857910155,212,15
2024-08-11 16:00:00,36.42,47.569996,11.149995880126951,11.149995880126951,212,16
2024-08-11 17:00:00,50.5,71.250565,20.750564575195312,20.750564575195312,212,17
2024-08-11 18:00:00,59.34,73.94447,14.604473266601559,14.604473266601559,212,18
2024-08-11 19:00:00,53.74,70.80255,17.062551269531248,17.062551269531248,212,19
2024-08-11 20:00:00,54.24,84.61132,30.371320495605467,30.371320495605467,212,20
2024-08-11 21:00:00,49.49,76.17553,26.685529479980467,26.685529479980467,212,21
2024-08-11 22:00:00,28.74,41.033077,12.293077239990236,12.293077239990236,212,22
2024-08-11 23:00:00,15.0,31.362642,16.362642288208008,16.362642288208008,212,23
2024-08-12 00:00:00,2.81,34.24973,31.439729156494142,31.439729156494142,213,0
2024-08-12 01:00:00,1.15,27.78284,26.632840728759767,26.632840728759767,213,1
2024-08-12 02:00:00,0.0,25.603077,25.603076934814453,25.603076934814453,213,2
2024-08-12 03:00:00,0.03,27.68715,27.65714904785156,27.65714904785156,213,3
2024-08-12 04:00:00,16.26,30.87069,14.610689392089842,14.610689392089842,213,4
2024-08-12 05:00:00,15.3,44.865417,29.56541748046875,29.56541748046875,213,5
2024-08-12 06:00:00,45.78,47.49327,1.7132708740234364,1.7132708740234364,213,6
2024-08-12 07:00:00,45.69,42.651592,-3.038407745361326,3.038407745361326,213,7
2024-08-12 08:00:00,40.12,26.499128,-13.620871658325193,13.620871658325193,213,8
2024-08-12 09:00:00,16.04,15.389644,-0.6503563308715812,0.6503563308715812,213,9
2024-08-12 10:00:00,10.06,13.888687,3.828687133789062,3.828687133789062,213,10
2024-08-12 11:00:00,6.98,6.4671717,-0.5128283309936528,0.5128283309936528,213,11
2024-08-12 12:00:00,18.03,5.340845,-12.689154891967775,12.689154891967775,213,12
2024-08-12 13:00:00,27.49,4.0860896,-23.40391038894653,23.40391038894653,213,13
2024-08-12 14:00:00,49.03,14.020545,-35.00945499420166,35.00945499420166,213,14
2024-08-12 15:00:00,82.1,24.80691,-57.29309043884277,57.29309043884277,213,15
2024-08-12 16:00:00,90.57,53.236076,-37.333923645019524,37.333923645019524,213,16
2024-08-12 17:00:00,117.15,75.994446,-41.155554199218756,41.155554199218756,213,17
2024-08-12 18:00:00,124.95,81.101234,-43.84876556396485,43.84876556396485,213,18
2024-08-12 19:00:00,130.6,82.06066,-48.539338684082026,48.539338684082026,213,19
2024-08-12 20:00:00,108.51,81.67684,-26.83315826416016,26.83315826416016,213,20
2024-08-12 21:00:00,100.16,69.55866,-30.601337585449215,30.601337585449215,213,21
2024-08-12 22:00:00,100.07,43.497463,-56.572536773681634,56.572536773681634,213,22
2024-08-12 23:00:00,88.27,33.54659,-54.72341110229492,54.72341110229492,213,23
2024-08-13 00:00:00,65.15,32.234856,-32.91514434814454,32.91514434814454,214,0
2024-08-13 01:00:00,62.37,31.262892,-31.107108230590818,31.107108230590818,214,1
2024-08-13 02:00:00,60.94,31.44472,-29.495280685424802,29.495280685424802,214,2
2024-08-13 03:00:00,68.0,31.84459,-36.15541076660156,36.15541076660156,214,3
2024-08-13 04:00:00,95.16,35.560345,-59.599655303955075,59.599655303955075,214,4
2024-08-13 05:00:00,113.58,47.395473,-66.18452651977539,66.18452651977539,214,5
2024-08-13 06:00:00,117.89,56.884003,-61.005997314453126,61.005997314453126,214,6
2024-08-13 07:00:00,92.94,50.97767,-41.96233123779297,41.96233123779297,214,7
2024-08-13 08:00:00,70.74,39.410614,-31.32938598632812,31.32938598632812,214,8
2024-08-13 09:00:00,58.44,23.52373,-34.91627067565918,34.91627067565918,214,9
2024-08-13 10:00:00,46.76,22.555485,-24.204515228271482,24.204515228271482,214,10
2024-08-13 11:00:00,43.87,10.728272,-33.14172756195068,33.14172756195068,214,11
2024-08-13 12:00:00,50.97,14.232812,-36.73718807220459,36.73718807220459,214,12
2024-08-13 13:00:00,66.73,22.124361,-44.605638961791996,44.605638961791996,214,13
2024-08-13 14:00:00,80.05,39.01661,-41.033390808105466,41.033390808105466,214,14
2024-08-13 15:00:00,84.5,66.7261,-17.773902893066406,17.773902893066406,214,15
2024-08-13 16:00:00,96.02,87.117065,-8.902934570312496,8.902934570312496,214,16
2024-08-13 17:00:00,101.51,111.49372,9.983721008300776,9.983721008300776,214,17
2024-08-13 18:00:00,108.29,115.82975,7.53975006103515,7.53975006103515,214,18
2024-08-13 19:00:00,100.87,125.31372,24.443720703124995,24.443720703124995,214,19
2024-08-13 20:00:00,113.76,106.69221,-7.067792663574224,7.067792663574224,214,20
2024-08-13 21:00:00,102.92,100.75638,-2.1636218261718767,2.1636218261718767,214,21
2024-08-13 22:00:00,88.5,86.51345,-1.9865493774414062,1.9865493774414062,214,22
2024-08-13 23:00:00,78.5,71.06646,-7.433540344238281,7.433540344238281,214,23
2024-08-14 00:00:00,76.56,56.882782,-19.677218017578127,19.677218017578127,215,0
2024-08-14 01:00:00,64.0,53.254276,-10.745723724365234,10.745723724365234,215,1
2024-08-14 02:00:00,71.51,55.822403,-15.687597045898443,15.687597045898443,215,2
2024-08-14 03:00:00,70.2,61.101894,-9.098105621337893,9.098105621337893,215,3
2024-08-14 04:00:00,80.38,86.1484,5.768399353027348,5.768399353027348,215,4
2024-08-14 05:00:00,102.07,91.24485,-10.825149841308587,10.825149841308587,215,5
2024-08-14 06:00:00,109.87,94.12772,-15.742276306152348,15.742276306152348,215,6
2024-08-14 07:00:00,90.0,84.29118,-5.7088165283203125,5.7088165283203125,215,7
2024-08-14 08:00:00,75.0,65.649,-9.350997924804688,9.350997924804688,215,8
2024-08-14 09:00:00,76.01,55.626,-20.38400054931641,20.38400054931641,215,9
2024-08-14 10:00:00,75.78,49.842915,-25.937085418701173,25.937085418701173,215,10
2024-08-14 11:00:00,76.44,44.71661,-31.723390045166013,31.723390045166013,215,11
2024-08-14 12:00:00,75.59,50.28326,-25.30673965454102,25.30673965454102,215,12
2024-08-14 13:00:00,65.61,51.02832,-14.5816796875,14.5816796875,215,13
2024-08-14 14:00:00,69.98,64.36445,-5.615551452636723,5.615551452636723,215,14
2024-08-14 15:00:00,69.47,74.56831,5.098313598632814,5.098313598632814,215,15
2024-08-14 16:00:00,110.44,84.805664,-25.634335937499998,25.634335937499998,215,16
2024-08-14 17:00:00,115.77,105.75696,-10.013041992187496,10.013041992187496,215,17
2024-08-14 18:00:00,109.02,111.229805,2.2098049926757852,2.2098049926757852,215,18
2024-08-14 19:00:00,114.26,100.19798,-14.062017211914068,14.062017211914068,215,19
2024-08-14 20:00:00,108.54,104.823524,-3.71647552490235,3.71647552490235,215,20
2024-08-14 21:00:00,94.18,92.59993,-1.5800701904296943,1.5800701904296943,215,21
2024-08-14 22:00:00,69.47,73.70609,4.236092834472657,4.236092834472657,215,22
2024-08-14 23:00:00,59.32,65.68323,6.3632275390625,6.3632275390625,215,23
2024-08-16 00:00:00,68.5,64.40419,-4.0958099365234375,4.0958099365234375,217,0
2024-08-16 01:00:00,65.32,61.652122,-3.6678775024413994,3.6678775024413994,217,1
2024-08-16 02:00:00,59.59,60.405243,0.8152429199218716,0.8152429199218716,217,2
2024-08-16 03:00:00,67.4,55.042824,-12.3571762084961,12.3571762084961,217,3
2024-08-16 04:00:00,63.96,65.27651,1.316512145996093,1.316512145996093,217,4
2024-08-16 05:00:00,77.6,74.00493,-3.595071411132807,3.595071411132807,217,5
2024-08-16 06:00:00,91.06,77.54646,-13.51353698730469,13.51353698730469,217,6
2024-08-16 07:00:00,70.0,77.47378,7.473777770996094,7.473777770996094,217,7
2024-08-16 08:00:00,63.87,50.07915,-13.790848846435544,13.790848846435544,217,8
2024-08-16 09:00:00,63.37,41.93502,-21.434979553222654,21.434979553222654,217,9
2024-08-16 10:00:00,59.22,38.30673,-20.91327163696289,20.91327163696289,217,10
2024-08-16 11:00:00,53.93,37.932568,-15.997432403564453,15.997432403564453,217,11
2024-08-16 12:00:00,50.72,29.957014,-20.762985916137694,20.762985916137694,217,12
2024-08-16 13:00:00,56.27,28.520746,-27.7492537689209,27.7492537689209,217,13
2024-08-16 14:00:00,62.17,39.913364,-22.25663558959961,22.25663558959961,217,14
2024-08-16 15:00:00,63.37,41.259876,-22.110123748779294,22.110123748779294,217,15
2024-08-16 16:00:00,65.4,53.40537,-11.994631195068365,11.994631195068365,217,16
2024-08-16 17:00:00,103.52,83.724525,-19.79547454833984,19.79547454833984,217,17
2024-08-16 18:00:00,107.96,94.9494,-13.010598144531244,13.010598144531244,217,18
2024-08-16 19:00:00,114.51,93.023834,-21.48616577148438,21.48616577148438,217,19
2024-08-16 20:00:00,119.99,101.727844,-18.262155761718745,18.262155761718745,217,20
2024-08-16 21:00:00,116.16,90.841354,-25.31864562988281,25.31864562988281,217,21
2024-08-16 22:00:00,107.05,75.10307,-31.94692687988281,31.94692687988281,217,22
2024-08-16 23:00:00,90.86,69.0084,-21.851600036621093,21.851600036621093,217,23
2024-08-17 00:00:00,90.6,52.408,-38.19199905395507,38.19199905395507,218,0
2024-08-17 01:00:00,81.87,51.142456,-30.727543945312505,30.727543945312505,218,1
2024-08-17 02:00:00,71.04,48.789352,-22.25064758300782,22.25064758300782,218,2
2024-08-17 03:00:00,71.39,51.090965,-20.299034729003907,20.299034729003907,218,3
2024-08-17 04:00:00,75.52,45.912666,-29.607333679199215,29.607333679199215,218,4
2024-08-17 05:00:00,73.6,49.9831,-23.616899108886713,23.616899108886713,218,5
2024-08-17 06:00:00,84.01,59.891495,-24.118505249023443,24.118505249023443,218,6
2024-08-17 07:00:00,71.74,44.582813,-27.15718673706054,27.15718673706054,218,7
2024-08-17 08:00:00,68.01,35.247402,-32.762597808837896,32.762597808837896,218,8
2024-08-17 09:00:00,52.66,31.654856,-21.005144271850583,21.005144271850583,218,9
2024-08-17 10:00:00,43.31,27.906263,-15.403736648559573,15.403736648559573,218,10
2024-08-17 11:00:00,37.37,24.569225,-12.8007746887207,12.8007746887207,218,11
2024-08-17 12:00:00,34.72,22.954237,-11.76576301574707,11.76576301574707,218,12
2024-08-17 13:00:00,37.57,25.673023,-11.896976776123047,11.896976776123047,218,13
2024-08-17 14:00:00,47.81,35.728294,-12.081705627441409,12.081705627441409,218,14
2024-08-17 15:00:00,69.24,37.78053,-31.459470977783198,31.459470977783198,218,15
2024-08-17 16:00:00,71.51,44.42305,-27.086950073242193,27.086950073242193,218,16
2024-08-17 17:00:00,87.41,79.19399,-8.216007385253903,8.216007385253903,218,17
2024-08-17 18:00:00,103.92,85.171425,-18.748575134277345,18.748575134277345,218,18
2024-08-17 19:00:00,114.07,89.85629,-24.213707275390618,24.213707275390618,218,19
2024-08-17 20:00:00,113.2,92.10591,-21.09408874511719,21.09408874511719,218,20
2024-08-17 21:00:00,105.02,89.51552,-15.504481811523434,15.504481811523434,218,21
2024-08-17 22:00:00,87.77,79.877655,-7.892344970703121,7.892344970703121,218,22
2024-08-17 23:00:00,78.23,62.169327,-16.06067321777344,16.06067321777344,218,23
2024-08-18 00:00:00,73.38,62.879734,-10.500265960693355,10.500265960693355,219,0
2024-08-18 01:00:00,65.67,57.645622,-8.024377746582033,8.024377746582033,219,1
2024-08-18 02:00:00,61.85,56.595337,-5.254663085937501,5.254663085937501,219,2
2024-08-18 03:00:00,58.22,52.642605,-5.5773951721191395,5.5773951721191395,219,3
2024-08-18 04:00:00,61.69,54.25997,-7.430028381347654,7.430028381347654,219,4
2024-08-18 05:00:00,57.88,52.243546,-5.63645446777344,5.63645446777344,219,5
2024-08-18 06:00:00,62.07,57.720158,-4.349842376708985,4.349842376708985,219,6
2024-08-18 07:00:00,40.71,46.893223,6.18322280883789,6.18322280883789,219,7
2024-08-18 08:00:00,14.93,43.32237,28.392368621826172,28.392368621826172,219,8
2024-08-18 09:00:00,14.14,32.592968,18.452967987060546,18.452967987060546,219,9
2024-08-18 10:00:00,14.07,17.986904,3.916904144287109,3.916904144287109,219,10
2024-08-18 11:00:00,4.57,15.359233,10.789232902526855,10.789232902526855,219,11
2024-08-18 12:00:00,0.05,15.491386,15.441386413574218,15.441386413574218,219,12
2024-08-18 13:00:00,0.0,16.627602,16.627601623535156,16.627601623535156,219,13
2024-08-18 14:00:00,1.08,31.213902,30.133901519775392,30.133901519775392,219,14
2024-08-18 15:00:00,10.99,49.66662,38.67661834716797,38.67661834716797,219,15
2024-08-18 16:00:00,42.82,60.73356,17.913558654785156,17.913558654785156,219,16
2024-08-18 17:00:00,75.83,83.07936,7.249360961914064,7.249360961914064,219,17
2024-08-18 18:00:00,89.5,101.8478,12.347801208496094,12.347801208496094,219,18
2024-08-18 19:00:00,110.34,109.604515,-0.7354849243164097,0.7354849243164097,219,19
2024-08-18 20:00:00,111.64,108.72822,-2.9117819213867193,2.9117819213867193,219,20
2024-08-18 21:00:00,99.69,97.94418,-1.7458166503906227,1.7458166503906227,219,21
2024-08-18 22:00:00,91.7,76.32153,-15.378466796875003,15.378466796875003,219,22
2024-08-18 23:00:00,76.6,66.112434,-10.487565612792963,10.487565612792963,219,23
2024-08-19 00:00:00,72.51,68.055084,-4.45491577148438,4.45491577148438,220,0
2024-08-19 01:00:00,75.92,65.79908,-10.12092010498047,10.12092010498047,220,1
2024-08-19 02:00:00,75.65,63.96795,-11.682051086425787,11.682051086425787,220,2
2024-08-19 03:00:00,79.97,65.76968,-14.200323791503905,14.200323791503905,220,3
2024-08-19 04:00:00,72.4,73.218666,0.8186660766601506,0.8186660766601506,220,4
2024-08-19 05:00:00,104.76,85.455315,-19.304685363769536,19.304685363769536,220,5
2024-08-19 06:00:00,116.92,84.06069,-32.85930816650391,32.85930816650391,220,6
2024-08-19 07:00:00,112.58,76.33597,-36.24403198242187,36.24403198242187,220,7
2024-08-19 08:00:00,82.35,54.10643,-28.243569946289057,28.243569946289057,220,8
2024-08-19 09:00:00,74.28,52.374886,-21.90511444091797,21.90511444091797,220,9
2024-08-19 10:00:00,70.0,48.247257,-21.752742767333984,21.752742767333984,220,10
2024-08-19 11:00:00,69.0,45.086845,-23.91315460205078,23.91315460205078,220,11
2024-08-19 12:00:00,65.89,43.0366,-22.853401794433594,22.853401794433594,220,12
2024-08-19 13:00:00,66.32,53.764797,-12.555202789306634,12.555202789306634,220,13
2024-08-19 14:00:00,70.0,58.565014,-11.434986114501953,11.434986114501953,220,14
2024-08-19 15:00:00,79.44,62.287167,-17.152833404541013,17.152833404541013,220,15
2024-08-19 16:00:00,103.0,76.39044,-26.60955810546875,26.60955810546875,220,16
2024-08-19 17:00:00,116.26,93.078804,-23.181195983886724,23.181195983886724,220,17
2024-08-19 18:00:00,127.48,100.667885,-26.812115173339848,26.812115173339848,220,18
2024-08-19 19:00:00,116.74,117.07457,0.3345697021484426,0.3345697021484426,220,19
2024-08-19 20:00:00,100.75,113.35747,12.607467651367188,12.607467651367188,220,20
2024-08-19 21:00:00,86.15,95.609726,9.459725952148432,9.459725952148432,220,21
2024-08-19 22:00:00,77.03,88.580246,11.550245971679686,11.550245971679686,220,22
2024-08-19 23:00:00,62.04,80.37498,18.334977111816407,18.334977111816407,220,23
2024-08-20 00:00:00,50.85,75.19844,24.34844055175781,24.34844055175781,221,0
2024-08-20 01:00:00,31.04,72.35603,41.31603332519531,41.31603332519531,221,1
2024-08-20 02:00:00,30.99,70.33005,39.34004760742188,39.34004760742188,221,2
2024-08-20 03:00:00,40.43,75.4626,35.03260070800781,35.03260070800781,221,3
2024-08-20 04:00:00,55.4,76.84674,21.44674072265625,21.44674072265625,221,4
2024-08-20 05:00:00,78.38,104.97206,26.592061157226567,26.592061157226567,221,5
2024-08-20 06:00:00,100.41,118.343735,17.93373474121094,17.93373474121094,221,6
2024-08-20 07:00:00,87.04,114.52054,27.48053833007812,27.48053833007812,221,7
2024-08-20 08:00:00,71.5,82.21692,10.7169189453125,10.7169189453125,221,8
2024-08-20 09:00:00,52.49,71.10061,18.61060882568359,18.61060882568359,221,9
2024-08-20 10:00:00,40.03,65.16571,25.13571044921875,25.13571044921875,221,10
2024-08-20 11:00:00,23.59,63.941715,40.35171524047851,40.35171524047851,221,11
2024-08-20 12:00:00,18.58,61.651623,43.0716227722168,43.0716227722168,221,12
2024-08-20 13:00:00,36.63,60.731285,24.10128509521484,24.10128509521484,221,13
2024-08-20 14:00:00,30.09,66.92644,36.836437377929684,36.836437377929684,221,14
2024-08-20 15:00:00,36.68,82.12605,45.44605285644531,45.44605285644531,221,15
2024-08-20 16:00:00,57.91,97.746414,39.836414184570316,39.836414184570316,221,16
2024-08-20 17:00:00,92.35,106.84463,14.4946273803711,14.4946273803711,221,17
2024-08-20 18:00:00,70.41,117.17744,46.767436828613285,46.767436828613285,221,18
2024-08-20 19:00:00,73.29,113.660934,40.37093444824218,40.37093444824218,221,19
2024-08-20 20:00:00,79.91,103.56153,23.651531066894535,23.651531066894535,221,20
2024-08-20 21:00:00,63.83,89.923134,26.093133850097658,26.093133850097658,221,21
2024-08-20 22:00:00,28.36,79.03628,50.676277770996094,50.676277770996094,221,22
2024-08-20 23:00:00,11.93,66.45194,54.52194244384766,54.52194244384766,221,23
2024-08-21 00:00:00,22.71,45.74272,23.032721557617187,23.032721557617187,222,0
2024-08-21 01:00:00,3.52,43.15509,39.63509033203125,39.63509033203125,222,1
2024-08-21 02:00:00,20.39,43.032654,22.64265380859375,22.64265380859375,222,2
2024-08-21 03:00:00,27.36,47.820477,20.460476531982422,20.460476531982422,222,3
2024-08-21 04:00:00,68.5,54.36977,-14.130229949951172,14.130229949951172,222,4
2024-08-21 05:00:00,88.56,73.85205,-14.707949218750002,14.707949218750002,222,5
2024-08-21 06:00:00,89.16,91.91002,2.750018920898441,2.750018920898441,222,6
2024-08-21 07:00:00,57.27,80.81346,23.543461303710934,23.543461303710934,222,7
2024-08-21 08:00:00,8.0,60.988476,52.98847579956055,52.98847579956055,222,8
2024-08-21 09:00:00,5.22,47.716415,42.49641540527344,42.49641540527344,222,9
2024-08-21 10:00:00,0.0,43.99414,43.994140625,43.994140625,222,10
2024-08-21 11:00:00,-0.01,38.366333,38.3763330078125,38.3763330078125,222,11
2024-08-21 12:00:00,-5.32,40.596603,45.91660339355469,45.91660339355469,222,12
2024-08-21 13:00:00,-4.28,45.615044,49.89504364013672,49.89504364013672,222,13
2024-08-21 14:00:00,2.01,46.477642,44.467642059326174,44.467642059326174,222,14
2024-08-21 15:00:00,16.09,53.101227,37.01122680664062,37.01122680664062,222,15
2024-08-21 16:00:00,73.78,59.632793,-14.14720657348633,14.14720657348633,222,16
2024-08-21 17:00:00,95.94,90.74014,-5.199857177734373,5.199857177734373,222,17
2024-08-21 18:00:00,75.17,82.68768,7.517683105468748,7.517683105468748,222,18
2024-08-21 19:00:00,86.51,83.9135,-2.5965020751953176,2.5965020751953176,222,19
2024-08-21 20:00:00,89.63,84.40233,-5.227671508789058,5.227671508789058,222,20
2024-08-21 21:00:00,82.47,69.4481,-13.021902770996093,13.021902770996093,222,21
2024-08-21 22:00:00,40.52,50.02329,9.503288726806637,9.503288726806637,222,22
2024-08-21 23:00:00,21.21,44.714787,23.504786529541015,23.504786529541015,222,23
2024-08-22 00:00:00,0.09,31.15664,31.066639099121094,31.066639099121094,223,0
2024-08-22 01:00:00,3.61,29.098764,25.488764419555665,25.488764419555665,223,1
2024-08-22 02:00:00,0.0,33.81412,33.81412124633789,33.81412124633789,223,2
2024-08-22 03:00:00,5.81,37.467735,31.657735290527345,31.657735290527345,223,3
2024-08-22 04:00:00,22.74,54.084824,31.34482360839844,31.34482360839844,223,4
2024-08-22 05:00:00,24.27,77.17395,52.903950195312504,52.903950195312504,223,5
2024-08-22 06:00:00,62.79,83.828476,21.03847595214844,21.03847595214844,223,6
2024-08-22 07:00:00,51.5,63.248737,11.748737335205078,11.748737335205078,223,7
2024-08-22 08:00:00,11.72,37.92511,26.20510986328125,26.20510986328125,223,8
2024-08-22 09:00:00,0.0,33.760498,33.760498046875,33.760498046875,223,9
2024-08-22 10:00:00,-0.01,27.338818,27.34881759643555,27.34881759643555,223,10
2024-08-22 11:00:00,-2.56,20.602213,23.162212905883788,23.162212905883788,223,11
2024-08-22 12:00:00,-1.37,14.880627,16.250626678466798,16.250626678466798,223,12
2024-08-22 13:00:00,-0.01,27.76994,27.779939422607423,27.779939422607423,223,13
2024-08-22 14:00:00,0.01,33.376755,33.36675476074219,33.36675476074219,223,14
2024-08-22 15:00:00,25.99,48.200676,22.21067596435547,22.21067596435547,223,15
2024-08-22 16:00:00,86.31,70.26163,-16.048372802734377,16.048372802734377,223,16
2024-08-22 17:00:00,117.49,96.16851,-21.321489562988276,21.321489562988276,223,17
2024-08-22 18:00:00,118.94,80.74827,-38.19173187255859,38.19173187255859,223,18
2024-08-22 19:00:00,112.96,89.63588,-23.32412048339843,23.32412048339843,223,19
2024-08-22 20:00:00,97.31,87.837105,-9.472895202636721,9.472895202636721,223,20
2024-08-22 21:00:00,81.51,78.11774,-3.392263183593755,3.392263183593755,223,21
2024-08-22 22:00:00,55.4,44.341164,-11.058836364746092,11.058836364746092,223,22
2024-08-22 23:00:00,42.05,39.91954,-2.1304595947265597,2.1304595947265597,223,23
2024-08-23 00:00:00,37.42,25.27838,-12.141620559692385,12.141620559692385,224,0
2024-08-23 01:00:00,25.61,25.02403,-0.5859693145751947,0.5859693145751947,224,1
2024-08-23 02:00:00,11.2,29.052963,17.852963256835938,17.852963256835938,224,2
2024-08-23 03:00:00,11.84,29.770811,17.930811080932617,17.930811080932617,224,3
2024-08-23 04:00:00,21.5,39.85325,18.353248596191406,18.353248596191406,224,4
2024-08-23 05:00:00,28.12,47.81618,19.696181182861327,19.696181182861327,224,5
2024-08-23 06:00:00,13.08,65.91779,52.83779327392578,52.83779327392578,224,6
2024-08-23 07:00:00,0.06,59.825962,59.76596206665039,59.76596206665039,224,7
2024-08-23 08:00:00,0.07,37.794907,37.72490661621094,37.72490661621094,224,8
2024-08-23 09:00:00,0.0,11.41988,11.419879913330078,11.419879913330078,224,9
2024-08-23 10:00:00,-0.98,6.42674,7.406740169525147,7.406740169525147,224,10
2024-08-23 11:00:00,-5.75,4.366622,10.116621971130371,10.116621971130371,224,11
2024-08-23 12:00:00,-8.98,4.186871,13.16687105178833,13.16687105178833,224,12
2024-08-23 13:00:00,-4.33,6.4434495,10.7734494972229,10.7734494972229,224,13
2024-08-23 14:00:00,0.0,11.343524,11.343523979187012,11.343523979187012,224,14
2024-08-23 15:00:00,7.58,30.997408,23.41740791320801,23.41740791320801,224,15
2024-08-23 16:00:00,57.67,79.23368,21.563680725097655,21.563680725097655,224,16
2024-08-23 17:00:00,105.49,96.07787,-9.412126770019526,9.412126770019526,224,17
2024-08-23 18:00:00,112.83,98.2037,-14.626302795410155,14.626302795410155,224,18
2024-08-23 19:00:00,123.9,94.58295,-29.317053222656256,29.317053222656256,224,19
2024-08-23 20:00:00,120.1,91.51181,-28.58818969726562,28.58818969726562,224,20
2024-08-23 21:00:00,102.53,81.977806,-20.552193908691407,20.552193908691407,224,21
2024-08-23 22:00:00,91.78,62.27436,-29.50563934326172,29.50563934326172,224,22
2024-08-23 23:00:00,58.11,45.610832,-12.49916778564453,12.49916778564453,224,23
2024-08-24 00:00:00,52.84,26.873892,-25.966108169555667,25.966108169555667,225,0
2024-08-24 01:00:00,46.45,25.841484,-20.608515930175784,20.608515930175784,225,1
2024-08-24 02:00:00,48.58,23.087822,-25.49217803955078,25.49217803955078,225,2
2024-08-24 03:00:00,47.04,24.728657,-22.31134323120117,22.31134323120117,225,3
2024-08-24 04:00:00,46.02,26.535318,-19.484681625366214,19.484681625366214,225,4
2024-08-24 05:00:00,38.98,26.034979,-12.945021133422848,12.945021133422848,225,5
2024-08-24 06:00:00,34.27,26.672709,-7.597291488647464,7.597291488647464,225,6
2024-08-24 07:00:00,15.0,17.407507,2.4075069427490234,2.4075069427490234,225,7
2024-08-24 08:00:00,0.0,4.1961117,4.196111679077148,4.196111679077148,225,8
2024-08-24 09:00:00,-6.75,-6.8672,-0.11719989776611328,0.11719989776611328,225,9
2024-08-24 10:00:00,-18.41,-6.478978,11.931021842956543,11.931021842956543,225,10
2024-08-24 11:00:00,-38.33,-10.703274,27.62672622680664,27.62672622680664,225,11
2024-08-24 12:00:00,-41.39,-8.327788,33.06221164703369,33.06221164703369,225,12
2024-08-24 13:00:00,-20.91,-4.516883,16.39311710357666,16.39311710357666,225,13
2024-08-24 14:00:00,-1.01,6.192648,7.202647933959961,7.202647933959961,225,14
2024-08-24 15:00:00,3.32,19.600084,16.28008430480957,16.28008430480957,225,15
2024-08-24 16:00:00,16.77,58.26704,41.49704025268555,41.49704025268555,225,16
2024-08-24 17:00:00,62.33,93.172134,30.842134399414064,30.842134399414064,225,17
2024-08-24 18:00:00,69.2,100.128426,30.92842559814453,30.92842559814453,225,18
2024-08-24 19:00:00,72.6,104.25848,31.658476257324224,31.658476257324224,225,19
2024-08-24 20:00:00,68.68,99.79421,31.114212341308587,31.114212341308587,225,20
2024-08-24 21:00:00,54.33,87.36384,33.03383819580078,33.03383819580078,225,21
2024-08-24 22:00:00,7.72,62.431084,54.71108367919922,54.71108367919922,225,22
2024-08-24 23:00:00,4.94,48.64949,43.709490356445315,43.709490356445315,225,23
2024-08-25 00:00:00,1.62,30.346754,28.72675407409668,28.72675407409668,226,0
2024-08-25 01:00:00,0.51,28.316608,27.806608428955077,27.806608428955077,226,1
2024-08-25 02:00:00,1.05,28.929483,27.87948341369629,27.87948341369629,226,2
2024-08-25 03:00:00,1.73,34.260796,32.53079559326172,32.53079559326172,226,3
2024-08-25 04:00:00,2.15,32.651016,30.501016235351564,30.501016235351564,226,4
2024-08-25 05:00:00,0.04,24.263401,24.22340103149414,24.22340103149414,226,5
2024-08-25 06:00:00,0.29,23.009335,22.719334564208985,22.719334564208985,226,6
2024-08-25 07:00:00,-1.29,22.17338,23.463379898071288,23.463379898071288,226,7
2024-08-25 08:00:00,-5.61,5.4918714,11.10187135696411,11.10187135696411,226,8
2024-08-25 09:00:00,-7.16,-6.3926625,0.7673374748229982,0.7673374748229982,226,9
2024-08-25 10:00:00,-5.02,-12.708515,-7.6885151672363286,7.6885151672363286,226,10
2024-08-25 11:00:00,-7.51,-13.09444,-5.584440460205078,5.584440460205078,226,11
2024-08-25 12:00:00,-16.7,-14.750477,1.9495231628417962,1.9495231628417962,226,12
2024-08-25 13:00:00,-9.43,-14.051477,-4.621477432250977,4.621477432250977,226,13
2024-08-25 14:00:00,-0.6,-1.5225184,-0.9225183963775635,0.9225183963775635,226,14
2024-08-25 15:00:00,0.44,11.246931,10.806931076049805,10.806931076049805,226,15
2024-08-25 16:00:00,14.2,45.00607,30.80606918334961,30.80606918334961,226,16
2024-08-25 17:00:00,71.41,73.54003,2.130031433105472,2.130031433105472,226,17
2024-08-25 18:00:00,94.02,87.55388,-6.4661212158203085,6.4661212158203085,226,18
2024-08-25 19:00:00,109.91,91.29088,-18.61912170410156,18.61912170410156,226,19
2024-08-25 20:00:00,102.88,88.58824,-14.291758422851558,14.291758422851558,226,20
2024-08-25 21:00:00,93.53,75.08352,-18.446481018066407,18.446481018066407,226,21
2024-08-25 22:00:00,58.11,42.439377,-15.670623168945312,15.670623168945312,226,22
2024-08-25 23:00:00,54.03,33.72668,-20.303319244384767,20.303319244384767,226,23
2024-08-26 00:00:00,49.84,47.91787,-1.9221304321289097,1.9221304321289097,227,0
2024-08-26 01:00:00,37.63,46.508774,8.878773803710935,8.878773803710935,227,1
2024-08-26 02:00:00,34.79,45.053257,10.263256988525391,10.263256988525391,227,2
2024-08-26 03:00:00,52.06,46.89043,-5.169569549560549,5.169569549560549,227,3
2024-08-26 04:00:00,57.04,52.61177,-4.428229370117187,4.428229370117187,227,4
2024-08-26 05:00:00,64.99,70.95315,5.963147888183599,5.963147888183599,227,5
2024-08-26 06:00:00,95.76,73.41739,-22.34261108398438,22.34261108398438,227,6
2024-08-26 07:00:00,83.06,71.86484,-11.195162353515627,11.195162353515627,227,7
2024-08-26 08:00:00,45.8,50.02617,4.22616882324219,4.22616882324219,227,8
2024-08-26 09:00:00,48.2,43.826538,-4.373461914062503,4.373461914062503,227,9
2024-08-26 10:00:00,29.87,43.43185,13.561850433349608,13.561850433349608,227,10
2024-08-26 11:00:00,24.02,41.014343,16.99434326171875,16.99434326171875,227,11
2024-08-26 12:00:00,43.72,35.605415,-8.114584655761718,8.114584655761718,227,12
2024-08-26 13:00:00,54.3,40.864304,-13.43569641113281,13.43569641113281,227,13
2024-08-26 14:00:00,61.97,46.36787,-15.602129669189452,15.602129669189452,227,14
2024-08-26 15:00:00,85.34,52.244026,-33.09597381591797,33.09597381591797,227,15
2024-08-26 16:00:00,110.78,75.33614,-35.44385650634766,35.44385650634766,227,16
2024-08-26 17:00:00,120.0,117.89593,-2.1040725708007812,2.1040725708007812,227,17
2024-08-26 18:00:00,127.04,117.497955,-9.542044677734381,9.542044677734381,227,18
2024-08-26 19:00:00,114.97,120.722015,5.752015380859376,5.752015380859376,227,19
2024-08-26 20:00:00,111.24,112.00552,0.7655236816406301,0.7655236816406301,227,20
2024-08-26 21:00:00,94.09,102.94565,8.855648193359372,8.855648193359372,227,21
2024-08-26 22:00:00,98.77,89.225876,-9.544124145507809,9.544124145507809,227,22
2024-08-26 23:00:00,84.15,77.1021,-7.047903442382818,7.047903442382818,227,23
2024-08-27 00:00:00,68.17,64.99605,-3.173952026367189,3.173952026367189,228,0
2024-08-27 01:00:00,57.11,56.69068,-0.4193185424804682,0.4193185424804682,228,1
2024-08-27 02:00:00,45.11,55.75554,10.645538940429688,10.645538940429688,228,2
2024-08-27 03:00:00,47.98,60.47586,12.495860595703128,12.495860595703128,228,3
2024-08-27 04:00:00,63.02,64.00782,0.9878201293945281,0.9878201293945281,228,4
2024-08-27 05:00:00,74.69,69.898766,-4.791234436035154,4.791234436035154,228,5
2024-08-27 06:00:00,89.75,83.98934,-5.760658264160156,5.760658264160156,228,6
2024-08-27 07:00:00,79.48,79.28189,-0.19810913085937898,0.19810913085937898,228,7
2024-08-27 08:00:00,54.22,55.045193,0.8251927185058605,0.8251927185058605,228,8
2024-08-27 09:00:00,30.59,52.04564,21.455639038085938,21.455639038085938,228,9
2024-08-27 10:00:00,8.03,40.461422,32.43142196655273,32.43142196655273,228,10
2024-08-27 11:00:00,4.79,36.572124,31.782124481201173,31.782124481201173,228,11
2024-08-27 12:00:00,5.4,46.50626,41.10625991821289,41.10625991821289,228,12
2024-08-27 13:00:00,28.09,50.234657,22.144657287597656,22.144657287597656,228,13
2024-08-27 14:00:00,56.0,53.18965,-2.8103485107421875,2.8103485107421875,228,14
2024-08-27 15:00:00,87.95,73.073784,-14.876216125488284,14.876216125488284,228,15
2024-08-27 16:00:00,114.0,96.6375,-17.362503051757812,17.362503051757812,228,16
2024-08-27 17:00:00,123.85,109.17257,-14.67743072509765,14.67743072509765,228,17
2024-08-27 18:00:00,125.14,116.15409,-8.985909118652344,8.985909118652344,228,18
2024-08-27 19:00:00,121.35,112.07581,-9.274186706542963,9.274186706542963,228,19
2024-08-27 20:00:00,106.69,107.99932,1.309320983886721,1.309320983886721,228,20
2024-08-27 21:00:00,94.2,92.98857,-1.2114288330078153,1.2114288330078153,228,21
2024-08-27 22:00:00,92.13,82.80169,-9.328310852050777,9.328310852050777,228,22
2024-08-27 23:00:00,92.39,71.56317,-20.82682861328125,20.82682861328125,228,23
2024-08-28 00:00:00,87.18,56.800068,-30.37993209838868,30.37993209838868,229,0
2024-08-28 01:00:00,85.96,52.672127,-33.28787322998046,33.28787322998046,229,1
2024-08-28 02:00:00,79.71,47.480427,-32.229573211669916,32.229573211669916,229,2
2024-08-28 03:00:00,86.05,51.478428,-34.57157211303711,34.57157211303711,229,3
2024-08-28 04:00:00,99.34,56.103794,-43.23620590209961,43.23620590209961,229,4
2024-08-28 05:00:00,124.28,68.85133,-55.42866638183594,55.42866638183594,229,5
2024-08-28 06:00:00,120.76,77.609726,-43.15027404785157,43.15027404785157,229,6
2024-08-28 07:00:00,105.89,70.71103,-35.178970947265626,35.178970947265626,229,7
2024-08-28 08:00:00,89.42,55.376335,-34.04366485595703,34.04366485595703,229,8
2024-08-28 09:00:00,71.72,38.16984,-33.55015823364258,33.55015823364258,229,9
2024-08-28 10:00:00,41.85,33.121674,-8.728326416015626,8.728326416015626,229,10
2024-08-28 11:00:00,17.91,31.749638,13.839637603759765,13.839637603759765,229,11
2024-08-28 12:00:00,18.12,28.879093,10.759093170166015,10.759093170166015,229,12
2024-08-28 13:00:00,56.85,33.168625,-23.681375122070314,23.681375122070314,229,13
2024-08-28 14:00:00,82.0,54.6902,-27.309799194335938,27.309799194335938,229,14
2024-08-28 15:00:00,94.38,73.65823,-20.72176635742187,20.72176635742187,229,15
2024-08-28 16:00:00,108.26,101.71639,-6.543607482910161,6.543607482910161,229,16
2024-08-28 17:00:00,123.16,117.22841,-5.931591186523434,5.931591186523434,229,17
2024-08-28 18:00:00,125.78,121.669785,-4.110215454101564,4.110215454101564,229,18
2024-08-28 19:00:00,126.28,119.35357,-6.926430969238282,6.926430969238282,229,19
2024-08-28 20:00:00,113.9,106.634445,-7.265554809570318,7.265554809570318,229,20
2024-08-28 21:00:00,102.27,94.74941,-7.520587463378902,7.520587463378902,229,21
2024-08-28 22:00:00,95.04,86.33732,-8.70268157958985,8.70268157958985,229,22
2024-08-28 23:00:00,94.91,82.61507,-12.294933471679684,12.294933471679684,229,23
2024-08-29 00:00:00,89.29,80.048096,-9.241904296875006,9.241904296875006,230,0
2024-08-29 01:00:00,89.28,76.57927,-12.700730590820314,12.700730590820314,230,1
2024-08-29 02:00:00,90.05,71.01397,-19.03603057861328,19.03603057861328,230,2
2024-08-29 03:00:00,94.76,77.65896,-17.10104156494141,17.10104156494141,230,3
2024-08-29 04:00:00,102.81,86.28318,-16.526819763183596,16.526819763183596,230,4
2024-08-29 05:00:00,124.05,103.31006,-20.739941406249997,20.739941406249997,230,5
2024-08-29 06:00:00,126.24,104.89528,-21.344721069335932,21.344721069335932,230,6
2024-08-29 07:00:00,108.79,91.10902,-17.680983581542975,17.680983581542975,230,7
2024-08-29 08:00:00,92.35,72.790726,-19.559274291992182,19.559274291992182,230,8
2024-08-29 09:00:00,84.68,60.294586,-24.385413818359382,24.385413818359382,230,9
2024-08-29 10:00:00,66.98,44.150917,-22.829082946777348,22.829082946777348,230,10
2024-08-29 11:00:00,48.09,39.60738,-8.482620086669925,8.482620086669925,230,11
2024-08-29 12:00:00,55.06,27.686182,-27.373817977905276,27.373817977905276,230,12
2024-08-29 13:00:00,80.79,48.437946,-32.35205368041993,32.35205368041993,230,13
2024-08-29 14:00:00,91.01,65.75932,-25.250676879882818,25.250676879882818,230,14
2024-08-29 15:00:00,105.95,86.61576,-19.334239196777347,19.334239196777347,230,15
2024-08-29 16:00:00,117.89,98.6356,-19.254402770996094,19.254402770996094,230,16
2024-08-29 17:00:00,128.18,113.82956,-14.350440673828132,14.350440673828132,230,17
2024-08-29 18:00:00,131.99,117.129456,-14.860544433593759,14.860544433593759,230,18
2024-08-29 19:00:00,133.14,116.5894,-16.5505987548828,16.5505987548828,230,19
2024-08-29 20:00:00,124.04,101.723564,-22.316435852050788,22.316435852050788,230,20
2024-08-29 21:00:00,105.59,94.24783,-11.342166748046878,11.342166748046878,230,21
2024-08-29 22:00:00,101.67,79.47398,-22.196016235351564,22.196016235351564,230,22
2024-08-29 23:00:00,91.03,74.80798,-16.2220166015625,16.2220166015625,230,23
2024-08-30 00:00:00,91.18,84.25508,-6.924918823242194,6.924918823242194,231,0
2024-08-30 01:00:00,78.26,83.076645,4.816644897460932,4.816644897460932,231,1
2024-08-30 02:00:00,71.9,79.60429,7.704286193847651,7.704286193847651,231,2
2024-08-30 03:00:00,76.71,84.54511,7.8351126098632875,7.8351126098632875,231,3
2024-08-30 04:00:00,86.38,92.31175,5.931752319335942,5.931752319335942,231,4
2024-08-30 05:00:00,106.33,108.78476,2.4547595214843767,2.4547595214843767,231,5
2024-08-30 06:00:00,123.92,115.05944,-8.860559387207033,8.860559387207033,231,6
2024-08-30 07:00:00,113.7,95.65503,-18.044970703125003,18.044970703125003,231,7
2024-08-30 08:00:00,98.33,83.373795,-14.956205444335936,14.956205444335936,231,8
2024-08-30 09:00:00,90.02,75.62297,-14.397029418945309,14.397029418945309,231,9
2024-08-30 10:00:00,86.64,57.94631,-28.693691864013672,28.693691864013672,231,10
2024-08-30 11:00:00,80.97,46.104965,-34.86503479003906,34.86503479003906,231,11
2024-08-30 12:00:00,79.9,47.228386,-32.67161407470704,32.67161407470704,231,12
2024-08-30 13:00:00,83.44,59.173126,-24.266873779296873,24.266873779296873,231,13
2024-08-30 14:00:00,87.65,81.897484,-5.752516174316412,5.752516174316412,231,14
2024-08-30 15:00:00,101.96,88.97009,-12.989907226562494,12.989907226562494,231,15
2024-08-30 16:00:00,110.74,104.640144,-6.099855651855464,6.099855651855464,231,16
2024-08-30 17:00:00,121.78,116.98912,-4.790879516601564,4.790879516601564,231,17
2024-08-30 18:00:00,105.31,118.26252,12.952519836425779,12.952519836425779,231,18
2024-08-30 19:00:00,103.67,121.64351,17.97350891113281,17.97350891113281,231,19
2024-08-30 20:00:00,97.24,107.71524,10.47524047851563,10.47524047851563,231,20
2024-08-30 21:00:00,95.77,92.10308,-3.6669192504882773,3.6669192504882773,231,21
2024-08-30 22:00:00,105.18,84.72749,-20.452506713867194,20.452506713867194,231,22
2024-08-30 23:00:00,88.83,81.019135,-7.810865478515623,7.810865478515623,231,23
2024-08-31 00:00:00,80.53,69.243805,-11.286195068359376,11.286195068359376,232,0
2024-08-31 01:00:00,68.04,62.49964,-5.540358581542975,5.540358581542975,232,1
2024-08-31 02:00:00,55.77,59.67459,3.904591064453122,3.904591064453122,232,2
2024-08-31 03:00:00,59.27,65.0411,5.771099548339841,5.771099548339841,232,3
2024-08-31 04:00:00,67.22,62.362194,-4.857805938720702,4.857805938720702,232,4
2024-08-31 05:00:00,67.17,77.05374,9.883741455078123,9.883741455078123,232,5
2024-08-31 06:00:00,85.69,87.26512,1.5751214599609398,1.5751214599609398,232,6
2024-08-31 07:00:00,84.92,77.75998,-7.160020751953127,7.160020751953127,232,7
2024-08-31 08:00:00,60.13,63.82668,3.6966792297363256,3.6966792297363256,232,8
2024-08-31 09:00:00,18.34,47.58779,29.247791442871094,29.247791442871094,232,9
2024-08-31 10:00:00,9.06,42.176407,33.11640686035156,33.11640686035156,232,10
2024-08-31 11:00:00,10.86,32.27382,21.413818969726563,21.413818969726563,232,11
2024-08-31 12:00:00,14.02,33.107285,19.087284545898438,19.087284545898438,232,12
2024-08-31 13:00:00,17.78,41.441128,23.66112777709961,23.66112777709961,232,13
2024-08-31 14:00:00,24.81,49.864296,25.054295959472658,25.054295959472658,232,14
2024-08-31 15:00:00,76.3,75.86276,-0.43723754882812216,0.43723754882812216,232,15
2024-08-31 16:00:00,108.59,93.499405,-15.090595092773441,15.090595092773441,232,16
2024-08-31 17:00:00,120.38,100.619385,-19.760615234374995,19.760615234374995,232,17
2024-08-31 18:00:00,123.32,83.0668,-40.25319702148437,40.25319702148437,232,18
2024-08-31 19:00:00,109.69,87.339005,-22.350995483398435,22.350995483398435,232,19
2024-08-31 20:00:00,101.58,78.87458,-22.705419616699217,22.705419616699217,232,20
2024-08-31 21:00:00,90.57,70.56146,-20.008537597656243,20.008537597656243,232,21
2024-08-31 22:00:00,94.02,73.893555,-20.126445312499996,20.126445312499996,232,22
2024-08-31 23:00:00,85.99,60.228756,-25.76124404907226,25.76124404907226,232,23
2024-09-01 00:00:00,80.37,54.179996,-26.19000350952149,26.19000350952149,233,0
2024-09-01 01:00:00,68.61,48.644844,-19.965155944824218,19.965155944824218,233,1
2024-09-01 02:00:00,56.17,45.78847,-10.381528778076174,10.381528778076174,233,2
2024-09-01 03:00:00,53.86,44.98662,-8.873378143310546,8.873378143310546,233,3
2024-09-01 04:00:00,56.44,47.27092,-9.16908020019531,9.16908020019531,233,4
2024-09-01 05:00:00,57.05,44.924267,-12.12573318481445,12.12573318481445,233,5
2024-09-01 06:00:00,60.63,54.309074,-6.320925598144534,6.320925598144534,233,6
2024-09-01 07:00:00,41.27,52.44615,11.176151733398434,11.176151733398434,233,7
2024-09-01 08:00:00,12.73,33.413116,20.683116455078125,20.683116455078125,233,8
2024-09-01 09:00:00,8.09,12.033624,3.9436236953735353,3.9436236953735353,233,9
2024-09-01 10:00:00,8.81,5.760002,-3.0499978637695317,3.0499978637695317,233,10
2024-09-01 11:00:00,4.39,4.864881,0.4748810386657718,0.4748810386657718,233,11
2024-09-01 12:00:00,9.6,5.5672464,-4.032753562927246,4.032753562927246,233,12
2024-09-01 13:00:00,10.87,5.1481433,-5.7218567085266105,5.7218567085266105,233,13
2024-09-01 14:00:00,28.98,12.037779,-16.942221145629883,16.942221145629883,233,14
2024-09-01 15:00:00,81.37,45.347286,-36.02271377563477,36.02271377563477,233,15
2024-09-01 16:00:00,99.64,86.086395,-13.553604736328126,13.553604736328126,233,16
2024-09-01 17:00:00,123.6,106.61263,-16.98736724853515,16.98736724853515,233,17
2024-09-01 18:00:00,127.02,111.117935,-15.902064819335934,15.902064819335934,233,18
2024-09-01 19:00:00,111.31,100.280846,-11.029154357910159,11.029154357910159,233,19
2024-09-01 20:00:00,104.73,94.47984,-10.250156860351566,10.250156860351566,233,20
2024-09-01 21:00:00,91.5,80.499504,-11.000495910644531,11.000495910644531,233,21
2024-09-01 22:00:00,92.74,76.264275,-16.475725402832026,16.475725402832026,233,22
2024-09-01 23:00:00,95.13,63.762486,-31.367514495849605,31.367514495849605,233,23
2024-09-02 00:00:00,92.5,80.09154,-12.408462524414062,12.408462524414062,234,0
2024-09-02 01:00:00,92.59,74.77828,-17.81171783447266,17.81171783447266,234,1
2024-09-02 02:00:00,87.22,71.56177,-15.658232421874999,15.658232421874999,234,2
2024-09-02 03:00:00,93.79,77.251755,-16.53824523925782,16.53824523925782,234,3
2024-09-02 04:00:00,102.96,84.268585,-18.69141479492187,18.69141479492187,234,4
2024-09-02 05:00:00,121.88,97.983345,-23.896654968261714,23.896654968261714,234,5
2024-09-02 06:00:00,131.52,104.45773,-27.062266845703135,27.062266845703135,234,6
2024-09-02 07:00:00,122.64,94.97433,-27.665672912597657,27.665672912597657,234,7
2024-09-02 08:00:00,102.83,69.29162,-33.53838165283203,33.53838165283203,234,8
2024-09-02 09:00:00,90.98,62.66635,-28.31364868164063,28.31364868164063,234,9
2024-09-02 10:00:00,85.62,63.547993,-22.072007293701176,22.072007293701176,234,10
2024-09-02 11:00:00,82.25,59.747944,-22.502056121826172,22.502056121826172,234,11
2024-09-02 12:00:00,85.03,60.5384,-24.49160125732422,24.49160125732422,234,12
2024-09-02 13:00:00,91.9,57.56293,-34.33706893920899,34.33706893920899,234,13
2024-09-02 14:00:00,95.97,63.89291,-32.07708999633789,32.07708999633789,234,14
2024-09-02 15:00:00,104.9,91.78716,-13.112837219238287,13.112837219238287,234,15
2024-09-02 16:00:00,122.09,109.54665,-12.54334625244141,12.54334625244141,234,16
2024-09-02 17:00:00,130.0,133.89064,3.8906402587890625,3.8906402587890625,234,17
2024-09-02 18:00:00,138.0,130.04398,-7.956024169921875,7.956024169921875,234,18
2024-09-02 19:00:00,134.53,117.3163,-17.21370056152344,17.21370056152344,234,19
2024-09-02 20:00:00,116.54,103.2757,-13.264296569824225,13.264296569824225,234,20
2024-09-02 21:00:00,104.94,89.56058,-15.379422607421873,15.379422607421873,234,21
2024-09-02 22:00:00,99.72,88.27305,-11.446951599121093,11.446951599121093,234,22
2024-09-02 23:00:00,91.84,85.72616,-6.11384185791016,6.11384185791016,234,23
2024-09-03 00:00:00,90.75,85.94102,-4.808982849121094,4.808982849121094,235,0
2024-09-03 01:00:00,87.29,81.72279,-5.567206420898444,5.567206420898444,235,1
2024-09-03 02:00:00,87.07,77.67628,-9.393722839355462,9.393722839355462,235,2
2024-09-03 03:00:00,93.46,81.84841,-11.6115884399414,11.6115884399414,235,3
2024-09-03 04:00:00,106.19,92.62747,-13.562528076171873,13.562528076171873,235,4
2024-09-03 05:00:00,124.64,109.11772,-15.522278442382813,15.522278442382813,235,5
2024-09-03 06:00:00,133.95,120.1521,-13.797900390624989,13.797900390624989,235,6
2024-09-03 07:00:00,115.98,110.88596,-5.094036560058598,5.094036560058598,235,7
2024-09-03 08:00:00,98.88,88.98161,-9.898386840820308,9.898386840820308,235,8
2024-09-03 09:00:00,90.02,77.216644,-12.803355712890621,12.803355712890621,235,9
2024-09-03 10:00:00,85.0,72.52373,-12.476272583007812,12.476272583007812,235,10
2024-09-03 11:00:00,83.08,62.927357,-20.152643280029295,20.152643280029295,235,11
2024-09-03 12:00:00,84.68,66.94702,-17.732978515625007,17.732978515625007,235,12
2024-09-03 13:00:00,87.2,70.89239,-16.307612609863284,16.307612609863284,235,13
2024-09-03 14:00:00,93.82,77.6428,-16.177200622558587,16.177200622558587,235,14
2024-09-03 15:00:00,100.75,85.41358,-15.336418151855469,15.336418151855469,235,15
2024-09-03 16:00:00,109.03,106.71272,-2.3172772216796886,2.3172772216796886,235,16
2024-09-03 17:00:00,135.05,125.14842,-9.901577758789074,9.901577758789074,235,17
2024-09-03 18:00:00,131.0,128.88686,-2.1131439208984375,2.1131439208984375,235,18
2024-09-03 19:00:00,130.01,120.54032,-9.469678649902335,9.469678649902335,235,19
2024-09-03 20:00:00,126.57,103.31736,-23.252640075683587,23.252640075683587,235,20
2024-09-03 21:00:00,115.19,89.9593,-25.230702819824216,25.230702819824216,235,21
2024-09-03 22:00:00,108.38,83.18543,-25.194567565917964,25.194567565917964,235,22
2024-09-03 23:00:00,95.71,77.35308,-18.356919250488275,18.356919250488275,235,23
2024-09-04 00:00:00,91.15,87.42915,-3.720846557617193,3.720846557617193,236,0
2024-09-04 01:00:00,84.39,84.3791,-0.010903015136719318,0.010903015136719318,236,1
2024-09-04 02:00:00,78.27,83.472176,5.202175598144535,5.202175598144535,236,2
2024-09-04 03:00:00,86.51,89.159485,2.649484863281245,2.649484863281245,236,3
2024-09-04 04:00:00,104.73,101.64697,-3.083027343750004,3.083027343750004,236,4
2024-09-04 05:00:00,122.3,118.89321,-3.4067886352539034,3.4067886352539034,236,5
2024-09-04 06:00:00,127.42,127.36632,-0.053682250976564205,0.053682250976564205,236,6
2024-09-04 07:00:00,121.42,115.832855,-5.587144775390627,5.587144775390627,236,7
2024-09-04 08:00:00,107.21,90.734146,-16.47585388183593,16.47585388183593,236,8
2024-09-04 09:00:00,96.3,79.325264,-16.974736022949216,16.974736022949216,236,9
2024-09-04 10:00:00,92.41,76.643715,-15.76628509521484,15.76628509521484,236,10
2024-09-04 11:00:00,90.81,69.0368,-21.773203430175784,21.773203430175784,236,11
2024-09-04 12:00:00,89.82,72.16664,-17.65335876464843,17.65335876464843,236,12
2024-09-04 13:00:00,92.72,73.018234,-19.70176574707031,19.70176574707031,236,13
2024-09-04 14:00:00,95.01,88.5734,-6.436597595214849,6.436597595214849,236,14
2024-09-04 15:00:00,103.04,99.673775,-3.366225280761725,3.366225280761725,236,15
2024-09-04 16:00:00,133.75,107.33252,-26.41748046875,26.41748046875,236,16
2024-09-04 17:00:00,131.35,133.0541,1.7040924072265682,1.7040924072265682,236,17
2024-09-04 18:00:00,122.81,132.37491,9.564908447265623,9.564908447265623,236,18
2024-09-04 19:00:00,124.44,129.4588,5.018801269531252,5.018801269531252,236,19
2024-09-04 20:00:00,110.97,121.36203,10.392030029296876,10.392030029296876,236,20
2024-09-04 21:00:00,101.73,108.08386,6.353862304687496,6.353862304687496,236,21
2024-09-04 22:00:00,101.27,98.70947,-2.560527343749996,2.560527343749996,236,22
2024-09-04 23:00:00,94.6,92.64105,-1.9589477539062443,1.9589477539062443,236,23
2024-09-05 00:00:00,90.0,89.75014,-0.2498626708984375,0.2498626708984375,237,0
2024-09-05 01:00:00,87.11,87.46338,0.35337890625000057,0.35337890625000057,237,1
2024-09-05 02:00:00,78.4,82.002335,3.602334594726557,3.602334594726557,237,2
2024-09-05 03:00:00,80.96,88.37765,7.41764739990235,7.41764739990235,237,3
2024-09-05 04:00:00,87.1,104.58282,17.482817077636724,17.482817077636724,237,4
2024-09-05 05:00:00,112.59,124.10607,11.516071472167965,11.516071472167965,237,5
2024-09-05 06:00:00,119.04,130.58446,11.544457397460931,11.544457397460931,237,6
2024-09-05 07:00:00,97.68,122.55097,24.870971984863274,24.870971984863274,237,7
2024-09-05 08:00:00,84.2,102.25179,18.05179290771484,18.05179290771484,237,8
2024-09-05 09:00:00,80.62,94.89678,14.276781921386714,14.276781921386714,237,9
2024-09-05 10:00:00,84.81,90.53354,5.723538818359373,5.723538818359373,237,10
2024-09-05 11:00:00,60.69,86.05831,25.368311462402346,25.368311462402346,237,11
2024-09-05 12:00:00,66.11,81.25668,15.146683349609376,15.146683349609376,237,12
2024-09-05 13:00:00,59.96,88.96875,29.00875,29.00875,237,13
2024-09-05 14:00:00,46.04,91.92854,45.88854309082031,45.88854309082031,237,14
2024-09-05 15:00:00,71.11,101.50723,30.397232666015626,30.397232666015626,237,15
2024-09-05 16:00:00,93.09,128.93402,35.84402099609375,35.84402099609375,237,16
2024-09-05 17:00:00,110.79,131.19293,20.402932128906244,20.402932128906244,237,17
2024-09-05 18:00:00,104.65,127.25421,22.604211425781244,22.604211425781244,237,18
2024-09-05 19:00:00,93.69,122.743996,29.05399566650391,29.05399566650391,237,19
2024-09-05 20:00:00,85.8,112.794556,26.994555664062503,26.994555664062503,237,20
2024-09-05 21:00:00,76.78,104.17367,27.393667907714843,27.393667907714843,237,21
2024-09-05 22:00:00,69.48,99.30315,29.823146362304684,29.823146362304684,237,22
2024-09-05 23:00:00,62.51,91.14205,28.632051696777346,28.632051696777346,237,23
2024-09-06 00:00:00,53.0,78.85094,25.850936889648438,25.850936889648438,238,0
2024-09-06 01:00:00,50.12,78.00695,27.88695037841797,27.88695037841797,238,1
2024-09-06 02:00:00,59.18,72.57013,13.39012939453125,13.39012939453125,238,2
2024-09-06 03:00:00,70.51,73.84408,3.3340780639648386,3.3340780639648386,238,3
2024-09-06 04:00:00,87.83,82.871376,-4.958623962402342,4.958623962402342,238,4
2024-09-06 05:00:00,105.06,103.3167,-1.7432962036132835,1.7432962036132835,238,5
2024-09-06 06:00:00,112.85,105.91728,-6.932717895507807,6.932717895507807,238,6
2024-09-06 07:00:00,100.5,99.24915,-1.2508468627929688,1.2508468627929688,238,7
2024-09-06 08:00:00,85.23,82.272285,-2.9577145385742227,2.9577145385742227,238,8
2024-09-06 09:00:00,78.63,73.90228,-4.7277172851562455,4.7277172851562455,238,9
2024-09-06 10:00:00,63.37,74.40322,11.033221130371096,11.033221130371096,238,10
2024-09-06 11:00:00,46.22,55.904163,9.684163360595704,9.684163360595704,238,11
2024-09-06 12:00:00,31.2,56.880997,25.680996704101563,25.680996704101563,238,12
2024-09-06 13:00:00,46.14,57.65833,11.518329010009765,11.518329010009765,238,13
2024-09-06 14:00:00,76.29,52.573467,-23.716532745361334,23.716532745361334,238,14
2024-09-06 15:00:00,88.92,69.78018,-19.139818115234377,19.139818115234377,238,15
2024-09-06 16:00:00,94.99,96.65622,1.6662194824218801,1.6662194824218801,238,16
2024-09-06 17:00:00,104.41,104.06469,-0.34531036376952784,0.34531036376952784,238,17
2024-09-06 18:00:00,113.83,101.97248,-11.857519226074217,11.857519226074217,238,18
2024-09-06 19:00:00,101.41,97.3064,-4.103603515624997,4.103603515624997,238,19
2024-09-06 20:00:00,96.34,90.0443,-6.295703735351566,6.295703735351566,238,20
2024-09-06 21:00:00,93.09,78.41637,-14.673633422851566,14.673633422851566,238,21
2024-09-06 22:00:00,97.59,72.35485,-25.235149230957035,25.235149230957035,238,22
2024-09-06 23:00:00,92.0,62.003895,-29.996105194091797,29.996105194091797,238,23
2024-09-07 00:00:00,73.37,52.958775,-20.411225433349614,20.411225433349614,239,0
2024-09-07 01:00:00,56.72,49.123154,-7.596846313476561,7.596846313476561,239,1
2024-09-07 02:00:00,49.9,47.382828,-2.517172241210936,2.517172241210936,239,2
2024-09-07 03:00:00,53.12,53.62079,0.5007885742187526,0.5007885742187526,239,3
2024-09-07 04:00:00,62.06,59.830345,-2.2296548461914085,2.2296548461914085,239,4
2024-09-07 05:00:00,70.11,76.38536,6.275360717773438,6.275360717773438,239,5
2024-09-07 06:00:00,91.02,83.10846,-7.911540527343746,7.911540527343746,239,6
2024-09-07 07:00:00,77.95,73.84447,-4.105532836914065,4.105532836914065,239,7
2024-09-07 08:00:00,51.52,50.909473,-0.61052658081055,0.61052658081055,239,8
2024-09-07 09:00:00,14.54,42.636303,28.096302947998048,28.096302947998048,239,9
2024-09-07 10:00:00,5.48,33.186855,27.70685531616211,27.70685531616211,239,10
2024-09-07 11:00:00,1.02,15.966369,14.946368675231934,14.946368675231934,239,11
2024-09-07 12:00:00,0.44,18.612574,18.172573623657225,18.172573623657225,239,12
2024-09-07 13:00:00,9.07,22.567371,13.497371368408203,13.497371368408203,239,13
2024-09-07 14:00:00,36.8,47.51217,10.712168884277347,10.712168884277347,239,14
2024-09-07 15:00:00,50.24,59.784084,9.544084320068357,9.544084320068357,239,15
2024-09-07 16:00:00,83.32,80.96528,-2.354721374511712,2.354721374511712,239,16
2024-09-07 17:00:00,115.57,94.04544,-21.524559326171868,21.524559326171868,239,17
2024-09-07 18:00:00,103.95,99.55398,-4.396022033691409,4.396022033691409,239,18
2024-09-07 19:00:00,88.23,89.85162,1.621623535156246,1.621623535156246,239,19
2024-09-07 20:00:00,83.19,82.95913,-0.23087066650390398,0.23087066650390398,239,20
2024-09-07 21:00:00,89.44,77.02849,-12.41151184082031,12.41151184082031,239,21
2024-09-07 22:00:00,91.01,78.45503,-12.554967651367193,12.554967651367193,239,22
2024-09-07 23:00:00,75.6,68.22222,-7.377778625488276,7.377778625488276,239,23
2024-09-09 00:00:00,44.16,74.17379,30.013789978027347,30.013789978027347,241,0
2024-09-09 01:00:00,14.12,62.78298,48.662981872558596,48.662981872558596,241,1
2024-09-09 02:00:00,20.64,62.519325,41.879325256347656,41.879325256347656,241,2
2024-09-09 03:00:00,57.78,53.87962,-3.9003804016113293,3.9003804016113293,241,3
2024-09-09 04:00:00,75.54,62.068398,-13.47160247802735,13.47160247802735,241,4
2024-09-09 05:00:00,93.86,77.55994,-16.3000634765625,16.3000634765625,241,5
2024-09-09 06:00:00,106.35,82.971535,-23.378465270996088,23.378465270996088,241,6
2024-09-09 07:00:00,90.88,90.64036,-0.2396420288085892,0.2396420288085892,241,7
2024-09-09 08:00:00,70.1,74.219154,4.119154357910162,4.119154357910162,241,8
2024-09-09 09:00:00,41.78,70.39803,28.618033142089843,28.618033142089843,241,9
2024-09-09 10:00:00,31.53,67.34064,35.81063720703125,35.81063720703125,241,10
2024-09-09 11:00:00,23.55,59.97674,36.42674179077149,36.42674179077149,241,11
2024-09-09 12:00:00,7.72,56.45057,48.73056915283203,48.73056915283203,241,12
2024-09-09 13:00:00,6.12,57.495045,51.375044708251956,51.375044708251956,241,13
2024-09-09 14:00:00,9.54,61.90294,52.36293884277344,52.36293884277344,241,14
2024-09-09 15:00:00,7.45,74.00766,66.55765991210937,66.55765991210937,241,15
2024-09-09 16:00:00,71.94,84.18102,12.241022644042971,12.241022644042971,241,16
2024-09-09 17:00:00,116.5,107.975716,-8.524284362792969,8.524284362792969,241,17
2024-09-09 18:00:00,113.3,118.37162,5.071620178222659,5.071620178222659,241,18
2024-09-09 19:00:00,96.31,112.01953,15.709531249999998,15.709531249999998,241,19
2024-09-09 20:00:00,88.18,102.85772,14.677719421386712,14.677719421386712,241,20
2024-09-09 21:00:00,80.0,91.37541,11.375411987304688,11.375411987304688,241,21
2024-09-09 22:00:00,67.65,77.79926,10.149263000488276,10.149263000488276,241,22
2024-09-09 23:00:00,60.31,69.47059,9.160588684082029,9.160588684082029,241,23
2024-09-10 00:00:00,59.97,50.96238,-9.007620544433593,9.007620544433593,242,0
2024-09-10 01:00:00,24.82,43.644493,18.824493103027343,18.824493103027343,242,1
2024-09-10 02:00:00,16.26,45.187946,28.927946319580077,28.927946319580077,242,2
2024-09-10 03:00:00,16.71,52.340504,35.63050369262695,35.63050369262695,242,3
2024-09-10 04:00:00,39.57,62.044907,22.474906616210937,22.474906616210937,242,4
2024-09-10 05:00:00,69.29,89.13237,19.84236999511718,19.84236999511718,242,5
2024-09-10 06:00:00,85.83,100.15439,14.324388427734377,14.324388427734377,242,6
2024-09-10 07:00:00,68.22,96.896805,28.676804809570314,28.676804809570314,242,7
2024-09-10 08:00:00,55.17,77.81095,22.640951232910155,22.640951232910155,242,8
2024-09-10 09:00:00,15.29,48.936325,33.64632507324219,33.64632507324219,242,9
2024-09-10 10:00:00,6.41,48.141785,41.73178466796875,41.73178466796875,242,10
2024-09-10 11:00:00,3.75,45.793743,42.04374313354492,42.04374313354492,242,11
2024-09-10 12:00:00,6.31,44.481068,38.1710676574707,38.1710676574707,242,12
2024-09-10 13:00:00,3.04,47.5817,44.54169937133789,44.54169937133789,242,13
2024-09-10 14:00:00,4.59,45.78371,41.193710479736325,41.193710479736325,242,14
2024-09-10 15:00:00,28.41,51.165485,22.755485382080078,22.755485382080078,242,15
2024-09-10 16:00:00,53.1,73.30634,20.20634307861328,20.20634307861328,242,16
2024-09-10 17:00:00,86.45,113.36448,26.914479064941403,26.914479064941403,242,17
2024-09-10 18:00:00,85.23,114.39492,29.16492034912109,29.16492034912109,242,18
2024-09-10 19:00:00,58.35,104.663345,46.31334533691406,46.31334533691406,242,19
2024-09-10 20:00:00,77.8,101.33264,23.532641601562503,23.532641601562503,242,20
2024-09-10 21:00:00,64.35,94.914474,30.564474487304693,30.564474487304693,242,21
2024-09-10 22:00:00,15.24,83.33575,68.09574676513672,68.09574676513672,242,22
2024-09-10 23:00:00,0.0,77.43478,77.43477630615234,77.43477630615234,242,23
2024-09-12 00:00:00,71.42,33.364,-38.056001586914064,38.056001586914064,244,0
2024-09-12 01:00:00,51.19,24.30223,-26.88776916503906,26.88776916503906,244,1
2024-09-12 02:00:00,32.61,20.267843,-12.342156753540038,12.342156753540038,244,2
2024-09-12 03:00:00,61.12,21.244055,-39.875945205688474,39.875945205688474,244,3
2024-09-12 04:00:00,85.03,38.332573,-46.69742706298828,46.69742706298828,244,4
2024-09-12 05:00:00,113.55,72.96317,-40.58682708740234,40.58682708740234,244,5
2024-09-12 06:00:00,120.75,89.07229,-31.677711486816406,31.677711486816406,244,6
2024-09-12 07:00:00,103.5,88.96064,-14.539360046386719,14.539360046386719,244,7
2024-09-12 08:00:00,84.51,75.62093,-8.889066467285161,8.889066467285161,244,8
2024-09-12 09:00:00,53.9,69.461006,15.561006164550783,15.561006164550783,244,9
2024-09-12 10:00:00,59.0,47.460278,-11.539722442626953,11.539722442626953,244,10
2024-09-12 11:00:00,48.08,36.00751,-12.072488861083983,12.072488861083983,244,11
2024-09-12 12:00:00,34.0,33.46288,-0.5371208190917969,0.5371208190917969,244,12
2024-09-12 13:00:00,12.83,28.472158,15.642158432006836,15.642158432006836,244,13
2024-09-12 14:00:00,9.33,40.4352,31.10519973754883,31.10519973754883,244,14
2024-09-12 15:00:00,23.32,49.831512,26.511512451171875,26.511512451171875,244,15
2024-09-12 16:00:00,62.91,67.24962,4.339618530273441,4.339618530273441,244,16
2024-09-12 17:00:00,100.6,77.75633,-22.843667602539057,22.843667602539057,244,17
2024-09-12 18:00:00,101.46,95.00806,-6.451943359374994,6.451943359374994,244,18
2024-09-12 19:00:00,98.89,94.03595,-4.854050292968751,4.854050292968751,244,19
2024-09-12 20:00:00,93.53,92.58182,-0.9481823730468761,0.9481823730468761,244,20
2024-09-12 21:00:00,87.35,83.25702,-4.092980957031244,4.092980957031244,244,21
2024-09-12 22:00:00,76.05,60.93354,-15.116459655761716,15.116459655761716,244,22
2024-09-12 23:00:00,62.22,53.50399,-8.716009826660155,8.716009826660155,244,23
2024-09-13 00:00:00,43.48,61.31165,17.83164932250977,17.83164932250977,245,0
2024-09-13 01:00:00,7.17,50.10011,42.930109100341795,42.930109100341795,245,1
2024-09-13 02:00:00,1.42,35.7838,34.363798217773436,34.363798217773436,245,2
2024-09-13 03:00:00,41.0,49.757256,8.757255554199219,8.757255554199219,245,3
2024-09-13 04:00:00,76.5,75.46044,-1.0395584106445312,1.0395584106445312,245,4
2024-09-13 05:00:00,106.86,88.24987,-18.61012969970703,18.61012969970703,245,5
2024-09-13 06:00:00,118.58,100.787186,-17.792814331054686,17.792814331054686,245,6
2024-09-13 07:00:00,92.36,91.45184,-0.9081567382812494,0.9081567382812494,245,7
2024-09-13 08:00:00,54.8,75.747284,20.947283935546878,20.947283935546878,245,8
2024-09-13 09:00:00,56.15,57.544266,1.394265747070314,1.394265747070314,245,9
2024-09-13 10:00:00,35.03,48.129837,13.099837036132811,13.099837036132811,245,10
2024-09-13 11:00:00,7.41,38.497883,31.087882843017578,31.087882843017578,245,11
2024-09-13 12:00:00,32.43,23.63567,-8.794330291748047,8.794330291748047,245,12
2024-09-13 13:00:00,4.45,22.312605,17.862604904174805,17.862604904174805,245,13
2024-09-13 14:00:00,29.95,31.437668,1.4876678466796882,1.4876678466796882,245,14
2024-09-13 15:00:00,40.69,34.518337,-6.171662750244138,6.171662750244138,245,15
2024-09-13 16:00:00,83.7,63.46743,-20.23256988525391,20.23256988525391,245,16
2024-09-13 17:00:00,100.02,90.86253,-9.157466430664059,9.157466430664059,245,17
2024-09-13 18:00:00,94.25,95.94912,1.6991195678710938,1.6991195678710938,245,18
2024-09-13 19:00:00,85.29,92.782234,7.492234191894525,7.492234191894525,245,19
2024-09-13 20:00:00,81.97,90.47018,8.500176696777345,8.500176696777345,245,20
2024-09-13 21:00:00,71.56,82.65899,11.098988952636716,11.098988952636716,245,21
2024-09-13 22:00:00,56.7,73.54589,16.845890808105466,16.845890808105466,245,22
2024-09-13 23:00:00,54.0,61.48347,7.483470916748047,7.483470916748047,245,23
2024-09-14 00:00:00,49.86,29.054895,-20.805104598999023,20.805104598999023,246,0
2024-09-14 01:00:00,45.98,24.26491,-21.7150902557373,21.7150902557373,246,1
2024-09-14 02:00:00,49.08,16.434715,-32.645284729003905,32.645284729003905,246,2
2024-09-14 03:00:00,44.85,28.240913,-16.60908660888672,16.60908660888672,246,3
2024-09-14 04:00:00,55.07,52.284428,-2.7855723571777347,2.7855723571777347,246,4
2024-09-14 05:00:00,65.0,72.17063,7.170631408691406,7.170631408691406,246,5
2024-09-14 06:00:00,68.86,77.43326,8.573258056640626,8.573258056640626,246,6
2024-09-14 07:00:00,62.19,67.903465,5.713465270996096,5.713465270996096,246,7
2024-09-14 08:00:00,39.78,37.762814,-2.0171864318847668,2.0171864318847668,246,8
2024-09-14 09:00:00,8.23,35.833416,27.60341598510742,27.60341598510742,246,9
2024-09-14 10:00:00,1.8,9.534341,7.734340858459473,7.734340858459473,246,10
2024-09-14 11:00:00,0.79,-2.2450988,-3.035098829269409,3.035098829269409,246,11
2024-09-14 12:00:00,0.44,-2.6340933,-3.0740932846069335,3.0740932846069335,246,12
2024-09-14 13:00:00,1.79,-9.283205,-11.073205032348632,11.073205032348632,246,13
2024-09-14 14:00:00,11.88,7.7794976,-4.100502376556397,4.100502376556397,246,14
2024-09-14 15:00:00,26.27,22.230837,-4.039163131713867,4.039163131713867,246,15
2024-09-14 16:00:00,66.37,62.153576,-4.216424102783208,4.216424102783208,246,16
2024-09-14 17:00:00,89.55,77.44337,-12.106632995605466,12.106632995605466,246,17
2024-09-14 18:00:00,101.72,79.15401,-22.565993041992186,22.565993041992186,246,18
2024-09-14 19:00:00,74.45,73.297195,-1.1528045654296903,1.1528045654296903,246,19
2024-09-14 20:00:00,87.99,74.17696,-13.813036193847651,13.813036193847651,246,20
2024-09-14 21:00:00,80.98,65.94756,-15.032436828613285,15.032436828613285,246,21
2024-09-14 22:00:00,61.7,51.652027,-10.04797286987305,10.04797286987305,246,22
2024-09-14 23:00:00,51.07,48.313496,-2.756504364013672,2.756504364013672,246,23
2024-09-15 00:00:00,37.17,43.33505,6.165048675537108,6.165048675537108,247,0
2024-09-15 01:00:00,29.22,38.31402,9.09401824951172,9.09401824951172,247,1
2024-09-15 02:00:00,28.7,34.247868,5.547867584228516,5.547867584228516,247,2
2024-09-15 03:00:00,33.63,36.413998,2.783997650146482,2.783997650146482,247,3
2024-09-15 04:00:00,37.77,44.9373,7.167301635742184,7.167301635742184,247,4
2024-09-15 05:00:00,43.65,45.603592,1.953591918945314,1.953591918945314,247,5
2024-09-15 06:00:00,32.48,46.46741,13.987411041259769,13.987411041259769,247,6
2024-09-15 07:00:00,13.23,33.6432,20.413199920654296,20.413199920654296,247,7
2024-09-15 08:00:00,10.92,21.07818,10.158180313110352,10.158180313110352,247,8
2024-09-15 09:00:00,0.07,12.682446,12.612445526123047,12.612445526123047,247,9
2024-09-15 10:00:00,0.0,5.058236,5.058236122131348,5.058236122131348,247,10
2024-09-15 11:00:00,-0.01,-12.106092,-12.09609245300293,12.09609245300293,247,11
2024-09-15 12:00:00,-0.36,-8.984158,-8.62415756225586,8.62415756225586,247,12
2024-09-15 13:00:00,0.0,-9.249572,-9.249571800231934,9.249571800231934,247,13
2024-09-15 14:00:00,0.16,1.340125,1.1801249647140504,1.1801249647140504,247,14
2024-09-15 15:00:00,7.02,8.334465,1.3144650268554692,1.3144650268554692,247,15
2024-09-15 16:00:00,37.61,48.340942,10.7309423828125,10.7309423828125,247,16
2024-09-15 17:00:00,49.85,74.386734,24.53673400878906,24.53673400878906,247,17
2024-09-15 18:00:00,65.08,86.30074,21.220743103027345,21.220743103027345,247,18
2024-09-15 19:00:00,64.39,69.00976,4.619757995605468,4.619757995605468,247,19
2024-09-15 20:00:00,60.74,76.62711,15.887113342285154,15.887113342285154,247,20
2024-09-15 21:00:00,54.91,66.78488,11.874881591796878,11.874881591796878,247,21
2024-09-15 22:00:00,30.0,51.010445,21.01044464111328,21.01044464111328,247,22
2024-09-15 23:00:00,13.03,39.400414,26.370413513183593,26.370413513183593,247,23
2024-09-18 00:00:00,49.39,54.618515,5.228515014648437,5.228515014648437,250,0
2024-09-18 01:00:00,12.84,51.697643,38.85764328002929,38.85764328002929,250,1
2024-09-18 02:00:00,13.64,41.51306,27.8730615234375,27.8730615234375,250,2
2024-09-18 03:00:00,45.58,42.993103,-2.5868969726562483,2.5868969726562483,250,3
2024-09-18 04:00:00,70.94,38.274517,-32.665482940673826,32.665482940673826,250,4
2024-09-18 05:00:00,84.78,42.39664,-42.38335922241211,42.38335922241211,250,5
2024-09-18 06:00:00,98.45,48.183464,-50.266535949707034,50.266535949707034,250,6
2024-09-18 07:00:00,78.64,47.370872,-31.269127502441407,31.269127502441407,250,7
2024-09-18 08:00:00,71.63,34.8179,-36.81209838867187,36.81209838867187,250,8
2024-09-18 09:00:00,12.91,32.37253,19.46253189086914,19.46253189086914,250,9
2024-09-18 10:00:00,5.49,45.138084,39.64808441162109,39.64808441162109,250,10
2024-09-18 11:00:00,0.0,53.085316,53.0853157043457,53.0853157043457,250,11
2024-09-18 12:00:00,0.01,50.187897,50.17789672851563,50.17789672851563,250,12
2024-09-18 13:00:00,0.09,23.848616,23.758615646362305,23.758615646362305,250,13
2024-09-18 14:00:00,14.47,29.065966,14.59596565246582,14.59596565246582,250,14
2024-09-18 15:00:00,36.81,27.01298,-9.797020492553713,9.797020492553713,250,15
2024-09-18 16:00:00,85.75,41.535133,-44.214866638183594,44.214866638183594,250,16
2024-09-18 17:00:00,120.01,61.736725,-58.27327514648438,58.27327514648438,250,17
2024-09-18 18:00:00,108.2,61.062393,-47.13760681152344,47.13760681152344,250,18
2024-09-18 19:00:00,64.42,58.433235,-5.9867648315429705,5.9867648315429705,250,19
2024-09-18 20:00:00,44.01,60.31104,16.301038970947268,16.301038970947268,250,20
2024-09-18 21:00:00,44.33,58.958817,14.628816528320314,14.628816528320314,250,21
2024-09-18 22:00:00,60.08,45.65582,-14.424181060791014,14.424181060791014,250,22
2024-09-18 23:00:00,42.36,52.535713,10.175713195800782,10.175713195800782,250,23
2024-09-19 00:00:00,36.76,45.88278,9.122778167724611,9.122778167724611,251,0
2024-09-19 01:00:00,18.94,29.375494,10.435494003295897,10.435494003295897,251,1
2024-09-19 02:00:00,15.61,25.251434,9.641434326171876,9.641434326171876,251,2
2024-09-19 03:00:00,48.48,36.40804,-12.071960906982419,12.071960906982419,251,3
2024-09-19 04:00:00,64.26,51.450584,-12.809415588378911,12.809415588378911,251,4
2024-09-19 05:00:00,86.62,64.39236,-22.22764312744141,22.22764312744141,251,5
2024-09-19 06:00:00,95.57,74.867775,-20.702225036621087,20.702225036621087,251,6
2024-09-19 07:00:00,86.7,66.4969,-20.20309753417969,20.20309753417969,251,7
2024-09-19 08:00:00,74.81,55.778393,-19.031607208251955,19.031607208251955,251,8
2024-09-19 09:00:00,25.25,26.315449,1.0654487609863281,1.0654487609863281,251,9
2024-09-19 10:00:00,4.97,27.385548,22.415547637939454,22.415547637939454,251,10
2024-09-19 11:00:00,0.02,32.658455,32.63845489501953,32.63845489501953,251,11
2024-09-19 12:00:00,0.0,34.360947,34.36094665527344,34.36094665527344,251,12
2024-09-19 13:00:00,0.02,29.15316,29.133160095214844,29.133160095214844,251,13
2024-09-19 14:00:00,20.4,31.30447,10.90447006225586,10.90447006225586,251,14
2024-09-19 15:00:00,65.43,32.56508,-32.864921264648444,32.864921264648444,251,15
2024-09-19 16:00:00,82.36,69.40615,-12.953849182128906,12.953849182128906,251,16
2024-09-19 17:00:00,112.34,99.83081,-12.509189453125003,12.509189453125003,251,17
2024-09-19 18:00:00,112.65,89.39311,-23.256887817382818,23.256887817382818,251,18
2024-09-19 19:00:00,88.99,66.27388,-22.716119995117182,22.716119995117182,251,19
2024-09-19 20:00:00,88.97,57.401615,-31.568384857177733,31.568384857177733,251,20
2024-09-19 21:00:00,78.87,59.682014,-19.187985534667973,19.187985534667973,251,21
2024-09-19 22:00:00,38.24,57.02447,18.784471282958982,18.784471282958982,251,22
2024-09-19 23:00:00,33.23,50.015842,16.785842437744144,16.785842437744144,251,23
2024-09-20 00:00:00,50.59,38.456673,-12.133327331542972,12.133327331542972,252,0
2024-09-20 01:00:00,43.32,34.036705,-9.283294982910157,9.283294982910157,252,1
2024-09-20 02:00:00,32.96,29.339706,-3.6202935791015634,3.6202935791015634,252,2
2024-09-20 03:00:00,31.45,49.57562,18.125618743896485,18.125618743896485,252,3
2024-09-20 04:00:00,59.25,55.739937,-3.5100631713867188,3.5100631713867188,252,4
2024-09-20 05:00:00,85.5,74.291214,-11.208786010742188,11.208786010742188,252,5
2024-09-20 06:00:00,94.86,81.259254,-13.600745544433593,13.600745544433593,252,6
2024-09-20 07:00:00,88.92,74.60971,-14.310289306640627,14.310289306640627,252,7
2024-09-20 08:00:00,62.05,57.271835,-4.77816467285156,4.77816467285156,252,8
2024-09-20 09:00:00,24.69,30.721462,6.031462249755858,6.031462249755858,252,9
2024-09-20 10:00:00,9.84,14.900875,5.0608750915527345,5.0608750915527345,252,10
2024-09-20 11:00:00,0.05,13.681879,13.6318790435791,13.6318790435791,252,11
2024-09-20 12:00:00,0.07,11.947404,11.877403907775879,11.877403907775879,252,12
2024-09-20 13:00:00,10.06,7.822519,-2.2374811744689946,2.2374811744689946,252,13
2024-09-20 14:00:00,43.68,22.28905,-21.39095085144043,21.39095085144043,252,14
2024-09-20 15:00:00,77.22,54.064434,-23.155565948486327,23.155565948486327,252,15
2024-09-20 16:00:00,103.07,78.14175,-24.9282534790039,24.9282534790039,252,16
2024-09-20 17:00:00,110.16,100.35201,-9.807987365722653,9.807987365722653,252,17
2024-09-20 18:00:00,108.52,96.529396,-11.99060394287109,11.99060394287109,252,18
2024-09-20 19:00:00,89.99,79.3596,-10.630403747558589,10.630403747558589,252,19
2024-09-20 20:00:00,86.76,80.90865,-5.851346740722661,5.851346740722661,252,20
2024-09-20 21:00:00,72.91,74.794785,1.884784545898441,1.884784545898441,252,21
2024-09-20 22:00:00,44.05,43.855747,-0.19425277709960653,0.19425277709960653,252,22
2024-09-20 23:00:00,38.58,41.33883,2.7588290405273455,2.7588290405273455,252,23
2024-09-21 00:00:00,32.94,39.688313,6.74831253051758,6.74831253051758,253,0
2024-09-21 01:00:00,47.42,32.438885,-14.98111526489258,14.98111526489258,253,1
2024-09-21 02:00:00,24.26,23.364164,-0.8958356475830094,0.8958356475830094,253,2
2024-09-21 03:00:00,22.44,25.774382,3.334381637573241,3.334381637573241,253,3
2024-09-21 04:00:00,49.03,41.30101,-7.728989868164064,7.728989868164064,253,4
2024-09-21 05:00:00,26.28,52.3856,26.10560104370117,26.10560104370117,253,5
2024-09-21 06:00:00,32.18,58.862465,26.682464904785157,26.682464904785157,253,6
2024-09-21 07:00:00,52.01,51.439575,-0.570424804687498,0.570424804687498,253,7
2024-09-21 08:00:00,22.0,32.886208,10.886207580566406,10.886207580566406,253,8
2024-09-21 09:00:00,3.15,10.803813,7.653812980651855,7.653812980651855,253,9
2024-09-21 10:00:00,0.0,5.4846807,5.484680652618408,5.484680652618408,253,10
2024-09-21 11:00:00,-3.36,-8.868479,-5.508478775024415,5.508478775024415,253,11
2024-09-21 12:00:00,-3.95,-5.017628,-1.0676281929016112,1.0676281929016112,253,12
2024-09-21 13:00:00,1.09,0.84084725,-0.2491527462005616,0.2491527462005616,253,13
2024-09-21 14:00:00,20.22,24.161251,3.9412510681152355,3.9412510681152355,253,14
2024-09-21 15:00:00,33.13,46.36505,13.235051269531247,13.235051269531247,253,15
2024-09-21 16:00:00,64.87,78.38701,13.517008666992183,13.517008666992183,253,16
2024-09-21 17:00:00,79.94,90.08055,10.14055114746094,10.14055114746094,253,17
2024-09-21 18:00:00,83.91,87.0021,3.092098083496097,3.092098083496097,253,18
2024-09-21 19:00:00,27.81,67.011345,39.20134490966797,39.20134490966797,253,19
2024-09-21 20:00:00,57.68,58.701973,1.0219729614257815,1.0219729614257815,253,20
2024-09-21 21:00:00,42.65,56.164055,13.51405487060547,13.51405487060547,253,21
2024-09-21 22:00:00,71.3,30.468864,-40.83113555908203,40.83113555908203,253,22
2024-09-21 23:00:00,55.2,28.71598,-26.484019470214847,26.484019470214847,253,23
2024-09-22 00:00:00,52.18,30.854576,-21.325423889160156,21.325423889160156,254,0
2024-09-22 01:00:00,29.35,29.529724,0.17972412109374858,0.17972412109374858,254,1
2024-09-22 02:00:00,21.7,22.495726,0.7957256317138679,0.7957256317138679,254,2
2024-09-22 03:00:00,25.75,21.29893,-4.451070785522461,4.451070785522461,254,3
2024-09-22 04:00:00,34.58,29.723265,-4.856735305786131,4.856735305786131,254,4
2024-09-22 05:00:00,26.81,20.4551,-6.354900894165038,6.354900894165038,254,5
2024-09-22 06:00:00,52.6,18.893354,-33.70664558410645,33.70664558410645,254,6
2024-09-22 07:00:00,55.87,27.237885,-28.632115478515622,28.632115478515622,254,7
2024-09-22 08:00:00,26.36,16.400238,-9.959761962890624,9.959761962890624,254,8
2024-09-22 09:00:00,11.87,-1.1820924,-13.052092428207397,13.052092428207397,254,9
2024-09-22 10:00:00,11.68,-6.7539606,-18.433960609436035,18.433960609436035,254,10
2024-09-22 11:00:00,0.1,-10.621044,-10.721044158935547,10.721044158935547,254,11
2024-09-22 12:00:00,0.01,-17.83012,-17.840120086669923,17.840120086669923,254,12
2024-09-22 13:00:00,9.66,-14.466833,-24.126833114624024,24.126833114624024,254,13
2024-09-22 14:00:00,26.45,0.886605,-25.56339497566223,25.56339497566223,254,14
2024-09-22 15:00:00,28.45,19.906456,-8.543544006347656,8.543544006347656,254,15
2024-09-22 16:00:00,70.0,51.290394,-18.709606170654297,18.709606170654297,254,16
2024-09-22 17:00:00,102.69,69.11657,-33.57343048095703,33.57343048095703,254,17
2024-09-22 18:00:00,110.22,73.67148,-36.548521728515624,36.548521728515624,254,18
2024-09-22 19:00:00,94.2,47.312214,-46.887786102294925,46.887786102294925,254,19
2024-09-22 20:00:00,94.22,57.958492,-36.261507720947264,36.261507720947264,254,20
2024-09-22 21:00:00,92.0,49.27931,-42.7206916809082,42.7206916809082,254,21
2024-09-22 22:00:00,41.78,43.603996,1.8239962768554676,1.8239962768554676,254,22
2024-09-22 23:00:00,39.27,34.58875,-4.6812510681152375,4.6812510681152375,254,23
2024-09-23 00:00:00,36.33,47.960426,11.630426330566408,11.630426330566408,255,0
2024-09-23 01:00:00,29.78,28.869059,-0.9109413909912121,0.9109413909912121,255,1
2024-09-23 02:00:00,22.99,29.417316,6.42731643676758,6.42731643676758,255,2
2024-09-23 03:00:00,32.15,33.722046,1.5720458984375014,1.5720458984375014,255,3
2024-09-23 04:00:00,37.19,42.875908,5.685907897949221,5.685907897949221,255,4
2024-09-23 05:00:00,87.58,62.38783,-25.1921711730957,25.1921711730957,255,5
2024-09-23 06:00:00,101.64,68.325676,-33.31432403564453,33.31432403564453,255,6
2024-09-23 07:00:00,94.92,72.04388,-22.876123352050783,22.876123352050783,255,7
2024-09-23 08:00:00,79.74,41.533604,-38.206396331787104,38.206396331787104,255,8
2024-09-23 09:00:00,66.54,24.978436,-41.561564483642584,41.561564483642584,255,9
2024-09-23 10:00:00,51.1,23.825203,-27.27479705810547,27.27479705810547,255,10
2024-09-23 11:00:00,50.24,21.121874,-29.11812614440918,29.11812614440918,255,11
2024-09-23 12:00:00,33.55,23.541834,-10.00816612243652,10.00816612243652,255,12
2024-09-23 13:00:00,19.02,23.054287,4.03428695678711,4.03428695678711,255,13
2024-09-23 14:00:00,25.84,33.92153,8.081531677246094,8.081531677246094,255,14
2024-09-23 15:00:00,42.93,45.190956,2.2609561157226565,2.2609561157226565,255,15
2024-09-23 16:00:00,73.79,78.61314,4.8231362915039,4.8231362915039,255,16
2024-09-23 17:00:00,116.05,105.86934,-10.180661010742185,10.180661010742185,255,17
2024-09-23 18:00:00,99.05,114.36219,15.312190246582034,15.312190246582034,255,18
2024-09-23 19:00:00,45.74,95.783066,50.043065795898436,50.043065795898436,255,19
2024-09-23 20:00:00,41.93,95.915184,53.985184020996094,53.985184020996094,255,20
2024-09-23 21:00:00,46.59,84.48626,37.896259460449215,37.896259460449215,255,21
2024-09-23 22:00:00,59.96,50.2443,-9.715699157714845,9.715699157714845,255,22
2024-09-23 23:00:00,48.65,47.845783,-0.8042167663574205,0.8042167663574205,255,23
2024-09-24 00:00:00,36.66,39.37839,2.718391265869144,2.718391265869144,256,0
2024-09-24 01:00:00,26.25,35.984737,9.734737396240234,9.734737396240234,256,1
2024-09-24 02:00:00,17.43,34.559483,17.12948257446289,17.12948257446289,256,2
2024-09-24 03:00:00,36.58,37.07169,0.49168960571289233,0.49168960571289233,256,3
2024-09-24 04:00:00,53.28,42.16489,-11.11510971069336,11.11510971069336,256,4
2024-09-24 05:00:00,91.0,75.00981,-15.990188598632812,15.990188598632812,256,5
2024-09-24 06:00:00,97.01,85.584145,-11.425855407714849,11.425855407714849,256,6
2024-09-24 07:00:00,60.29,83.75114,23.461136779785157,23.461136779785157,256,7
2024-09-24 08:00:00,42.06,63.43656,21.376561584472654,21.376561584472654,256,8
2024-09-24 09:00:00,44.18,47.511448,3.331447906494141,3.331447906494141,256,9
2024-09-24 10:00:00,37.43,40.356552,2.926552124023438,2.926552124023438,256,10
2024-09-24 11:00:00,22.35,43.595467,21.24546661376953,21.24546661376953,256,11
2024-09-24 12:00:00,23.6,29.454382,5.854381942749022,5.854381942749022,256,12
2024-09-24 13:00:00,26.18,26.430513,0.2505133819580081,0.2505133819580081,256,13
2024-09-24 14:00:00,31.0,33.34103,2.3410301208496094,2.3410301208496094,256,14
2024-09-24 15:00:00,15.48,42.004623,26.524623413085937,26.524623413085937,256,15
2024-09-24 16:00:00,83.65,66.21949,-17.430509948730474,17.430509948730474,256,16
2024-09-24 17:00:00,124.76,103.90241,-20.857587585449224,20.857587585449224,256,17
2024-09-24 18:00:00,103.27,99.952385,-3.3176150512695273,3.3176150512695273,256,18
2024-09-24 19:00:00,80.64,61.729145,-18.910854949951172,18.910854949951172,256,19
2024-09-24 20:00:00,75.87,58.17623,-17.69376861572266,17.69376861572266,256,20
2024-09-24 21:00:00,61.71,56.8055,-4.904499969482423,4.904499969482423,256,21
2024-09-24 22:00:00,51.48,48.99485,-2.4851498413085906,2.4851498413085906,256,22
2024-09-24 23:00:00,45.06,47.384468,2.324468078613279,2.324468078613279,256,23
2024-09-25 00:00:00,23.05,43.27378,20.223780822753906,20.223780822753906,257,0
2024-09-25 01:00:00,9.1,36.822052,27.722052001953124,27.722052001953124,257,1
2024-09-25 02:00:00,0.0,32.17755,32.17755126953125,32.17755126953125,257,2
2024-09-25 03:00:00,15.49,40.91266,25.422658691406248,25.422658691406248,257,3
2024-09-25 04:00:00,56.48,51.944992,-4.535007934570309,4.535007934570309,257,4
2024-09-25 05:00:00,84.24,79.39161,-4.848390808105464,4.848390808105464,257,5
2024-09-25 06:00:00,88.09,86.82707,-1.262927856445316,1.262927856445316,257,6
2024-09-25 07:00:00,70.76,58.901115,-11.858884582519536,11.858884582519536,257,7
2024-09-25 08:00:00,53.43,43.041603,-10.388396911621093,10.388396911621093,257,8
2024-09-25 09:00:00,44.08,42.713203,-1.366796569824217,1.366796569824217,257,9
2024-09-25 10:00:00,40.0,34.442917,-5.5570831298828125,5.5570831298828125,257,10
2024-09-25 11:00:00,34.27,26.814474,-7.455525894165042,7.455525894165042,257,11
2024-09-25 12:00:00,36.23,20.414896,-15.815103988647458,15.815103988647458,257,12
2024-09-25 13:00:00,28.55,22.967659,-5.5823410034179695,5.5823410034179695,257,13
2024-09-25 14:00:00,31.83,30.993954,-0.8360462951660139,0.8360462951660139,257,14
2024-09-25 15:00:00,34.23,30.121275,-4.10872505187988,4.10872505187988,257,15
2024-09-25 16:00:00,41.91,76.712234,34.802234497070316,34.802234497070316,257,16
2024-09-25 17:00:00,60.8,112.476654,51.67665405273438,51.67665405273438,257,17
2024-09-25 18:00:00,45.9,101.86125,55.96125183105469,55.96125183105469,257,18
2024-09-25 19:00:00,38.2,77.06873,38.86873321533203,38.86873321533203,257,19
2024-09-25 20:00:00,42.48,70.04026,27.56026031494141,27.56026031494141,257,20
2024-09-25 21:00:00,40.0,62.561142,22.561141967773438,22.561141967773438,257,21
2024-09-25 22:00:00,20.3,48.4467,28.146701049804687,28.146701049804687,257,22
2024-09-25 23:00:00,6.99,44.782288,37.79228759765625,37.79228759765625,257,23
2024-09-26 00:00:00,10.29,23.442318,13.152317962646485,13.152317962646485,258,0
2024-09-26 01:00:00,4.92,23.622658,18.702657775878905,18.702657775878905,258,1
2024-09-26 02:00:00,3.32,18.565598,15.245597534179687,15.245597534179687,258,2
2024-09-26 03:00:00,7.33,25.24742,17.917419357299806,17.917419357299806,258,3
2024-09-26 04:00:00,33.83,47.29533,13.465330047607424,13.465330047607424,258,4
2024-09-26 05:00:00,58.27,69.28639,11.01639221191406,11.01639221191406,258,5
2024-09-26 06:00:00,65.0,74.417015,9.417015075683594,9.417015075683594,258,6
2024-09-26 07:00:00,53.52,58.934772,5.414772491455075,5.414772491455075,258,7
2024-09-26 08:00:00,29.21,48.52954,19.319541015625,19.319541015625,258,8
2024-09-26 09:00:00,31.62,42.109722,10.48972213745117,10.48972213745117,258,9
2024-09-26 10:00:00,17.0,29.16281,12.162809371948242,12.162809371948242,258,10
2024-09-26 11:00:00,11.13,20.180735,9.050734634399413,9.050734634399413,258,11
2024-09-26 12:00:00,7.55,21.67879,14.128789138793945,14.128789138793945,258,12
2024-09-26 13:00:00,0.08,22.77101,22.69100944519043,22.69100944519043,258,13
2024-09-26 14:00:00,9.1,26.694695,17.594694519042967,17.594694519042967,258,14
2024-09-26 15:00:00,13.82,32.744923,18.924922637939453,18.924922637939453,258,15
2024-09-26 16:00:00,48.13,50.777817,2.647816772460935,2.647816772460935,258,16
2024-09-26 17:00:00,55.23,80.60753,25.37752868652344,25.37752868652344,258,17
2024-09-26 18:00:00,59.69,76.176056,16.486055908203127,16.486055908203127,258,18
2024-09-26 19:00:00,45.02,51.486965,6.466965179443356,6.466965179443356,258,19
2024-09-26 20:00:00,45.2,53.504463,8.304463195800778,8.304463195800778,258,20
2024-09-26 21:00:00,36.3,49.99364,13.693640899658206,13.693640899658206,258,21
2024-09-26 22:00:00,0.37,34.117485,33.74748504638672,33.74748504638672,258,22
2024-09-26 23:00:00,-0.06,27.02424,27.084240493774413,27.084240493774413,258,23
2024-09-27 00:00:00,-1.23,25.585796,26.815796356201172,26.815796356201172,259,0
2024-09-27 01:00:00,-0.01,21.195438,21.205438385009767,21.205438385009767,259,1
2024-09-27 02:00:00,-6.18,17.626242,23.80624168395996,23.80624168395996,259,2
2024-09-27 03:00:00,0.0,23.616648,23.616647720336914,23.616647720336914,259,3
2024-09-27 04:00:00,5.14,35.041763,29.901763305664062,29.901763305664062,259,4
2024-09-27 05:00:00,32.0,60.130768,28.130767822265625,28.130767822265625,259,5
2024-09-27 06:00:00,41.34,62.5556,21.21559921264648,21.21559921264648,259,6
2024-09-27 07:00:00,10.08,56.516945,46.43694488525391,46.43694488525391,259,7
2024-09-27 08:00:00,0.07,34.273094,34.20309417724609,34.20309417724609,259,8
2024-09-27 09:00:00,0.0,30.620796,30.62079620361328,30.62079620361328,259,9
2024-09-27 10:00:00,-0.01,21.77156,21.781560668945314,21.781560668945314,259,10
2024-09-27 11:00:00,-0.15,17.717924,17.86792411804199,17.86792411804199,259,11
2024-09-27 12:00:00,-0.04,12.90066,12.940659561157226,12.940659561157226,259,12
2024-09-27 13:00:00,-0.01,10.130942,10.140942344665527,10.140942344665527,259,13
2024-09-27 14:00:00,0.0,20.976194,20.976194381713867,20.976194381713867,259,14
2024-09-27 15:00:00,14.13,28.40842,14.27842056274414,14.27842056274414,259,15
2024-09-27 16:00:00,34.21,56.31775,22.1077490234375,22.1077490234375,259,16
2024-09-27 17:00:00,69.85,71.52827,1.678266906738287,1.678266906738287,259,17
2024-09-27 18:00:00,65.31,70.861015,5.5510153198242165,5.5510153198242165,259,18
2024-09-27 19:00:00,38.43,56.828293,18.398292846679688,18.398292846679688,259,19
2024-09-27 20:00:00,31.56,52.065823,20.50582260131836,20.50582260131836,259,20
2024-09-27 21:00:00,26.46,40.79891,14.338908233642577,14.338908233642577,259,21
2024-09-27 22:00:00,1.77,22.199156,20.429155807495118,20.429155807495118,259,22
2024-09-27 23:00:00,3.03,20.162653,17.13265296936035,17.13265296936035,259,23
2024-09-29 00:00:00,45.72,3.6496902,-42.0703098487854,42.0703098487854,261,0
2024-09-29 01:00:00,41.04,1.1319265,-39.90807346343994,39.90807346343994,261,1
2024-09-29 02:00:00,21.15,0.5003214,-20.64967861175537,20.64967861175537,261,2
2024-09-29 03:00:00,8.6,2.927045,-5.672954893112182,5.672954893112182,261,3
2024-09-29 04:00:00,22.76,1.525333,-21.234666953086855,21.234666953086855,261,4
2024-09-29 05:00:00,28.43,2.8823411,-25.547658853530884,25.547658853530884,261,5
2024-09-29 06:00:00,30.5,11.526006,-18.973994255065918,18.973994255065918,261,6
2024-09-29 07:00:00,19.9,5.7840934,-14.115906620025633,14.115906620025633,261,7
2024-09-29 08:00:00,1.33,5.870832,4.540831966400146,4.540831966400146,261,8
2024-09-29 09:00:00,0.0,0.66695523,0.6669552326202393,0.6669552326202393,261,9
2024-09-29 10:00:00,-0.01,-8.604937,-8.594936599731446,8.594936599731446,261,10
2024-09-29 11:00:00,-0.5,-9.155201,-8.655200958251953,8.655200958251953,261,11
2024-09-29 12:00:00,-0.45,-19.45636,-19.00635986328125,19.00635986328125,261,12
2024-09-29 13:00:00,0.0,-16.102259,-16.102258682250977,16.102258682250977,261,13
2024-09-29 14:00:00,0.15,-4.733977,-4.883976840972901,4.883976840972901,261,14
2024-09-29 15:00:00,0.08,2.0213938,1.9413937759399413,1.9413937759399413,261,15
2024-09-29 16:00:00,8.6,29.082123,20.482122802734374,20.482122802734374,261,16
2024-09-29 17:00:00,47.15,76.49419,29.34418640136719,29.34418640136719,261,17
2024-09-29 18:00:00,35.17,73.89822,38.72821624755859,38.72821624755859,261,18
2024-09-29 19:00:00,52.2,64.92389,12.723889160156247,12.723889160156247,261,19
2024-09-29 20:00:00,61.43,56.639923,-4.790076904296875,4.790076904296875,261,20
2024-09-29 21:00:00,37.26,52.63094,15.37093948364258,15.37093948364258,261,21
2024-09-29 22:00:00,7.5,37.6146,30.114601135253906,30.114601135253906,261,22
2024-09-29 23:00:00,0.04,26.51445,26.47445007324219,26.47445007324219,261,23
2024-10-01 00:00:00,0.05,42.332035,42.28203506469727,42.28203506469727,263,0
2024-10-01 01:00:00,0.02,39.943054,39.92305419921875,39.92305419921875,263,1
2024-10-01 02:00:00,0.09,28.895859,28.805858764648438,28.805858764648438,263,2
2024-10-01 03:00:00,0.08,19.594656,19.514655990600588,19.514655990600588,263,3
2024-10-01 04:00:00,48.48,26.972214,-21.50778625488281,21.50778625488281,263,4
2024-10-01 05:00:00,102.3,36.721733,-65.57826690673828,65.57826690673828,263,5
2024-10-01 06:00:00,114.72,42.63396,-72.08603927612305,72.08603927612305,263,6
2024-10-01 07:00:00,100.0,38.3959,-61.60409927368164,61.60409927368164,263,7
2024-10-01 08:00:00,76.18,28.102581,-48.077418975830085,48.077418975830085,263,8
2024-10-01 09:00:00,68.24,43.004307,-25.235693206787104,25.235693206787104,263,9
2024-10-01 10:00:00,58.48,27.238625,-31.24137542724609,31.24137542724609,263,10
2024-10-01 11:00:00,55.41,23.489227,-31.92077270507812,31.92077270507812,263,11
2024-10-01 12:00:00,56.28,19.823238,-36.45676162719727,36.45676162719727,263,12
2024-10-01 13:00:00,57.98,17.72583,-40.254169921875,40.254169921875,263,13
2024-10-01 14:00:00,55.9,24.580217,-31.319782638549803,31.319782638549803,263,14
2024-10-01 15:00:00,76.14,28.646027,-47.493973388671876,47.493973388671876,263,15
2024-10-01 16:00:00,103.57,39.14138,-64.4286196899414,64.4286196899414,263,16
2024-10-01 17:00:00,143.44,54.7056,-88.7343992614746,88.7343992614746,263,17
2024-10-01 18:00:00,120.64,53.261124,-67.37887634277344,67.37887634277344,263,18
2024-10-01 19:00:00,92.97,41.186874,-51.78312561035156,51.78312561035156,263,19
2024-10-01 20:00:00,91.37,34.093708,-57.276291961669926,57.276291961669926,263,20
2024-10-01 21:00:00,76.15,32.44493,-43.70506896972657,43.70506896972657,263,21
2024-10-01 22:00:00,85.19,39.407185,-45.78281539916992,45.78281539916992,263,22
2024-10-01 23:00:00,70.39,38.79515,-31.594849243164063,31.594849243164063,263,23
2024-10-02 00:00:00,71.74,39.085655,-32.65434478759765,32.65434478759765,264,0
2024-10-02 01:00:00,63.18,34.469578,-28.71042221069336,28.71042221069336,264,1
2024-10-02 02:00:00,61.19,35.16164,-26.02835983276367,26.02835983276367,264,2
2024-10-02 03:00:00,79.43,32.114803,-47.31519668579102,47.31519668579102,264,3
2024-10-02 04:00:00,98.66,50.95623,-47.70376983642578,47.70376983642578,264,4
2024-10-02 05:00:00,119.48,93.8175,-25.662502746582035,25.662502746582035,264,5
2024-10-02 06:00:00,124.24,101.56507,-22.674928894042964,22.674928894042964,264,6
2024-10-02 07:00:00,109.25,91.75397,-17.49603271484375,17.49603271484375,264,7
2024-10-02 08:00:00,90.22,68.66527,-21.55473205566406,21.55473205566406,264,8
2024-10-02 09:00:00,88.66,61.796043,-26.863956604003903,26.863956604003903,264,9
2024-10-02 10:00:00,87.26,58.977436,-28.282563934326177,28.282563934326177,264,10
2024-10-02 11:00:00,78.38,57.933895,-20.44610488891601,20.44610488891601,264,11
2024-10-02 12:00:00,76.43,54.924507,-21.505492858886726,21.505492858886726,264,12
2024-10-02 13:00:00,74.36,54.38216,-19.97783981323242,19.97783981323242,264,13
2024-10-02 14:00:00,72.33,58.095676,-14.234323577880858,14.234323577880858,264,14
2024-10-02 15:00:00,79.44,69.72827,-9.711728515624998,9.711728515624998,264,15
2024-10-02 16:00:00,110.75,88.64288,-22.10711669921875,22.10711669921875,264,16
2024-10-02 17:00:00,136.26,127.551994,-8.708005676269522,8.708005676269522,264,17
2024-10-02 18:00:00,117.25,106.595215,-10.65478515625,10.65478515625,264,18
2024-10-02 19:00:00,97.79,92.59575,-5.194251098632819,5.194251098632819,264,19
2024-10-02 20:00:00,93.55,90.122314,-3.427685546874997,3.427685546874997,264,20
2024-10-02 21:00:00,85.0,74.16266,-10.83734130859375,10.83734130859375,264,21
2024-10-02 22:00:00,59.36,74.108444,14.748444213867188,14.748444213867188,264,22
2024-10-02 23:00:00,40.0,58.451767,18.451766967773438,18.451766967773438,264,23
2024-10-05 00:00:00,81.4,50.93885,-30.461149597167974,30.461149597167974,267,0
2024-10-05 01:00:00,75.54,49.991302,-25.54869750976563,25.54869750976563,267,1
2024-10-05 02:00:00,75.72,49.840576,-25.879423828125,25.879423828125,267,2
2024-10-05 03:00:00,79.82,51.40608,-28.413921661376946,28.413921661376946,267,3
2024-10-05 04:00:00,86.2,51.787697,-34.4123031616211,34.4123031616211,267,4
2024-10-05 05:00:00,100.4,71.94832,-28.451681518554693,28.451681518554693,267,5
2024-10-05 06:00:00,109.38,75.964455,-33.41554534912109,33.41554534912109,267,6
2024-10-05 07:00:00,89.02,90.49883,1.4788327026367227,1.4788327026367227,267,7
2024-10-05 08:00:00,57.0,70.16622,13.166221618652344,13.166221618652344,267,8
2024-10-05 09:00:00,40.44,60.828182,20.388182220458987,20.388182220458987,267,9
2024-10-05 10:00:00,29.37,50.280376,20.91037643432617,20.91037643432617,267,10
2024-10-05 11:00:00,18.67,43.095406,24.42540557861328,24.42540557861328,267,11
2024-10-05 12:00:00,0.07,39.289234,39.21923416137695,39.21923416137695,267,12
2024-10-05 13:00:00,2.46,36.61112,34.15111831665039,34.15111831665039,267,13
2024-10-05 14:00:00,20.64,38.82884,18.18883834838867,18.18883834838867,267,14
2024-10-05 15:00:00,47.75,48.206894,0.4568939208984375,0.4568939208984375,267,15
2024-10-05 16:00:00,54.04,65.78315,11.743149719238282,11.743149719238282,267,16
2024-10-05 17:00:00,85.23,72.57801,-12.651989440917973,12.651989440917973,267,17
2024-10-05 18:00:00,95.18,107.51384,12.33383972167968,12.33383972167968,267,18
2024-10-05 19:00:00,74.03,91.32255,17.292547912597655,17.292547912597655,267,19
2024-10-05 20:00:00,73.71,73.92905,0.21904663085938125,0.21904663085938125,267,20
2024-10-05 21:00:00,67.0,61.360878,-5.639122009277344,5.639122009277344,267,21
2024-10-05 22:00:00,47.4,57.741856,10.341855621337892,10.341855621337892,267,22
2024-10-05 23:00:00,30.83,56.12257,25.2925700378418,25.2925700378418,267,23
2024-10-07 00:00:00,33.25,75.204704,41.95470428466797,41.95470428466797,269,0
2024-10-07 01:00:00,29.03,70.04583,41.01582977294922,41.01582977294922,269,1
2024-10-07 02:00:00,18.67,68.00455,49.33454711914062,49.33454711914062,269,2
2024-10-07 03:00:00,23.33,61.549915,38.219915313720705,38.219915313720705,269,3
2024-10-07 04:00:00,52.02,72.26758,20.247578124999997,20.247578124999997,269,4
2024-10-07 05:00:00,84.5,84.654884,0.15488433837890625,0.15488433837890625,269,5
2024-10-07 06:00:00,108.32,85.234924,-23.085075683593743,23.085075683593743,269,6
2024-10-07 07:00:00,91.75,84.985664,-6.764335632324219,6.764335632324219,269,7
2024-10-07 08:00:00,65.98,72.9523,6.972301025390621,6.972301025390621,269,8
2024-10-07 09:00:00,60.21,73.11336,12.903357543945312,12.903357543945312,269,9
2024-10-07 10:00:00,55.39,76.906784,21.516784057617187,21.516784057617187,269,10
2024-10-07 11:00:00,43.29,61.428856,18.138855895996095,18.138855895996095,269,11
2024-10-07 12:00:00,55.0,57.40613,2.4061317443847656,2.4061317443847656,269,12
2024-10-07 13:00:00,29.98,54.242374,24.262374420166015,24.262374420166015,269,13
2024-10-07 14:00:00,30.25,61.001144,30.751144409179688,30.751144409179688,269,14
2024-10-07 15:00:00,50.24,66.69816,16.458158264160154,16.458158264160154,269,15
2024-10-07 16:00:00,71.55,73.32691,1.776911926269534,1.776911926269534,269,16
2024-10-07 17:00:00,96.17,87.5944,-8.575601501464845,8.575601501464845,269,17
2024-10-07 18:00:00,85.01,89.58629,4.576288452148432,4.576288452148432,269,18
2024-10-07 19:00:00,67.73,90.290955,22.560954589843746,22.560954589843746,269,19
2024-10-07 20:00:00,65.8,90.83268,25.03267974853516,25.03267974853516,269,20
2024-10-07 21:00:00,61.39,81.214615,19.824614868164062,19.824614868164062,269,21
2024-10-07 22:00:00,33.1,67.67105,34.571051025390624,34.571051025390624,269,22
2024-10-07 23:00:00,24.35,65.35935,41.009352111816405,41.009352111816405,269,23
2024-10-08 00:00:00,19.57,44.69309,25.12308853149414,25.12308853149414,270,0
2024-10-08 01:00:00,7.0,42.205086,35.20508575439453,35.20508575439453,270,1
2024-10-08 02:00:00,4.9,39.67148,34.771478271484376,34.771478271484376,270,2
2024-10-08 03:00:00,21.54,39.96556,18.42556091308594,18.42556091308594,270,3
2024-10-08 04:00:00,39.58,52.77477,13.194768829345705,13.194768829345705,270,4
2024-10-08 05:00:00,72.68,74.49824,1.8182376098632744,1.8182376098632744,270,5
2024-10-08 06:00:00,77.71,89.14388,11.43388275146485,11.43388275146485,270,6
2024-10-08 07:00:00,79.91,80.77872,0.8687170410156284,0.8687170410156284,270,7
2024-10-08 08:00:00,54.51,63.929874,9.419874420166018,9.419874420166018,270,8
2024-10-08 09:00:00,28.8,64.607475,35.80747528076172,35.80747528076172,270,9
2024-10-08 10:00:00,8.59,68.90721,60.317211303710934,60.317211303710934,270,10
2024-10-08 11:00:00,0.97,61.35292,60.382920532226564,60.382920532226564,270,11
2024-10-08 12:00:00,0.01,67.49734,67.48733734130859,67.48733734130859,270,12
2024-10-08 13:00:00,0.0,44.808502,44.808502197265625,44.808502197265625,270,13
2024-10-08 14:00:00,0.51,43.996525,43.48652481079102,43.48652481079102,270,14
2024-10-08 15:00:00,5.0,55.066578,50.06657791137695,50.06657791137695,270,15
2024-10-08 16:00:00,57.09,64.473145,7.383144531249997,7.383144531249997,270,16
2024-10-08 17:00:00,79.9,95.417076,15.517076110839838,15.517076110839838,270,17
2024-10-08 18:00:00,67.39,86.322075,18.932074890136718,18.932074890136718,270,18
2024-10-08 19:00:00,32.11,70.742775,38.63277496337891,38.63277496337891,270,19
2024-10-08 20:00:00,37.62,67.73047,30.110468750000003,30.110468750000003,270,20
2024-10-08 21:00:00,33.1,66.996635,33.89663543701172,33.89663543701172,270,21
2024-10-08 22:00:00,19.86,51.307777,31.447777404785157,31.447777404785157,270,22
2024-10-08 23:00:00,3.6,48.694454,45.09445419311523,45.09445419311523,270,23
2024-10-11 00:00:00,71.96,26.183931,-45.776068649291986,45.776068649291986,273,0
2024-10-11 01:00:00,67.91,11.902637,-56.00736347198486,56.00736347198486,273,1
2024-10-11 02:00:00,66.44,13.6742735,-52.765726509094236,52.765726509094236,273,2
2024-10-11 03:00:00,71.79,15.103091,-56.68690876007081,56.68690876007081,273,3
2024-10-11 04:00:00,99.95,26.243984,-73.7060157775879,73.7060157775879,273,4
2024-10-11 05:00:00,140.41,54.496902,-85.91309753417968,85.91309753417968,273,5
2024-10-11 06:00:00,155.49,65.11841,-90.37159179687501,90.37159179687501,273,6
2024-10-11 07:00:00,110.01,55.883156,-54.1268441772461,54.1268441772461,273,7
2024-10-11 08:00:00,90.0,45.609737,-44.390262603759766,44.390262603759766,273,8
2024-10-11 09:00:00,72.35,36.26236,-36.08764038085937,36.08764038085937,273,9
2024-10-11 10:00:00,61.65,28.747034,-32.90296592712402,32.90296592712402,273,10
2024-10-11 11:00:00,57.17,24.808897,-32.361102981567385,32.361102981567385,273,11
2024-10-11 12:00:00,59.56,19.62291,-39.937090454101565,39.937090454101565,273,12
2024-10-11 13:00:00,66.95,27.976902,-38.97309799194336,38.97309799194336,273,13
2024-10-11 14:00:00,70.0,52.33451,-17.665489196777344,17.665489196777344,273,14
2024-10-11 15:00:00,71.35,61.933556,-9.41644439697265,9.41644439697265,273,15
2024-10-11 16:00:00,91.07,80.62416,-10.44583923339843,10.44583923339843,273,16
2024-10-11 17:00:00,154.3,94.74052,-59.559483337402355,59.559483337402355,273,17
2024-10-11 18:00:00,109.01,74.00952,-35.000478515625005,35.000478515625005,273,18
2024-10-11 19:00:00,90.69,74.7834,-15.906598510742185,15.906598510742185,273,19
2024-10-11 20:00:00,81.37,80.61452,-0.755482788085942,0.755482788085942,273,20
2024-10-11 21:00:00,80.57,63.124374,-17.445625610351556,17.445625610351556,273,21
2024-10-11 22:00:00,67.29,58.42996,-8.860041656494147,8.860041656494147,273,22
2024-10-11 23:00:00,57.57,47.681732,-9.888267822265625,9.888267822265625,273,23
2024-10-13 00:00:00,-0.07,44.963512,45.0335124206543,45.0335124206543,275,0
2024-10-13 01:00:00,-0.37,40.70646,41.076459045410154,41.076459045410154,275,1
2024-10-13 02:00:00,-0.51,36.29986,36.80985809326172,36.80985809326172,275,2
2024-10-13 03:00:00,-0.09,36.982067,37.0720671081543,37.0720671081543,275,3
2024-10-13 04:00:00,-0.05,45.1768,45.22679977416992,45.22679977416992,275,4
2024-10-13 05:00:00,0.78,41.20611,40.42610809326172,40.42610809326172,275,5
2024-10-13 06:00:00,11.5,48.32057,36.82057189941406,36.82057189941406,275,6
2024-10-13 07:00:00,4.81,41.348225,36.538224639892576,36.538224639892576,275,7
2024-10-13 08:00:00,4.87,32.07333,27.20332992553711,27.20332992553711,275,8
2024-10-13 09:00:00,5.17,27.93944,22.76943977355957,22.76943977355957,275,9
2024-10-13 10:00:00,4.49,23.8373,19.347299346923826,19.347299346923826,275,10
2024-10-13 11:00:00,0.08,13.767512,13.687512321472168,13.687512321472168,275,11
2024-10-13 12:00:00,-0.01,12.321879,12.331879386901855,12.331879386901855,275,12
2024-10-13 13:00:00,0.0,20.43561,20.435609817504883,20.435609817504883,275,13
2024-10-13 14:00:00,6.8,26.884977,20.08497734069824,20.08497734069824,275,14
2024-10-13 15:00:00,31.28,48.342594,17.062594146728514,17.062594146728514,275,15
2024-10-13 16:00:00,62.82,65.5143,2.694297485351562,2.694297485351562,275,16
2024-10-13 17:00:00,79.46,69.6091,-9.850899658203119,9.850899658203119,275,17
2024-10-13 18:00:00,63.26,71.769,8.508997192382814,8.508997192382814,275,18
2024-10-13 19:00:00,56.71,62.049557,5.3395567321777335,5.3395567321777335,275,19
2024-10-13 20:00:00,49.88,53.37507,3.4950686645507787,3.4950686645507787,275,20
2024-10-13 21:00:00,49.61,49.409115,-0.20088516235351506,0.20088516235351506,275,21
2024-10-13 22:00:00,50.49,31.179869,-19.310131301879885,19.310131301879885,275,22
2024-10-13 23:00:00,39.38,30.141058,-9.238942031860354,9.238942031860354,275,23
2024-10-14 00:00:00,37.41,37.89499,0.4849890136718784,0.4849890136718784,276,0
2024-10-14 01:00:00,36.68,35.171356,-1.5086437988281247,1.5086437988281247,276,1
2024-10-14 02:00:00,41.38,32.4557,-8.924300079345706,8.924300079345706,276,2
2024-10-14 03:00:00,62.2,30.528551,-31.671448898315433,31.671448898315433,276,3
2024-10-14 04:00:00,98.65,41.40791,-57.24209060668946,57.24209060668946,276,4
2024-10-14 05:00:00,114.03,60.33899,-53.6910107421875,53.6910107421875,276,5
2024-10-14 06:00:00,137.7,69.710976,-67.98902435302733,67.98902435302733,276,6
2024-10-14 07:00:00,110.19,63.809925,-46.380074920654295,46.380074920654295,276,7
2024-10-14 08:00:00,99.55,50.150784,-49.39921646118164,49.39921646118164,276,8
2024-10-14 09:00:00,92.5,39.601254,-52.898746490478516,52.898746490478516,276,9
2024-10-14 10:00:00,85.7,35.035816,-50.66418380737305,50.66418380737305,276,10
2024-10-14 11:00:00,78.42,35.509583,-42.91041748046875,42.91041748046875,276,11
2024-10-14 12:00:00,74.16,29.411018,-44.748981628417965,44.748981628417965,276,12
2024-10-14 13:00:00,73.07,32.18787,-40.88212997436523,40.88212997436523,276,13
2024-10-14 14:00:00,71.2,36.490585,-34.709414672851565,34.709414672851565,276,14
2024-10-14 15:00:00,97.46,57.30851,-40.15149017333984,40.15149017333984,276,15
2024-10-14 16:00:00,121.04,82.6262,-38.4138021850586,38.4138021850586,276,16
2024-10-14 17:00:00,161.89,87.78462,-74.10537780761717,74.10537780761717,276,17
2024-10-14 18:00:00,158.0,89.51712,-68.48287963867188,68.48287963867188,276,18
2024-10-14 19:00:00,108.79,73.98837,-34.80162719726563,34.80162719726563,276,19
2024-10-14 20:00:00,99.66,65.528915,-34.13108459472656,34.13108459472656,276,20
2024-10-14 21:00:00,94.8,56.64849,-38.15150909423828,38.15150909423828,276,21
2024-10-14 22:00:00,76.09,54.080708,-22.009292449951175,22.009292449951175,276,22
2024-10-14 23:00:00,77.5,35.095272,-42.404727935791016,42.404727935791016,276,23
2024-10-15 00:00:00,60.49,38.789665,-21.700334777832033,21.700334777832033,277,0
2024-10-15 01:00:00,61.33,32.210373,-29.11962707519531,29.11962707519531,277,1
2024-10-15 02:00:00,51.57,37.515675,-14.054325408935547,14.054325408935547,277,2
2024-10-15 03:00:00,60.92,54.372417,-6.54758255004883,6.54758255004883,277,3
2024-10-15 04:00:00,63.87,87.63244,23.76243865966797,23.76243865966797,277,4
2024-10-15 05:00:00,91.36,106.77082,15.410820617675782,15.410820617675782,277,5
2024-10-15 06:00:00,122.28,118.88595,-3.3940518188476574,3.3940518188476574,277,6
2024-10-15 07:00:00,110.47,103.87728,-6.592718811035155,6.592718811035155,277,7
2024-10-15 08:00:00,92.74,85.162605,-7.577394714355464,7.577394714355464,277,8
2024-10-15 09:00:00,83.05,77.055626,-5.994374084472653,5.994374084472653,277,9
2024-10-15 10:00:00,78.47,75.44811,-3.02188751220703,3.02188751220703,277,10
2024-10-15 11:00:00,67.66,63.8477,-3.8123017883300747,3.8123017883300747,277,11
2024-10-15 12:00:00,41.51,58.479507,16.969507446289064,16.969507446289064,277,12
2024-10-15 13:00:00,41.37,56.11806,14.74806106567383,14.74806106567383,277,13
2024-10-15 14:00:00,62.63,56.84116,-5.788840179443362,5.788840179443362,277,14
2024-10-15 15:00:00,55.72,84.94583,29.225831298828126,29.225831298828126,277,15
2024-10-15 16:00:00,79.47,112.81376,33.34375885009766,33.34375885009766,277,16
2024-10-15 17:00:00,104.3,135.96614,31.666140747070315,31.666140747070315,277,17
2024-10-15 18:00:00,64.98,135.51811,70.53811218261718,70.53811218261718,277,18
2024-10-15 19:00:00,50.89,105.2373,54.34729705810547,54.34729705810547,277,19
2024-10-15 20:00:00,61.52,99.786575,38.26657531738281,38.26657531738281,277,20
2024-10-15 21:00:00,44.47,91.7741,47.30410125732422,47.30410125732422,277,21
2024-10-15 22:00:00,28.42,69.1482,40.72820098876953,40.72820098876953,277,22
2024-10-15 23:00:00,12.8,64.28758,51.48758239746094,51.48758239746094,277,23
2024-10-16 00:00:00,5.3,42.07522,36.7752182006836,36.7752182006836,278,0
2024-10-16 01:00:00,3.61,40.4322,36.82220138549805,36.82220138549805,278,1
2024-10-16 02:00:00,1.48,38.396248,36.916247863769534,36.916247863769534,278,2
2024-10-16 03:00:00,12.36,44.35039,31.990391387939454,31.990391387939454,278,3
2024-10-16 04:00:00,46.09,52.51443,6.424430999755856,6.424430999755856,278,4
2024-10-16 05:00:00,46.26,83.158394,36.89839385986328,36.89839385986328,278,5
2024-10-16 06:00:00,59.55,97.666695,38.116694641113284,38.116694641113284,278,6
2024-10-16 07:00:00,54.29,93.277275,38.98727508544922,38.98727508544922,278,7
2024-10-16 08:00:00,26.68,75.81639,49.13639099121094,49.13639099121094,278,8
2024-10-16 09:00:00,14.16,62.942104,48.78210433959961,48.78210433959961,278,9
2024-10-16 10:00:00,4.09,58.22345,54.13344970703125,54.13344970703125,278,10
2024-10-16 11:00:00,2.04,51.547,49.50700088500977,49.50700088500977,278,11
2024-10-16 12:00:00,4.0,38.650883,34.650882720947266,34.650882720947266,278,12
2024-10-16 13:00:00,14.18,41.31693,27.13692886352539,27.13692886352539,278,13
2024-10-16 14:00:00,30.84,51.004337,20.164337310791016,20.164337310791016,278,14
2024-10-16 15:00:00,51.81,58.640217,6.830216827392576,6.830216827392576,278,15
2024-10-16 16:00:00,75.74,78.00791,2.2679116821289114,2.2679116821289114,278,16
2024-10-16 17:00:00,83.91,97.27067,13.36066802978516,13.36066802978516,278,17
2024-10-16 18:00:00,55.43,73.92936,18.499359436035157,18.499359436035157,278,18
2024-10-16 19:00:00,46.65,66.01866,19.36866149902344,19.36866149902344,278,19
2024-10-16 20:00:00,35.14,66.65368,31.513678894042968,31.513678894042968,278,20
2024-10-16 21:00:00,26.54,54.858883,28.318882904052735,28.318882904052735,278,21
2024-10-16 22:00:00,17.04,37.95758,20.91758056640625,20.91758056640625,278,22
2024-10-16 23:00:00,12.15,38.18245,26.032449340820314,26.032449340820314,278,23
2024-10-17 00:00:00,10.48,22.895548,12.415547866821289,12.415547866821289,279,0
2024-10-17 01:00:00,5.61,25.242012,19.632012023925782,19.632012023925782,279,1
2024-10-17 02:00:00,10.01,23.076252,13.066251983642578,13.066251983642578,279,2
2024-10-17 03:00:00,24.02,26.40026,2.380260925292969,2.380260925292969,279,3
2024-10-17 04:00:00,63.38,45.26508,-18.114920501708987,18.114920501708987,279,4
2024-10-17 05:00:00,84.34,49.46098,-34.87902053833008,34.87902053833008,279,5
2024-10-17 06:00:00,83.93,66.280785,-17.649215393066413,17.649215393066413,279,6
2024-10-17 07:00:00,82.27,59.702763,-22.56723739624023,22.56723739624023,279,7
2024-10-17 08:00:00,76.61,34.99004,-41.619960174560546,41.619960174560546,279,8
2024-10-17 09:00:00,70.76,30.70728,-40.05272079467774,40.05272079467774,279,9
2024-10-17 10:00:00,61.79,27.605083,-34.18491653442383,34.18491653442383,279,10
2024-10-17 11:00:00,60.92,24.92965,-35.99035064697266,35.99035064697266,279,11
2024-10-17 12:00:00,63.59,21.518843,-42.07115730285645,42.07115730285645,279,12
2024-10-17 13:00:00,65.97,26.50054,-39.46946022033691,39.46946022033691,279,13
2024-10-17 14:00:00,82.65,29.351057,-53.2989429473877,53.2989429473877,279,14
2024-10-17 15:00:00,79.03,54.165047,-24.86495330810547,24.86495330810547,279,15
2024-10-17 16:00:00,78.77,69.0338,-9.736201782226559,9.736201782226559,279,16
2024-10-17 17:00:00,99.6,86.231964,-13.36803588867187,13.36803588867187,279,17
2024-10-17 18:00:00,82.27,80.808075,-1.461925048828121,1.461925048828121,279,18
2024-10-17 19:00:00,72.59,64.66756,-7.922443237304691,7.922443237304691,279,19
2024-10-17 20:00:00,71.08,53.983967,-17.09603317260742,17.09603317260742,279,20
2024-10-17 21:00:00,68.06,49.239166,-18.820833740234377,18.820833740234377,279,21
2024-10-17 22:00:00,50.1,32.624958,-17.475041961669923,17.475041961669923,279,22
2024-10-17 23:00:00,45.62,33.920273,-11.69972717285156,11.69972717285156,279,23
2024-10-18 00:00:00,38.06,26.8992,-11.160799560546877,11.160799560546877,280,0
2024-10-18 01:00:00,30.3,25.34571,-4.9542892456054695,4.9542892456054695,280,1
2024-10-18 02:00:00,20.4,31.031275,10.631274795532228,10.631274795532228,280,2
2024-10-18 03:00:00,49.03,34.39022,-14.639779357910157,14.639779357910157,280,3
2024-10-18 04:00:00,57.84,55.6526,-2.1874006652832065,2.1874006652832065,280,4
2024-10-18 05:00:00,75.0,76.12476,1.1247634887695312,1.1247634887695312,280,5
2024-10-18 06:00:00,99.5,83.91948,-15.580520629882812,15.580520629882812,280,6
2024-10-18 07:00:00,79.72,81.96255,2.242547302246095,2.242547302246095,280,7
2024-10-18 08:00:00,78.56,69.50639,-9.053606567382815,9.053606567382815,280,8
2024-10-18 09:00:00,79.35,58.050415,-21.299584960937494,21.299584960937494,280,9
2024-10-18 10:00:00,76.1,50.93042,-25.169580078124994,25.169580078124994,280,10
2024-10-18 11:00:00,58.6,48.63414,-9.965859985351564,9.965859985351564,280,11
2024-10-18 12:00:00,42.86,48.86659,6.006588592529297,6.006588592529297,280,12
2024-10-18 13:00:00,49.52,42.200066,-7.319934387207034,7.319934387207034,280,13
2024-10-18 14:00:00,51.41,56.51034,5.100341644287113,5.100341644287113,280,14
2024-10-18 15:00:00,63.56,66.376724,2.8167242431640602,2.8167242431640602,280,15
2024-10-18 16:00:00,83.16,71.74356,-11.416439208984372,11.416439208984372,280,16
2024-10-18 17:00:00,138.94,86.62379,-52.31621307373047,52.31621307373047,280,17
2024-10-18 18:00:00,103.25,76.30997,-26.940032958984375,26.940032958984375,280,18
2024-10-18 19:00:00,93.89,61.70036,-32.18964065551758,32.18964065551758,280,19
2024-10-18 20:00:00,81.2,59.408806,-21.791194152832034,21.791194152832034,280,20
2024-10-18 21:00:00,71.08,56.580223,-14.499776916503905,14.499776916503905,280,21
2024-10-18 22:00:00,56.04,48.687466,-7.35253433227539,7.35253433227539,280,22
2024-10-18 23:00:00,20.64,44.210903,23.57090316772461,23.57090316772461,280,23
2024-10-19 00:00:00,24.83,21.997042,-2.8329582977294905,2.8329582977294905,281,0
2024-10-19 01:00:00,35.26,23.30444,-11.955560455322264,11.955560455322264,281,1
2024-10-19 02:00:00,10.25,25.485554,15.235553741455078,15.235553741455078,281,2
2024-10-19 03:00:00,27.68,30.698397,3.018396682739258,3.018396682739258,281,3
2024-10-19 04:00:00,54.78,36.853073,-17.926926879882814,17.926926879882814,281,4
2024-10-19 05:00:00,34.37,41.903587,7.533587341308596,7.533587341308596,281,5
2024-10-19 06:00:00,41.88,54.4529,12.572899932861326,12.572899932861326,281,6
2024-10-19 07:00:00,44.67,40.91732,-3.752679748535158,3.752679748535158,281,7
2024-10-19 08:00:00,46.42,37.36142,-9.058580322265627,9.058580322265627,281,8
2024-10-19 09:00:00,35.0,34.08807,-0.9119300842285156,0.9119300842285156,281,9
2024-10-19 10:00:00,30.24,30.949457,0.7094571685791031,0.7094571685791031,281,10
2024-10-19 11:00:00,17.67,22.395353,4.7253533172607405,4.7253533172607405,281,11
2024-10-19 12:00:00,13.17,15.424485,2.254485206604004,2.254485206604004,281,12
2024-10-19 13:00:00,5.79,16.03468,10.244679412841798,10.244679412841798,281,13
2024-10-19 14:00:00,5.05,25.463093,20.413092803955077,20.413092803955077,281,14
2024-10-19 15:00:00,22.32,36.107285,13.787284545898437,13.787284545898437,281,15
2024-10-19 16:00:00,44.13,61.812214,17.682213897705076,17.682213897705076,281,16
2024-10-19 17:00:00,70.0,103.07382,33.073822021484375,33.073822021484375,281,17
2024-10-19 18:00:00,69.59,67.81025,-1.7797506713867222,1.7797506713867222,281,18
2024-10-19 19:00:00,58.81,52.790302,-6.019697723388674,6.019697723388674,281,19
2024-10-19 20:00:00,72.78,49.16458,-23.615418701171876,23.615418701171876,281,20
2024-10-19 21:00:00,73.33,43.522804,-29.807195739746092,29.807195739746092,281,21
2024-10-19 22:00:00,37.46,34.80703,-2.652970275878907,2.652970275878907,281,22
2024-10-19 23:00:00,27.55,28.512344,0.9623443603515618,0.9623443603515618,281,23
2024-10-20 00:00:00,25.77,17.199015,-8.57098533630371,8.57098533630371,282,0
2024-10-20 01:00:00,13.24,18.255295,5.015294799804687,5.015294799804687,282,1
2024-10-20 02:00:00,11.57,18.519232,6.949231796264648,6.949231796264648,282,2
2024-10-20 03:00:00,11.02,24.639086,13.61908576965332,13.61908576965332,282,3
2024-10-20 04:00:00,8.63,34.977375,26.347375030517576,26.347375030517576,282,4
2024-10-20 05:00:00,8.87,22.387804,13.517804031372071,13.517804031372071,282,5
2024-10-20 06:00:00,13.08,19.17249,6.0924891662597656,6.0924891662597656,282,6
2024-10-20 07:00:00,13.16,22.914358,9.754358139038086,9.754358139038086,282,7
2024-10-20 08:00:00,6.37,23.69542,17.325419311523437,17.325419311523437,282,8
2024-10-20 09:00:00,0.08,18.129068,18.04906837463379,18.04906837463379,282,9
2024-10-20 10:00:00,0.0,12.72485,12.724849700927734,12.724849700927734,282,10
2024-10-20 11:00:00,-0.98,9.427571,10.407571296691895,10.407571296691895,282,11
2024-10-20 12:00:00,-2.01,8.01117,10.021170387268066,10.021170387268066,282,12
2024-10-20 13:00:00,0.0,7.587811,7.58781099319458,7.58781099319458,282,13
2024-10-20 14:00:00,0.03,24.479498,24.449497909545897,24.449497909545897,282,14
2024-10-20 15:00:00,8.64,38.096092,29.456092224121093,29.456092224121093,282,15
2024-10-20 16:00:00,17.13,51.32367,34.193669433593755,34.193669433593755,282,16
2024-10-20 17:00:00,47.41,77.84433,30.43432983398438,30.43432983398438,282,17
2024-10-20 18:00:00,36.87,74.60847,37.738467102050784,37.738467102050784,282,18
2024-10-20 19:00:00,24.08,64.35433,40.274331970214845,40.274331970214845,282,19
2024-10-20 20:00:00,14.14,62.94163,48.80163131713867,48.80163131713867,282,20
2024-10-20 21:00:00,2.24,62.162334,59.92233444213867,59.92233444213867,282,21
2024-10-20 22:00:00,1.12,40.912113,39.79211318969727,39.79211318969727,282,22
2024-10-20 23:00:00,0.05,29.842283,29.792283248901366,29.792283248901366,282,23
2024-10-22 00:00:00,63.79,36.80331,-26.98668960571289,26.98668960571289,284,0
2024-10-22 01:00:00,68.98,34.038834,-34.94116638183594,34.94116638183594,284,1
2024-10-22 02:00:00,60.0,35.690178,-24.30982208251953,24.30982208251953,284,2
2024-10-22 03:00:00,70.0,38.85206,-31.14794158935547,31.14794158935547,284,3
2024-10-22 04:00:00,75.97,46.475803,-29.49419662475586,29.49419662475586,284,4
2024-10-22 05:00:00,102.17,87.29982,-14.87018005371094,14.87018005371094,284,5
2024-10-22 06:00:00,123.02,109.58673,-13.433269042968746,13.433269042968746,284,6
2024-10-22 07:00:00,112.71,98.444534,-14.265465698242181,14.265465698242181,284,7
2024-10-22 08:00:00,98.84,83.01085,-15.829151000976566,15.829151000976566,284,8
2024-10-22 09:00:00,90.03,64.8259,-25.204102783203126,25.204102783203126,284,9
2024-10-22 10:00:00,78.57,58.00517,-20.56483108520507,20.56483108520507,284,10
2024-10-22 11:00:00,70.88,59.46723,-11.412768249511714,11.412768249511714,284,11
2024-10-22 12:00:00,58.92,49.42309,-9.496908111572267,9.496908111572267,284,12
2024-10-22 13:00:00,53.54,48.70938,-4.830618896484374,4.830618896484374,284,13
2024-10-22 14:00:00,52.5,53.23954,0.7395401000976562,0.7395401000976562,284,14
2024-10-22 15:00:00,74.99,69.593445,-5.396555175781245,5.396555175781245,284,15
2024-10-22 16:00:00,118.32,88.74703,-29.57296783447265,29.57296783447265,284,16
2024-10-22 17:00:00,158.91,128.46196,-30.44804016113281,30.44804016113281,284,17
2024-10-22 18:00:00,112.02,104.8046,-7.21539642333984,7.21539642333984,284,18
2024-10-22 19:00:00,100.0,77.63073,-22.36927032470703,22.36927032470703,284,19
2024-10-22 20:00:00,95.78,82.97019,-12.809808044433595,12.809808044433595,284,20
2024-10-22 21:00:00,88.35,77.611885,-10.738114929199213,10.738114929199213,284,21
2024-10-22 22:00:00,77.21,62.07948,-15.130520782470697,15.130520782470697,284,22
2024-10-22 23:00:00,79.25,54.980404,-24.269596099853516,24.269596099853516,284,23
2024-10-23 00:00:00,71.0,49.835037,-21.164962768554688,21.164962768554688,285,0
2024-10-23 01:00:00,64.32,52.54686,-11.773140258789056,11.773140258789056,285,1
2024-10-23 02:00:00,64.29,50.33108,-13.958918609619147,13.958918609619147,285,2
2024-10-23 03:00:00,65.0,53.55994,-11.440059661865234,11.440059661865234,285,3
2024-10-23 04:00:00,84.98,62.447227,-22.53277252197266,22.53277252197266,285,4
2024-10-23 05:00:00,102.1,87.84855,-14.251451110839838,14.251451110839838,285,5
2024-10-23 06:00:00,134.71,104.9954,-29.71460052490235,29.71460052490235,285,6
2024-10-23 07:00:00,110.06,96.22108,-13.838923034667971,13.838923034667971,285,7
2024-10-23 08:00:00,85.0,84.0386,-0.9614028930664062,0.9614028930664062,285,8
2024-10-23 09:00:00,69.54,73.97367,4.43367095947265,4.43367095947265,285,9
2024-10-23 10:00:00,64.08,63.367924,-0.7120762634277327,0.7120762634277327,285,10
2024-10-23 11:00:00,56.58,47.601906,-8.978094177246092,8.978094177246092,285,11
2024-10-23 12:00:00,56.08,46.82539,-9.254610137939451,9.254610137939451,285,12
2024-10-23 13:00:00,59.99,39.457043,-20.532957305908205,20.532957305908205,285,13
2024-10-23 14:00:00,63.4,47.38983,-16.01016845703125,16.01016845703125,285,14
2024-10-23 15:00:00,71.99,61.61671,-10.373289337158198,10.373289337158198,285,15
2024-10-23 16:00:00,103.41,97.53355,-5.87645355224609,5.87645355224609,285,16
2024-10-23 17:00:00,155.8,121.058334,-34.741665649414074,34.741665649414074,285,17
2024-10-23 18:00:00,114.63,103.47322,-11.156779174804683,11.156779174804683,285,18
2024-10-23 19:00:00,96.25,86.98308,-9.266921997070312,9.266921997070312,285,19
2024-10-23 20:00:00,99.87,83.70716,-16.162839050292973,16.162839050292973,285,20
2024-10-23 21:00:00,93.16,74.4551,-18.704898986816403,18.704898986816403,285,21
2024-10-23 22:00:00,51.61,58.828533,7.218533172607422,7.218533172607422,285,22
2024-10-23 23:00:00,62.03,56.03587,-5.994130401611329,5.994130401611329,285,23
2024-10-24 00:00:00,57.75,53.293186,-4.456813812255859,4.456813812255859,286,0
2024-10-24 01:00:00,39.33,47.3815,8.051500244140627,8.051500244140627,286,1
2024-10-24 02:00:00,43.11,49.77624,6.666241302490235,6.666241302490235,286,2
2024-10-24 03:00:00,53.01,50.324898,-2.6851022338867168,2.6851022338867168,286,3
2024-10-24 04:00:00,70.57,68.9574,-1.6126025390624932,1.6126025390624932,286,4
2024-10-24 05:00:00,77.63,89.846886,12.216885681152348,12.216885681152348,286,5
2024-10-24 06:00:00,120.01,120.52058,0.5105764770507761,0.5105764770507761,286,6
2024-10-24 07:00:00,98.15,103.1559,5.005899047851557,5.005899047851557,286,7
2024-10-24 08:00:00,69.17,78.18581,9.01580627441406,9.01580627441406,286,8
2024-10-24 09:00:00,60.0,59.05471,-0.9452896118164062,0.9452896118164062,286,9
2024-10-24 10:00:00,50.24,57.53399,7.293988952636717,7.293988952636717,286,10
2024-10-24 11:00:00,43.54,51.002434,7.46243377685547,7.46243377685547,286,11
2024-10-24 12:00:00,30.01,46.415413,16.40541290283203,16.40541290283203,286,12
2024-10-24 13:00:00,24.55,45.607952,21.05795211791992,21.05795211791992,286,13
2024-10-24 14:00:00,47.44,55.614742,8.174742279052737,8.174742279052737,286,14
2024-10-24 15:00:00,60.4,70.32561,9.925607299804689,9.925607299804689,286,15
2024-10-24 16:00:00,79.36,98.81624,19.456238403320313,19.456238403320313,286,16
2024-10-24 17:00:00,110.16,135.01166,24.851657714843753,24.851657714843753,286,17
2024-10-24 18:00:00,85.0,109.14039,24.14038848876953,24.14038848876953,286,18
2024-10-24 19:00:00,86.23,93.06595,6.835948486328121,6.835948486328121,286,19
2024-10-24 20:00:00,75.72,91.011505,15.291505126953126,15.291505126953126,286,20
2024-10-24 21:00:00,67.0,84.514786,17.514785766601562,17.514785766601562,286,21
2024-10-24 22:00:00,57.0,53.500618,-3.4993820190429688,3.4993820190429688,286,22
2024-10-24 23:00:00,40.09,52.500824,12.410823974609372,12.410823974609372,286,23
2024-10-25 00:00:00,41.04,49.622234,8.582234344482423,8.582234344482423,287,0
2024-10-25 01:00:00,42.3,39.835136,-2.4648635864257784,2.4648635864257784,287,1
2024-10-25 02:00:00,18.7,40.39168,21.69168167114258,21.69168167114258,287,2
2024-10-25 03:00:00,35.78,50.84751,15.067511291503905,15.067511291503905,287,3
2024-10-25 04:00:00,46.02,61.131783,15.111782531738278,15.111782531738278,287,4
2024-10-25 05:00:00,55.05,77.05932,22.00931854248047,22.00931854248047,287,5
2024-10-25 06:00:00,67.72,105.39545,37.67544677734375,37.67544677734375,287,6
2024-10-25 07:00:00,79.64,98.57602,18.936019287109374,18.936019287109374,287,7
2024-10-25 08:00:00,70.0,63.38473,-6.615268707275391,6.615268707275391,287,8
2024-10-25 09:00:00,60.0,54.887634,-5.11236572265625,5.11236572265625,287,9
2024-10-25 10:00:00,55.83,51.47799,-4.3520108032226545,4.3520108032226545,287,10
2024-10-25 11:00:00,54.0,44.45597,-9.544029235839844,9.544029235839844,287,11
2024-10-25 12:00:00,50.0,36.89514,-13.1048583984375,13.1048583984375,287,12
2024-10-25 13:00:00,42.0,31.805428,-10.194572448730469,10.194572448730469,287,13
2024-10-25 14:00:00,40.0,48.116047,8.116046905517578,8.116046905517578,287,14
2024-10-25 15:00:00,53.9,59.02773,5.1277290344238295,5.1277290344238295,287,15
2024-10-25 16:00:00,70.57,80.86756,10.297561340332038,10.297561340332038,287,16
2024-10-25 17:00:00,102.17,106.8995,4.729497985839842,4.729497985839842,287,17
2024-10-25 18:00:00,103.06,93.74333,-9.316668090820315,9.316668090820315,287,18
2024-10-25 19:00:00,85.37,84.04776,-1.3222399902343795,1.3222399902343795,287,19
2024-10-25 20:00:00,79.03,75.68797,-3.3420269775390636,3.3420269775390636,287,20
2024-10-25 21:00:00,74.0,67.4075,-6.592498779296875,6.592498779296875,287,21
2024-10-25 22:00:00,67.82,55.815434,-12.004566497802728,12.004566497802728,287,22
2024-10-25 23:00:00,56.29,46.865303,-9.424696960449218,9.424696960449218,287,23
2024-10-26 00:00:00,50.0,29.396284,-20.603715896606445,20.603715896606445,288,0
2024-10-26 01:00:00,42.76,25.970675,-16.78932548522949,16.78932548522949,288,1
2024-10-26 02:00:00,37.01,23.445786,-13.56421447753906,13.56421447753906,288,2
2024-10-26 03:00:00,41.94,25.564194,-16.37580627441406,16.37580627441406,288,3
2024-10-26 04:00:00,50.1,32.20623,-17.893769836425783,17.893769836425783,288,4
2024-10-26 05:00:00,56.5,38.479446,-18.020553588867188,18.020553588867188,288,5
2024-10-26 06:00:00,57.82,41.814484,-16.005516357421875,16.005516357421875,288,6
2024-10-26 07:00:00,65.56,46.5397,-19.020300445556643,19.020300445556643,288,7
2024-10-26 08:00:00,56.08,36.80355,-19.276449279785155,19.276449279785155,288,8
2024-10-26 09:00:00,45.06,29.178667,-15.881332931518557,15.881332931518557,288,9
2024-10-26 10:00:00,48.22,29.760614,-18.459385604858397,18.459385604858397,288,10
2024-10-26 11:00:00,53.84,26.643328,-27.196672286987308,27.196672286987308,288,11
2024-10-26 12:00:00,45.97,19.544365,-26.42563507080078,26.42563507080078,288,12
2024-10-26 13:00:00,46.02,14.942991,-31.077008743286136,31.077008743286136,288,13
2024-10-26 14:00:00,57.93,23.028324,-34.901675872802734,34.901675872802734,288,14
2024-10-26 15:00:00,48.04,39.574528,-8.465472259521484,8.465472259521484,288,15
2024-10-26 16:00:00,61.35,51.54313,-9.806871032714845,9.806871032714845,288,16
2024-10-26 17:00:00,99.02,85.899345,-13.120654602050777,13.120654602050777,288,17
2024-10-26 18:00:00,83.3,80.85807,-2.441929626464841,2.441929626464841,288,18
2024-10-26 19:00:00,59.59,64.60145,5.011448059082028,5.011448059082028,288,19
2024-10-26 20:00:00,68.22,61.468594,-6.7514064025878895,6.7514064025878895,288,20
2024-10-26 21:00:00,75.0,59.561913,-15.438087463378906,15.438087463378906,288,21
2024-10-26 22:00:00,87.71,46.316086,-41.393914184570306,41.393914184570306,288,22
2024-10-26 23:00:00,83.31,36.79221,-46.51779037475586,46.51779037475586,288,23
2024-10-27 00:00:00,82.23,27.64673,-54.58326957702637,54.58326957702637,289,0
2024-10-27 01:00:00,80.43,20.786663,-59.643336944580085,59.643336944580085,289,1
2024-10-27 02:00:00,44.38,18.232676,-26.14732444763184,26.14732444763184,289,2
2024-10-27 03:00:00,59.91,21.105848,-38.80415168762207,38.80415168762207,289,3
2024-10-27 04:00:00,52.93,32.209908,-20.72009246826172,20.72009246826172,289,4
2024-10-27 05:00:00,71.02,34.403816,-36.616183776855465,36.616183776855465,289,5
2024-10-27 06:00:00,86.24,35.36873,-50.87127136230468,50.87127136230468,289,6
2024-10-27 07:00:00,81.3,33.047012,-48.252987670898435,48.252987670898435,289,7
2024-10-27 08:00:00,64.36,30.574377,-33.785622940063476,33.785622940063476,289,8
2024-10-27 09:00:00,54.72,19.824644,-34.89535591125488,34.89535591125488,289,9
2024-10-27 10:00:00,42.5,20.341162,-22.158838272094727,22.158838272094727,289,10
2024-10-27 11:00:00,39.99,25.958582,-14.031418075561525,14.031418075561525,289,11
2024-10-27 12:00:00,40.0,14.377038,-25.62296199798584,25.62296199798584,289,12
2024-10-27 13:00:00,55.19,11.185117,-44.0048832321167,44.0048832321167,289,13
2024-10-27 14:00:00,44.99,26.342499,-18.647501220703127,18.647501220703127,289,14
2024-10-27 15:00:00,63.97,34.32419,-29.645811767578124,29.645811767578124,289,15
2024-10-27 16:00:00,81.25,46.663803,-34.58619689941406,34.58619689941406,289,16
2024-10-27 17:00:00,96.27,84.189865,-12.080134887695309,12.080134887695309,289,17
2024-10-27 18:00:00,128.7,68.704605,-59.995394897460926,59.995394897460926,289,18
2024-10-27 19:00:00,115.51,53.741165,-61.76883483886719,61.76883483886719,289,19
2024-10-27 20:00:00,107.36,54.295006,-53.064994201660156,53.064994201660156,289,20
2024-10-27 21:00:00,90.58,56.792137,-33.787862854003905,33.787862854003905,289,21
2024-10-27 22:00:00,102.99,48.083984,-54.906015624999995,54.906015624999995,289,22
2024-10-27 23:00:00,79.32,40.859474,-38.46052581787109,38.46052581787109,289,23
2024-10-28 00:00:00,50.31,74.56564,24.255643310546873,24.255643310546873,290,0
2024-10-28 01:00:00,49.0,71.82042,22.820419311523438,22.820419311523438,290,1
2024-10-28 02:00:00,43.1,58.500584,15.40058364868164,15.40058364868164,290,2
2024-10-28 03:00:00,43.92,66.07637,22.15637023925781,22.15637023925781,290,3
2024-10-28 04:00:00,49.2,77.61297,28.412968444824216,28.412968444824216,290,4
2024-10-28 05:00:00,65.78,100.38069,34.60069152832031,34.60069152832031,290,5
2024-10-28 06:00:00,86.74,109.87973,23.13973022460938,23.13973022460938,290,6
2024-10-28 07:00:00,98.94,103.794914,4.854914245605471,4.854914245605471,290,7
2024-10-28 08:00:00,79.06,87.75291,8.692906799316404,8.692906799316404,290,8
2024-10-28 09:00:00,69.39,82.10278,12.712783203125,12.712783203125,290,9
2024-10-28 10:00:00,65.76,73.03617,7.276170959472651,7.276170959472651,290,10
2024-10-28 11:00:00,64.6,72.70345,8.10345306396485,8.10345306396485,290,11
2024-10-28 12:00:00,65.41,68.2741,2.864101257324222,2.864101257324222,290,12
2024-10-28 13:00:00,70.23,78.16081,7.9308123779296835,7.9308123779296835,290,13
2024-10-28 14:00:00,83.74,76.397446,-7.342554321289057,7.342554321289057,290,14
2024-10-28 15:00:00,91.33,92.23803,0.9080294799804705,0.9080294799804705,290,15
2024-10-28 16:00:00,115.57,98.81917,-16.75083190917968,16.75083190917968,290,16
2024-10-28 17:00:00,150.0,115.68279,-34.31720733642578,34.31720733642578,290,17
2024-10-28 18:00:00,133.66,135.206,1.5459936523437534,1.5459936523437534,290,18
2024-10-28 19:00:00,115.73,121.88493,6.1549334716796835,6.1549334716796835,290,19
2024-10-28 20:00:00,110.49,108.63716,-1.8528387451171824,1.8528387451171824,290,20
2024-10-28 21:00:00,98.61,94.94497,-3.6650308227539057,3.6650308227539057,290,21
2024-10-28 22:00:00,90.33,99.39818,9.06817810058594,9.06817810058594,290,22
2024-10-28 23:00:00,70.0,79.257805,9.257804870605469,9.257804870605469,290,23
2024-10-29 00:00:00,65.14,56.106224,-9.033775939941407,9.033775939941407,291,0
2024-10-29 01:00:00,56.21,56.047966,-0.1620339965820321,0.1620339965820321,291,1
2024-10-29 02:00:00,49.28,48.34953,-0.9304707336425793,0.9304707336425793,291,2
2024-10-29 03:00:00,49.04,51.722958,2.6829576110839852,2.6829576110839852,291,3
2024-10-29 04:00:00,58.4,60.502243,2.102243041992189,2.102243041992189,291,4
2024-10-29 05:00:00,70.84,76.55693,5.716930541992184,5.716930541992184,291,5
2024-10-29 06:00:00,83.09,91.9544,8.864399108886715,8.864399108886715,291,6
2024-10-29 07:00:00,98.77,98.898125,0.12812469482422273,0.12812469482422273,291,7
2024-10-29 08:00:00,109.88,77.71133,-32.1686734008789,32.1686734008789,291,8
2024-10-29 09:00:00,106.4,69.004456,-37.395544433593756,37.395544433593756,291,9
2024-10-29 10:00:00,97.39,64.30719,-33.08281005859375,33.08281005859375,291,10
2024-10-29 11:00:00,94.83,64.18679,-30.643209533691405,30.643209533691405,291,11
2024-10-29 12:00:00,86.61,60.111973,-26.49802719116211,26.49802719116211,291,12
2024-10-29 13:00:00,82.91,62.151577,-20.758423004150387,20.758423004150387,291,13
2024-10-29 14:00:00,71.1,76.39401,5.294012451171881,5.294012451171881,291,14
2024-10-29 15:00:00,73.61,84.48178,10.871781005859376,10.871781005859376,291,15
2024-10-29 16:00:00,96.75,110.53447,13.784469604492188,13.784469604492188,291,16
2024-10-29 17:00:00,160.11,132.93655,-27.17344604492189,27.17344604492189,291,17
2024-10-29 18:00:00,150.79,129.38588,-21.40412048339843,21.40412048339843,291,18
2024-10-29 19:00:00,108.55,111.2728,2.722796630859378,2.722796630859378,291,19
2024-10-29 20:00:00,90.0,105.310715,15.310714721679688,15.310714721679688,291,20
2024-10-29 21:00:00,83.22,93.12181,9.901810913085939,9.901810913085939,291,21
2024-10-29 22:00:00,68.7,82.37572,13.675717163085935,13.675717163085935,291,22
2024-10-29 23:00:00,66.0,67.8647,1.8647003173828125,1.8647003173828125,291,23
2024-10-30 00:00:00,55.0,61.269558,6.269557952880859,6.269557952880859,292,0
2024-10-30 01:00:00,52.99,58.855072,5.865072021484373,5.865072021484373,292,1
2024-10-30 02:00:00,44.6,52.44776,7.84776153564453,7.84776153564453,292,2
2024-10-30 03:00:00,40.0,54.03819,14.038188934326172,14.038188934326172,292,3
2024-10-30 04:00:00,52.5,61.74674,9.24673843383789,9.24673843383789,292,4
2024-10-30 05:00:00,68.68,75.85051,7.170509643554681,7.170509643554681,292,5
2024-10-30 06:00:00,76.04,91.21816,15.178162536621087,15.178162536621087,292,6
2024-10-30 07:00:00,90.25,96.70647,6.4564666748046875,6.4564666748046875,292,7
2024-10-30 08:00:00,91.56,89.21075,-2.3492532348632835,2.3492532348632835,292,8
2024-10-30 09:00:00,69.7,89.726616,20.026615905761716,20.026615905761716,292,9
2024-10-30 10:00:00,69.57,85.54372,15.97371643066407,15.97371643066407,292,10
2024-10-30 11:00:00,73.05,76.85527,3.8052703857421903,3.8052703857421903,292,11
2024-10-30 12:00:00,73.52,73.97197,0.4519696044921915,0.4519696044921915,292,12
2024-10-30 13:00:00,69.57,67.59294,-1.9770587158203057,1.9770587158203057,292,13
2024-10-30 14:00:00,72.65,64.68429,-7.965711975097662,7.965711975097662,292,14
2024-10-30 15:00:00,86.81,70.01747,-16.79252868652344,16.79252868652344,292,15
2024-10-30 16:00:00,102.3,97.41517,-4.884831237792966,4.884831237792966,292,16
2024-10-30 17:00:00,145.0,131.81735,-13.182647705078125,13.182647705078125,292,17
2024-10-30 18:00:00,143.36,132.28577,-11.074233398437514,11.074233398437514,292,18
2024-10-30 19:00:00,107.19,104.705376,-2.484624328613279,2.484624328613279,292,19
2024-10-30 20:00:00,74.61,90.74323,16.133232727050782,16.133232727050782,292,20
2024-10-30 21:00:00,84.71,82.665726,-2.0442742919921812,2.0442742919921812,292,21
2024-10-30 22:00:00,88.01,66.46816,-21.54183746337891,21.54183746337891,292,22
2024-10-30 23:00:00,80.0,61.063786,-18.936214447021484,18.936214447021484,292,23
2024-10-31 00:00:00,76.79,53.656155,-23.133845367431647,23.133845367431647,293,0
2024-10-31 01:00:00,75.0,50.872486,-24.127513885498047,24.127513885498047,293,1
2024-10-31 02:00:00,72.59,47.531372,-25.058627929687503,25.058627929687503,293,2
2024-10-31 03:00:00,70.99,45.15753,-25.832468261718745,25.832468261718745,293,3
2024-10-31 04:00:00,77.0,57.931816,-19.06818389892578,19.06818389892578,293,4
2024-10-31 05:00:00,88.39,69.58398,-18.806023254394532,18.806023254394532,293,5
2024-10-31 06:00:00,117.05,85.26724,-31.782757568359372,31.782757568359372,293,6
2024-10-31 07:00:00,121.58,90.86255,-30.717451171875,30.717451171875,293,7
2024-10-31 08:00:00,102.8,91.29646,-11.503536987304685,11.503536987304685,293,8
2024-10-31 09:00:00,93.2,67.24284,-25.957156372070315,25.957156372070315,293,9
2024-10-31 10:00:00,85.04,64.027985,-21.01201538085938,21.01201538085938,293,10
2024-10-31 11:00:00,88.91,68.36594,-20.54406372070312,20.54406372070312,293,11
2024-10-31 12:00:00,85.31,67.343414,-17.966585693359377,17.966585693359377,293,12
2024-10-31 13:00:00,85.51,61.57341,-23.936589965820318,23.936589965820318,293,13
2024-10-31 14:00:00,95.5,69.78555,-25.714447021484375,25.714447021484375,293,14
2024-10-31 15:00:00,113.0,82.49107,-30.508926391601562,30.508926391601562,293,15
2024-10-31 16:00:00,130.0,100.75223,-29.247772216796875,29.247772216796875,293,16
2024-10-31 17:00:00,134.14,130.46269,-3.677307739257799,3.677307739257799,293,17
2024-10-31 18:00:00,124.95,127.30369,2.3536880493164034,2.3536880493164034,293,18
2024-10-31 19:00:00,111.31,101.26295,-10.047052917480471,10.047052917480471,293,19
2024-10-31 20:00:00,101.25,78.67271,-22.577293395996094,22.577293395996094,293,20
2024-10-31 21:00:00,104.64,83.40579,-21.234207763671876,21.234207763671876,293,21
2024-10-31 22:00:00,93.56,77.5088,-16.05120330810547,16.05120330810547,293,22
2024-10-31 23:00:00,86.48,68.81972,-17.66028259277344,17.66028259277344,293,23
2024-11-01 00:00:00,81.71,68.6623,-13.047699890136712,13.047699890136712,294,0
2024-11-01 01:00:00,75.0,65.316185,-9.683815002441406,9.683815002441406,294,1
2024-11-01 02:00:00,69.46,64.33182,-5.128182373046869,5.128182373046869,294,2
2024-11-01 03:00:00,66.94,63.871174,-3.0688261413574196,3.0688261413574196,294,3
2024-11-01 04:00:00,71.66,74.7994,3.139400329589847,3.139400329589847,294,4
2024-11-01 05:00:00,73.84,83.15505,9.31505218505859,9.31505218505859,294,5
2024-11-01 06:00:00,78.0,95.99569,17.995689392089844,17.995689392089844,294,6
2024-11-01 07:00:00,73.09,104.22745,31.13744750976562,31.13744750976562,294,7
2024-11-01 08:00:00,70.0,97.75192,27.751922607421875,27.751922607421875,294,8
2024-11-01 09:00:00,66.71,85.13426,18.424262084960944,18.424262084960944,294,9
2024-11-01 10:00:00,46.74,80.43562,33.69562316894531,33.69562316894531,294,10
2024-11-01 11:00:00,49.99,79.98486,29.994863281249998,29.994863281249998,294,11
2024-11-01 12:00:00,46.04,75.88371,29.84371276855469,29.84371276855469,294,12
2024-11-01 13:00:00,60.0,79.75731,19.757308959960938,19.757308959960938,294,13
2024-11-01 14:00:00,70.43,82.40648,11.97647888183593,11.97647888183593,294,14
2024-11-01 15:00:00,83.76,92.17215,8.41214965820312,8.41214965820312,294,15
2024-11-01 16:00:00,105.48,110.764786,5.2847857666015585,5.2847857666015585,294,16
2024-11-01 17:00:00,125.88,122.228424,-3.6515759277343705,3.6515759277343705,294,17
2024-11-01 18:00:00,120.01,115.66475,-4.345250854492193,4.345250854492193,294,18
2024-11-01 19:00:00,115.45,101.45783,-13.992167663574222,13.992167663574222,294,19
2024-11-01 20:00:00,106.37,88.58606,-17.783940429687505,17.783940429687505,294,20
2024-11-01 21:00:00,101.09,89.11968,-11.970317687988285,11.970317687988285,294,21
2024-11-01 22:00:00,93.92,80.12097,-13.799028320312502,13.799028320312502,294,22
2024-11-01 23:00:00,96.28,75.082016,-21.197984008789064,21.197984008789064,294,23
2024-11-03 00:00:00,91.36,77.78767,-13.572333679199218,13.572333679199218,296,0
2024-11-03 01:00:00,85.51,72.1081,-13.401899108886724,13.401899108886724,296,1
2024-11-03 02:00:00,85.0,63.845837,-21.154163360595703,21.154163360595703,296,2
2024-11-03 03:00:00,76.25,58.563232,-17.686767578125,17.686767578125,296,3
2024-11-03 04:00:00,75.12,57.877296,-17.2427035522461,17.2427035522461,296,4
2024-11-03 05:00:00,84.18,57.62995,-26.550048522949226,26.550048522949226,296,5
2024-11-03 06:00:00,87.14,67.898056,-19.241943969726563,19.241943969726563,296,6
2024-11-03 07:00:00,77.89,77.63378,-0.2562185668945318,0.2562185668945318,296,7
2024-11-03 08:00:00,58.13,84.695724,26.565724487304685,26.565724487304685,296,8
2024-11-03 09:00:00,51.29,59.64984,8.35984130859375,8.35984130859375,296,9
2024-11-03 10:00:00,47.86,54.255714,6.395714416503907,6.395714416503907,296,10
2024-11-03 11:00:00,52.63,50.153053,-2.4769467163085963,2.4769467163085963,296,11
2024-11-03 12:00:00,40.0,47.771225,7.7712249755859375,7.7712249755859375,296,12
2024-11-03 13:00:00,26.0,42.804203,16.804203033447266,16.804203033447266,296,13
2024-11-03 14:00:00,44.49,45.153477,0.6634767150878886,0.6634767150878886,296,14
2024-11-03 15:00:00,82.85,58.60451,-24.245488739013666,24.245488739013666,296,15
2024-11-03 16:00:00,99.91,73.61688,-26.293117675781247,26.293117675781247,296,16
2024-11-03 17:00:00,118.11,100.431175,-17.678824768066406,17.678824768066406,296,17
2024-11-03 18:00:00,114.01,112.184044,-1.8259561157226614,1.8259561157226614,296,18
2024-11-03 19:00:00,111.04,106.84862,-4.191382446289069,4.191382446289069,296,19
2024-11-03 20:00:00,102.54,98.229065,-4.310935058593756,4.310935058593756,296,20
2024-11-03 21:00:00,100.2,94.55181,-5.648188781738284,5.648188781738284,296,21
2024-11-03 22:00:00,95.24,88.26117,-6.978830566406245,6.978830566406245,296,22
2024-11-03 23:00:00,92.04,85.62736,-6.41264251708985,6.41264251708985,296,23
2024-11-04 00:00:00,89.96,86.29269,-3.66731353759765,3.66731353759765,297,0
2024-11-04 01:00:00,90.07,83.2117,-6.858299560546868,6.858299560546868,297,1
2024-11-04 02:00:00,83.82,83.95543,0.13542907714844432,0.13542907714844432,297,2
2024-11-04 03:00:00,85.36,77.219475,-8.14052520751953,8.14052520751953,297,3
2024-11-04 04:00:00,89.89,85.468254,-4.421745910644532,4.421745910644532,297,4
2024-11-04 05:00:00,104.14,97.905464,-6.234535827636719,6.234535827636719,297,5
2024-11-04 06:00:00,121.54,101.09689,-20.44310668945313,20.44310668945313,297,6
2024-11-04 07:00:00,124.08,100.46418,-23.615820007324217,23.615820007324217,297,7
2024-11-04 08:00:00,118.04,88.86967,-29.17033294677735,29.17033294677735,297,8
2024-11-04 09:00:00,99.88,77.74885,-22.131152038574214,22.131152038574214,297,9
2024-11-04 10:00:00,93.32,74.105286,-19.214714355468743,19.214714355468743,297,10
2024-11-04 11:00:00,91.39,72.95893,-18.43106903076172,18.43106903076172,297,11
2024-11-04 12:00:00,90.1,68.30188,-21.798120117187494,21.798120117187494,297,12
2024-11-04 13:00:00,92.4,55.267044,-37.13295593261719,37.13295593261719,297,13
2024-11-04 14:00:00,109.64,72.686356,-36.95364440917969,36.95364440917969,297,14
2024-11-04 15:00:00,120.94,88.09767,-32.842328491210935,32.842328491210935,297,15
2024-11-04 16:00:00,135.24,106.45455,-28.785448303222665,28.785448303222665,297,16
2024-11-04 17:00:00,160.54,127.725266,-32.814734497070305,32.814734497070305,297,17
2024-11-04 18:00:00,151.52,129.67769,-21.842311401367198,21.842311401367198,297,18
2024-11-04 19:00:00,123.0,120.61018,-2.3898162841796875,2.3898162841796875,297,19
2024-11-04 20:00:00,113.78,111.674,-2.1059963989257824,2.1059963989257824,297,20
2024-11-04 21:00:00,109.07,101.361336,-7.708664245605462,7.708664245605462,297,21
2024-11-04 22:00:00,99.43,90.76243,-8.6675717163086,8.6675717163086,297,22
2024-11-04 23:00:00,101.47,87.387665,-14.082335205078124,14.082335205078124,297,23
2024-11-05 00:00:00,94.0,83.09227,-10.907730102539062,10.907730102539062,298,0
2024-11-05 01:00:00,88.38,84.86952,-3.510477905273433,3.510477905273433,298,1
2024-11-05 02:00:00,80.34,83.05126,2.7112619018554653,2.7112619018554653,298,2
2024-11-05 03:00:00,83.31,82.35589,-0.9541116333007835,0.9541116333007835,298,3
2024-11-05 04:00:00,84.5,85.11172,0.6117172241210938,0.6117172241210938,298,4
2024-11-05 05:00:00,110.17,104.60689,-5.563112182617189,5.563112182617189,298,5
2024-11-05 06:00:00,124.09,119.60508,-4.484920349121097,4.484920349121097,298,6
2024-11-05 07:00:00,133.14,121.77298,-11.367020263671861,11.367020263671861,298,7
2024-11-05 08:00:00,118.23,113.77373,-4.4562725830078165,4.4562725830078165,298,8
2024-11-05 09:00:00,105.87,101.41851,-4.451489562988286,4.451489562988286,298,9
2024-11-05 10:00:00,95.28,95.124146,-0.15585449218750114,0.15585449218750114,298,10
2024-11-05 11:00:00,94.92,88.70692,-6.2130831909179705,6.2130831909179705,298,11
2024-11-05 12:00:00,99.25,86.343765,-12.906234741210938,12.906234741210938,298,12
2024-11-05 13:00:00,109.5,87.3072,-22.19280242919922,22.19280242919922,298,13
2024-11-05 14:00:00,111.33,98.42707,-12.902929382324217,12.902929382324217,298,14
2024-11-05 15:00:00,115.54,111.407616,-4.1323843383789125,4.1323843383789125,298,15
2024-11-05 16:00:00,132.5,130.49182,-2.0081787109375,2.0081787109375,298,16
2024-11-05 17:00:00,193.0,142.85611,-50.143890380859375,50.143890380859375,298,17
2024-11-05 18:00:00,186.2,140.96939,-45.230609130859364,45.230609130859364,298,18
2024-11-05 19:00:00,154.45,122.29498,-32.15501708984374,32.15501708984374,298,19
2024-11-05 20:00:00,124.41,114.769554,-9.640445861816403,9.640445861816403,298,20
2024-11-05 21:00:00,117.77,102.79701,-14.972987670898434,14.972987670898434,298,21
2024-11-05 22:00:00,110.03,95.44771,-14.582291870117189,14.582291870117189,298,22
2024-11-05 23:00:00,104.61,96.16974,-8.44026123046875,8.44026123046875,298,23
2024-11-06 00:00:00,99.05,89.86262,-9.187382507324216,9.187382507324216,299,0
2024-11-06 01:00:00,94.95,85.403984,-9.546015930175784,9.546015930175784,299,1
2024-11-06 02:00:00,87.87,80.58015,-7.289853210449223,7.289853210449223,299,2
2024-11-06 03:00:00,87.62,83.02592,-4.594082946777348,4.594082946777348,299,3
2024-11-06 04:00:00,100.63,87.597206,-13.03279388427734,13.03279388427734,299,4
2024-11-06 05:00:00,116.29,108.16811,-8.121886291503913,8.121886291503913,299,5
2024-11-06 06:00:00,125.01,119.11621,-5.893789062500005,5.893789062500005,299,6
2024-11-06 07:00:00,128.89,126.14335,-2.74665130615233,2.74665130615233,299,7
2024-11-06 08:00:00,123.47,112.922646,-10.547354431152343,10.547354431152343,299,8
2024-11-06 09:00:00,118.27,102.29507,-15.974933166503902,15.974933166503902,299,9
2024-11-06 10:00:00,115.76,88.92335,-26.836652526855474,26.836652526855474,299,10
2024-11-06 11:00:00,111.0,90.8327,-20.16729736328125,20.16729736328125,299,11
2024-11-06 12:00:00,114.66,96.144966,-18.515033874511715,18.515033874511715,299,12
2024-11-06 13:00:00,103.22,97.97074,-5.249258728027343,5.249258728027343,299,13
2024-11-06 14:00:00,104.78,107.19803,2.418028564453124,2.418028564453124,299,14
2024-11-06 15:00:00,105.8,116.657265,10.857264709472659,10.857264709472659,299,15
2024-11-06 16:00:00,128.03,131.65897,3.628966064453124,3.628966064453124,299,16
2024-11-06 17:00:00,171.89,168.10905,-3.780945434570299,3.780945434570299,299,17
2024-11-06 18:00:00,167.02,167.10307,0.08307312011717727,0.08307312011717727,299,18
2024-11-06 19:00:00,135.18,139.77412,4.594124145507806,4.594124145507806,299,19
2024-11-06 20:00:00,123.55,119.85899,-3.6910064697265597,3.6910064697265597,299,20
2024-11-06 21:00:00,117.39,110.08122,-7.308777465820313,7.308777465820313,299,21
2024-11-06 22:00:00,110.79,97.54776,-13.242239990234381,13.242239990234381,299,22
2024-11-06 23:00:00,100.35,98.03876,-2.3112426757812443,2.3112426757812443,299,23
2024-11-07 00:00:00,94.8,93.66072,-1.1392791748046847,1.1392791748046847,300,0
2024-11-07 01:00:00,94.01,94.04717,0.037172546386713634,0.037172546386713634,300,1
2024-11-07 02:00:00,88.07,81.408455,-6.661545104980462,6.661545104980462,300,2
2024-11-07 03:00:00,83.77,79.88557,-3.8844332885742148,3.8844332885742148,300,3
2024-11-07 04:00:00,90.96,94.26304,3.3030386352539125,3.3030386352539125,300,4
2024-11-07 05:00:00,107.24,113.341515,6.101514587402349,6.101514587402349,300,5
2024-11-07 06:00:00,122.76,122.28045,-0.47955108642578637,0.47955108642578637,300,6
2024-11-07 07:00:00,127.51,127.947334,0.43733428955077613,0.43733428955077613,300,7
2024-11-07 08:00:00,120.04,116.11453,-3.9254675292968813,3.9254675292968813,300,8
2024-11-07 09:00:00,105.6,111.10264,5.502638244628912,5.502638244628912,300,9
2024-11-07 10:00:00,101.61,105.75076,4.140762939453126,4.140762939453126,300,10
2024-11-07 11:00:00,106.18,99.03178,-7.148223571777351,7.148223571777351,300,11
2024-11-07 12:00:00,90.0,106.57411,16.574111938476562,16.574111938476562,300,12
2024-11-07 13:00:00,92.0,99.65113,7.651130676269531,7.651130676269531,300,13
2024-11-07 14:00:00,106.87,103.38693,-3.4830676269531295,3.4830676269531295,300,14
2024-11-07 15:00:00,119.16,106.72311,-12.436893615722653,12.436893615722653,300,15
2024-11-07 16:00:00,122.98,127.38175,4.401752014160152,4.401752014160152,300,16
2024-11-07 17:00:00,151.49,155.46413,3.9741265869140534,3.9741265869140534,300,17
2024-11-07 18:00:00,144.66,153.04239,8.382388916015628,8.382388916015628,300,18
2024-11-07 19:00:00,130.99,128.73528,-2.2547247314453216,2.2547247314453216,300,19
2024-11-07 20:00:00,114.11,117.35706,3.247063293457032,3.247063293457032,300,20
2024-11-07 21:00:00,112.06,110.19966,-1.8603387451171898,1.8603387451171898,300,21
2024-11-07 22:00:00,100.23,100.953545,0.7235446166992148,0.7235446166992148,300,22
2024-11-07 23:00:00,100.01,93.29483,-6.71516967773438,6.71516967773438,300,23
2024-11-08 00:00:00,96.76,89.205696,-7.554303894042974,7.554303894042974,301,0
2024-11-08 01:00:00,91.48,87.93004,-3.5499615478515665,3.5499615478515665,301,1
2024-11-08 02:00:00,88.16,82.98048,-5.179523620605465,5.179523620605465,301,2
2024-11-08 03:00:00,89.5,82.8314,-6.668601989746094,6.668601989746094,301,3
2024-11-08 04:00:00,95.55,90.90538,-4.64461975097656,4.64461975097656,301,4
2024-11-08 05:00:00,109.8,107.20274,-2.5972564697265597,2.5972564697265597,301,5
2024-11-08 06:00:00,126.56,113.447754,-13.112246093750002,13.112246093750002,301,6
2024-11-08 07:00:00,130.37,122.08088,-8.289120788574223,8.289120788574223,301,7
2024-11-08 08:00:00,124.1,108.304214,-15.795785522460932,15.795785522460932,301,8
2024-11-08 09:00:00,117.34,100.888855,-16.451145019531253,16.451145019531253,301,9
2024-11-08 10:00:00,110.94,98.223724,-12.716275634765623,12.716275634765623,301,10
2024-11-08 11:00:00,105.59,97.929695,-7.660304870605472,7.660304870605472,301,11
2024-11-08 12:00:00,106.81,87.81429,-18.99570709228516,18.99570709228516,301,12
2024-11-08 13:00:00,112.53,90.87986,-21.650140075683595,21.650140075683595,301,13
2024-11-08 14:00:00,122.8,100.0849,-22.715100097656247,22.715100097656247,301,14
2024-11-08 15:00:00,127.74,108.46639,-19.27360748291015,19.27360748291015,301,15
2024-11-08 16:00:00,129.88,120.28208,-9.59791839599609,9.59791839599609,301,16
2024-11-08 17:00:00,133.58,134.13858,0.5585803222656125,0.5585803222656125,301,17
2024-11-08 18:00:00,127.86,131.31165,3.4516455078125006,3.4516455078125006,301,18
2024-11-08 19:00:00,116.39,128.03957,11.649566040039062,11.649566040039062,301,19
2024-11-08 20:00:00,110.07,113.60503,3.5350262451171943,3.5350262451171943,301,20
2024-11-08 21:00:00,113.0,109.1241,-3.8759002685546875,3.8759002685546875,301,21
2024-11-08 22:00:00,104.06,102.19824,-1.8617578125000023,1.8617578125000023,301,22
2024-11-08 23:00:00,105.1,97.97195,-7.128053283691401,7.128053283691401,301,23
2024-11-09 00:00:00,99.96,87.07333,-12.886666259765619,12.886666259765619,302,0
2024-11-09 01:00:00,98.0,82.68973,-15.310272216796875,15.310272216796875,302,1
2024-11-09 02:00:00,96.68,77.477356,-19.202644042968757,19.202644042968757,302,2
2024-11-09 03:00:00,98.41,77.66385,-20.74615112304687,20.74615112304687,302,3
2024-11-09 04:00:00,100.17,80.22237,-19.94763366699219,19.94763366699219,302,4
2024-11-09 05:00:00,104.31,91.19567,-13.114328918457034,13.114328918457034,302,5
2024-11-09 06:00:00,109.87,101.00292,-8.867077941894536,8.867077941894536,302,6
2024-11-09 07:00:00,114.1,106.033035,-8.066964721679682,8.066964721679682,302,7
2024-11-09 08:00:00,114.6,101.151794,-13.448205566406244,13.448205566406244,302,8
2024-11-09 09:00:00,109.97,98.05222,-11.917776794433593,11.917776794433593,302,9
2024-11-09 10:00:00,106.4,93.33683,-13.06316986083985,13.06316986083985,302,10
2024-11-09 11:00:00,106.88,90.92483,-15.955172424316402,15.955172424316402,302,11
2024-11-09 12:00:00,108.0,88.843506,-19.156494140625,19.156494140625,302,12
2024-11-09 13:00:00,110.18,92.423256,-17.75674407958985,17.75674407958985,302,13
2024-11-09 14:00:00,112.45,101.81056,-10.63943786621094,10.63943786621094,302,14
2024-11-09 15:00:00,114.08,110.25807,-3.821928100585936,3.821928100585936,302,15
2024-11-09 16:00:00,130.04,118.38414,-11.655859985351555,11.655859985351555,302,16
2024-11-09 17:00:00,133.34,124.962296,-8.377704467773441,8.377704467773441,302,17
2024-11-09 18:00:00,134.86,122.21512,-12.644881591796889,12.644881591796889,302,18
2024-11-09 19:00:00,128.32,113.41953,-14.900467224121087,14.900467224121087,302,19
2024-11-09 20:00:00,117.96,106.55449,-11.405510864257806,11.405510864257806,302,20
2024-11-09 21:00:00,114.53,107.16214,-7.367860107421876,7.367860107421876,302,21
2024-11-09 22:00:00,110.1,100.95148,-9.148522949218744,9.148522949218744,302,22
2024-11-09 23:00:00,104.99,100.903946,-4.086054077148432,4.086054077148432,302,23
2024-11-10 00:00:00,102.28,95.175766,-7.104234008789064,7.104234008789064,303,0
2024-11-10 01:00:00,97.69,94.35003,-3.339971008300779,3.339971008300779,303,1
2024-11-10 02:00:00,92.52,94.3939,1.8738980102539102,1.8738980102539102,303,2
2024-11-10 03:00:00,90.0,95.40823,5.408233642578125,5.408233642578125,303,3
2024-11-10 04:00:00,89.18,95.771126,6.591125793457024,6.591125793457024,303,4
2024-11-10 05:00:00,95.09,98.545425,3.455425415039059,3.455425415039059,303,5
2024-11-10 06:00:00,102.45,102.00689,-0.4431106567382841,0.4431106567382841,303,6
2024-11-10 07:00:00,97.95,102.60648,4.656483459472653,4.656483459472653,303,7
2024-11-10 08:00:00,110.49,103.890816,-6.599184265136714,6.599184265136714,303,8
2024-11-10 09:00:00,109.74,94.50834,-15.231661071777339,15.231661071777339,303,9
2024-11-10 10:00:00,110.13,89.644775,-20.485224609374995,20.485224609374995,303,10
2024-11-10 11:00:00,110.92,87.51964,-23.400361938476564,23.400361938476564,303,11
2024-11-10 12:00:00,106.3,85.04732,-21.252682495117185,21.252682495117185,303,12
2024-11-10 13:00:00,103.24,87.55363,-15.686372985839839,15.686372985839839,303,13
2024-11-10 14:00:00,89.2,96.63858,7.438580322265622,7.438580322265622,303,14
2024-11-10 15:00:00,97.14,103.753654,6.613654479980468,6.613654479980468,303,15
2024-11-10 16:00:00,116.0,120.71165,4.711647033691406,4.711647033691406,303,16
2024-11-10 17:00:00,127.99,128.70476,0.7147576904296926,0.7147576904296926,303,17
2024-11-10 18:00:00,128.02,129.18317,1.1631665039062398,1.1631665039062398,303,18
2024-11-10 19:00:00,125.31,122.41899,-2.8910089111328148,2.8910089111328148,303,19
2024-11-10 20:00:00,115.28,110.194885,-5.085114746093751,5.085114746093751,303,20
2024-11-10 21:00:00,111.1,109.2616,-1.8384033203124943,1.8384033203124943,303,21
2024-11-10 22:00:00,108.02,97.15564,-10.864360351562496,10.864360351562496,303,22
2024-11-10 23:00:00,109.0,97.578636,-11.421363830566406,11.421363830566406,303,23
2024-11-11 00:00:00,101.71,102.67714,0.9671392822265688,0.9671392822265688,304,0
2024-11-11 01:00:00,99.39,87.69684,-11.69316162109375,11.69316162109375,304,1
2024-11-11 02:00:00,85.38,82.851776,-2.5282238769531205,2.5282238769531205,304,2
2024-11-11 03:00:00,80.66,76.38105,-4.278949890136715,4.278949890136715,304,3
2024-11-11 04:00:00,80.2,85.98473,5.784733581542966,5.784733581542966,304,4
2024-11-11 05:00:00,84.1,112.64741,28.547407531738287,28.547407531738287,304,5
2024-11-11 06:00:00,105.72,121.2652,15.545197753906251,15.545197753906251,304,6
2024-11-11 07:00:00,109.0,116.37328,7.373283386230469,7.373283386230469,304,7
2024-11-11 08:00:00,109.75,118.260544,8.510543823242188,8.510543823242188,304,8
2024-11-11 09:00:00,100.16,106.42108,6.261081542968753,6.261081542968753,304,9
2024-11-11 10:00:00,97.2,110.54633,13.346333312988278,13.346333312988278,304,10
2024-11-11 11:00:00,107.61,108.915405,1.3054052734375006,1.3054052734375006,304,11
2024-11-11 12:00:00,94.99,100.40092,5.410917053222661,5.410917053222661,304,12
2024-11-11 13:00:00,89.86,97.56031,7.700310363769532,7.700310363769532,304,13
2024-11-11 14:00:00,96.94,95.90439,-1.0356115722656227,1.0356115722656227,304,14
2024-11-11 15:00:00,95.25,110.49445,15.244453430175781,15.244453430175781,304,15
2024-11-11 16:00:00,108.14,131.31894,23.178939208984374,23.178939208984374,304,16
2024-11-11 17:00:00,127.98,137.41002,9.430018920898434,9.430018920898434,304,17
2024-11-11 18:00:00,120.06,138.63474,18.574735107421873,18.574735107421873,304,18
2024-11-11 19:00:00,109.69,130.15593,20.46592956542969,20.46592956542969,304,19
2024-11-11 20:00:00,96.73,122.53668,25.806682128906246,25.806682128906246,304,20
2024-11-11 21:00:00,88.92,116.32444,27.404440002441405,27.404440002441405,304,21
2024-11-11 22:00:00,98.84,106.52672,7.686718139648434,7.686718139648434,304,22
2024-11-11 23:00:00,109.11,103.663155,-5.446845397949218,5.446845397949218,304,23
2024-11-12 00:00:00,97.07,96.312485,-0.7575152587890557,0.7575152587890557,305,0
2024-11-12 01:00:00,89.14,92.23552,3.095519409179687,3.095519409179687,305,1
2024-11-12 02:00:00,49.09,83.57639,34.4863931274414,34.4863931274414,305,2
2024-11-12 03:00:00,31.24,81.925674,50.68567443847657,50.68567443847657,305,3
2024-11-12 04:00:00,65.26,89.34368,24.083681335449214,24.083681335449214,305,4
2024-11-12 05:00:00,100.59,101.03524,0.44524017333984034,0.44524017333984034,305,5
2024-11-12 06:00:00,111.94,115.62446,3.6844583129882835,3.6844583129882835,305,6
2024-11-12 07:00:00,114.39,115.86482,1.474822387695312,1.474822387695312,305,7
2024-11-12 08:00:00,118.28,113.0312,-5.24880340576172,5.24880340576172,305,8
2024-11-12 09:00:00,95.44,108.66866,13.228663024902346,13.228663024902346,305,9
2024-11-12 10:00:00,98.1,106.1501,8.050100708007818,8.050100708007818,305,10
2024-11-12 11:00:00,107.31,110.13684,2.8268408203124977,2.8268408203124977,305,11
2024-11-12 12:00:00,100.37,99.82176,-0.548237915039067,0.548237915039067,305,12
2024-11-12 13:00:00,94.98,94.46115,-0.518848876953129,0.518848876953129,305,13
2024-11-12 14:00:00,101.64,100.613014,-1.0269857788085943,1.0269857788085943,305,14
2024-11-12 15:00:00,106.47,102.062744,-4.407255859374999,4.407255859374999,305,15
2024-11-12 16:00:00,122.96,118.72867,-4.231331787109369,4.231331787109369,305,16
2024-11-12 17:00:00,150.04,134.05658,-15.983420410156242,15.983420410156242,305,17
2024-11-12 18:00:00,143.3,128.4758,-14.824200439453136,14.824200439453136,305,18
2024-11-12 19:00:00,128.86,117.72683,-11.13317047119142,11.13317047119142,305,19
2024-11-12 20:00:00,120.28,107.69195,-12.588052062988282,12.588052062988282,305,20
2024-11-12 21:00:00,119.92,97.04559,-22.87440673828125,22.87440673828125,305,21
2024-11-12 22:00:00,113.87,101.97483,-11.895169372558598,11.895169372558598,305,22
2024-11-12 23:00:00,100.13,102.67191,2.541913146972661,2.541913146972661,305,23
2024-11-13 00:00:00,99.47,97.36594,-2.104063720703124,2.104063720703124,306,0
2024-11-13 01:00:00,99.12,90.19673,-8.923268432617192,8.923268432617192,306,1
2024-11-13 02:00:00,95.33,66.896774,-28.43322570800781,28.43322570800781,306,2
2024-11-13 03:00:00,91.82,58.546345,-33.273655242919915,33.273655242919915,306,3
2024-11-13 04:00:00,94.9,77.281944,-17.618055725097662,17.618055725097662,306,4
2024-11-13 05:00:00,108.68,108.07345,-0.6065518188476631,0.6065518188476631,306,5
2024-11-13 06:00:00,136.71,118.17063,-18.5393685913086,18.5393685913086,306,6
2024-11-13 07:00:00,144.11,120.41082,-23.699179992675795,23.699179992675795,306,7
2024-11-13 08:00:00,142.15,120.64507,-21.504927062988287,21.504927062988287,306,8
2024-11-13 09:00:00,131.23,107.47552,-23.75448272705077,23.75448272705077,306,9
2024-11-13 10:00:00,127.0,108.16391,-18.836090087890625,18.836090087890625,306,10
2024-11-13 11:00:00,124.06,110.934364,-13.125635681152346,13.125635681152346,306,11
2024-11-13 12:00:00,105.94,103.74022,-2.1997808837890602,2.1997808837890602,306,12
2024-11-13 13:00:00,115.73,96.15057,-19.579426269531254,19.579426269531254,306,13
2024-11-13 14:00:00,139.01,100.07551,-38.93449188232421,38.93449188232421,306,14
2024-11-13 15:00:00,124.98,105.168655,-19.81134460449219,19.81134460449219,306,15
2024-11-13 16:00:00,162.52,124.55331,-37.96669342041017,37.96669342041017,306,16
2024-11-13 17:00:00,179.09,146.4803,-32.60969909667969,32.60969909667969,306,17
2024-11-13 18:00:00,162.47,141.06026,-21.409743041992186,21.409743041992186,306,18
2024-11-13 19:00:00,134.08,129.31981,-4.760191040039075,4.760191040039075,306,19
2024-11-13 20:00:00,119.8,113.82654,-5.973461914062497,5.973461914062497,306,20
2024-11-13 21:00:00,115.88,108.90495,-6.975046997070308,6.975046997070308,306,21
2024-11-13 22:00:00,107.79,105.32789,-2.462111511230475,2.462111511230475,306,22
2024-11-13 23:00:00,102.85,99.86273,-2.9872680664062443,2.9872680664062443,306,23
2024-11-15 00:00:00,107.31,99.083466,-8.226534423828127,8.226534423828127,308,0
2024-11-15 01:00:00,107.43,93.21257,-14.21742980957032,14.21742980957032,308,1
2024-11-15 02:00:00,104.05,89.07623,-14.973767089843747,14.973767089843747,308,2
2024-11-15 03:00:00,104.81,80.28501,-24.524988708496096,24.524988708496096,308,3
2024-11-15 04:00:00,109.55,87.75612,-21.793881225585935,21.793881225585935,308,4
2024-11-15 05:00:00,130.98,100.09043,-30.889568786621084,30.889568786621084,308,5
2024-11-15 06:00:00,148.04,112.934654,-35.10534576416015,35.10534576416015,308,6
2024-11-15 07:00:00,160.85,124.839165,-36.010835266113276,36.010835266113276,308,7
2024-11-15 08:00:00,145.06,127.29777,-17.762232360839846,17.762232360839846,308,8
2024-11-15 09:00:00,131.25,122.76221,-8.48779296875,8.48779296875,308,9
2024-11-15 10:00:00,125.6,119.786415,-5.813584899902338,5.813584899902338,308,10
2024-11-15 11:00:00,120.47,117.121475,-3.3485247802734364,3.3485247802734364,308,11
2024-11-15 12:00:00,119.54,117.00314,-2.5368566894531313,2.5368566894531313,308,12
2024-11-15 13:00:00,120.0,112.18618,-7.813819885253906,7.813819885253906,308,13
2024-11-15 14:00:00,119.55,121.008736,1.458735656738284,1.458735656738284,308,14
2024-11-15 15:00:00,128.7,128.73395,0.03394775390626137,0.03394775390626137,308,15
2024-11-15 16:00:00,139.68,135.29161,-4.388389282226569,4.388389282226569,308,16
2024-11-15 17:00:00,138.66,140.62239,1.962390747070316,1.962390747070316,308,17
2024-11-15 18:00:00,134.05,137.83,3.780001831054676,3.780001831054676,308,18
2024-11-15 19:00:00,121.81,126.84849,5.038487854003904,5.038487854003904,308,19
2024-11-15 20:00:00,118.27,118.85707,0.5870709228515665,0.5870709228515665,308,20
2024-11-15 21:00:00,122.0,114.20619,-7.7938079833984375,7.7938079833984375,308,21
2024-11-15 22:00:00,111.71,108.54456,-3.1654367065429625,3.1654367065429625,308,22
2024-11-15 23:00:00,104.59,105.65815,1.0681497192382778,1.0681497192382778,308,23
2024-11-16 00:00:00,99.0,102.014145,3.0141448974609375,3.0141448974609375,309,0
2024-11-16 01:00:00,94.5,98.97973,4.479728698730469,4.479728698730469,309,1
2024-11-16 02:00:00,92.28,98.64037,6.360373229980468,6.360373229980468,309,2
2024-11-16 03:00:00,92.37,96.54529,4.1752880859374955,4.1752880859374955,309,3
2024-11-16 04:00:00,91.98,94.90543,2.9254336547851523,2.9254336547851523,309,4
2024-11-16 05:00:00,93.99,106.629776,12.639776000976568,12.639776000976568,309,5
2024-11-16 06:00:00,104.52,124.63383,20.11382720947266,20.11382720947266,309,6
2024-11-16 07:00:00,114.32,135.2358,20.91579406738282,20.91579406738282,309,7
2024-11-16 08:00:00,116.0,131.30612,15.306121826171875,15.306121826171875,309,8
2024-11-16 09:00:00,112.2,124.301094,12.101094055175778,12.101094055175778,309,9
2024-11-16 10:00:00,104.0,122.86493,18.86492919921875,18.86492919921875,309,10
2024-11-16 11:00:00,101.49,116.39909,14.909093627929693,14.909093627929693,309,11
2024-11-16 12:00:00,99.54,112.99731,13.457306823730462,13.457306823730462,309,12
2024-11-16 13:00:00,101.51,107.71417,6.204172363281245,6.204172363281245,309,13
2024-11-16 14:00:00,109.05,110.89856,1.8485595703125028,1.8485595703125028,309,14
2024-11-16 15:00:00,120.64,125.76791,5.127906188964843,5.127906188964843,309,15
2024-11-16 16:00:00,131.22,128.69333,-2.526671142578124,2.526671142578124,309,16
2024-11-16 17:00:00,134.0,131.43878,-2.56121826171875,2.56121826171875,309,17
2024-11-16 18:00:00,128.91,130.58185,1.6718481445312534,1.6718481445312534,309,18
2024-11-16 19:00:00,111.18,118.12735,6.947349853515618,6.947349853515618,309,19
2024-11-16 20:00:00,100.83,114.118095,13.28809539794922,13.28809539794922,309,20
2024-11-16 21:00:00,106.33,114.321915,7.991914672851564,7.991914672851564,309,21
2024-11-16 22:00:00,107.29,105.7629,-1.5270986938476625,1.5270986938476625,309,22
2024-11-16 23:00:00,90.25,101.82847,11.578468322753906,11.578468322753906,309,23
2024-11-17 00:00:00,82.16,91.19476,9.034763183593753,9.034763183593753,310,0
2024-11-17 01:00:00,79.81,83.29868,3.488683166503904,3.488683166503904,310,1
2024-11-17 02:00:00,67.92,82.94257,15.02257354736328,15.02257354736328,310,2
2024-11-17 03:00:00,54.17,80.37503,26.205030517578123,26.205030517578123,310,3
2024-11-17 04:00:00,50.05,84.54472,34.49472351074219,34.49472351074219,310,4
2024-11-17 05:00:00,56.34,85.15352,28.81351867675781,28.81351867675781,310,5
2024-11-17 06:00:00,71.3,93.12286,21.822863769531253,21.822863769531253,310,6
2024-11-17 07:00:00,81.35,102.94506,21.595060729980474,21.595060729980474,310,7
2024-11-17 08:00:00,95.63,106.38035,10.75034820556641,10.75034820556641,310,8
2024-11-17 09:00:00,87.79,101.24588,13.455880126953119,13.455880126953119,310,9
2024-11-17 10:00:00,89.09,92.42384,3.333843383789059,3.333843383789059,310,10
2024-11-17 11:00:00,92.68,91.42234,-1.2576596069336006,1.2576596069336006,310,11
2024-11-17 12:00:00,87.79,87.19405,-0.5959463500976625,0.5959463500976625,310,12
2024-11-17 13:00:00,74.29,92.14113,17.851128540039056,17.851128540039056,310,13
2024-11-17 14:00:00,94.51,97.10689,2.5968878173828074,2.5968878173828074,310,14
2024-11-17 15:00:00,97.03,111.14586,14.115858764648436,14.115858764648436,310,15
2024-11-17 16:00:00,119.04,125.508965,6.4689645385742125,6.4689645385742125,310,16
2024-11-17 17:00:00,135.43,128.13342,-7.296577148437507,7.296577148437507,310,17
2024-11-17 18:00:00,132.42,123.65719,-8.762811584472644,8.762811584472644,310,18
2024-11-17 19:00:00,107.32,109.46685,2.1468502807617256,2.1468502807617256,310,19
2024-11-17 20:00:00,103.7,99.99009,-3.7099105834960966,3.7099105834960966,310,20
2024-11-17 21:00:00,103.45,98.24111,-5.208888244628909,5.208888244628909,310,21
2024-11-17 22:00:00,106.47,95.64306,-10.82694122314453,10.82694122314453,310,22
2024-11-17 23:00:00,92.81,76.18295,-16.627047119140627,16.627047119140627,310,23
2024-11-18 00:00:00,85.31,68.664055,-16.645945129394534,16.645945129394534,311,0
2024-11-18 01:00:00,76.48,63.724808,-12.755192260742191,12.755192260742191,311,1
2024-11-18 02:00:00,61.78,62.316204,0.5362040710449207,0.5362040710449207,311,2
2024-11-18 03:00:00,69.96,51.104786,-18.85521408081054,18.85521408081054,311,3
2024-11-18 04:00:00,85.52,53.35168,-32.16831924438476,32.16831924438476,311,4
2024-11-18 05:00:00,105.2,70.33028,-34.86972351074219,34.86972351074219,311,5
2024-11-18 06:00:00,126.75,77.512695,-49.2373046875,49.2373046875,311,6
2024-11-18 07:00:00,126.2,95.978065,-30.221934509277347,30.221934509277347,311,7
2024-11-18 08:00:00,122.92,103.79585,-19.12414733886719,19.12414733886719,311,8
2024-11-18 09:00:00,117.69,88.359825,-29.330174865722654,29.330174865722654,311,9
2024-11-18 10:00:00,107.55,86.57884,-20.97115783691406,20.97115783691406,311,10
2024-11-18 11:00:00,107.35,91.76531,-15.584687805175776,15.584687805175776,311,11
2024-11-18 12:00:00,109.4,88.52278,-20.877218627929693,20.877218627929693,311,12
2024-11-18 13:00:00,116.51,82.06249,-34.447507629394536,34.447507629394536,311,13
2024-11-18 14:00:00,130.98,102.17453,-28.805469970703115,28.805469970703115,311,14
2024-11-18 15:00:00,139.98,110.628815,-29.351185302734365,29.351185302734365,311,15
2024-11-18 16:00:00,154.69,131.42477,-23.265225830078123,23.265225830078123,311,16
2024-11-18 17:00:00,168.2,137.9941,-30.205905151367176,30.205905151367176,311,17
2024-11-18 18:00:00,158.23,131.6382,-26.591801147460927,26.591801147460927,311,18
2024-11-18 19:00:00,128.94,116.34943,-12.590573730468748,12.590573730468748,311,19
2024-11-18 20:00:00,117.62,103.226974,-14.393025512695317,14.393025512695317,311,20
2024-11-18 21:00:00,116.35,107.12408,-9.225923156738276,9.225923156738276,311,21
2024-11-18 22:00:00,106.59,103.01995,-3.5700491333007847,3.5700491333007847,311,22
2024-11-18 23:00:00,76.34,84.81534,8.475338134765622,8.475338134765622,311,23
2024-11-19 00:00:00,68.54,96.48798,27.947983703613275,27.947983703613275,312,0
2024-11-19 01:00:00,31.75,85.63533,53.88533020019531,53.88533020019531,312,1
2024-11-19 02:00:00,6.27,75.45032,69.1803173828125,69.1803173828125,312,2
2024-11-19 03:00:00,2.79,76.16638,73.3763818359375,73.3763818359375,312,3
2024-11-19 04:00:00,30.28,94.68282,64.40282318115234,64.40282318115234,312,4
2024-11-19 05:00:00,78.39,112.236664,33.846663818359374,33.846663818359374,312,5
2024-11-19 06:00:00,105.53,131.37138,25.841383666992186,25.841383666992186,312,6
2024-11-19 07:00:00,102.49,133.8176,31.32759643554688,31.32759643554688,312,7
2024-11-19 08:00:00,112.85,130.04585,17.195852661132818,17.195852661132818,312,8
2024-11-19 09:00:00,100.92,125.33849,24.418493347167967,24.418493347167967,312,9
2024-11-19 10:00:00,93.94,113.41944,19.479441223144534,19.479441223144534,312,10
2024-11-19 11:00:00,99.86,108.75407,8.894066467285157,8.894066467285157,312,11
2024-11-19 12:00:00,89.03,111.07471,22.04470703125,22.04470703125,312,12
2024-11-19 13:00:00,96.63,115.01368,18.383679504394536,18.383679504394536,312,13
2024-11-19 14:00:00,100.0,124.21479,24.21479034423828,24.21479034423828,312,14
2024-11-19 15:00:00,103.88,129.73285,25.852849121093755,25.852849121093755,312,15
2024-11-19 16:00:00,122.77,149.62962,26.85962341308594,26.85962341308594,312,16
2024-11-19 17:00:00,135.93,171.4806,35.550606079101556,35.550606079101556,312,17
2024-11-19 18:00:00,127.51,164.13063,36.62063049316406,36.62063049316406,312,18
2024-11-19 19:00:00,117.31,135.0992,17.78919738769531,17.78919738769531,312,19
2024-11-19 20:00:00,103.58,120.577415,16.997415466308595,16.997415466308595,312,20
2024-11-19 21:00:00,106.22,116.22579,10.005791931152345,10.005791931152345,312,21
2024-11-19 22:00:00,90.52,110.41406,19.894062500000004,19.894062500000004,312,22
2024-11-19 23:00:00,102.01,87.37593,-14.634069213867193,14.634069213867193,312,23
2024-11-20 00:00:00,88.78,67.984856,-20.795144348144532,20.795144348144532,313,0
2024-11-20 01:00:00,86.03,53.19897,-32.83102920532227,32.83102920532227,313,1
2024-11-20 02:00:00,81.5,51.669674,-29.830326080322266,29.830326080322266,313,2
2024-11-20 03:00:00,76.15,44.33933,-31.810671234130865,31.810671234130865,313,3
2024-11-20 04:00:00,83.79,53.19009,-30.599909820556647,30.599909820556647,313,4
2024-11-20 05:00:00,101.73,87.9404,-13.789600830078129,13.789600830078129,313,5
2024-11-20 06:00:00,122.21,107.44682,-14.763176879882806,14.763176879882806,313,6
2024-11-20 07:00:00,142.87,108.30122,-34.56877624511719,34.56877624511719,313,7
2024-11-20 08:00:00,139.53,112.87796,-26.652039794921876,26.652039794921876,313,8
2024-11-20 09:00:00,112.02,106.81801,-5.2019915771484335,5.2019915771484335,313,9
2024-11-20 10:00:00,107.0,100.92589,-6.0741119384765625,6.0741119384765625,313,10
2024-11-20 11:00:00,97.26,104.99659,7.736589660644526,7.736589660644526,313,11
2024-11-20 12:00:00,96.88,95.6097,-1.2702969360351517,1.2702969360351517,313,12
2024-11-20 13:00:00,104.26,101.532196,-2.72780395507813,2.72780395507813,313,13
2024-11-20 14:00:00,117.83,102.55249,-15.277509765624998,15.277509765624998,313,14
2024-11-20 15:00:00,129.7,106.83356,-22.86644287109374,22.86644287109374,313,15
2024-11-20 16:00:00,142.51,120.53009,-21.97990966796874,21.97990966796874,313,16
2024-11-20 17:00:00,143.18,139.83199,-3.3480145263671943,3.3480145263671943,313,17
2024-11-20 18:00:00,141.56,128.29893,-13.261065063476565,13.261065063476565,313,18
2024-11-20 19:00:00,135.98,110.92615,-25.05385253906249,25.05385253906249,313,19
2024-11-20 20:00:00,124.63,102.45708,-22.172922973632808,22.172922973632808,313,20
2024-11-20 21:00:00,117.5,100.04113,-17.45886993408203,17.45886993408203,313,21
2024-11-20 22:00:00,103.5,90.82446,-12.675537109375,12.675537109375,313,22
2024-11-20 23:00:00,93.96,96.1487,2.1886968994140688,2.1886968994140688,313,23
2024-11-21 00:00:00,90.4,90.20315,-0.19685211181641193,0.19685211181641193,314,0
2024-11-21 01:00:00,86.8,88.003334,1.203334045410159,1.203334045410159,314,1
2024-11-21 02:00:00,84.15,81.13771,-3.012289428710943,3.012289428710943,314,2
2024-11-21 03:00:00,84.23,74.687675,-9.542324523925785,9.542324523925785,314,3
2024-11-21 04:00:00,94.45,87.12444,-7.325556945800784,7.325556945800784,314,4
2024-11-21 05:00:00,111.46,105.01376,-6.446236572265619,6.446236572265619,314,5
2024-11-21 06:00:00,125.03,124.68563,-0.3443692016601574,0.3443692016601574,314,6
2024-11-21 07:00:00,134.62,138.94388,4.3238781738281205,4.3238781738281205,314,7
2024-11-21 08:00:00,135.09,136.27008,1.1800805664062466,1.1800805664062466,314,8
2024-11-21 09:00:00,127.53,111.763115,-15.766885070800782,15.766885070800782,314,9
2024-11-21 10:00:00,115.62,109.244675,-6.375325317382817,6.375325317382817,314,10
2024-11-21 11:00:00,113.81,105.85167,-7.958330688476565,7.958330688476565,314,11
2024-11-21 12:00:00,121.0,104.78472,-16.21527862548828,16.21527862548828,314,12
2024-11-21 13:00:00,113.44,109.62366,-3.8163427734374977,3.8163427734374977,314,13
2024-11-21 14:00:00,115.8,117.877106,2.077105712890628,2.077105712890628,314,14
2024-11-21 15:00:00,119.09,131.03654,11.946544799804684,11.946544799804684,314,15
2024-11-21 16:00:00,130.93,146.96362,16.033623046874993,16.033623046874993,314,16
2024-11-21 17:00:00,139.02,153.34999,14.329990844726552,14.329990844726552,314,17
2024-11-21 18:00:00,133.76,150.13046,16.370462646484384,16.370462646484384,314,18
2024-11-21 19:00:00,122.11,135.78961,13.67961181640625,13.67961181640625,314,19
2024-11-21 20:00:00,116.92,122.247116,5.327116088867186,5.327116088867186,314,20
2024-11-21 21:00:00,111.53,114.32254,2.792540283203124,2.792540283203124,314,21
2024-11-21 22:00:00,103.15,104.65217,1.5021682739257756,1.5021682739257756,314,22
2024-11-21 23:00:00,104.55,90.86444,-13.685559082031247,13.685559082031247,314,23
2024-11-22 00:00:00,92.43,89.96946,-2.4605404663086006,2.4605404663086006,315,0
2024-11-22 01:00:00,85.78,86.67656,0.8965594482421864,0.8965594482421864,315,1
2024-11-22 02:00:00,80.58,80.02292,-0.5570812988281233,0.5570812988281233,315,2
2024-11-22 03:00:00,77.13,82.54381,5.413807983398442,5.413807983398442,315,3
2024-11-22 04:00:00,87.6,93.9609,6.360899353027349,6.360899353027349,315,4
2024-11-22 05:00:00,100.09,110.82017,10.730167541503903,10.730167541503903,315,5
2024-11-22 06:00:00,129.57,121.5596,-8.010399169921868,8.010399169921868,315,6
2024-11-22 07:00:00,141.31,130.97408,-10.33592468261719,10.33592468261719,315,7
2024-11-22 08:00:00,136.32,129.36418,-6.955818481445306,6.955818481445306,315,8
2024-11-22 09:00:00,116.71,116.58659,-0.12340637207030625,0.12340637207030625,315,9
2024-11-22 10:00:00,115.0,106.38534,-8.614662170410156,8.614662170410156,315,10
2024-11-22 11:00:00,107.16,104.627785,-2.5322152709960903,2.5322152709960903,315,11
2024-11-22 12:00:00,97.02,108.82162,11.801617126464848,11.801617126464848,315,12
2024-11-22 13:00:00,98.93,104.51113,5.581131286621087,5.581131286621087,315,13
2024-11-22 14:00:00,111.63,103.473,-8.15700042724609,8.15700042724609,315,14
2024-11-22 15:00:00,116.99,107.00201,-9.987993469238276,9.987993469238276,315,15
2024-11-22 16:00:00,131.84,130.85126,-0.9887426757812534,0.9887426757812534,315,16
2024-11-22 17:00:00,136.3,136.09195,-0.20805053710938637,0.20805053710938637,315,17
2024-11-22 18:00:00,132.56,134.46829,1.9082922363281227,1.9082922363281227,315,18
2024-11-22 19:00:00,118.22,122.56782,4.347817687988282,4.347817687988282,315,19
2024-11-22 20:00:00,106.89,106.29443,-0.5955664062500006,0.5955664062500006,315,20
2024-11-22 21:00:00,117.97,96.2109,-21.759100646972655,21.759100646972655,315,21
2024-11-22 22:00:00,115.61,86.615265,-28.994735107421874,28.994735107421874,315,22
2024-11-22 23:00:00,113.9,85.32819,-28.571806335449224,28.571806335449224,315,23
2024-11-23 00:00:00,98.5,76.36466,-22.135337829589844,22.135337829589844,316,0
2024-11-23 01:00:00,91.08,73.53204,-17.54795654296875,17.54795654296875,316,1
2024-11-23 02:00:00,83.17,69.29338,-13.876619262695314,13.876619262695314,316,2
2024-11-23 03:00:00,79.68,67.992455,-11.687545471191413,11.687545471191413,316,3
2024-11-23 04:00:00,84.78,70.5295,-14.250497131347657,14.250497131347657,316,4
2024-11-23 05:00:00,85.95,79.46529,-6.48471374511719,6.48471374511719,316,5
2024-11-23 06:00:00,93.0,108.07438,15.074378967285156,15.074378967285156,316,6
2024-11-23 07:00:00,99.25,122.384674,23.134674072265625,23.134674072265625,316,7
2024-11-23 08:00:00,85.62,125.15754,39.53753936767578,39.53753936767578,316,8
2024-11-23 09:00:00,67.04,98.76895,31.72895141601562,31.72895141601562,316,9
2024-11-23 10:00:00,40.0,97.79458,57.794578552246094,57.794578552246094,316,10
2024-11-23 11:00:00,42.5,88.20268,45.70268249511719,45.70268249511719,316,11
2024-11-23 12:00:00,36.95,80.57309,43.62308959960937,43.62308959960937,316,12
2024-11-23 13:00:00,30.52,86.42948,55.90948150634766,55.90948150634766,316,13
2024-11-23 14:00:00,36.94,99.66014,62.72014099121094,62.72014099121094,316,14
2024-11-23 15:00:00,58.9,106.50632,47.606317138671876,47.606317138671876,316,15
2024-11-23 16:00:00,81.98,126.14929,44.169291992187496,44.169291992187496,316,16
2024-11-23 17:00:00,91.28,131.7287,40.44869873046875,40.44869873046875,316,17
2024-11-23 18:00:00,83.14,129.83102,46.691024169921874,46.691024169921874,316,18
2024-11-23 19:00:00,71.99,110.357796,38.367795715332036,38.367795715332036,316,19
2024-11-23 20:00:00,58.84,99.11398,40.27398315429687,40.27398315429687,316,20
2024-11-23 21:00:00,49.27,105.96445,56.69444702148437,56.69444702148437,316,21
2024-11-23 22:00:00,26.38,103.302666,76.92266571044922,76.92266571044922,316,22
2024-11-23 23:00:00,13.81,96.342636,82.53263610839844,82.53263610839844,316,23
2024-11-26 00:00:00,81.73,71.701645,-10.028355102539066,10.028355102539066,319,0
2024-11-26 01:00:00,81.06,72.60945,-8.45054870605469,8.45054870605469,319,1
2024-11-26 02:00:00,73.04,70.53647,-2.5035314941406313,2.5035314941406313,319,2
2024-11-26 03:00:00,74.62,58.362602,-16.257397766113286,16.257397766113286,319,3
2024-11-26 04:00:00,84.24,64.9087,-19.331300964355464,19.331300964355464,319,4
2024-11-26 05:00:00,104.23,83.7797,-20.450298767089848,20.450298767089848,319,5
2024-11-26 06:00:00,134.93,85.618805,-49.31119506835938,49.31119506835938,319,6
2024-11-26 07:00:00,137.84,89.208374,-48.6316259765625,48.6316259765625,319,7
2024-11-26 08:00:00,127.26,82.1295,-45.13049865722657,45.13049865722657,319,8
2024-11-26 09:00:00,114.63,78.358025,-36.27197540283203,36.27197540283203,319,9
2024-11-26 10:00:00,106.44,78.56529,-27.87470764160156,27.87470764160156,319,10
2024-11-26 11:00:00,97.75,76.2649,-21.48509979248047,21.48509979248047,319,11
2024-11-26 12:00:00,103.11,80.141556,-22.968444213867187,22.968444213867187,319,12
2024-11-26 13:00:00,117.15,67.638794,-49.511206054687506,49.511206054687506,319,13
2024-11-26 14:00:00,120.58,78.97826,-41.60174377441406,41.60174377441406,319,14
2024-11-26 15:00:00,137.51,97.432365,-40.07763458251952,40.07763458251952,319,15
2024-11-26 16:00:00,148.85,110.5395,-38.31050262451171,38.31050262451171,319,16
2024-11-26 17:00:00,162.07,119.969475,-42.100525207519524,42.100525207519524,319,17
2024-11-26 18:00:00,154.84,110.213745,-44.6262548828125,44.6262548828125,319,18
2024-11-26 19:00:00,129.76,94.59066,-35.16933990478515,35.16933990478515,319,19
2024-11-26 20:00:00,120.35,93.63404,-26.715959167480463,26.715959167480463,319,20
2024-11-26 21:00:00,123.75,92.74924,-31.000762939453125,31.000762939453125,319,21
2024-11-26 22:00:00,114.36,85.11466,-29.245337829589843,29.245337829589843,319,22
2024-11-26 23:00:00,86.19,89.94079,3.750788269042971,3.750788269042971,319,23
2024-11-27 00:00:00,75.92,90.615875,14.695875244140623,14.695875244140623,320,0
2024-11-27 01:00:00,70.95,93.20379,22.253788757324216,22.253788757324216,320,1
2024-11-27 02:00:00,54.1,85.15624,31.056242370605467,31.056242370605467,320,2
2024-11-27 03:00:00,16.81,83.02051,66.2105078125,66.2105078125,320,3
2024-11-27 04:00:00,37.17,93.41133,56.24133117675781,56.24133117675781,320,4
2024-11-27 05:00:00,81.69,109.76839,28.078386840820315,28.078386840820315,320,5
2024-11-27 06:00:00,109.92,127.89318,17.973180847167967,17.973180847167967,320,6
2024-11-27 07:00:00,108.1,125.180176,17.080175781250006,17.080175781250006,320,7
2024-11-27 08:00:00,88.3,119.155624,30.85562438964844,30.85562438964844,320,8
2024-11-27 09:00:00,83.11,106.14107,23.031067504882813,23.031067504882813,320,9
2024-11-27 10:00:00,75.83,107.22991,31.39991180419922,31.39991180419922,320,10
2024-11-27 11:00:00,86.52,104.733986,18.21398590087891,18.21398590087891,320,11
2024-11-27 12:00:00,48.69,105.19136,56.501360473632815,56.501360473632815,320,12
2024-11-27 13:00:00,70.46,108.33708,37.877081909179694,37.877081909179694,320,13
2024-11-27 14:00:00,76.51,109.517525,33.007524719238276,33.007524719238276,320,14
2024-11-27 15:00:00,100.35,128.34407,27.994070434570318,27.994070434570318,320,15
2024-11-27 16:00:00,115.58,137.37013,21.790132446289064,21.790132446289064,320,16
2024-11-27 17:00:00,123.29,139.57079,16.28078552246093,16.28078552246093,320,17
2024-11-27 18:00:00,119.27,140.13463,20.86462829589844,20.86462829589844,320,18
2024-11-27 19:00:00,94.07,130.88823,36.818229370117194,36.818229370117194,320,19
2024-11-27 20:00:00,82.93,125.526855,42.59685546874999,42.59685546874999,320,20
2024-11-27 21:00:00,84.43,126.8577,42.42769653320312,42.42769653320312,320,21
2024-11-27 22:00:00,79.32,118.68469,39.36469238281251,39.36469238281251,320,22
2024-11-27 23:00:00,64.53,99.410736,34.880736083984374,34.880736083984374,320,23
2024-11-28 00:00:00,72.67,64.312935,-8.35706512451172,8.35706512451172,321,0
2024-11-28 01:00:00,70.2,64.80297,-5.397029113769534,5.397029113769534,321,1
2024-11-28 02:00:00,41.71,50.615875,8.905875244140624,8.905875244140624,321,2
2024-11-28 03:00:00,69.27,35.469093,-33.80090667724609,33.80090667724609,321,3
2024-11-28 04:00:00,68.9,43.83768,-25.062319183349615,25.062319183349615,321,4
2024-11-28 05:00:00,97.04,81.7063,-15.333701171875006,15.333701171875006,321,5
2024-11-28 06:00:00,124.99,103.334,-21.656000366210932,21.656000366210932,321,6
2024-11-28 07:00:00,133.68,105.05857,-28.6214291381836,28.6214291381836,321,7
2024-11-28 08:00:00,130.57,88.636734,-41.93326599121093,41.93326599121093,321,8
2024-11-28 09:00:00,121.0,86.04335,-34.95664978027344,34.95664978027344,321,9
2024-11-28 10:00:00,108.95,78.821465,-30.128535461425784,30.128535461425784,321,10
2024-11-28 11:00:00,103.5,92.97112,-10.528877258300781,10.528877258300781,321,11
2024-11-28 12:00:00,103.19,78.172226,-25.01777404785156,25.01777404785156,321,12
2024-11-28 13:00:00,108.5,79.46195,-29.038047790527344,29.038047790527344,321,13
2024-11-28 14:00:00,119.81,81.386215,-38.423784790039065,38.423784790039065,321,14
2024-11-28 15:00:00,137.1,101.58452,-35.51548156738281,35.51548156738281,321,15
2024-11-28 16:00:00,150.4,111.64578,-38.75421752929688,38.75421752929688,321,16
2024-11-28 17:00:00,158.24,117.107254,-41.1327459716797,41.1327459716797,321,17
2024-11-28 18:00:00,154.12,109.83672,-44.283276672363286,44.283276672363286,321,18
2024-11-28 19:00:00,135.46,93.03855,-42.4214486694336,42.4214486694336,321,19
2024-11-28 20:00:00,125.87,86.21714,-39.6528598022461,39.6528598022461,321,20
2024-11-28 21:00:00,122.16,84.75511,-37.40488830566406,37.40488830566406,321,21
2024-11-28 22:00:00,112.6,80.32504,-32.27495727539062,32.27495727539062,321,22
2024-11-28 23:00:00,110.3,69.6709,-40.6291015625,40.6291015625,321,23
2024-11-29 00:00:00,107.01,90.03441,-16.975591430664068,16.975591430664068,322,0
2024-11-29 01:00:00,103.47,86.58665,-16.883352966308593,16.883352966308593,322,1
2024-11-29 02:00:00,94.04,60.608994,-33.43100646972657,33.43100646972657,322,2
2024-11-29 03:00:00,88.75,82.408264,-6.34173583984375,6.34173583984375,322,3
2024-11-29 04:00:00,94.08,85.28902,-8.790983276367186,8.790983276367186,322,4
2024-11-29 05:00:00,116.19,108.69346,-7.4965414428710915,7.4965414428710915,322,5
2024-11-29 06:00:00,127.21,124.734795,-2.475205383300775,2.475205383300775,322,6
2024-11-29 07:00:00,143.36,130.31633,-13.043670043945326,13.043670043945326,322,7
2024-11-29 08:00:00,135.27,123.07679,-12.193210144042979,12.193210144042979,322,8
2024-11-29 09:00:00,121.06,111.36955,-9.690447387695315,9.690447387695315,322,9
2024-11-29 10:00:00,109.32,108.485664,-0.8343356323242119,0.8343356323242119,322,10
2024-11-29 11:00:00,104.51,113.8735,9.363497009277339,9.363497009277339,322,11
2024-11-29 12:00:00,95.81,114.72416,18.914159240722654,18.914159240722654,322,12
2024-11-29 13:00:00,101.82,108.02805,6.208053283691413,6.208053283691413,322,13
2024-11-29 14:00:00,108.93,112.01279,3.082786865234368,3.082786865234368,322,14
2024-11-29 15:00:00,117.62,125.63632,8.01632202148437,8.01632202148437,322,15
2024-11-29 16:00:00,133.38,133.80011,0.42010986328125455,0.42010986328125455,322,16
2024-11-29 17:00:00,142.67,139.64012,-3.02987854003905,3.02987854003905,322,17
2024-11-29 18:00:00,132.76,138.97665,6.216654052734384,6.216654052734384,322,18
2024-11-29 19:00:00,121.46,127.51458,6.054579772949225,6.054579772949225,322,19
2024-11-29 20:00:00,115.05,123.75568,8.705676269531253,8.705676269531253,322,20
2024-11-29 21:00:00,114.16,119.06869,4.908687438964847,4.908687438964847,322,21
2024-11-29 22:00:00,103.84,114.03537,10.195369873046872,10.195369873046872,322,22
2024-11-29 23:00:00,100.1,109.30152,9.201521301269537,9.201521301269537,322,23
2024-11-30 00:00:00,93.3,101.14208,7.842082214355472,7.842082214355472,323,0
2024-11-30 01:00:00,91.07,100.79097,9.72096984863282,9.72096984863282,323,1
2024-11-30 02:00:00,88.36,88.62407,0.26406921386718807,0.26406921386718807,323,2
2024-11-30 03:00:00,89.69,82.81077,-6.8792318725585915,6.8792318725585915,323,3
2024-11-30 04:00:00,91.54,75.76435,-15.775649108886725,15.775649108886725,323,4
2024-11-30 05:00:00,90.66,92.81124,2.151241149902347,2.151241149902347,323,5
2024-11-30 06:00:00,105.21,101.98112,-3.2288827514648375,3.2288827514648375,323,6
2024-11-30 07:00:00,113.09,116.52314,3.433139953613278,3.433139953613278,323,7
2024-11-30 08:00:00,103.88,110.075134,6.1951342773437545,6.1951342773437545,323,8
2024-11-30 09:00:00,94.65,93.034294,-1.615705871582037,1.615705871582037,323,9
2024-11-30 10:00:00,88.13,89.49412,1.3641177368164108,1.3641177368164108,323,10
2024-11-30 11:00:00,89.49,86.3646,-3.1253988647460886,3.1253988647460886,323,11
2024-11-30 12:00:00,92.0,64.25835,-27.741653442382812,27.741653442382812,323,12
2024-11-30 13:00:00,99.17,78.73894,-20.431062622070314,20.431062622070314,323,13
2024-11-30 14:00:00,111.88,85.66559,-26.214411621093745,26.214411621093745,323,14
2024-11-30 15:00:00,120.91,98.41071,-22.499286804199215,22.499286804199215,323,15
2024-11-30 16:00:00,136.67,117.91118,-18.7588214111328,18.7588214111328,323,16
2024-11-30 17:00:00,136.71,124.94125,-11.768746337890633,11.768746337890633,323,17
2024-11-30 18:00:00,131.96,119.59113,-12.368866882324227,12.368866882324227,323,18
2024-11-30 19:00:00,124.51,106.29062,-18.21938110351563,18.21938110351563,323,19
2024-11-30 20:00:00,115.08,98.20907,-16.870931701660155,16.870931701660155,323,20
2024-11-30 21:00:00,114.78,92.57005,-22.209946899414064,22.209946899414064,323,21
2024-11-30 22:00:00,106.67,88.45939,-18.210611267089845,18.210611267089845,323,22
2024-11-30 23:00:00,99.66,78.58473,-21.075267944335934,21.075267944335934,323,23
2024-12-01 00:00:00,90.01,74.50577,-15.50423217773438,15.50423217773438,324,0
2024-12-01 01:00:00,88.14,64.572426,-23.567574157714844,23.567574157714844,324,1
2024-12-01 02:00:00,85.7,57.613743,-28.086257171630862,28.086257171630862,324,2
2024-12-01 03:00:00,81.1,68.46006,-12.639939880371088,12.639939880371088,324,3
2024-12-01 04:00:00,74.68,63.18779,-11.49221008300782,11.49221008300782,324,4
2024-12-01 05:00:00,76.05,67.35641,-8.693592834472653,8.693592834472653,324,5
2024-12-01 06:00:00,86.77,86.92591,0.15591094970703523,0.15591094970703523,324,6
2024-12-01 07:00:00,96.49,92.6291,-3.8609030151367136,3.8609030151367136,324,7
2024-12-01 08:00:00,94.6,87.20896,-7.391038513183588,7.391038513183588,324,8
2024-12-01 09:00:00,89.3,77.04487,-12.255131530761716,12.255131530761716,324,9
2024-12-01 10:00:00,82.38,63.635876,-18.7441242980957,18.7441242980957,324,10
2024-12-01 11:00:00,85.25,69.66794,-15.582061767578125,15.582061767578125,324,11
2024-12-01 12:00:00,83.08,72.998,-10.081998901367186,10.081998901367186,324,12
2024-12-01 13:00:00,75.77,75.941284,0.17128417968750398,0.17128417968750398,324,13
2024-12-01 14:00:00,85.47,94.18867,8.718667297363282,8.718667297363282,324,14
2024-12-01 15:00:00,94.98,106.13661,11.156611938476559,11.156611938476559,324,15
2024-12-01 16:00:00,116.91,128.61658,11.706577148437503,11.706577148437503,324,16
2024-12-01 17:00:00,124.76,131.96283,7.202829589843745,7.202829589843745,324,17
2024-12-01 18:00:00,115.93,125.859795,9.929794616699212,9.929794616699212,324,18
2024-12-01 19:00:00,97.6,118.214806,20.61480560302735,20.61480560302735,324,19
2024-12-01 20:00:00,88.84,113.32328,24.483280334472653,24.483280334472653,324,20
2024-12-01 21:00:00,98.17,107.44419,9.274190979003905,9.274190979003905,324,21
2024-12-01 22:00:00,85.0,99.009445,14.009445190429688,14.009445190429688,324,22
2024-12-01 23:00:00,76.45,91.554985,15.104985046386716,15.104985046386716,324,23
2024-12-02 00:00:00,67.84,94.88645,27.046451721191403,27.046451721191403,325,0
2024-12-02 01:00:00,63.08,93.74535,30.66535369873047,30.66535369873047,325,1
2024-12-02 02:00:00,45.53,91.70263,46.17262908935547,46.17262908935547,325,2
2024-12-02 03:00:00,38.37,94.82485,56.454851989746096,56.454851989746096,325,3
2024-12-02 04:00:00,57.28,88.584885,31.304884643554686,31.304884643554686,325,4
2024-12-02 05:00:00,96.56,101.47516,4.915158691406248,4.915158691406248,325,5
2024-12-02 06:00:00,129.01,111.57988,-17.430120239257803,17.430120239257803,325,6
2024-12-02 07:00:00,129.46,124.83718,-4.622818908691414,4.622818908691414,325,7
2024-12-02 08:00:00,125.63,121.00704,-4.622958068847652,4.622958068847652,325,8
2024-12-02 09:00:00,122.9,107.09828,-15.801718139648443,15.801718139648443,325,9
2024-12-02 10:00:00,117.25,100.25069,-16.999313354492188,16.999313354492188,325,10
2024-12-02 11:00:00,115.89,98.81942,-17.070580139160157,17.070580139160157,325,11
2024-12-02 12:00:00,118.71,98.98524,-19.724762878417962,19.724762878417962,325,12
2024-12-02 13:00:00,115.95,99.08082,-16.86918182373047,16.86918182373047,325,13
2024-12-02 14:00:00,124.62,97.82925,-26.79075347900391,26.79075347900391,325,14
2024-12-02 15:00:00,125.9,108.40343,-17.496572875976568,17.496572875976568,325,15
2024-12-02 16:00:00,136.02,135.16225,-0.8577532958984477,0.8577532958984477,325,16
2024-12-02 17:00:00,149.61,139.00957,-10.600432739257826,10.600432739257826,325,17
2024-12-02 18:00:00,141.66,138.2935,-3.366497192382809,3.366497192382809,325,18
2024-12-02 19:00:00,125.6,114.32252,-11.277482604980463,11.277482604980463,325,19
2024-12-02 20:00:00,116.08,99.15595,-16.924047546386717,16.924047546386717,325,20
2024-12-02 21:00:00,115.07,103.51221,-11.557792968749993,11.557792968749993,325,21
2024-12-02 22:00:00,103.91,92.91551,-10.994487915039059,10.994487915039059,325,22
2024-12-02 23:00:00,111.74,83.81283,-27.92717193603515,27.92717193603515,325,23
2024-12-03 00:00:00,104.63,71.46758,-33.16241729736328,33.16241729736328,326,0
2024-12-03 01:00:00,98.42,71.087105,-27.33289520263672,27.33289520263672,326,1
2024-12-03 02:00:00,96.1,65.403404,-30.69659576416015,30.69659576416015,326,2
2024-12-03 03:00:00,104.47,61.571392,-42.89860794067383,42.89860794067383,326,3
2024-12-03 04:00:00,111.57,72.41878,-39.15122253417968,39.15122253417968,326,4
2024-12-03 05:00:00,125.34,105.91435,-19.425647583007816,19.425647583007816,326,5
2024-12-03 06:00:00,148.48,135.17041,-13.30958984374999,13.30958984374999,326,6
2024-12-03 07:00:00,158.84,135.06035,-23.779651489257816,23.779651489257816,326,7
2024-12-03 08:00:00,154.9,128.65059,-26.249411010742193,26.249411010742193,326,8
2024-12-03 09:00:00,146.06,123.81412,-22.245882568359377,22.245882568359377,326,9
2024-12-03 10:00:00,142.0,117.6904,-24.309600830078125,24.309600830078125,326,10
2024-12-03 11:00:00,140.89,114.81263,-26.077370300292955,26.077370300292955,326,11
2024-12-03 12:00:00,142.53,115.49,-27.04000213623047,27.04000213623047,326,12
2024-12-03 13:00:00,146.15,116.4339,-29.716101074218756,29.716101074218756,326,13
2024-12-03 14:00:00,156.63,121.69399,-34.9360073852539,34.9360073852539,326,14
2024-12-03 15:00:00,165.36,128.06343,-37.2965692138672,37.2965692138672,326,15
2024-12-03 16:00:00,203.24,139.08282,-64.15717529296876,64.15717529296876,326,16
2024-12-03 17:00:00,197.88,149.08836,-48.79163635253906,48.79163635253906,326,17
2024-12-03 18:00:00,189.83,143.6547,-46.17530639648439,46.17530639648439,326,18
2024-12-03 19:00:00,158.46,126.33009,-32.129906616210945,32.129906616210945,326,19
2024-12-03 20:00:00,150.0,116.64926,-33.350738525390625,33.350738525390625,326,20
2024-12-03 21:00:00,142.08,113.095436,-28.984563903808606,28.984563903808606,326,21
2024-12-03 22:00:00,130.81,104.82739,-25.982607421875002,25.982607421875002,326,22
2024-12-03 23:00:00,121.12,105.86723,-15.252766723632817,15.252766723632817,326,23
2024-12-04 00:00:00,116.66,107.00503,-9.654972229003903,9.654972229003903,327,0
2024-12-04 01:00:00,112.79,103.00972,-9.780280151367194,9.780280151367194,327,1
2024-12-04 02:00:00,108.9,97.9605,-10.939497375488287,10.939497375488287,327,2
2024-12-04 03:00:00,106.98,100.376755,-6.6032452392578165,6.6032452392578165,327,3
2024-12-04 04:00:00,110.72,108.43283,-2.287169189453124,2.287169189453124,327,4
2024-12-04 05:00:00,132.55,123.60902,-8.94098358154298,8.94098358154298,327,5
2024-12-04 06:00:00,149.23,143.20323,-6.026768188476552,6.026768188476552,327,6
2024-12-04 07:00:00,200.49,142.05603,-58.43396972656251,58.43396972656251,327,7
2024-12-04 08:00:00,205.1,139.39085,-65.70914611816406,65.70914611816406,327,8
2024-12-04 09:00:00,149.94,136.80545,-13.134549560546873,13.134549560546873,327,9
2024-12-04 10:00:00,148.85,130.57,-18.279992675781244,18.279992675781244,327,10
2024-12-04 11:00:00,153.78,129.82701,-23.952988891601564,23.952988891601564,327,11
2024-12-04 12:00:00,137.7,131.43709,-6.262911987304676,6.262911987304676,327,12
2024-12-04 13:00:00,137.81,132.04019,-5.769808349609377,5.769808349609377,327,13
2024-12-04 14:00:00,138.01,133.23657,-4.773427734374991,4.773427734374991,327,14
2024-12-04 15:00:00,155.2,142.91162,-12.288378906249989,12.288378906249989,327,15
2024-12-04 16:00:00,219.09,170.89258,-48.197421875,48.197421875,327,16
2024-12-04 17:00:00,190.17,171.33354,-18.8364581298828,18.8364581298828,327,17
2024-12-04 18:00:00,171.45,171.01744,-0.43255920410155113,0.43255920410155113,327,18
2024-12-04 19:00:00,141.78,136.0902,-5.689805297851564,5.689805297851564,327,19
2024-12-04 20:00:00,124.53,129.01666,4.486662597656249,4.486662597656249,327,20
2024-12-04 21:00:00,123.42,128.93349,5.513486938476561,5.513486938476561,327,21
2024-12-04 22:00:00,112.74,113.47338,0.7333810424804739,0.7333810424804739,327,22
2024-12-04 23:00:00,114.77,99.803696,-14.966304321289059,14.966304321289059,327,23
2024-12-05 00:00:00,105.74,88.114296,-17.62570404052734,17.62570404052734,328,0
2024-12-05 01:00:00,102.66,84.03231,-18.627689514160153,18.627689514160153,328,1
2024-12-05 02:00:00,99.55,77.378716,-22.17128448486328,22.17128448486328,328,2
2024-12-05 03:00:00,90.72,78.14996,-12.570036621093749,12.570036621093749,328,3
2024-12-05 04:00:00,93.7,100.26443,6.564427185058591,6.564427185058591,328,4
2024-12-05 05:00:00,107.96,126.14714,18.187140502929694,18.187140502929694,328,5
2024-12-05 06:00:00,127.01,147.41817,20.408167114257807,20.408167114257807,328,6
2024-12-05 07:00:00,142.14,178.12814,35.98814331054689,35.98814331054689,328,7
2024-12-05 08:00:00,132.52,171.79248,39.27248046874999,39.27248046874999,328,8
2024-12-05 09:00:00,125.97,142.17451,16.204514770507814,16.204514770507814,328,9
2024-12-05 10:00:00,112.71,140.7421,28.03209594726563,28.03209594726563,328,10
2024-12-05 11:00:00,108.93,138.87924,29.949241943359368,29.949241943359368,328,11
2024-12-05 12:00:00,107.56,134.1924,26.63239807128906,26.63239807128906,328,12
2024-12-05 13:00:00,108.45,128.9833,20.533306884765622,20.533306884765622,328,13
2024-12-05 14:00:00,108.99,133.91747,24.927465209960943,24.927465209960943,328,14
2024-12-05 15:00:00,114.2,141.1567,26.95669250488281,26.95669250488281,328,15
2024-12-05 16:00:00,129.38,177.23657,47.856572265625005,47.856572265625005,328,16
2024-12-05 17:00:00,126.79,179.12831,52.338311157226556,52.338311157226556,328,17
2024-12-05 18:00:00,117.81,165.92764,48.11764282226562,48.11764282226562,328,18
2024-12-05 19:00:00,101.91,137.4974,35.58740600585938,35.58740600585938,328,19
2024-12-05 20:00:00,87.71,124.461174,36.751174011230475,36.751174011230475,328,20
2024-12-05 21:00:00,83.24,120.94449,37.70448852539063,37.70448852539063,328,21
2024-12-05 22:00:00,52.0,105.97639,53.97638702392578,53.97638702392578,328,22
2024-12-05 23:00:00,22.55,102.64743,80.09743041992188,80.09743041992188,328,23
2024-12-06 00:00:00,16.07,80.9641,64.89410369873048,64.89410369873048,329,0
2024-12-06 01:00:00,13.08,78.78803,65.70803253173828,65.70803253173828,329,1
2024-12-06 02:00:00,10.46,66.90487,56.44486907958984,56.44486907958984,329,2
2024-12-06 03:00:00,10.9,64.2954,53.39540252685547,53.39540252685547,329,3
2024-12-06 04:00:00,19.4,74.51538,55.115380859375,55.115380859375,329,4
2024-12-06 05:00:00,69.41,93.61097,24.200969543457035,24.200969543457035,329,5
2024-12-06 06:00:00,101.8,109.62508,7.825076293945315,7.825076293945315,329,6
2024-12-06 07:00:00,117.68,119.61648,1.936477966308587,1.936477966308587,329,7
2024-12-06 08:00:00,120.73,117.24601,-3.4839901733398477,3.4839901733398477,329,8
2024-12-06 09:00:00,111.07,113.62188,2.5518795776367256,2.5518795776367256,329,9
2024-12-06 10:00:00,105.67,100.691696,-4.978303833007814,4.978303833007814,329,10
2024-12-06 11:00:00,94.0,97.94268,3.9426803588867188,3.9426803588867188,329,11
2024-12-06 12:00:00,100.7,90.00107,-10.698931884765628,10.698931884765628,329,12
2024-12-06 13:00:00,100.83,89.77394,-11.056058959960936,11.056058959960936,329,13
2024-12-06 14:00:00,112.0,93.09906,-18.90093994140625,18.90093994140625,329,14
2024-12-06 15:00:00,129.22,96.1176,-33.10240051269531,33.10240051269531,329,15
2024-12-06 16:00:00,143.2,112.725655,-30.474345397949207,30.474345397949207,329,16
2024-12-06 17:00:00,146.85,114.31592,-32.534082031249994,32.534082031249994,329,17
2024-12-06 18:00:00,133.55,103.167946,-30.382054138183605,30.382054138183605,329,18
2024-12-06 19:00:00,117.88,96.00835,-21.871653442382808,21.871653442382808,329,19
2024-12-06 20:00:00,109.15,86.51407,-22.63593139648438,22.63593139648438,329,20
2024-12-06 21:00:00,97.39,85.23301,-12.156990661621094,12.156990661621094,329,21
2024-12-06 22:00:00,91.11,52.804924,-38.30507598876953,38.30507598876953,329,22
2024-12-06 23:00:00,73.45,33.77207,-39.6779281616211,39.6779281616211,329,23
2024-12-07 00:00:00,71.85,22.599724,-49.250276184082026,49.250276184082026,330,0
2024-12-07 01:00:00,65.27,22.761187,-42.50881340026855,42.50881340026855,330,1
2024-12-07 02:00:00,46.5,23.677715,-22.822284698486328,22.822284698486328,330,2
2024-12-07 03:00:00,34.37,26.21388,-8.156119461059568,8.156119461059568,330,3
2024-12-07 04:00:00,28.2,25.521524,-2.6784755706787102,2.6784755706787102,330,4
2024-12-07 05:00:00,28.85,57.993988,29.143988037109374,29.143988037109374,330,5
2024-12-07 06:00:00,39.31,71.62622,32.316220703125,32.316220703125,330,6
2024-12-07 07:00:00,43.22,84.83922,41.61921813964844,41.61921813964844,330,7
2024-12-07 08:00:00,42.36,80.1658,37.805802001953126,37.805802001953126,330,8
2024-12-07 09:00:00,26.0,76.47856,50.47856140136719,50.47856140136719,330,9
2024-12-07 10:00:00,21.66,71.69449,50.03448852539063,50.03448852539063,330,10
2024-12-07 11:00:00,39.72,65.84486,26.124856262207032,26.124856262207032,330,11
2024-12-07 12:00:00,25.21,70.88231,45.67230895996094,45.67230895996094,330,12
2024-12-07 13:00:00,17.81,73.0424,55.232396545410154,55.232396545410154,330,13
2024-12-07 14:00:00,21.91,80.44234,58.532337036132816,58.532337036132816,330,14
2024-12-07 15:00:00,32.16,100.5748,68.41479858398438,68.41479858398438,330,15
2024-12-07 16:00:00,41.9,120.29547,78.39547119140624,78.39547119140624,330,16
2024-12-07 17:00:00,56.34,123.576675,67.23667541503906,67.23667541503906,330,17
2024-12-07 18:00:00,62.97,115.23497,52.26497009277344,52.26497009277344,330,18
2024-12-07 19:00:00,71.85,97.474625,25.624624633789068,25.624624633789068,330,19
2024-12-07 20:00:00,45.51,89.9965,44.48649810791016,44.48649810791016,330,20
2024-12-07 21:00:00,41.9,87.447334,45.54733428955078,45.54733428955078,330,21
2024-12-07 22:00:00,35.0,82.02487,47.024871826171875,47.024871826171875,330,22
2024-12-07 23:00:00,18.64,70.30348,51.66348205566406,51.66348205566406,330,23
2024-12-08 00:00:00,13.9,56.646027,42.746026611328126,42.746026611328126,331,0
2024-12-08 01:00:00,17.14,51.41886,34.278861389160156,34.278861389160156,331,1
2024-12-08 02:00:00,8.23,41.608154,33.378154296874996,33.378154296874996,331,2
2024-12-08 03:00:00,5.85,27.060263,21.21026268005371,21.21026268005371,331,3
2024-12-08 04:00:00,8.08,30.600609,22.520608825683595,22.520608825683595,331,4
2024-12-08 05:00:00,11.54,31.865421,20.325421295166016,20.325421295166016,331,5
2024-12-08 06:00:00,11.35,34.282387,22.932386779785155,22.932386779785155,331,6
2024-12-08 07:00:00,19.55,35.627064,16.077063751220702,16.077063751220702,331,7
2024-12-08 08:00:00,33.99,35.198433,1.2084329223632793,1.2084329223632793,331,8
2024-12-08 09:00:00,34.66,32.792362,-1.867637786865231,1.867637786865231,331,9
2024-12-08 10:00:00,34.15,32.854324,-1.295675659179686,1.295675659179686,331,10
2024-12-08 11:00:00,47.33,36.185394,-11.144605712890623,11.144605712890623,331,11
2024-12-08 12:00:00,47.9,30.197119,-17.702881240844725,17.702881240844725,331,12
2024-12-08 13:00:00,28.32,31.78209,3.462089233398437,3.462089233398437,331,13
2024-12-08 14:00:00,38.77,30.375813,-8.394187469482425,8.394187469482425,331,14
2024-12-08 15:00:00,32.61,47.016285,14.406284942626954,14.406284942626954,331,15
2024-12-08 16:00:00,55.4,60.297535,4.8975349426269545,4.8975349426269545,331,16
2024-12-08 17:00:00,74.97,70.83601,-4.133986206054686,4.133986206054686,331,17
2024-12-08 18:00:00,72.5,76.913315,4.4133148193359375,4.4133148193359375,331,18
2024-12-08 19:00:00,71.68,76.99274,5.312736816406243,5.312736816406243,331,19
2024-12-08 20:00:00,72.4,67.38903,-5.010969543457037,5.010969543457037,331,20
2024-12-08 21:00:00,68.5,65.408424,-3.0915756225585938,3.0915756225585938,331,21
2024-12-08 22:00:00,65.23,54.520943,-10.709057312011723,10.709057312011723,331,22
2024-12-08 23:00:00,55.0,46.44582,-8.554180145263672,8.554180145263672,331,23
2024-12-09 00:00:00,37.55,69.00132,31.45131988525391,31.45131988525391,332,0
2024-12-09 01:00:00,31.82,66.59783,34.77783172607422,34.77783172607422,332,1
2024-12-09 02:00:00,13.99,65.70267,51.71266723632812,51.71266723632812,332,2
2024-12-09 03:00:00,5.43,65.489944,60.05994445800781,60.05994445800781,332,3
2024-12-09 04:00:00,25.95,73.30512,47.35512237548828,47.35512237548828,332,4
2024-12-09 05:00:00,67.44,103.551056,36.11105590820313,36.11105590820313,332,5
2024-12-09 06:00:00,111.16,115.87675,4.71674713134766,4.71674713134766,332,6
2024-12-09 07:00:00,122.98,115.12512,-7.854877929687504,7.854877929687504,332,7
2024-12-09 08:00:00,120.6,114.32491,-6.275086975097651,6.275086975097651,332,8
2024-12-09 09:00:00,116.02,118.24743,2.2274288940429727,2.2274288940429727,332,9
2024-12-09 10:00:00,109.93,115.62602,5.696022338867181,5.696022338867181,332,10
2024-12-09 11:00:00,107.62,122.71413,15.094126586914058,15.094126586914058,332,11
2024-12-09 12:00:00,86.53,121.63295,35.10294982910156,35.10294982910156,332,12
2024-12-09 13:00:00,83.89,115.49216,31.602156982421874,31.602156982421874,332,13
2024-12-09 14:00:00,107.5,120.0927,12.592697143554688,12.592697143554688,332,14
2024-12-09 15:00:00,112.66,122.12861,9.468608703613285,9.468608703613285,332,15
2024-12-09 16:00:00,125.34,139.88254,14.542537841796872,14.542537841796872,332,16
2024-12-09 17:00:00,132.06,136.64653,4.586530151367185,4.586530151367185,332,17
2024-12-09 18:00:00,130.0,136.26758,6.267578125,6.267578125,332,18
2024-12-09 19:00:00,120.66,126.02336,5.363361206054691,5.363361206054691,332,19
2024-12-09 20:00:00,105.04,117.9518,12.911797485351556,12.911797485351556,332,20
2024-12-09 21:00:00,103.07,105.800026,2.730025939941413,2.730025939941413,332,21
2024-12-09 22:00:00,94.93,94.30872,-0.6212765502929756,0.6212765502929756,332,22
2024-12-09 23:00:00,97.22,100.98205,3.76204803466797,3.76204803466797,332,23
2024-12-10 00:00:00,91.3,69.864365,-21.43563537597656,21.43563537597656,333,0
2024-12-10 01:00:00,88.06,69.79883,-18.261171875000002,18.261171875000002,333,1
2024-12-10 02:00:00,85.0,56.014885,-28.98511505126953,28.98511505126953,333,2
2024-12-10 03:00:00,87.7,58.47251,-29.227488708496097,29.227488708496097,333,3
2024-12-10 04:00:00,89.93,75.1513,-14.778701477050788,14.778701477050788,333,4
2024-12-10 05:00:00,111.73,94.95362,-16.776379089355473,16.776379089355473,333,5
2024-12-10 06:00:00,130.65,109.904465,-20.745535278320318,20.745535278320318,333,6
2024-12-10 07:00:00,150.32,119.80248,-30.517517395019524,30.517517395019524,333,7
2024-12-10 08:00:00,142.18,118.66097,-23.519027404785163,23.519027404785163,333,8
2024-12-10 09:00:00,132.77,109.11681,-23.65318634033204,23.65318634033204,333,9
2024-12-10 10:00:00,119.0,104.379585,-14.620414733886719,14.620414733886719,333,10
2024-12-10 11:00:00,117.35,102.76313,-14.586869812011713,14.586869812011713,333,11
2024-12-10 12:00:00,115.21,96.54106,-18.668938598632806,18.668938598632806,333,12
2024-12-10 13:00:00,120.72,97.883545,-22.836455078125,22.836455078125,333,13
2024-12-10 14:00:00,131.0,105.771065,-25.22893524169922,25.22893524169922,333,14
2024-12-10 15:00:00,145.01,112.438286,-32.57171417236327,32.57171417236327,333,15
2024-12-10 16:00:00,160.6,126.614494,-33.985505676269526,33.985505676269526,333,16
2024-12-10 17:00:00,181.0,126.469955,-54.53004455566406,54.53004455566406,333,17
2024-12-10 18:00:00,178.28,124.02511,-54.25489166259766,54.25489166259766,333,18
2024-12-10 19:00:00,157.99,115.50186,-42.488138427734384,42.488138427734384,333,19
2024-12-10 20:00:00,140.51,106.85111,-33.658887634277335,33.658887634277335,333,20
2024-12-10 21:00:00,134.22,102.46069,-31.759306640625,31.759306640625,333,21
2024-12-10 22:00:00,121.37,90.37418,-30.99581634521485,30.99581634521485,333,22
2024-12-10 23:00:00,109.44,88.217514,-21.22248596191406,21.22248596191406,333,23
2024-12-11 00:00:00,105.7,90.88839,-14.811610412597659,14.811610412597659,334,0
2024-12-11 01:00:00,104.17,88.20828,-15.961717529296877,15.961717529296877,334,1
2024-12-11 02:00:00,102.62,86.27954,-16.340458984375005,16.340458984375005,334,2
2024-12-11 03:00:00,100.85,85.41922,-15.43078002929687,15.43078002929687,334,3
2024-12-11 04:00:00,114.16,91.76614,-22.39385620117187,22.39385620117187,334,4
2024-12-11 05:00:00,123.45,110.97991,-12.470088195800784,12.470088195800784,334,5
2024-12-11 06:00:00,155.64,126.931465,-28.708534851074205,28.708534851074205,334,6
2024-12-11 07:00:00,206.85,136.07861,-70.77138671875,70.77138671875,334,7
2024-12-11 08:00:00,218.42,127.93785,-90.48214904785155,90.48214904785155,334,8
2024-12-11 09:00:00,160.15,125.69577,-34.45422973632813,34.45422973632813,334,9
2024-12-11 10:00:00,147.83,113.12881,-34.70119293212892,34.70119293212892,334,10
2024-12-11 11:00:00,149.99,115.78933,-34.200670471191415,34.200670471191415,334,11
2024-12-11 12:00:00,138.65,117.231834,-21.418165588378912,21.418165588378912,334,12
2024-12-11 13:00:00,142.05,117.439255,-24.610745239257824,24.610745239257824,334,13
2024-12-11 14:00:00,185.04,129.28116,-55.75884155273437,55.75884155273437,334,14
2024-12-11 15:00:00,237.94,128.66489,-109.27511352539062,109.27511352539062,334,15
2024-12-11 16:00:00,274.0,144.62085,-129.379150390625,129.379150390625,334,16
2024-12-11 17:00:00,276.0,165.16045,-110.83955383300781,110.83955383300781,334,17
2024-12-11 18:00:00,255.0,164.80093,-90.19906616210938,90.19906616210938,334,18
2024-12-11 19:00:00,179.07,138.32492,-40.74507934570312,40.74507934570312,334,19
2024-12-11 20:00:00,165.2,125.457466,-39.74253387451171,39.74253387451171,334,20
2024-12-11 21:00:00,150.0,123.2881,-26.711898803710938,26.711898803710938,334,21
2024-12-11 22:00:00,136.1,114.47913,-21.620866394042963,21.620866394042963,334,22
2024-12-11 23:00:00,122.24,102.67116,-19.568842163085932,19.568842163085932,334,23
2024-12-13 00:00:00,122.9,113.48495,-9.415052795410162,9.415052795410162,336,0
2024-12-13 01:00:00,118.97,109.31178,-9.658217163085936,9.658217163085936,336,1
2024-12-13 02:00:00,114.95,102.54338,-12.406619262695315,12.406619262695315,336,2
2024-12-13 03:00:00,115.64,102.70152,-12.938477172851563,12.938477172851563,336,3
2024-12-13 04:00:00,123.96,111.11491,-12.845093688964837,12.845093688964837,336,4
2024-12-13 05:00:00,138.0,121.92869,-16.071311950683594,16.071311950683594,336,5
2024-12-13 06:00:00,185.37,149.75127,-35.61873352050782,35.61873352050782,336,6
2024-12-13 07:00:00,253.0,189.78992,-63.2100830078125,63.2100830078125,336,7
2024-12-13 08:00:00,245.74,189.75096,-55.98903869628907,55.98903869628907,336,8
2024-12-13 09:00:00,208.42,189.0188,-19.401201171874987,19.401201171874987,336,9
2024-12-13 10:00:00,173.78,179.58202,5.802015991210936,5.802015991210936,336,10
2024-12-13 11:00:00,165.6,185.97081,20.370809936523443,20.370809936523443,336,11
2024-12-13 12:00:00,165.0,176.9373,11.937301635742188,11.937301635742188,336,12
2024-12-13 13:00:00,184.5,167.44562,-17.05438232421875,17.05438232421875,336,13
2024-12-13 14:00:00,210.0,167.69048,-42.30952453613281,42.30952453613281,336,14
2024-12-13 15:00:00,241.91,181.66714,-60.24285522460937,60.24285522460937,336,15
2024-12-13 16:00:00,284.21,182.60391,-101.60608764648435,101.60608764648435,336,16
2024-12-13 17:00:00,260.0,185.54767,-74.45233154296875,74.45233154296875,336,17
2024-12-13 18:00:00,225.6,187.98787,-37.61213073730468,37.61213073730468,336,18
2024-12-13 19:00:00,175.0,179.35321,4.35321044921875,4.35321044921875,336,19
2024-12-13 20:00:00,146.22,167.23482,21.014817504882814,21.014817504882814,336,20
2024-12-13 21:00:00,135.09,156.83961,21.74961486816406,21.74961486816406,336,21
2024-12-13 22:00:00,116.52,130.75073,14.230732421875004,14.230732421875004,336,22
2024-12-13 23:00:00,116.94,122.7749,5.834902343750002,5.834902343750002,336,23
2024-12-14 00:00:00,111.36,100.3906,-10.969397888183593,10.969397888183593,337,0
2024-12-14 01:00:00,108.04,93.00825,-15.031752624511725,15.031752624511725,337,1
2024-12-14 02:00:00,99.02,98.26976,-0.7502398681640585,0.7502398681640585,337,2
2024-12-14 03:00:00,93.44,96.17013,2.730127868652346,2.730127868652346,337,3
2024-12-14 04:00:00,91.55,102.295616,10.745616149902347,10.745616149902347,337,4
2024-12-14 05:00:00,94.09,114.049576,19.95957580566406,19.95957580566406,337,5
2024-12-14 06:00:00,103.76,163.4481,59.68810485839843,59.68810485839843,337,6
2024-12-14 07:00:00,114.77,173.9546,59.18460510253907,59.18460510253907,337,7
2024-12-14 08:00:00,125.69,176.07632,50.38632446289063,50.38632446289063,337,8
2024-12-14 09:00:00,122.0,168.95384,46.95384216308594,46.95384216308594,337,9
2024-12-14 10:00:00,110.43,159.94893,49.518928833007806,49.518928833007806,337,10
2024-12-14 11:00:00,109.73,154.96393,45.233928222656246,45.233928222656246,337,11
2024-12-14 12:00:00,107.95,157.50145,49.551449584960935,49.551449584960935,337,12
2024-12-14 13:00:00,104.07,155.98734,51.91733520507813,51.91733520507813,337,13
2024-12-14 14:00:00,104.58,159.34158,54.76158325195313,54.76158325195313,337,14
2024-12-14 15:00:00,112.29,173.34413,61.054131469726556,61.054131469726556,337,15
2024-12-14 16:00:00,125.06,178.95909,53.899091186523435,53.899091186523435,337,16
2024-12-14 17:00:00,124.62,181.9937,57.37369812011718,57.37369812011718,337,17
2024-12-14 18:00:00,124.61,176.98433,52.37432922363281,52.37432922363281,337,18
2024-12-14 19:00:00,109.17,151.28859,42.11858947753906,42.11858947753906,337,19
2024-12-14 20:00:00,103.0,131.07529,28.075286865234375,28.075286865234375,337,20
2024-12-14 21:00:00,110.11,121.63977,11.5297705078125,11.5297705078125,337,21
2024-12-14 22:00:00,101.01,97.10397,-3.90602661132813,3.90602661132813,337,22
2024-12-14 23:00:00,86.56,85.298,-1.2620034790039085,1.2620034790039085,337,23
2024-12-15 00:00:00,77.5,92.204384,14.704383850097656,14.704383850097656,338,0
2024-12-15 01:00:00,73.5,88.01083,14.510833740234375,14.510833740234375,338,1
2024-12-15 02:00:00,65.25,80.36305,15.113052368164062,15.113052368164062,338,2
2024-12-15 03:00:00,57.57,77.60355,20.033553771972656,20.033553771972656,338,3
2024-12-15 04:00:00,56.13,67.973366,11.843365783691404,11.843365783691404,338,4
2024-12-15 05:00:00,50.68,81.98824,31.308243103027344,31.308243103027344,338,5
2024-12-15 06:00:00,60.44,86.48003,26.04002624511719,26.04002624511719,338,6
2024-12-15 07:00:00,69.13,99.07859,29.94859039306641,29.94859039306641,338,7
2024-12-15 08:00:00,78.12,120.86485,42.74485290527343,42.74485290527343,338,8
2024-12-15 09:00:00,74.57,114.746765,40.17676513671876,40.17676513671876,338,9
2024-12-15 10:00:00,72.69,104.59197,31.90197235107422,31.90197235107422,338,10
2024-12-15 11:00:00,77.87,95.694214,17.824213867187495,17.824213867187495,338,11
2024-12-15 12:00:00,75.82,99.00378,23.183776550292976,23.183776550292976,338,12
2024-12-15 13:00:00,71.89,94.5708,22.68080078125,22.68080078125,338,13
2024-12-15 14:00:00,70.47,98.04314,27.57313659667969,27.57313659667969,338,14
2024-12-15 15:00:00,82.3,107.97957,25.679568481445315,25.679568481445315,338,15
2024-12-15 16:00:00,93.13,124.94933,31.819333190917973,31.819333190917973,338,16
2024-12-15 17:00:00,104.94,123.4021,18.462099609375002,18.462099609375002,338,17
2024-12-15 18:00:00,99.43,121.54963,22.119629211425774,22.119629211425774,338,18
2024-12-15 19:00:00,73.59,104.71253,31.122532043457028,31.122532043457028,338,19
2024-12-15 20:00:00,72.61,103.07793,30.467926635742188,30.467926635742188,338,20
2024-12-15 21:00:00,73.2,101.24697,28.04697113037109,28.04697113037109,338,21
2024-12-15 22:00:00,46.61,82.255264,35.64526428222656,35.64526428222656,338,22
2024-12-15 23:00:00,13.09,70.84985,57.759853515625,57.759853515625,338,23
2024-12-16 00:00:00,14.58,68.43776,53.857759399414064,53.857759399414064,339,0
2024-12-16 01:00:00,15.96,66.33422,50.37422088623047,50.37422088623047,339,1
2024-12-16 02:00:00,9.76,67.26122,57.50122283935547,57.50122283935547,339,2
2024-12-16 03:00:00,9.64,65.28354,55.643538818359374,55.643538818359374,339,3
2024-12-16 04:00:00,15.15,76.00116,60.85115966796875,60.85115966796875,339,4
2024-12-16 05:00:00,31.28,94.75997,63.47997161865234,63.47997161865234,339,5
2024-12-16 06:00:00,92.57,96.62855,4.058547668457038,4.058547668457038,339,6
2024-12-16 07:00:00,102.45,103.481674,1.0316741943359347,1.0316741943359347,339,7
2024-12-16 08:00:00,109.71,106.76468,-2.9453210449218687,2.9453210449218687,339,8
2024-12-16 09:00:00,105.47,98.38387,-7.086127014160155,7.086127014160155,339,9
2024-12-16 10:00:00,97.14,98.14878,1.0087808227539057,1.0087808227539057,339,10
2024-12-16 11:00:00,95.15,92.76537,-2.384626770019537,2.384626770019537,339,11
2024-12-16 12:00:00,89.88,89.0499,-0.8301037597656205,0.8301037597656205,339,12
2024-12-16 13:00:00,88.34,89.72889,1.3888894653320278,1.3888894653320278,339,13
2024-12-16 14:00:00,99.87,96.019356,-3.8506442260742233,3.8506442260742233,339,14
2024-12-16 15:00:00,106.11,104.42185,-1.6881478881835932,1.6881478881835932,339,15
2024-12-16 16:00:00,109.35,119.17384,9.823843383789068,9.823843383789068,339,16
2024-12-16 17:00:00,118.02,140.78249,22.762485961914066,22.762485961914066,339,17
2024-12-16 18:00:00,117.25,136.45187,19.201873779296875,19.201873779296875,339,18
2024-12-16 19:00:00,106.64,111.04131,4.401313171386718,4.401313171386718,339,19
2024-12-16 20:00:00,96.02,96.499565,0.47956512451172273,0.47956512451172273,339,20
2024-12-16 21:00:00,104.65,82.02903,-22.6209701538086,22.6209701538086,339,21
2024-12-16 22:00:00,88.52,82.34248,-6.1775164794921835,6.1775164794921835,339,22
2024-12-16 23:00:00,52.45,78.36676,25.916760253906247,25.916760253906247,339,23
2024-12-17 00:00:00,56.82,59.71514,2.8951412963867185,2.8951412963867185,340,0
2024-12-17 01:00:00,52.13,56.30298,4.172978515624997,4.172978515624997,340,1
2024-12-17 02:00:00,41.47,54.775818,13.305817871093751,13.305817871093751,340,2
2024-12-17 03:00:00,54.91,55.229267,0.31926712036133154,0.31926712036133154,340,3
2024-12-17 04:00:00,63.75,60.16241,-3.5875892639160156,3.5875892639160156,340,4
2024-12-17 05:00:00,89.92,81.56749,-8.352510375976564,8.352510375976564,340,5
2024-12-17 06:00:00,109.93,94.1152,-15.814803771972663,15.814803771972663,340,6
2024-12-17 07:00:00,117.76,102.85578,-14.904218444824224,14.904218444824224,340,7
2024-12-17 08:00:00,119.08,105.56902,-13.51097686767578,13.51097686767578,340,8
2024-12-17 09:00:00,109.46,104.68008,-4.7799234008789,4.7799234008789,340,9
2024-12-17 10:00:00,102.64,97.40407,-5.235932006835938,5.235932006835938,340,10
2024-12-17 11:00:00,102.91,92.459366,-10.450634155273434,10.450634155273434,340,11
2024-12-17 12:00:00,106.43,87.68569,-18.744308166503913,18.744308166503913,340,12
2024-12-17 13:00:00,109.93,87.23624,-22.693763427734382,22.693763427734382,340,13
2024-12-17 14:00:00,113.61,95.12421,-18.48579345703125,18.48579345703125,340,14
2024-12-17 15:00:00,111.9,103.05265,-8.84734954833985,8.84734954833985,340,15
2024-12-17 16:00:00,124.88,113.67417,-11.20582855224609,11.20582855224609,340,16
2024-12-17 17:00:00,123.8,119.55265,-4.247349548339841,4.247349548339841,340,17
2024-12-17 18:00:00,110.45,122.19188,11.741879272460935,11.741879272460935,340,18
2024-12-17 19:00:00,101.87,107.80457,5.934573059082027,5.934573059082027,340,19
2024-12-17 20:00:00,94.8,100.2303,5.430300903320315,5.430300903320315,340,20
2024-12-17 21:00:00,90.57,94.23654,3.666541748046882,3.666541748046882,340,21
2024-12-17 22:00:00,73.83,75.983986,2.153985900878908,2.153985900878908,340,22
2024-12-17 23:00:00,66.97,57.64506,-9.324938507080077,9.324938507080077,340,23
2024-12-18 00:00:00,50.51,53.240932,2.7309324645996114,2.7309324645996114,341,0
2024-12-18 01:00:00,29.12,51.036633,21.916632537841796,21.916632537841796,341,1
2024-12-18 02:00:00,18.53,47.44303,28.913031311035155,28.913031311035155,341,2
2024-12-18 03:00:00,7.01,46.208366,39.19836639404297,39.19836639404297,341,3
2024-12-18 04:00:00,11.98,53.426945,41.44694473266601,41.44694473266601,341,4
2024-12-18 05:00:00,49.91,80.39633,30.48633178710938,30.48633178710938,341,5
2024-12-18 06:00:00,67.43,95.64111,28.211113281249993,28.211113281249993,341,6
2024-12-18 07:00:00,81.13,101.029465,19.899464721679692,19.899464721679692,341,7
2024-12-18 08:00:00,80.43,99.62592,19.195923156738274,19.195923156738274,341,8
2024-12-18 09:00:00,70.2,89.439384,19.239384460449216,19.239384460449216,341,9
2024-12-18 10:00:00,69.29,97.79644,28.506440124511712,28.506440124511712,341,10
2024-12-18 11:00:00,69.77,90.77736,21.007359008789066,21.007359008789066,341,11
2024-12-18 12:00:00,68.69,98.33387,29.643869934082034,29.643869934082034,341,12
2024-12-18 13:00:00,71.56,95.81787,24.257871093749998,24.257871093749998,341,13
2024-12-18 14:00:00,71.14,95.20625,24.066253051757812,24.066253051757812,341,14
2024-12-18 15:00:00,68.38,102.79501,34.41501342773438,34.41501342773438,341,15
2024-12-18 16:00:00,79.49,120.50496,41.01495910644532,41.01495910644532,341,16
2024-12-18 17:00:00,80.91,129.72334,48.813342895507816,48.813342895507816,341,17
2024-12-18 18:00:00,79.35,121.275215,41.92521514892579,41.92521514892579,341,18
2024-12-18 19:00:00,72.26,110.58553,38.32553314208984,38.32553314208984,341,19
2024-12-18 20:00:00,61.71,107.72923,46.01923278808594,46.01923278808594,341,20
2024-12-18 21:00:00,52.22,98.590515,46.37051513671875,46.37051513671875,341,21
2024-12-18 22:00:00,31.69,84.5925,52.90249877929688,52.90249877929688,341,22
2024-12-18 23:00:00,19.8,78.230255,58.43025512695313,58.43025512695313,341,23
2024-12-19 00:00:00,20.28,52.765522,32.48552200317383,32.48552200317383,342,0
2024-12-19 01:00:00,9.93,37.904453,27.97445327758789,27.97445327758789,342,1
2024-12-19 02:00:00,5.98,37.31288,31.332881469726562,31.332881469726562,342,2
2024-12-19 03:00:00,3.95,30.077425,26.12742500305176,26.12742500305176,342,3
2024-12-19 04:00:00,6.39,45.1074,38.717398986816406,38.717398986816406,342,4
2024-12-19 05:00:00,12.5,61.901146,49.401145935058594,49.401145935058594,342,5
2024-12-19 06:00:00,63.54,82.13009,18.590088806152345,18.590088806152345,342,6
2024-12-19 07:00:00,79.71,92.83759,13.127593078613288,13.127593078613288,342,7
2024-12-19 08:00:00,89.38,93.876755,4.496754760742192,4.496754760742192,342,8
2024-12-19 09:00:00,79.46,85.643135,6.1831350708007875,6.1831350708007875,342,9
2024-12-19 10:00:00,76.96,84.606316,7.646315612792975,7.646315612792975,342,10
2024-12-19 11:00:00,74.16,84.685486,10.525485839843753,10.525485839843753,342,11
2024-12-19 12:00:00,70.4,80.316925,9.91692504882812,9.91692504882812,342,12
2024-12-19 13:00:00,60.38,81.737045,21.357045288085935,21.357045288085935,342,13
2024-12-19 14:00:00,61.2,81.38942,20.18941955566406,20.18941955566406,342,14
2024-12-19 15:00:00,83.17,82.77028,-0.3997210693359392,0.3997210693359392,342,15
2024-12-19 16:00:00,100.79,96.523026,-4.266974487304694,4.266974487304694,342,16
2024-12-19 17:00:00,105.26,97.04558,-8.214421997070318,8.214421997070318,342,17
2024-12-19 18:00:00,94.02,93.50446,-0.5155368041992148,0.5155368041992148,342,18
2024-12-19 19:00:00,82.89,92.496124,9.606124267578124,9.606124267578124,342,19
2024-12-19 20:00:00,77.71,85.11504,7.405043640136725,7.405043640136725,342,20
2024-12-19 21:00:00,75.92,81.5799,5.6599026489257795,5.6599026489257795,342,21
2024-12-19 22:00:00,60.84,62.18776,1.347759399414059,1.347759399414059,342,22
2024-12-19 23:00:00,51.55,50.12652,-1.4234817504882784,1.4234817504882784,342,23
2024-12-20 00:00:00,34.79,30.067081,-4.7229185485839835,4.7229185485839835,343,0
2024-12-20 01:00:00,25.97,26.76974,0.7997391510009777,0.7997391510009777,343,1
2024-12-20 02:00:00,20.15,20.603945,0.45394477844238423,0.45394477844238423,343,2
2024-12-20 03:00:00,25.89,21.127262,-4.762737884521485,4.762737884521485,343,3
2024-12-20 04:00:00,50.79,25.995928,-24.794072189331054,24.794072189331054,343,4
2024-12-20 05:00:00,73.76,44.799187,-28.960813293457036,28.960813293457036,343,5
2024-12-20 06:00:00,109.0,74.09259,-34.90740966796875,34.90740966796875,343,6
2024-12-20 07:00:00,124.91,88.78647,-36.12353149414062,36.12353149414062,343,7
2024-12-20 08:00:00,118.09,90.55471,-27.53528961181641,27.53528961181641,343,8
2024-12-20 09:00:00,108.92,85.94399,-22.976007385253908,22.976007385253908,343,9
2024-12-20 10:00:00,99.27,86.28749,-12.982509155273434,12.982509155273434,343,10
2024-12-20 11:00:00,89.37,77.39164,-11.978360290527348,11.978360290527348,343,11
2024-12-20 12:00:00,85.81,76.83182,-8.978182373046877,8.978182373046877,343,12
2024-12-20 13:00:00,90.63,68.41543,-22.2145718383789,22.2145718383789,343,13
2024-12-20 14:00:00,101.19,71.59247,-29.597531738281248,29.597531738281248,343,14
2024-12-20 15:00:00,106.78,82.87715,-23.90284851074219,23.90284851074219,343,15
2024-12-20 16:00:00,111.01,91.74834,-19.261663208007818,19.261663208007818,343,16
2024-12-20 17:00:00,103.37,92.98329,-10.386708374023442,10.386708374023442,343,17
2024-12-20 18:00:00,101.1,90.03839,-11.061608886718744,11.061608886718744,343,18
2024-12-20 19:00:00,92.13,79.06695,-13.063052062988277,13.063052062988277,343,19
2024-12-20 20:00:00,74.21,77.96692,3.7569189453125063,3.7569189453125063,343,20
2024-12-20 21:00:00,70.67,75.308266,4.6382656860351545,4.6382656860351545,343,21
2024-12-20 22:00:00,58.5,51.23586,-7.264141082763672,7.264141082763672,343,22
2024-12-20 23:00:00,31.08,47.71363,16.633630676269533,16.633630676269533,343,23
2024-12-21 00:00:00,25.28,33.978615,8.698614807128905,8.698614807128905,344,0
2024-12-21 01:00:00,23.92,31.089825,7.16982467651367,7.16982467651367,344,1
2024-12-21 02:00:00,19.41,28.182121,8.772121276855469,8.772121276855469,344,2
2024-12-21 03:00:00,18.11,27.346064,9.236063613891602,9.236063613891602,344,3
2024-12-21 04:00:00,24.0,38.940136,14.940135955810547,14.940135955810547,344,4
2024-12-21 05:00:00,32.02,45.4183,13.398300628662106,13.398300628662106,344,5
2024-12-21 06:00:00,33.27,64.147224,30.877224426269528,30.877224426269528,344,6
2024-12-21 07:00:00,37.69,83.85654,46.16653686523438,46.16653686523438,344,7
2024-12-21 08:00:00,43.55,78.754456,35.20445556640625,35.20445556640625,344,8
2024-12-21 09:00:00,43.65,80.328674,36.67867431640625,36.67867431640625,344,9
2024-12-21 10:00:00,37.01,78.15034,41.14033721923828,41.14033721923828,344,10
2024-12-21 11:00:00,36.09,74.06243,37.972431335449215,37.972431335449215,344,11
2024-12-21 12:00:00,35.78,75.9073,40.12730285644531,40.12730285644531,344,12
2024-12-21 13:00:00,35.07,75.27077,40.20076721191406,40.20076721191406,344,13
2024-12-21 14:00:00,38.98,78.01303,39.03303100585938,39.03303100585938,344,14
2024-12-21 15:00:00,39.46,81.59728,42.13728240966797,42.13728240966797,344,15
2024-12-21 16:00:00,46.35,90.1476,43.79759826660156,43.79759826660156,344,16
2024-12-21 17:00:00,50.19,86.77509,36.58509307861328,36.58509307861328,344,17
2024-12-21 18:00:00,44.29,90.80152,46.51152130126953,46.51152130126953,344,18
2024-12-21 19:00:00,31.85,80.81132,48.961317443847655,48.961317443847655,344,19
2024-12-21 20:00:00,18.61,66.43788,47.82788146972656,47.82788146972656,344,20
2024-12-21 21:00:00,16.2,64.69596,48.49596099853515,48.49596099853515,344,21
2024-12-21 22:00:00,12.04,43.18798,31.14798065185547,31.14798065185547,344,22
2024-12-21 23:00:00,9.88,28.406548,18.526547546386716,18.526547546386716,344,23
2024-12-22 00:00:00,7.92,11.370409,3.4504090118408204,3.4504090118408204,345,0
2024-12-22 01:00:00,8.42,11.090219,2.6702185440063477,2.6702185440063477,345,1
2024-12-22 02:00:00,6.27,9.186234,2.9162344741821293,2.9162344741821293,345,2
2024-12-22 03:00:00,4.41,8.46442,4.0544203186035155,4.0544203186035155,345,3
2024-12-22 04:00:00,5.1,11.003779,5.903779411315918,5.903779411315918,345,4
2024-12-22 05:00:00,5.82,16.062822,10.242822341918945,10.242822341918945,345,5
2024-12-22 06:00:00,10.5,13.7494335,3.2494335174560547,3.2494335174560547,345,6
2024-12-22 07:00:00,15.29,23.253332,7.963332138061524,7.963332138061524,345,7
2024-12-22 08:00:00,23.99,28.227682,4.2376821136474625,4.2376821136474625,345,8
2024-12-22 09:00:00,20.0,32.61205,12.612049102783203,12.612049102783203,345,9
2024-12-22 10:00:00,16.01,33.99252,17.982519378662108,17.982519378662108,345,10
2024-12-22 11:00:00,18.67,25.256823,6.586822586059569,6.586822586059569,345,11
2024-12-22 12:00:00,15.38,26.156286,10.776286239624023,10.776286239624023,345,12
2024-12-22 13:00:00,10.96,26.590109,15.63010887145996,15.63010887145996,345,13
2024-12-22 14:00:00,13.55,32.24848,18.69848175048828,18.69848175048828,345,14
2024-12-22 15:00:00,18.6,45.27891,26.67891159057617,26.67891159057617,345,15
2024-12-22 16:00:00,55.0,55.38573,0.3857307434082031,0.3857307434082031,345,16
2024-12-22 17:00:00,77.44,60.125843,-17.314156951904295,17.314156951904295,345,17
2024-12-22 18:00:00,72.5,57.275497,-15.224502563476562,15.224502563476562,345,18
2024-12-22 19:00:00,58.91,42.503082,-16.40691772460937,16.40691772460937,345,19
2024-12-22 20:00:00,46.4,37.093884,-9.306116485595702,9.306116485595702,345,20
2024-12-22 21:00:00,42.03,34.89603,-7.1339695739746105,7.1339695739746105,345,21
2024-12-22 22:00:00,30.54,27.845383,-2.6946173095703116,2.6946173095703116,345,22
2024-12-22 23:00:00,17.27,22.756594,5.486593704223633,5.486593704223633,345,23
2024-12-23 00:00:00,11.48,27.108057,15.628057022094726,15.628057022094726,346,0
2024-12-23 01:00:00,10.19,28.303522,18.113522109985354,18.113522109985354,346,1
2024-12-23 02:00:00,7.33,28.970182,21.640182418823244,21.640182418823244,346,2
2024-12-23 03:00:00,6.0,28.110115,22.11011505126953,22.11011505126953,346,3
2024-12-23 04:00:00,7.07,34.505493,27.4354931640625,27.4354931640625,346,4
2024-12-23 05:00:00,25.95,67.77048,41.82047729492187,41.82047729492187,346,5
2024-12-23 06:00:00,61.2,78.12287,16.92287139892578,16.92287139892578,346,6
2024-12-23 07:00:00,72.47,75.509346,3.0393460083007824,3.0393460083007824,346,7
2024-12-23 08:00:00,70.93,72.91292,1.9829180908203057,1.9829180908203057,346,8
2024-12-23 09:00:00,61.79,65.88,4.08999725341797,4.08999725341797,346,9
2024-12-23 10:00:00,60.27,64.51199,4.241993408203122,4.241993408203122,346,10
2024-12-23 11:00:00,61.57,64.0273,2.457297973632812,2.457297973632812,346,11
2024-12-23 12:00:00,62.31,62.873302,0.5633024597167946,0.5633024597167946,346,12
2024-12-23 13:00:00,69.0,62.48052,-6.519481658935547,6.519481658935547,346,13
2024-12-23 14:00:00,80.01,68.00937,-12.00063110351563,12.00063110351563,346,14
2024-12-23 15:00:00,98.44,73.27004,-25.169957580566404,25.169957580566404,346,15
2024-12-23 16:00:00,110.92,101.511665,-9.40833465576172,9.40833465576172,346,16
2024-12-23 17:00:00,114.72,101.482765,-13.237234802246093,13.237234802246093,346,17
2024-12-23 18:00:00,124.89,99.80412,-25.085877075195313,25.085877075195313,346,18
2024-12-23 19:00:00,118.97,85.840576,-33.129423828125,33.129423828125,346,19
2024-12-23 20:00:00,109.28,75.090034,-34.18996551513672,34.18996551513672,346,20
2024-12-23 21:00:00,105.82,63.920723,-41.89927703857421,41.89927703857421,346,21
2024-12-23 22:00:00,105.49,49.080536,-56.40946411132812,56.40946411132812,346,22
2024-12-23 23:00:00,86.03,39.452866,-46.577134399414064,46.577134399414064,346,23
2024-12-24 00:00:00,82.84,33.100086,-49.7399137878418,49.7399137878418,347,0
2024-12-24 01:00:00,81.89,34.063007,-47.82699264526367,47.82699264526367,347,1
2024-12-24 02:00:00,78.0,30.983084,-47.016916275024414,47.016916275024414,347,2
2024-12-24 03:00:00,78.78,32.503918,-46.276082305908204,46.276082305908204,347,3
2024-12-24 04:00:00,80.6,37.593426,-43.00657424926757,43.00657424926757,347,4
2024-12-24 05:00:00,85.07,54.441963,-30.628036804199212,30.628036804199212,347,5
2024-12-24 06:00:00,100.83,70.64524,-30.184759216308592,30.184759216308592,347,6
2024-12-24 07:00:00,115.09,72.72295,-42.367046203613285,42.367046203613285,347,7
2024-12-24 08:00:00,120.95,69.74582,-51.20418090820313,51.20418090820313,347,8
2024-12-24 09:00:00,120.0,61.33511,-58.66489028930664,58.66489028930664,347,9
2024-12-24 10:00:00,118.16,54.868004,-63.29199615478515,63.29199615478515,347,10
2024-12-24 11:00:00,117.49,54.253788,-63.23621200561523,63.23621200561523,347,11
2024-12-24 12:00:00,115.38,55.997227,-59.382773284912105,59.382773284912105,347,12
2024-12-24 13:00:00,117.98,61.233444,-56.74655578613282,56.74655578613282,347,13
2024-12-24 14:00:00,119.5,74.79524,-44.70475769042969,44.70475769042969,347,14
2024-12-24 15:00:00,120.21,86.60464,-33.6053628540039,33.6053628540039,347,15
2024-12-24 16:00:00,118.0,102.50356,-15.496437072753906,15.496437072753906,347,16
2024-12-24 17:00:00,110.98,104.25954,-6.7204632568359415,6.7204632568359415,347,17
2024-12-24 18:00:00,105.66,111.00757,5.347568359375003,5.347568359375003,347,18
2024-12-24 19:00:00,102.56,103.00073,0.4407324218749977,0.4407324218749977,347,19
2024-12-24 20:00:00,94.63,89.14462,-5.4853771972656205,5.4853771972656205,347,20
2024-12-24 21:00:00,99.04,83.460815,-15.579184570312506,15.579184570312506,347,21
2024-12-24 22:00:00,90.0,82.75746,-7.2425384521484375,7.2425384521484375,347,22
2024-12-24 23:00:00,91.37,62.7883,-28.58170043945313,28.58170043945313,347,23
2024-12-25 00:00:00,86.44,69.479324,-16.960675659179685,16.960675659179685,348,0
2024-12-25 01:00:00,85.07,67.41228,-17.657722778320306,17.657722778320306,348,1
2024-12-25 02:00:00,80.81,64.99634,-15.813662109375002,15.813662109375002,348,2
2024-12-25 03:00:00,75.99,65.95365,-10.036348571777339,10.036348571777339,348,3
2024-12-25 04:00:00,80.81,68.54059,-12.269411621093752,12.269411621093752,348,4
2024-12-25 05:00:00,83.01,78.426346,-4.583654174804693,4.583654174804693,348,5
2024-12-25 06:00:00,84.94,85.60853,0.6685281372070335,0.6685281372070335,348,6
2024-12-25 07:00:00,90.21,94.4619,4.251898803710944,4.251898803710944,348,7
2024-12-25 08:00:00,99.24,95.050865,-4.189134826660151,4.189134826660151,348,8
2024-12-25 09:00:00,93.56,95.30935,1.7493490600585915,1.7493490600585915,348,9
2024-12-25 10:00:00,92.55,91.37259,-1.1774108886718722,1.1774108886718722,348,10
2024-12-25 11:00:00,94.41,95.5504,1.140399780273441,1.140399780273441,348,11
2024-12-25 12:00:00,91.01,88.36416,-2.6458413696289114,2.6458413696289114,348,12
2024-12-25 13:00:00,85.08,92.19761,7.117608947753908,7.117608947753908,348,13
2024-12-25 14:00:00,92.55,94.963326,2.413325500488284,2.413325500488284,348,14
2024-12-25 15:00:00,108.27,100.29458,-7.975421447753902,7.975421447753902,348,15
2024-12-25 16:00:00,120.5,106.31345,-14.186546325683594,14.186546325683594,348,16
2024-12-25 17:00:00,119.07,105.53181,-13.538193054199212,13.538193054199212,348,17
2024-12-25 18:00:00,117.98,105.127716,-12.852283935546879,12.852283935546879,348,18
2024-12-25 19:00:00,118.29,94.90733,-23.38266662597657,23.38266662597657,348,19
2024-12-25 20:00:00,113.01,92.33125,-20.678746948242193,20.678746948242193,348,20
2024-12-25 21:00:00,114.07,88.6466,-25.423401184082024,25.423401184082024,348,21
2024-12-25 22:00:00,104.63,79.8453,-24.78470123291015,24.78470123291015,348,22
2024-12-25 23:00:00,102.17,73.89805,-28.271951599121095,28.271951599121095,348,23
2024-12-26 00:00:00,95.06,77.468956,-17.59104400634766,17.59104400634766,349,0
2024-12-26 01:00:00,94.61,75.90287,-18.707129821777343,18.707129821777343,349,1
2024-12-26 02:00:00,89.64,70.7819,-18.858101501464844,18.858101501464844,349,2
2024-12-26 03:00:00,90.87,65.07584,-25.79415618896485,25.79415618896485,349,3
2024-12-26 04:00:00,95.1,75.19704,-19.902963256835932,19.902963256835932,349,4
2024-12-26 05:00:00,99.0,79.87888,-19.121116638183594,19.121116638183594,349,5
2024-12-26 06:00:00,112.64,93.28421,-19.355789794921876,19.355789794921876,349,6
2024-12-26 07:00:00,119.44,97.718185,-21.72181457519531,21.72181457519531,349,7
2024-12-26 08:00:00,118.23,103.72785,-14.502148132324223,14.502148132324223,349,8
2024-12-26 09:00:00,113.25,96.70133,-16.548667907714844,16.548667907714844,349,9
2024-12-26 10:00:00,106.01,93.976425,-12.033574829101568,12.033574829101568,349,10
2024-12-26 11:00:00,107.71,97.506386,-10.203614196777337,10.203614196777337,349,11
2024-12-26 12:00:00,103.9,91.38735,-12.512648010253912,12.512648010253912,349,12
2024-12-26 13:00:00,109.64,89.12807,-20.511932983398438,20.511932983398438,349,13
2024-12-26 14:00:00,120.75,95.9916,-24.758399963378906,24.758399963378906,349,14
2024-12-26 15:00:00,123.26,107.36096,-15.899038085937505,15.899038085937505,349,15
2024-12-26 16:00:00,137.9,116.24359,-21.656408691406256,21.656408691406256,349,16
2024-12-26 17:00:00,138.05,116.36588,-21.684117126464855,21.684117126464855,349,17
2024-12-26 18:00:00,135.71,115.257515,-20.452485046386727,20.452485046386727,349,18
2024-12-26 19:00:00,129.13,110.74789,-18.38211334228515,18.38211334228515,349,19
2024-12-26 20:00:00,120.85,105.166626,-15.683374023437494,15.683374023437494,349,20
2024-12-26 21:00:00,123.5,105.51122,-17.98877716064453,17.98877716064453,349,21
2024-12-26 22:00:00,116.98,97.58648,-19.393520812988285,19.393520812988285,349,22
2024-12-26 23:00:00,106.79,97.03595,-9.754050292968756,9.754050292968756,349,23
2024-12-27 00:00:00,101.52,96.67872,-4.841281433105465,4.841281433105465,350,0
2024-12-27 01:00:00,101.03,97.30251,-3.7274868774414074,3.7274868774414074,350,1
2024-12-27 02:00:00,99.74,92.110466,-7.629533996582026,7.629533996582026,350,2
2024-12-27 03:00:00,99.58,93.94646,-5.633543090820311,5.633543090820311,350,3
2024-12-27 04:00:00,106.2,101.445114,-4.754885864257815,4.754885864257815,350,4
2024-12-27 05:00:00,115.7,108.85615,-6.843852233886722,6.843852233886722,350,5
2024-12-27 06:00:00,124.29,114.56643,-9.723570861816413,9.723570861816413,350,6
2024-12-27 07:00:00,131.85,115.758896,-16.091104125976557,16.091104125976557,350,7
2024-12-27 08:00:00,130.15,115.643555,-14.506445312500006,14.506445312500006,350,8
2024-12-27 09:00:00,120.1,110.866806,-9.233193969726557,9.233193969726557,350,9
2024-12-27 10:00:00,107.94,107.89059,-0.049413146972653976,0.049413146972653976,350,10
2024-12-27 11:00:00,107.81,109.021545,1.2115454101562477,1.2115454101562477,350,11
2024-12-27 12:00:00,107.94,108.21815,0.2781472778320335,0.2781472778320335,350,12
2024-12-27 13:00:00,110.3,108.699585,-1.6004150390624972,1.6004150390624972,350,13
2024-12-27 14:00:00,114.15,114.22203,0.07203063964843182,0.07203063964843182,350,14
2024-12-27 15:00:00,129.98,119.52871,-10.451290588378896,10.451290588378896,350,15
2024-12-27 16:00:00,149.78,131.10683,-18.67317321777344,18.67317321777344,350,16
2024-12-27 17:00:00,158.4,131.21375,-27.186254882812506,27.186254882812506,350,17
2024-12-27 18:00:00,146.43,128.78827,-17.641730957031257,17.641730957031257,350,18
2024-12-27 19:00:00,133.14,124.99106,-8.148941650390611,8.148941650390611,350,19
2024-12-27 20:00:00,125.42,118.31989,-7.1001071166992205,7.1001071166992205,350,20
2024-12-27 21:00:00,126.76,117.47958,-9.28041625976563,9.28041625976563,350,21
2024-12-27 22:00:00,114.0,110.97706,-3.0229415893554688,3.0229415893554688,350,22
2024-12-27 23:00:00,126.4,103.99883,-22.401167297363287,22.401167297363287,350,23
2024-12-29 00:00:00,114.09,109.088264,-5.001735534667972,5.001735534667972,352,0
2024-12-29 01:00:00,107.71,99.174065,-8.535935363769525,8.535935363769525,352,1
2024-12-29 02:00:00,101.7,93.51542,-8.184580993652347,8.184580993652347,352,2
2024-12-29 03:00:00,97.73,87.73592,-9.99407623291016,9.99407623291016,352,3
2024-12-29 04:00:00,98.61,86.45481,-12.155188903808593,12.155188903808593,352,4
2024-12-29 05:00:00,98.16,90.88443,-7.275570068359372,7.275570068359372,352,5
2024-12-29 06:00:00,102.53,92.25261,-10.277390747070314,10.277390747070314,352,6
2024-12-29 07:00:00,110.71,105.38804,-5.3219613647460875,5.3219613647460875,352,7
2024-12-29 08:00:00,115.83,111.88682,-3.943182067871092,3.943182067871092,352,8
2024-12-29 09:00:00,115.58,113.04449,-2.5355130004882795,2.5355130004882795,352,9
2024-12-29 10:00:00,109.94,106.92769,-3.0123114013671852,3.0123114013671852,352,10
2024-12-29 11:00:00,109.4,99.36655,-10.03345336914063,10.03345336914063,352,11
2024-12-29 12:00:00,108.88,90.8503,-18.02969635009765,18.02969635009765,352,12
2024-12-29 13:00:00,109.81,99.164825,-10.645174560546877,10.645174560546877,352,13
2024-12-29 14:00:00,113.87,101.556015,-12.313984985351567,12.313984985351567,352,14
2024-12-29 15:00:00,125.13,110.63794,-14.492060546874995,14.492060546874995,352,15
2024-12-29 16:00:00,133.01,128.11331,-4.896688232421866,4.896688232421866,352,16
2024-12-29 17:00:00,134.4,138.27185,3.8718505859374943,3.8718505859374943,352,17
2024-12-29 18:00:00,133.72,135.27263,1.5526287841796886,1.5526287841796886,352,18
2024-12-29 19:00:00,123.92,121.907524,-2.012475891113283,2.012475891113283,352,19
2024-12-29 20:00:00,118.59,118.893105,0.30310455322265284,0.30310455322265284,352,20
2024-12-29 21:00:00,119.1,109.11833,-9.981668090820307,9.981668090820307,352,21
2024-12-29 22:00:00,103.18,102.820435,-0.3595654296875068,0.3595654296875068,352,22
2024-12-29 23:00:00,105.48,108.879715,3.3997149658203085,3.3997149658203085,352,23
2024-12-30 00:00:00,100.81,118.550476,17.740476074218748,17.740476074218748,353,0
2024-12-30 01:00:00,98.45,109.19539,10.74538879394531,10.74538879394531,353,1
2024-12-30 02:00:00,89.19,107.39965,18.20965057373047,18.20965057373047,353,2
2024-12-30 03:00:00,82.97,104.7402,21.770196228027345,21.770196228027345,353,3
2024-12-30 04:00:00,90.58,108.182205,17.602205200195314,17.602205200195314,353,4
2024-12-30 05:00:00,98.82,118.48418,19.664176635742194,19.664176635742194,353,5
2024-12-30 06:00:00,110.78,123.14033,12.36032745361328,12.36032745361328,353,6
2024-12-30 07:00:00,126.7,136.67265,9.972653198242185,9.972653198242185,353,7
2024-12-30 08:00:00,128.01,141.71008,13.700083007812509,13.700083007812509,353,8
2024-12-30 09:00:00,122.09,139.94496,17.85496154785156,17.85496154785156,353,9
2024-12-30 10:00:00,119.04,124.975655,5.935654602050775,5.935654602050775,353,10
2024-12-30 11:00:00,121.42,120.72748,-0.6925219726562517,0.6925219726562517,353,11
2024-12-30 12:00:00,116.02,121.02169,5.001690368652348,5.001690368652348,353,12
2024-12-30 13:00:00,119.5,114.30786,-5.192138671875,5.192138671875,353,13
2024-12-30 14:00:00,120.0,123.27656,3.2765579223632812,3.2765579223632812,353,14
2024-12-30 15:00:00,128.08,137.48991,9.409913940429675,9.409913940429675,353,15
2024-12-30 16:00:00,133.19,143.8901,10.700106201171877,10.700106201171877,353,16
2024-12-30 17:00:00,140.12,145.49796,5.3779553222656205,5.3779553222656205,353,17
2024-12-30 18:00:00,144.3,149.25513,4.955126953124989,4.955126953124989,353,18
2024-12-30 19:00:00,139.39,125.72749,-13.662506713867174,13.662506713867174,353,19
2024-12-30 20:00:00,130.74,113.4101,-17.329897155761728,17.329897155761728,353,20
2024-12-30 21:00:00,128.95,117.7986,-11.151400756835926,11.151400756835926,353,21
2024-12-30 22:00:00,126.45,99.54619,-26.903811645507815,26.903811645507815,353,22
2024-12-30 23:00:00,113.58,102.50179,-11.078207092285155,11.078207092285155,353,23
