datetime_hour,actual,predicted,error,abs_error,iteration
2024-01-14 00:00:00,82.78,76.029366,-6.75063446044922,6.75063446044922,2
2024-01-14 01:00:00,78.66,75.938156,-2.721843872070309,2.721843872070309,2
2024-01-14 02:00:00,72.53,67.89742,-4.632577209472657,4.632577209472657,2
2024-01-14 03:00:00,70.7,69.18632,-1.5136825561523466,1.5136825561523466,2
2024-01-14 04:00:00,73.13,67.30285,-5.827151184082027,5.827151184082027,2
2024-01-14 05:00:00,69.71,68.90781,-0.8021936035156187,0.8021936035156187,2
2024-01-14 06:00:00,74.4,77.38919,2.9891906738281193,2.9891906738281193,2
2024-01-14 07:00:00,77.9,76.66317,-1.236830139160162,1.236830139160162,2
2024-01-14 08:00:00,86.81,107.44833,20.638333740234373,20.638333740234373,2
2024-01-14 09:00:00,88.77,100.262566,11.492565612792973,11.492565612792973,2
2024-01-14 10:00:00,89.77,78.9038,-10.866199035644527,10.866199035644527,2
2024-01-14 11:00:00,84.7,59.698483,-25.00151748657227,25.00151748657227,2
2024-01-14 12:00:00,77.04,56.722286,-20.317713775634772,20.317713775634772,2
2024-01-14 13:00:00,79.15,54.0163,-25.13369979858399,25.13369979858399,2
2024-01-14 14:00:00,82.32,57.08678,-25.23321945190429,25.23321945190429,2
2024-01-14 15:00:00,86.62,77.88378,-8.736218566894536,8.736218566894536,2
2024-01-14 16:00:00,91.86,96.18541,4.325409545898438,4.325409545898438,2
2024-01-14 17:00:00,99.94,114.47161,14.531611022949221,14.531611022949221,2
2024-01-14 18:00:00,92.01,117.51626,25.50625823974609,25.50625823974609,2
2024-01-14 19:00:00,86.03,102.64655,16.61655303955078,16.61655303955078,2
2024-01-14 20:00:00,84.49,97.19624,12.706243286132818,12.706243286132818,2
2024-01-14 21:00:00,82.97,86.03797,3.0679714965820324,3.0679714965820324,2
2024-01-14 22:00:00,72.52,81.896454,9.376453857421879,9.376453857421879,2
2024-01-14 23:00:00,77.7,78.967476,1.2674758911132784,1.2674758911132784,2
2024-01-15 00:00:00,72.07,81.0683,8.998298339843757,8.998298339843757,3
2024-01-15 01:00:00,66.82,80.80728,13.987281494140632,13.987281494140632,3
2024-01-15 02:00:00,62.04,77.4089,15.368897399902345,15.368897399902345,3
2024-01-15 03:00:00,62.1,76.04729,13.947286987304686,13.947286987304686,3
2024-01-15 04:00:00,69.46,88.48065,19.020651855468756,19.020651855468756,3
2024-01-15 05:00:00,81.1,99.96354,18.863539123535162,18.863539123535162,3
2024-01-15 06:00:00,86.74,108.86098,22.120977172851568,22.120977172851568,3
2024-01-15 07:00:00,99.52,121.519714,21.999714355468754,21.999714355468754,3
2024-01-15 08:00:00,100.33,117.62764,17.297639770507814,17.297639770507814,3
2024-01-15 09:00:00,94.92,112.78971,17.869710998535155,17.869710998535155,3
2024-01-15 10:00:00,90.3,112.739555,22.43955535888672,22.43955535888672,3
2024-01-15 11:00:00,85.7,104.39901,18.69900970458984,18.69900970458984,3
2024-01-15 12:00:00,82.41,95.20635,12.796352233886722,12.796352233886722,3
2024-01-15 13:00:00,84.99,96.61297,11.622968444824224,11.622968444824224,3
2024-01-15 14:00:00,90.1,97.368195,7.268194580078131,7.268194580078131,3
2024-01-15 15:00:00,98.03,113.0779,15.047903747558593,15.047903747558593,3
2024-01-15 16:00:00,106.7,122.93714,16.23714141845703,16.23714141845703,3
2024-01-15 17:00:00,112.85,132.98035,20.130346679687506,20.130346679687506,3
2024-01-15 18:00:00,113.9,124.849304,10.949304199218744,10.949304199218744,3
2024-01-15 19:00:00,107.58,113.14248,5.5624789428710955,5.5624789428710955,3
2024-01-15 20:00:00,100.0,105.2461,5.246101379394531,5.246101379394531,3
2024-01-15 21:00:00,97.21,91.05194,-6.158059082031244,6.158059082031244,3
2024-01-15 22:00:00,91.0,81.232864,-9.767135620117188,9.767135620117188,3
2024-01-15 23:00:00,86.59,86.206825,-0.38317474365234716,0.38317474365234716,3
2024-01-16 00:00:00,83.33,76.328865,-7.001134948730467,7.001134948730467,4
2024-01-16 01:00:00,80.94,73.661804,-7.278195800781248,7.278195800781248,4
2024-01-16 02:00:00,78.65,71.91505,-6.734953308105474,6.734953308105474,4
2024-01-16 03:00:00,78.35,72.51481,-5.835191345214838,5.835191345214838,4
2024-01-16 04:00:00,84.96,81.062515,-3.8974847412109312,3.8974847412109312,4
2024-01-16 05:00:00,96.1,100.21526,4.115263366699224,4.115263366699224,4
2024-01-16 06:00:00,117.0,108.496346,-8.503654479980469,8.503654479980469,4
2024-01-16 07:00:00,144.11,124.37026,-19.73973785400392,19.73973785400392,4
2024-01-16 08:00:00,138.6,123.876114,-14.723886108398432,14.723886108398432,4
2024-01-16 09:00:00,122.0,112.019394,-9.980606079101562,9.980606079101562,4
2024-01-16 10:00:00,110.0,103.27698,-6.7230224609375,6.7230224609375,4
2024-01-16 11:00:00,102.62,98.190155,-4.4298449707031295,4.4298449707031295,4
2024-01-16 12:00:00,95.47,92.191124,-3.278876037597655,3.278876037597655,4
2024-01-16 13:00:00,100.95,76.12183,-24.82816619873047,24.82816619873047,4
2024-01-16 14:00:00,111.85,103.23892,-8.61107788085937,8.61107788085937,4
2024-01-16 15:00:00,113.56,115.47174,1.9117407226562477,1.9117407226562477,4
2024-01-16 16:00:00,129.34,123.802216,-5.537784423828128,5.537784423828128,4
2024-01-16 17:00:00,129.98,133.92891,3.9489093017578227,3.9489093017578227,4
2024-01-16 18:00:00,116.92,136.1521,19.232099609375,19.232099609375,4
2024-01-16 19:00:00,99.78,126.68823,26.908232421875,26.908232421875,4
2024-01-16 20:00:00,88.75,111.944405,23.19440460205078,23.19440460205078,4
2024-01-16 21:00:00,83.49,104.74753,21.25752807617188,21.25752807617188,4
2024-01-16 22:00:00,79.87,93.43874,13.56874359130859,13.56874359130859,4
2024-01-16 23:00:00,72.79,90.67156,17.881562194824212,17.881562194824212,4
2024-01-17 00:00:00,72.33,89.79166,17.461656494140627,17.461656494140627,5
2024-01-17 01:00:00,71.02,84.30836,13.288357238769535,13.288357238769535,5
2024-01-17 02:00:00,70.07,84.41443,14.344428710937507,14.344428710937507,5
2024-01-17 03:00:00,69.9,83.77825,13.878251647949213,13.878251647949213,5
2024-01-17 04:00:00,72.67,91.42102,18.7510205078125,18.7510205078125,5
2024-01-17 05:00:00,77.67,109.24511,31.575109558105467,31.575109558105467,5
2024-01-17 06:00:00,87.0,113.46108,26.461082458496094,26.461082458496094,5
2024-01-17 07:00:00,97.72,139.5958,41.875794677734376,41.875794677734376,5
2024-01-17 08:00:00,106.24,148.3588,42.11879516601563,42.11879516601563,5
2024-01-17 09:00:00,110.33,131.61565,21.28564636230469,21.28564636230469,5
2024-01-17 10:00:00,111.1,120.0792,8.979200744628912,8.979200744628912,5
2024-01-17 11:00:00,90.12,119.088524,28.96852386474609,28.96852386474609,5
2024-01-17 12:00:00,83.05,106.6257,23.575701904296878,23.575701904296878,5
2024-01-17 13:00:00,85.38,112.08436,26.704358215332036,26.704358215332036,5
2024-01-17 14:00:00,70.98,126.4174,55.43739654541015,55.43739654541015,5
2024-01-17 15:00:00,70.45,127.6978,57.247799682617185,57.247799682617185,5
2024-01-17 16:00:00,79.72,145.48595,65.76594665527344,65.76594665527344,5
2024-01-17 17:00:00,105.49,147.20937,41.71936584472657,41.71936584472657,5
2024-01-17 18:00:00,107.73,138.55547,30.825465698242184,30.825465698242184,5
2024-01-17 19:00:00,93.82,122.86185,29.041846923828132,29.041846923828132,5
2024-01-17 20:00:00,83.96,104.90974,20.949736633300788,20.949736633300788,5
2024-01-17 21:00:00,79.25,99.70545,20.45545196533203,20.45545196533203,5
2024-01-17 22:00:00,76.92,92.29519,15.375188903808592,15.375188903808592,5
2024-01-17 23:00:00,71.3,86.14687,14.846873474121097,14.846873474121097,5
2024-01-18 00:00:00,75.71,70.04843,-5.661568603515619,5.661568603515619,6
2024-01-18 01:00:00,70.54,68.95307,-1.586928405761725,1.586928405761725,6
2024-01-18 02:00:00,68.71,69.505005,0.7950048828125063,0.7950048828125063,6
2024-01-18 03:00:00,63.81,70.263084,6.4530844116210915,6.4530844116210915,6
2024-01-18 04:00:00,65.73,77.122665,11.392665405273434,11.392665405273434,6
2024-01-18 05:00:00,73.05,91.97428,18.92428131103516,18.92428131103516,6
2024-01-18 06:00:00,88.34,100.326195,11.98619476318359,11.98619476318359,6
2024-01-18 07:00:00,97.64,121.4462,23.806197509765624,23.806197509765624,6
2024-01-18 08:00:00,100.57,119.821365,19.25136535644532,19.25136535644532,6
2024-01-18 09:00:00,106.54,115.1947,8.654702148437494,8.654702148437494,6
2024-01-18 10:00:00,100.85,109.26761,8.41760864257813,8.41760864257813,6
2024-01-18 11:00:00,92.5,92.1168,-0.38320159912109375,0.38320159912109375,6
2024-01-18 12:00:00,84.28,85.113434,0.8334338378906239,0.8334338378906239,6
2024-01-18 13:00:00,87.43,88.57373,1.1437304687499932,1.1437304687499932,6
2024-01-18 14:00:00,92.41,87.24192,-5.16807952880859,5.16807952880859,6
2024-01-18 15:00:00,90.77,90.84726,0.07725952148437898,0.07725952148437898,6
2024-01-18 16:00:00,96.02,102.91263,6.892628173828129,6.892628173828129,6
2024-01-18 17:00:00,103.71,121.80737,18.097373046875006,18.097373046875006,6
2024-01-18 18:00:00,99.6,117.75627,18.156271362304693,18.156271362304693,6
2024-01-18 19:00:00,91.76,106.531006,14.771005859374995,14.771005859374995,6
2024-01-18 20:00:00,83.23,92.46548,9.23547698974609,9.23547698974609,6
2024-01-18 21:00:00,83.16,83.80234,0.6423376464843784,0.6423376464843784,6
2024-01-18 22:00:00,73.61,80.45658,6.846581115722657,6.846581115722657,6
2024-01-18 23:00:00,71.82,78.10822,6.288222961425788,6.288222961425788,6
2024-01-19 00:00:00,67.44,77.316925,9.876925048828127,9.876925048828127,7
2024-01-19 01:00:00,67.17,68.96243,1.7924328613281233,1.7924328613281233,7
2024-01-19 02:00:00,62.76,65.185684,2.4256842041015645,2.4256842041015645,7
2024-01-19 03:00:00,63.32,61.17627,-2.1437304687500003,2.1437304687500003,7
2024-01-19 04:00:00,67.71,65.770004,-1.9399957275390562,1.9399957275390562,7
2024-01-19 05:00:00,79.18,86.852066,7.672066040039056,7.672066040039056,7
2024-01-19 06:00:00,88.15,98.648895,10.49889526367187,10.49889526367187,7
2024-01-19 07:00:00,104.27,109.07263,4.802631835937504,4.802631835937504,7
2024-01-19 08:00:00,108.3,111.03773,2.737727355957034,2.737727355957034,7
2024-01-19 09:00:00,100.51,112.28632,11.776323547363276,11.776323547363276,7
2024-01-19 10:00:00,88.0,106.379074,18.379074096679688,18.379074096679688,7
2024-01-19 11:00:00,80.12,95.31355,15.193552856445308,15.193552856445308,7
2024-01-19 12:00:00,73.41,91.31014,17.900142517089847,17.900142517089847,7
2024-01-19 13:00:00,75.27,90.88452,15.614521484375004,15.614521484375004,7
2024-01-19 14:00:00,80.53,96.354095,15.824095458984374,15.824095458984374,7
2024-01-19 15:00:00,85.84,98.60011,12.760112915039059,12.760112915039059,7
2024-01-19 16:00:00,94.42,108.14005,13.720052795410155,13.720052795410155,7
2024-01-19 17:00:00,95.62,113.691055,18.071055297851558,18.071055297851558,7
2024-01-19 18:00:00,93.52,111.11566,17.595661621093754,17.595661621093754,7
2024-01-19 19:00:00,82.88,99.01441,16.134411926269536,16.134411926269536,7
2024-01-19 20:00:00,80.5,93.35293,12.852928161621094,12.852928161621094,7
2024-01-19 21:00:00,82.03,88.36279,6.332792968749999,6.332792968749999,7
2024-01-19 22:00:00,75.28,78.65384,3.373839111328124,3.373839111328124,7
2024-01-19 23:00:00,78.97,67.63507,-11.334929199218749,11.334929199218749,7
2024-01-20 00:00:00,66.79,52.9761,-13.813899078369147,13.813899078369147,8
2024-01-20 01:00:00,70.58,51.83784,-18.74215896606445,18.74215896606445,8
2024-01-20 02:00:00,66.09,53.2869,-12.803100433349613,12.803100433349613,8
2024-01-20 03:00:00,63.68,47.634956,-16.04504364013672,16.04504364013672,8
2024-01-20 04:00:00,66.1,50.60027,-15.499730682373041,15.499730682373041,8
2024-01-20 05:00:00,70.3,56.21465,-14.085350799560544,14.085350799560544,8
2024-01-20 06:00:00,75.93,61.476692,-14.453307800292976,14.453307800292976,8
2024-01-20 07:00:00,84.09,67.132454,-16.957546081542972,16.957546081542972,8
2024-01-20 08:00:00,88.31,68.96665,-19.343348083496096,19.343348083496096,8
2024-01-20 09:00:00,82.85,78.49367,-4.356332397460932,4.356332397460932,8
2024-01-20 10:00:00,76.64,62.362476,-14.277523651123047,14.277523651123047,8
2024-01-20 11:00:00,74.65,47.319466,-27.330534362792974,27.330534362792974,8
2024-01-20 12:00:00,69.84,41.305565,-28.53443511962891,28.53443511962891,8
2024-01-20 13:00:00,73.41,46.67655,-26.73344818115234,26.73344818115234,8
2024-01-20 14:00:00,79.21,51.56677,-27.64323135375976,27.64323135375976,8
2024-01-20 15:00:00,87.97,66.199814,-21.77018615722656,21.77018615722656,8
2024-01-20 16:00:00,95.07,78.837,-16.23300201416015,16.23300201416015,8
2024-01-20 17:00:00,99.94,85.92337,-14.016629638671873,14.016629638671873,8
2024-01-20 18:00:00,91.75,80.35517,-11.394828796386719,11.394828796386719,8
2024-01-20 19:00:00,83.93,70.40502,-13.524978332519538,13.524978332519538,8
2024-01-20 20:00:00,75.8,66.88392,-8.916081237792966,8.916081237792966,8
2024-01-20 21:00:00,77.88,66.62054,-11.259463195800777,11.259463195800777,8
2024-01-20 22:00:00,69.13,59.29681,-9.833189849853511,9.833189849853511,8
2024-01-20 23:00:00,69.07,59.36628,-9.703720397949212,9.703720397949212,8
2024-01-21 00:00:00,57.88,47.282356,-10.597643737792971,10.597643737792971,9
2024-01-21 01:00:00,55.15,50.11294,-5.037058258056639,5.037058258056639,9
2024-01-21 02:00:00,50.89,43.78226,-7.10773910522461,7.10773910522461,9
2024-01-21 03:00:00,48.91,40.33153,-8.578468475341793,8.578468475341793,9
2024-01-21 04:00:00,48.51,44.312885,-4.19711471557617,4.19711471557617,9
2024-01-21 05:00:00,46.81,43.817917,-2.9920831298828148,2.9920831298828148,9
2024-01-21 06:00:00,48.52,52.71121,4.191208343505856,4.191208343505856,9
2024-01-21 07:00:00,54.23,58.30958,4.0795817565918,4.0795817565918,9
2024-01-21 08:00:00,59.0,60.314487,1.3144874572753906,1.3144874572753906,9
2024-01-21 09:00:00,58.64,55.880898,-2.7591024780273443,2.7591024780273443,9
2024-01-21 10:00:00,56.8,53.213917,-3.586083221435544,3.586083221435544,9
2024-01-21 11:00:00,56.36,51.93513,-4.424868927001953,4.424868927001953,9
2024-01-21 12:00:00,47.42,44.41356,-3.006441040039064,3.006441040039064,9
2024-01-21 13:00:00,52.67,48.284973,-4.385026855468752,4.385026855468752,9
2024-01-21 14:00:00,53.75,58.56725,4.817249298095703,4.817249298095703,9
2024-01-21 15:00:00,56.89,70.95647,14.066466674804687,14.066466674804687,9
2024-01-21 16:00:00,64.89,80.61585,15.72585235595703,15.72585235595703,9
2024-01-21 17:00:00,77.19,92.618385,15.428385314941409,15.428385314941409,9
2024-01-21 18:00:00,78.7,82.96814,4.268139648437497,4.268139648437497,9
2024-01-21 19:00:00,73.91,81.282486,7.372485961914066,7.372485961914066,9
2024-01-21 20:00:00,56.44,71.018906,14.57890563964844,14.57890563964844,9
2024-01-21 21:00:00,63.75,72.383804,8.633804321289062,8.633804321289062,9
2024-01-21 22:00:00,57.39,55.20197,-2.188030853271485,2.188030853271485,9
2024-01-21 23:00:00,40.66,54.234535,13.57453521728516,13.57453521728516,9
2024-01-22 00:00:00,33.09,60.156223,27.066223297119137,27.066223297119137,10
2024-01-22 01:00:00,28.34,56.457027,28.117027435302735,28.117027435302735,10
2024-01-22 02:00:00,15.08,55.21864,40.1386393737793,40.1386393737793,10
2024-01-22 03:00:00,13.34,61.0985,47.7584992980957,47.7584992980957,10
2024-01-22 04:00:00,25.31,69.24152,43.93152374267578,43.93152374267578,10
2024-01-22 05:00:00,49.01,87.74175,38.73175262451172,38.73175262451172,10
2024-01-22 06:00:00,69.99,92.24475,22.254750976562505,22.254750976562505,10
2024-01-22 07:00:00,85.22,95.809944,10.589944152832032,10.589944152832032,10
2024-01-22 08:00:00,86.66,83.41435,-3.245647583007809,3.245647583007809,10
2024-01-22 09:00:00,71.08,84.36084,13.280839843750002,13.280839843750002,10
2024-01-22 10:00:00,61.99,79.522896,17.53289581298828,17.53289581298828,10
2024-01-22 11:00:00,57.67,78.86758,21.197576599121092,21.197576599121092,10
2024-01-22 12:00:00,58.48,75.11029,16.630290527343753,16.630290527343753,10
2024-01-22 13:00:00,61.06,82.85409,21.79408782958984,21.79408782958984,10
2024-01-22 14:00:00,62.99,73.949005,10.959005126953123,10.959005126953123,10
2024-01-22 15:00:00,66.07,78.980934,12.910934143066413,12.910934143066413,10
2024-01-22 16:00:00,79.09,88.80717,9.717167053222653,9.717167053222653,10
2024-01-22 17:00:00,89.87,101.23964,11.369639282226558,11.369639282226558,10
2024-01-22 18:00:00,81.79,93.031334,11.241333923339837,11.241333923339837,10
2024-01-22 19:00:00,70.09,90.614334,20.52433410644531,20.52433410644531,10
2024-01-22 20:00:00,60.87,74.20757,13.337572937011721,13.337572937011721,10
2024-01-22 21:00:00,58.76,73.53457,14.774568786621096,14.774568786621096,10
2024-01-22 22:00:00,52.55,64.69503,12.145030212402347,12.145030212402347,10
2024-01-22 23:00:00,20.45,71.04698,50.596981811523435,50.596981811523435,10
2024-01-23 00:00:00,15.33,49.20428,33.874280853271486,33.874280853271486,11
2024-01-23 01:00:00,14.55,51.025723,36.47572250366211,36.47572250366211,11
2024-01-23 02:00:00,9.66,51.0791,41.4191015625,41.4191015625,11
2024-01-23 03:00:00,15.14,51.48211,36.34210906982422,36.34210906982422,11
2024-01-23 04:00:00,42.16,57.67259,15.512588348388675,15.512588348388675,11
2024-01-23 05:00:00,65.55,80.77799,15.227992248535159,15.227992248535159,11
2024-01-23 06:00:00,83.14,91.988716,8.84871612548828,8.84871612548828,11
2024-01-23 07:00:00,86.5,107.52322,21.023216247558594,21.023216247558594,11
2024-01-23 08:00:00,83.36,91.59939,8.239388122558594,8.239388122558594,11
2024-01-23 09:00:00,81.0,76.09348,-4.906517028808594,4.906517028808594,11
2024-01-23 10:00:00,66.65,75.08772,8.437722778320307,8.437722778320307,11
2024-01-23 11:00:00,61.91,68.586136,6.676135864257816,6.676135864257816,11
2024-01-23 12:00:00,61.03,70.98478,9.954779357910155,9.954779357910155,11
2024-01-23 13:00:00,65.61,69.14103,3.531029357910157,3.531029357910157,11
2024-01-23 14:00:00,71.96,78.858864,6.8988638305664125,6.8988638305664125,11
2024-01-23 15:00:00,66.62,84.79947,18.17946899414062,18.17946899414062,11
2024-01-23 16:00:00,81.21,96.18998,14.979979553222663,14.979979553222663,11
2024-01-23 17:00:00,85.89,104.40504,18.51503692626953,18.51503692626953,11
2024-01-23 18:00:00,77.18,95.07744,17.89743835449218,17.89743835449218,11
2024-01-23 19:00:00,66.64,81.327934,14.687934265136718,14.687934265136718,11
2024-01-23 20:00:00,59.66,75.18624,15.526241149902347,15.526241149902347,11
2024-01-23 21:00:00,49.92,69.7481,19.828100280761717,19.828100280761717,11
2024-01-23 22:00:00,36.49,64.60741,28.117406616210936,28.117406616210936,11
2024-01-23 23:00:00,10.74,63.46248,52.72247863769531,52.72247863769531,11
2024-01-24 00:00:00,8.35,48.03057,39.68057098388672,39.68057098388672,12
2024-01-24 01:00:00,6.69,43.930172,37.24017196655274,37.24017196655274,12
2024-01-24 02:00:00,2.27,47.58939,45.31938980102539,45.31938980102539,12
2024-01-24 03:00:00,0.2,47.574684,47.3746841430664,47.3746841430664,12
2024-01-24 04:00:00,5.43,62.708035,57.27803451538086,57.27803451538086,12
2024-01-24 05:00:00,24.52,80.14896,55.62895629882813,55.62895629882813,12
2024-01-24 06:00:00,55.41,96.43126,41.02125915527344,41.02125915527344,12
2024-01-24 07:00:00,67.58,99.034164,31.45416442871094,31.45416442871094,12
2024-01-24 08:00:00,65.89,95.11013,29.220130310058593,29.220130310058593,12
2024-01-24 09:00:00,59.84,87.673935,27.833934936523434,27.833934936523434,12
2024-01-24 10:00:00,56.65,78.41431,21.764306640625,21.764306640625,12
2024-01-24 11:00:00,47.21,70.118355,22.90835479736328,22.90835479736328,12
2024-01-24 12:00:00,44.3,64.58679,20.286791992187503,20.286791992187503,12
2024-01-24 13:00:00,51.63,63.957623,12.32762252807617,12.32762252807617,12
2024-01-24 14:00:00,60.5,78.41053,17.91053009033203,17.91053009033203,12
2024-01-24 15:00:00,64.0,72.38973,8.389732360839844,8.389732360839844,12
2024-01-24 16:00:00,71.09,87.2711,16.181102905273434,16.181102905273434,12
2024-01-24 17:00:00,83.14,96.66525,13.525252685546874,13.525252685546874,12
2024-01-24 18:00:00,83.46,91.0169,7.556899108886725,7.556899108886725,12
2024-01-24 19:00:00,77.81,76.07786,-1.732142028808596,1.732142028808596,12
2024-01-24 20:00:00,68.8,68.38792,-0.4120834350585909,0.4120834350585909,12
2024-01-24 21:00:00,70.88,63.001835,-7.87816513061523,7.87816513061523,12
2024-01-24 22:00:00,73.14,53.1827,-19.957298889160157,19.957298889160157,12
2024-01-24 23:00:00,62.78,43.200527,-19.57947280883789,19.57947280883789,12
2024-01-25 00:00:00,59.64,28.164526,-31.475474014282227,31.475474014282227,13
2024-01-25 01:00:00,60.0,28.5558,-31.44420051574707,31.44420051574707,13
2024-01-25 02:00:00,55.36,19.357454,-36.00254570007324,36.00254570007324,13
2024-01-25 03:00:00,57.26,20.478397,-36.78160263061523,36.78160263061523,13
2024-01-25 04:00:00,63.29,27.807905,-35.482094802856444,35.482094802856444,13
2024-01-25 05:00:00,72.45,47.925247,-24.52475280761719,24.52475280761719,13
2024-01-25 06:00:00,83.5,63.4047,-20.095298767089844,20.095298767089844,13
2024-01-25 07:00:00,95.53,69.68298,-25.8470166015625,25.8470166015625,13
2024-01-25 08:00:00,89.84,68.55883,-21.281169738769535,21.281169738769535,13
2024-01-25 09:00:00,83.95,63.811485,-20.13851470947266,20.13851470947266,13
2024-01-25 10:00:00,78.66,63.81456,-14.845440063476559,14.845440063476559,13
2024-01-25 11:00:00,74.95,58.711895,-16.23810501098633,16.23810501098633,13
2024-01-25 12:00:00,69.76,54.82462,-14.935380706787114,14.935380706787114,13
2024-01-25 13:00:00,66.17,61.78813,-4.381868286132814,4.381868286132814,13
2024-01-25 14:00:00,61.85,65.59598,3.7459777832031236,3.7459777832031236,13
2024-01-25 15:00:00,67.67,73.360886,5.690885620117186,5.690885620117186,13
2024-01-25 16:00:00,75.59,82.61376,7.023761901855465,7.023761901855465,13
2024-01-25 17:00:00,94.72,93.37926,-1.3407427978515614,1.3407427978515614,13
2024-01-25 18:00:00,96.11,96.959305,0.8493048095703131,0.8493048095703131,13
2024-01-25 19:00:00,79.83,91.20461,11.374612731933595,11.374612731933595,13
2024-01-25 20:00:00,72.14,78.16853,6.028533325195312,6.028533325195312,13
2024-01-25 21:00:00,71.39,81.70034,10.310340270996093,10.310340270996093,13
2024-01-25 22:00:00,67.34,82.64704,15.307041320800778,15.307041320800778,13
2024-01-25 23:00:00,62.8,72.99013,10.190127563476565,10.190127563476565,13
2024-01-26 00:00:00,62.0,67.15545,5.155448913574219,5.155448913574219,14
2024-01-26 01:00:00,58.49,65.083954,6.593953857421873,6.593953857421873,14
2024-01-26 02:00:00,52.99,62.002945,9.01294494628906,9.01294494628906,14
2024-01-26 03:00:00,39.82,65.12425,25.304252319335937,25.304252319335937,14
2024-01-26 04:00:00,50.3,68.65819,18.35818786621094,18.35818786621094,14
2024-01-26 05:00:00,61.53,88.984886,27.454886169433593,27.454886169433593,14
2024-01-26 06:00:00,74.25,102.35655,28.106552124023438,28.106552124023438,14
2024-01-26 07:00:00,80.45,109.62205,29.172047424316403,29.172047424316403,14
2024-01-26 08:00:00,75.34,97.29596,21.955959472656247,21.955959472656247,14
2024-01-26 09:00:00,66.19,91.42148,25.231478271484377,25.231478271484377,14
2024-01-26 10:00:00,62.39,84.51222,22.122222290039062,22.122222290039062,14
2024-01-26 11:00:00,55.78,77.698364,21.9183642578125,21.9183642578125,14
2024-01-26 12:00:00,50.7,66.19931,15.499310302734372,15.499310302734372,14
2024-01-26 13:00:00,53.61,68.187195,14.57719482421875,14.57719482421875,14
2024-01-26 14:00:00,55.52,66.90653,11.386532287597653,11.386532287597653,14
2024-01-26 15:00:00,63.38,70.49321,7.113209838867185,7.113209838867185,14
2024-01-26 16:00:00,73.74,87.54346,13.803457031250005,13.803457031250005,14
2024-01-26 17:00:00,89.62,98.307365,8.687365417480464,8.687365417480464,14
2024-01-26 18:00:00,89.8,100.7302,10.930201721191409,10.930201721191409,14
2024-01-26 19:00:00,84.53,86.725555,2.195555419921874,2.195555419921874,14
2024-01-26 20:00:00,71.13,78.853836,7.723836059570317,7.723836059570317,14
2024-01-26 21:00:00,74.98,77.24706,2.2670626831054648,2.2670626831054648,14
2024-01-26 22:00:00,70.45,67.96802,-2.481982421875003,2.481982421875003,14
2024-01-26 23:00:00,64.97,65.53156,0.5615628051757824,0.5615628051757824,14
2024-01-28 00:00:00,58.2,46.761105,-11.438895416259768,11.438895416259768,16
2024-01-28 01:00:00,52.9,43.9869,-8.913099670410155,8.913099670410155,16
2024-01-28 02:00:00,47.21,43.040775,-4.169224700927735,4.169224700927735,16
2024-01-28 03:00:00,44.0,40.806904,-3.193096160888672,3.193096160888672,16
2024-01-28 04:00:00,43.2,38.71262,-4.487380218505862,4.487380218505862,16
2024-01-28 05:00:00,47.05,42.306435,-4.743565368652341,4.743565368652341,16
2024-01-28 06:00:00,51.4,40.668682,-10.731317901611327,10.731317901611327,16
2024-01-28 07:00:00,55.29,56.093506,0.8035058593750009,0.8035058593750009,16
2024-01-28 08:00:00,55.8,63.828728,8.028727722167972,8.028727722167972,16
2024-01-28 09:00:00,52.29,47.658367,-4.631632843017577,4.631632843017577,16
2024-01-28 10:00:00,47.53,41.637207,-5.892792968750001,5.892792968750001,16
2024-01-28 11:00:00,42.49,23.711504,-18.778496017456057,18.778496017456057,16
2024-01-28 12:00:00,40.53,27.281427,-13.24857261657715,13.24857261657715,16
2024-01-28 13:00:00,40.09,21.185837,-18.904163208007816,18.904163208007816,16
2024-01-28 14:00:00,38.03,41.85851,3.828509063720702,3.828509063720702,16
2024-01-28 15:00:00,43.12,44.693867,1.5738667297363307,1.5738667297363307,16
2024-01-28 16:00:00,60.8,57.243244,-3.556755828857419,3.556755828857419,16
2024-01-28 17:00:00,73.34,84.06381,10.723812255859372,10.723812255859372,16
2024-01-28 18:00:00,71.55,79.31899,7.768992614746097,7.768992614746097,16
2024-01-28 19:00:00,69.87,74.902214,5.032214050292964,5.032214050292964,16
2024-01-28 20:00:00,58.86,65.058495,6.198494567871094,6.198494567871094,16
2024-01-28 21:00:00,60.34,60.59348,0.2534791564941372,0.2534791564941372,16
2024-01-28 22:00:00,56.0,52.612007,-3.3879928588867188,3.3879928588867188,16
2024-01-28 23:00:00,49.97,41.30054,-8.669459075927733,8.669459075927733,16
2024-01-29 00:00:00,47.26,52.621815,5.361814727783205,5.361814727783205,17
2024-01-29 01:00:00,48.12,53.280262,5.160261993408206,5.160261993408206,17
2024-01-29 02:00:00,47.97,53.29899,5.328988342285157,5.328988342285157,17
2024-01-29 03:00:00,51.58,47.51758,-4.062421874999998,4.062421874999998,17
2024-01-29 04:00:00,60.06,57.04825,-3.0117517089843773,3.0117517089843773,17
2024-01-29 05:00:00,80.66,73.80074,-6.859256896972653,6.859256896972653,17
2024-01-29 06:00:00,88.7,80.732086,-7.967913818359378,7.967913818359378,17
2024-01-29 07:00:00,99.26,75.19845,-24.06155181884766,24.06155181884766,17
2024-01-29 08:00:00,88.39,76.90915,-11.480850830078126,11.480850830078126,17
2024-01-29 09:00:00,78.9,70.03491,-8.865087890625006,8.865087890625006,17
2024-01-29 10:00:00,71.27,67.316864,-3.953135986328121,3.953135986328121,17
2024-01-29 11:00:00,70.24,63.815853,-6.4241468811035105,6.4241468811035105,17
2024-01-29 12:00:00,73.81,59.76231,-14.04768997192383,14.04768997192383,17
2024-01-29 13:00:00,78.03,60.817677,-17.212323455810548,17.212323455810548,17
2024-01-29 14:00:00,78.78,63.47792,-15.302079467773439,15.302079467773439,17
2024-01-29 15:00:00,82.87,66.07142,-16.798581237792973,16.798581237792973,17
2024-01-29 16:00:00,89.86,75.99797,-13.862029418945312,13.862029418945312,17
2024-01-29 17:00:00,110.0,89.62408,-20.37592315673828,20.37592315673828,17
2024-01-29 18:00:00,107.52,84.6697,-22.850299377441402,22.850299377441402,17
2024-01-29 19:00:00,86.29,78.98177,-7.3082266235351625,7.3082266235351625,17
2024-01-29 20:00:00,81.09,70.282295,-10.807704772949222,10.807704772949222,17
2024-01-29 21:00:00,82.55,71.15206,-11.397938537597653,11.397938537597653,17
2024-01-29 22:00:00,80.29,71.15485,-9.135153808593756,9.135153808593756,17
2024-01-29 23:00:00,71.94,69.333916,-2.606084289550779,2.606084289550779,17
2024-01-30 00:00:00,68.64,66.817604,-1.8223959350585943,1.8223959350585943,18
2024-01-30 01:00:00,69.37,65.046776,-4.323224182128911,4.323224182128911,18
2024-01-30 02:00:00,65.1,67.23885,2.1388534545898494,2.1388534545898494,18
2024-01-30 03:00:00,64.0,66.98235,2.9823532104492188,2.9823532104492188,18
2024-01-30 04:00:00,69.37,71.49715,2.127146606445308,2.127146606445308,18
2024-01-30 05:00:00,79.02,95.57654,16.556538085937504,16.556538085937504,18
2024-01-30 06:00:00,91.04,102.83655,11.796547851562494,11.796547851562494,18
2024-01-30 07:00:00,95.95,109.382195,13.432194519042966,13.432194519042966,18
2024-01-30 08:00:00,84.93,98.52002,13.590019531249993,13.590019531249993,18
2024-01-30 09:00:00,77.15,94.518,17.367997741699213,17.367997741699213,18
2024-01-30 10:00:00,70.1,82.23456,12.134558105468756,12.134558105468756,18
2024-01-30 11:00:00,68.1,69.68508,1.5850814819335994,1.5850814819335994,18
2024-01-30 12:00:00,68.23,77.27722,9.047221679687496,9.047221679687496,18
2024-01-30 13:00:00,71.93,70.79534,-1.134658508300788,1.134658508300788,18
2024-01-30 14:00:00,71.95,75.61917,3.669171142578122,3.669171142578122,18
2024-01-30 15:00:00,78.89,82.41857,3.528571472167968,3.528571472167968,18
2024-01-30 16:00:00,88.83,92.61543,3.785432739257814,3.785432739257814,18
2024-01-30 17:00:00,99.76,110.768486,11.008486022949214,11.008486022949214,18
2024-01-30 18:00:00,98.44,109.32713,10.88713317871094,10.88713317871094,18
2024-01-30 19:00:00,88.32,91.16996,2.849960021972663,2.849960021972663,18
2024-01-30 20:00:00,78.99,83.65571,4.665708312988286,4.665708312988286,18
2024-01-30 21:00:00,78.24,81.47784,3.237836608886724,3.237836608886724,18
2024-01-30 22:00:00,74.46,76.2554,1.7954016113281313,1.7954016113281313,18
2024-01-30 23:00:00,74.09,64.02258,-10.067416992187503,10.067416992187503,18
2024-01-31 00:00:00,71.48,49.7193,-21.760700683593754,21.760700683593754,19
2024-01-31 01:00:00,70.89,49.793,-21.097000732421876,21.097000732421876,19
2024-01-31 02:00:00,69.82,48.45794,-21.362060852050774,21.362060852050774,19
2024-01-31 03:00:00,69.25,50.72376,-18.526241302490234,18.526241302490234,19
2024-01-31 04:00:00,74.01,51.493668,-22.516332397460943,22.516332397460943,19
2024-01-31 05:00:00,84.44,70.45595,-13.984052124023435,13.984052124023435,19
2024-01-31 06:00:00,93.29,88.99364,-4.296362915039069,4.296362915039069,19
2024-01-31 07:00:00,120.23,88.58307,-31.646931152343754,31.646931152343754,19
2024-01-31 08:00:00,93.23,78.01679,-15.213207702636723,15.213207702636723,19
2024-01-31 09:00:00,82.98,71.28843,-11.691570739746098,11.691570739746098,19
2024-01-31 10:00:00,77.09,67.01665,-10.073352661132816,10.073352661132816,19
2024-01-31 11:00:00,74.91,65.34565,-9.564350280761715,9.564350280761715,19
2024-01-31 12:00:00,66.5,65.52558,-0.9744186401367188,0.9744186401367188,19
2024-01-31 13:00:00,65.8,68.29668,2.4966766357421903,2.4966766357421903,19
2024-01-31 14:00:00,64.95,71.178185,6.228184509277341,6.228184509277341,19
2024-01-31 15:00:00,66.26,79.33908,13.07908081054687,13.07908081054687,19
2024-01-31 16:00:00,77.0,87.746414,10.746414184570312,10.746414184570312,19
2024-01-31 17:00:00,90.16,102.22501,12.06501373291016,12.06501373291016,19
2024-01-31 18:00:00,80.72,104.10404,23.384042053222657,23.384042053222657,19
2024-01-31 19:00:00,73.02,92.24124,19.22124145507813,19.22124145507813,19
2024-01-31 20:00:00,61.67,80.22168,18.5516796875,18.5516796875,19
2024-01-31 21:00:00,58.81,78.90137,20.091367187499998,20.091367187499998,19
2024-01-31 22:00:00,44.31,76.67048,32.36047882080078,32.36047882080078,19
2024-01-31 23:00:00,51.9,76.203575,24.303575134277345,24.303575134277345,19
2024-02-01 00:00:00,46.99,67.001686,20.011686096191404,20.011686096191404,20
2024-02-01 01:00:00,46.66,67.50393,20.843929138183597,20.843929138183597,20
2024-02-01 02:00:00,47.04,65.829895,18.78989501953125,18.78989501953125,20
2024-02-01 03:00:00,51.06,64.303696,13.243695678710935,13.243695678710935,20
2024-02-01 04:00:00,59.82,75.52088,15.700881652832031,15.700881652832031,20
2024-02-01 05:00:00,72.42,87.86514,15.445142822265623,15.445142822265623,20
2024-02-01 06:00:00,88.76,93.71701,4.95701049804687,4.95701049804687,20
2024-02-01 07:00:00,95.76,109.84799,14.08799194335937,14.08799194335937,20
2024-02-01 08:00:00,88.77,90.609924,1.839924316406254,1.839924316406254,20
2024-02-01 09:00:00,83.9,77.75164,-6.148359680175787,6.148359680175787,20
2024-02-01 10:00:00,79.29,71.45325,-7.836752929687506,7.836752929687506,20
2024-02-01 11:00:00,69.75,68.69309,-1.0569076538085938,1.0569076538085938,20
2024-02-01 12:00:00,62.23,64.81589,2.585887451171878,2.585887451171878,20
2024-02-01 13:00:00,71.62,60.31073,-11.309270019531255,11.309270019531255,20
2024-02-01 14:00:00,80.6,65.72222,-14.877778625488276,14.877778625488276,20
2024-02-01 15:00:00,80.69,68.78602,-11.903981628417966,11.903981628417966,20
2024-02-01 16:00:00,94.1,79.86912,-14.230882263183588,14.230882263183588,20
2024-02-01 17:00:00,101.89,87.99946,-13.89054168701172,13.89054168701172,20
2024-02-01 18:00:00,99.05,86.3857,-12.664303588867185,12.664303588867185,20
2024-02-01 19:00:00,91.84,78.38713,-13.452869262695316,13.452869262695316,20
2024-02-01 20:00:00,83.66,68.22386,-15.436138305664059,15.436138305664059,20
2024-02-01 21:00:00,82.13,64.79271,-17.337290649414058,17.337290649414058,20
2024-02-01 22:00:00,73.69,60.887245,-12.802754821777341,12.802754821777341,20
2024-02-01 23:00:00,64.62,61.410072,-3.2099276733398483,3.2099276733398483,20
2024-02-02 00:00:00,60.05,53.673336,-6.376663970947263,6.376663970947263,21
2024-02-02 01:00:00,58.0,48.900448,-9.099552154541016,9.099552154541016,21
2024-02-02 02:00:00,54.69,58.273975,3.5839753723144554,3.5839753723144554,21
2024-02-02 03:00:00,52.41,55.061115,2.6511152648925815,2.6511152648925815,21
2024-02-02 04:00:00,55.0,57.64657,2.6465682983398438,2.6465682983398438,21
2024-02-02 05:00:00,63.27,76.93736,13.667362670898434,13.667362670898434,21
2024-02-02 06:00:00,80.34,91.72368,11.383678588867184,11.383678588867184,21
2024-02-02 07:00:00,90.75,98.07439,7.3243865966796875,7.3243865966796875,21
2024-02-02 08:00:00,86.39,85.038246,-1.3517538452148443,1.3517538452148443,21
2024-02-02 09:00:00,80.89,81.76188,0.8718789672851557,0.8718789672851557,21
2024-02-02 10:00:00,75.25,74.96053,-0.28946685791015625,0.28946685791015625,21
2024-02-02 11:00:00,65.25,63.865425,-1.3845748901367188,1.3845748901367188,21
2024-02-02 12:00:00,59.77,56.7394,-3.030601043701175,3.030601043701175,21
2024-02-02 13:00:00,59.82,62.75974,2.9397389221191403,2.9397389221191403,21
2024-02-02 14:00:00,58.3,72.390274,14.090274047851565,14.090274047851565,21
2024-02-02 15:00:00,63.2,79.22245,16.022450256347653,16.022450256347653,21
2024-02-02 16:00:00,70.95,94.54736,23.597363281249997,23.597363281249997,21
2024-02-02 17:00:00,80.16,101.38657,21.22657379150391,21.22657379150391,21
2024-02-02 18:00:00,81.4,98.532745,17.13274536132812,17.13274536132812,21
2024-02-02 19:00:00,73.06,90.97811,17.91811126708984,17.91811126708984,21
2024-02-02 20:00:00,62.27,88.09968,25.829678039550778,25.829678039550778,21
2024-02-02 21:00:00,62.6,79.88678,17.28677978515625,17.28677978515625,21
2024-02-02 22:00:00,53.51,75.12401,21.61400817871094,21.61400817871094,21
2024-02-02 23:00:00,39.99,59.514645,19.524644622802732,19.524644622802732,21
2024-02-03 00:00:00,38.77,47.24082,8.470821838378903,8.470821838378903,22
2024-02-03 01:00:00,32.83,46.063515,13.233514709472658,13.233514709472658,22
2024-02-03 02:00:00,20.22,38.441597,18.221596984863282,18.221596984863282,22
2024-02-03 03:00:00,15.45,45.129387,29.67938690185547,29.67938690185547,22
2024-02-03 04:00:00,16.58,41.170486,24.590486450195314,24.590486450195314,22
2024-02-03 05:00:00,26.33,41.010494,14.680494232177736,14.680494232177736,22
2024-02-03 06:00:00,42.87,52.508205,9.638205413818362,9.638205413818362,22
2024-02-03 07:00:00,52.09,70.61249,18.522487792968747,18.522487792968747,22
2024-02-03 08:00:00,59.1,63.223213,4.12321319580078,4.12321319580078,22
2024-02-03 09:00:00,53.28,55.070152,1.7901522827148426,1.7901522827148426,22
2024-02-03 10:00:00,45.27,49.81892,4.548920135498044,4.548920135498044,22
2024-02-03 11:00:00,41.58,36.511192,-5.0688076782226545,5.0688076782226545,22
2024-02-03 12:00:00,39.81,33.497166,-6.312834320068362,6.312834320068362,22
2024-02-03 13:00:00,41.76,35.7563,-6.0036981201171855,6.0036981201171855,22
2024-02-03 14:00:00,46.44,38.668533,-7.771466674804685,7.771466674804685,22
2024-02-03 15:00:00,53.0,48.649372,-4.350627899169922,4.350627899169922,22
2024-02-03 16:00:00,64.87,65.5028,0.6327999877929642,0.6327999877929642,22
2024-02-03 17:00:00,81.43,71.88449,-9.545509033203132,9.545509033203132,22
2024-02-03 18:00:00,77.05,73.79585,-3.2541473388671847,3.2541473388671847,22
2024-02-03 19:00:00,63.57,67.62325,4.0532528686523435,4.0532528686523435,22
2024-02-03 20:00:00,59.08,58.450466,-0.6295338439941389,0.6295338439941389,22
2024-02-03 21:00:00,52.42,52.21233,-0.20767013549804858,0.20767013549804858,22
2024-02-03 22:00:00,42.6,42.27447,-0.32552871704101705,0.32552871704101705,22
2024-02-03 23:00:00,39.91,41.46918,1.559181060791019,1.559181060791019,22
2024-02-04 00:00:00,24.29,30.370262,6.080262145996095,6.080262145996095,23
2024-02-04 01:00:00,11.35,29.881502,18.531502151489256,18.531502151489256,23
2024-02-04 02:00:00,3.47,22.539865,19.069865493774415,19.069865493774415,23
2024-02-04 03:00:00,1.55,23.003454,21.453454208374023,21.453454208374023,23
2024-02-04 04:00:00,6.16,24.076939,17.91693862915039,17.91693862915039,23
2024-02-04 05:00:00,7.04,27.550644,20.51064392089844,20.51064392089844,23
2024-02-04 06:00:00,12.68,38.116917,25.43691665649414,25.43691665649414,23
2024-02-04 07:00:00,20.39,51.008076,30.618075714111328,30.618075714111328,23
2024-02-04 08:00:00,24.16,50.916744,26.756744232177734,26.756744232177734,23
2024-02-04 09:00:00,26.47,49.206802,22.736802368164064,22.736802368164064,23
2024-02-04 10:00:00,19.5,44.61576,25.115760803222656,25.115760803222656,23
2024-02-04 11:00:00,16.68,37.070656,20.390655822753907,20.390655822753907,23
2024-02-04 12:00:00,6.16,33.42203,27.26203140258789,27.26203140258789,23
2024-02-04 13:00:00,13.07,36.729916,23.659915618896484,23.659915618896484,23
2024-02-04 14:00:00,24.69,41.93582,17.245821533203124,17.245821533203124,23
2024-02-04 15:00:00,34.72,52.141182,17.421181945800782,17.421181945800782,23
2024-02-04 16:00:00,54.93,59.380505,4.450504608154297,4.450504608154297,23
2024-02-04 17:00:00,65.25,79.97083,14.720832824707031,14.720832824707031,23
2024-02-04 18:00:00,69.99,80.48781,10.497808227539068,10.497808227539068,23
2024-02-04 19:00:00,51.73,68.119316,16.389316101074222,16.389316101074222,23
2024-02-04 20:00:00,50.06,59.839703,9.77970260620117,9.77970260620117,23
2024-02-04 21:00:00,48.4,59.670326,11.270326232910158,11.270326232910158,23
2024-02-04 22:00:00,38.08,46.119297,8.039297027587892,8.039297027587892,23
2024-02-04 23:00:00,11.28,50.156166,38.876166076660155,38.876166076660155,23
2024-02-05 00:00:00,15.85,50.21725,34.36725082397461,34.36725082397461,24
2024-02-05 01:00:00,8.91,51.30807,42.39807113647461,42.39807113647461,24
2024-02-05 02:00:00,2.71,46.574608,43.86460784912109,43.86460784912109,24
2024-02-05 03:00:00,1.25,47.655006,46.405006408691406,46.405006408691406,24
2024-02-05 04:00:00,7.53,50.925323,43.395323486328124,43.395323486328124,24
2024-02-05 05:00:00,48.09,60.3635,12.273498687744137,12.273498687744137,24
2024-02-05 06:00:00,83.15,73.43429,-9.715711975097662,9.715711975097662,24
2024-02-05 07:00:00,90.36,66.52017,-23.839827880859374,23.839827880859374,24
2024-02-05 08:00:00,87.36,71.07805,-16.281951293945312,16.281951293945312,24
2024-02-05 09:00:00,76.68,73.106316,-3.573684387207038,3.573684387207038,24
2024-02-05 10:00:00,69.74,61.283882,-8.456117858886714,8.456117858886714,24
2024-02-05 11:00:00,60.0,54.34779,-5.652210235595703,5.652210235595703,24
2024-02-05 12:00:00,42.86,55.707138,12.847138061523438,12.847138061523438,24
2024-02-05 13:00:00,51.0,59.540417,8.540416717529297,8.540416717529297,24
2024-02-05 14:00:00,59.71,61.967056,2.2570562744140616,2.2570562744140616,24
2024-02-05 15:00:00,64.49,74.09797,9.607969055175786,9.607969055175786,24
2024-02-05 16:00:00,76.44,77.99794,1.5579400634765648,1.5579400634765648,24
2024-02-05 17:00:00,89.13,100.22388,11.093876953125005,11.093876953125005,24
2024-02-05 18:00:00,86.67,91.58114,4.911138610839842,4.911138610839842,24
2024-02-05 19:00:00,80.04,80.62102,0.5810174560546812,0.5810174560546812,24
2024-02-05 20:00:00,65.69,71.293495,5.6034951782226585,5.6034951782226585,24
2024-02-05 21:00:00,57.11,65.74489,8.634888305664063,8.634888305664063,24
2024-02-05 22:00:00,48.19,57.85371,9.66371017456055,9.66371017456055,24
2024-02-05 23:00:00,36.8,46.582947,9.782946777343753,9.782946777343753,24
2024-02-06 00:00:00,30.13,45.425755,15.295754547119142,15.295754547119142,25
2024-02-06 01:00:00,20.41,38.396755,17.98675521850586,17.98675521850586,25
2024-02-06 02:00:00,11.83,36.86843,25.038431091308595,25.038431091308595,25
2024-02-06 03:00:00,7.1,33.259193,26.159193420410155,26.159193420410155,25
2024-02-06 04:00:00,23.4,44.0245,20.62450180053711,20.62450180053711,25
2024-02-06 05:00:00,54.26,64.96967,10.709673156738283,10.709673156738283,25
2024-02-06 06:00:00,71.91,84.95277,13.042766418457035,13.042766418457035,25
2024-02-06 07:00:00,80.87,85.64879,4.778788452148433,4.778788452148433,25
2024-02-06 08:00:00,78.68,82.62556,3.9455569458007744,3.9455569458007744,25
2024-02-06 09:00:00,74.72,77.284355,2.56435516357422,2.56435516357422,25
2024-02-06 10:00:00,60.64,69.941444,9.301444396972656,9.301444396972656,25
2024-02-06 11:00:00,51.08,59.80824,8.728238983154299,8.728238983154299,25
2024-02-06 12:00:00,48.62,55.18014,6.560141448974612,6.560141448974612,25
2024-02-06 13:00:00,49.79,60.130337,10.34033676147461,10.34033676147461,25
2024-02-06 14:00:00,56.44,64.173355,7.733355102539065,7.733355102539065,25
2024-02-06 15:00:00,61.33,71.68025,10.350252075195314,10.350252075195314,25
2024-02-06 16:00:00,71.0,84.68775,13.687751770019531,13.687751770019531,25
2024-02-06 17:00:00,78.77,94.14373,15.373730163574223,15.373730163574223,25
2024-02-06 18:00:00,80.36,89.9259,9.5659033203125,9.5659033203125,25
2024-02-06 19:00:00,65.16,82.42727,17.267268981933597,17.267268981933597,25
2024-02-06 20:00:00,60.17,66.66584,6.4958401489257795,6.4958401489257795,25
2024-02-06 21:00:00,57.09,63.34571,6.255710754394528,6.255710754394528,25
2024-02-06 22:00:00,52.76,60.62993,7.8699285888671895,7.8699285888671895,25
2024-02-06 23:00:00,41.7,49.95544,8.255440521240232,8.255440521240232,25
2024-02-07 00:00:00,39.0,46.12839,7.128391265869141,7.128391265869141,26
2024-02-07 01:00:00,37.45,38.53891,1.0889099121093722,1.0889099121093722,26
2024-02-07 02:00:00,33.21,36.591545,3.381545104980468,3.381545104980468,26
2024-02-07 03:00:00,16.02,34.741573,18.721573333740235,18.721573333740235,26
2024-02-07 04:00:00,38.0,55.0212,17.021198272705078,17.021198272705078,26
2024-02-07 05:00:00,47.28,67.73287,20.452872009277343,20.452872009277343,26
2024-02-07 06:00:00,69.99,82.19811,12.208112487792974,12.208112487792974,26
2024-02-07 07:00:00,74.49,85.82168,11.331678161621099,11.331678161621099,26
2024-02-07 08:00:00,68.61,76.61029,8.00029052734375,8.00029052734375,26
2024-02-07 09:00:00,66.04,70.82463,4.784630737304681,4.784630737304681,26
2024-02-07 10:00:00,64.03,59.208885,-4.821114807128907,4.821114807128907,26
2024-02-07 11:00:00,58.87,59.538372,0.6683720397949244,0.6683720397949244,26
2024-02-07 12:00:00,50.67,52.344585,1.6745854187011702,1.6745854187011702,26
2024-02-07 13:00:00,61.13,51.918182,-9.211817626953128,9.211817626953128,26
2024-02-07 14:00:00,56.65,56.974514,0.3245140075683608,0.3245140075683608,26
2024-02-07 15:00:00,57.61,60.22639,2.6163908386230474,2.6163908386230474,26
2024-02-07 16:00:00,58.96,77.226036,18.266036071777343,18.266036071777343,26
2024-02-07 17:00:00,79.34,83.446075,4.106075439453122,4.106075439453122,26
2024-02-07 18:00:00,92.09,87.74035,-4.349651184082035,4.349651184082035,26
2024-02-07 19:00:00,76.89,66.6357,-10.254303588867188,10.254303588867188,26
2024-02-07 20:00:00,67.72,65.845215,-1.8747851562499989,1.8747851562499989,26
2024-02-07 21:00:00,62.03,57.60695,-4.423051147460939,4.423051147460939,26
2024-02-07 22:00:00,63.48,51.955944,-11.5240559387207,11.5240559387207,26
2024-02-07 23:00:00,73.7,46.18306,-27.51694030761719,27.51694030761719,26
2024-02-08 00:00:00,73.2,41.650856,-31.549143981933597,31.549143981933597,27
2024-02-08 01:00:00,72.15,41.69831,-30.451689147949224,30.451689147949224,27
2024-02-08 02:00:00,54.34,42.03665,-12.303348388671878,12.303348388671878,27
2024-02-08 03:00:00,45.75,36.302017,-9.447982788085938,9.447982788085938,27
2024-02-08 04:00:00,47.49,45.047493,-2.4425070190429707,2.4425070190429707,27
2024-02-08 05:00:00,65.24,54.46126,-10.778738250732417,10.778738250732417,27
2024-02-08 06:00:00,72.26,70.0004,-2.25960327148438,2.25960327148438,27
2024-02-08 07:00:00,73.09,81.684265,8.594265136718747,8.594265136718747,27
2024-02-08 08:00:00,60.17,66.5226,6.352598266601561,6.352598266601561,27
2024-02-08 09:00:00,50.01,64.84991,14.83990692138672,14.83990692138672,27
2024-02-08 10:00:00,44.69,65.351135,20.661135253906252,20.661135253906252,27
2024-02-08 11:00:00,38.0,55.36096,17.360958099365234,17.360958099365234,27
2024-02-08 12:00:00,31.7,55.989098,24.289097595214844,24.289097595214844,27
2024-02-08 13:00:00,33.8,52.130814,18.330813598632815,18.330813598632815,27
2024-02-08 14:00:00,33.08,56.189323,23.10932342529297,23.10932342529297,27
2024-02-08 15:00:00,39.4,65.547424,26.14742431640625,26.14742431640625,27
2024-02-08 16:00:00,41.5,74.385445,32.88544464111328,32.88544464111328,27
2024-02-08 17:00:00,45.5,88.62364,43.12364196777344,43.12364196777344,27
2024-02-08 18:00:00,61.09,95.265785,34.17578521728515,34.17578521728515,27
2024-02-08 19:00:00,53.34,83.71683,30.37682739257812,30.37682739257812,27
2024-02-08 20:00:00,46.21,71.56233,25.35233215332031,25.35233215332031,27
2024-02-08 21:00:00,43.83,60.897606,17.067605895996095,17.067605895996095,27
2024-02-08 22:00:00,40.46,58.7681,18.30810073852539,18.30810073852539,27
2024-02-08 23:00:00,22.04,71.201584,49.16158386230469,49.16158386230469,27
2024-02-10 00:00:00,64.08,30.050581,-34.029419021606444,34.029419021606444,29
2024-02-10 01:00:00,64.4,24.137611,-40.26238861083985,40.26238861083985,29
2024-02-10 02:00:00,64.39,19.47747,-44.91252960205078,44.91252960205078,29
2024-02-10 03:00:00,64.41,15.050772,-49.35922828674316,49.35922828674316,29
2024-02-10 04:00:00,65.82,18.345154,-47.47484619140624,47.47484619140624,29
2024-02-10 05:00:00,70.91,26.288994,-44.62100616455078,44.62100616455078,29
2024-02-10 06:00:00,74.86,32.36849,-42.49151168823242,42.49151168823242,29
2024-02-10 07:00:00,77.7,36.968033,-40.73196716308594,40.73196716308594,29
2024-02-10 08:00:00,80.38,43.05883,-37.32116973876953,37.32116973876953,29
2024-02-10 09:00:00,74.83,39.110786,-35.71921356201172,35.71921356201172,29
2024-02-10 10:00:00,69.7,36.27441,-33.42558975219727,33.42558975219727,29
2024-02-10 11:00:00,68.36,33.598843,-34.76115737915039,34.76115737915039,29
2024-02-10 12:00:00,66.72,28.624338,-38.095661849975585,38.095661849975585,29
2024-02-10 13:00:00,69.53,25.938225,-43.59177520751953,43.59177520751953,29
2024-02-10 14:00:00,77.17,31.423082,-45.74691764831543,45.74691764831543,29
2024-02-10 15:00:00,78.99,36.514317,-42.475683441162104,42.475683441162104,29
2024-02-10 16:00:00,82.9,57.140217,-25.759783172607428,25.759783172607428,29
2024-02-10 17:00:00,89.85,68.10504,-21.744958496093744,21.744958496093744,29
2024-02-10 18:00:00,82.46,76.07117,-6.388833007812494,6.388833007812494,29
2024-02-10 19:00:00,74.4,70.9311,-3.4689010620117244,3.4689010620117244,29
2024-02-10 20:00:00,68.54,64.34599,-4.194006958007819,4.194006958007819,29
2024-02-10 21:00:00,69.54,64.316895,-5.223105468750006,5.223105468750006,29
2024-02-10 22:00:00,63.82,61.686386,-2.133613891601563,2.133613891601563,29
2024-02-10 23:00:00,60.48,54.118706,-6.361294250488278,6.361294250488278,29
2024-02-11 00:00:00,55.66,51.240448,-4.419552001953122,4.419552001953122,30
2024-02-11 01:00:00,52.6,50.26677,-2.333230590820314,2.333230590820314,30
2024-02-11 02:00:00,46.83,55.3444,8.514398498535158,8.514398498535158,30
2024-02-11 03:00:00,39.23,49.395016,10.165015716552738,10.165015716552738,30
2024-02-11 04:00:00,44.88,50.159946,5.279946441650388,5.279946441650388,30
2024-02-11 05:00:00,45.47,57.97441,12.504411010742189,12.504411010742189,30
2024-02-11 06:00:00,48.34,59.268547,10.928547058105465,10.928547058105465,30
2024-02-11 07:00:00,57.13,65.995056,8.865056152343747,8.865056152343747,30
2024-02-11 08:00:00,58.82,65.68209,6.8620907592773435,6.8620907592773435,30
2024-02-11 09:00:00,61.77,60.127518,-1.6424822998046906,1.6424822998046906,30
2024-02-11 10:00:00,65.01,47.63393,-17.376069793701177,17.376069793701177,30
2024-02-11 11:00:00,62.63,40.26564,-22.36435974121094,22.36435974121094,30
2024-02-11 12:00:00,44.47,37.839123,-6.630877227783202,6.630877227783202,30
2024-02-11 13:00:00,39.98,42.784523,2.8045230102539094,2.8045230102539094,30
2024-02-11 14:00:00,39.99,56.23756,16.247560272216795,16.247560272216795,30
2024-02-11 15:00:00,46.73,61.367092,14.637092132568363,14.637092132568363,30
2024-02-11 16:00:00,61.94,63.644485,1.7044854736328148,1.7044854736328148,30
2024-02-11 17:00:00,83.56,74.60437,-8.955629882812502,8.955629882812502,30
2024-02-11 18:00:00,83.98,73.98975,-9.990246276855473,9.990246276855473,30
2024-02-11 19:00:00,76.82,71.00361,-5.816391296386712,5.816391296386712,30
2024-02-11 20:00:00,70.72,59.428013,-11.291987152099608,11.291987152099608,30
2024-02-11 21:00:00,68.39,59.21119,-9.17881072998047,9.17881072998047,30
2024-02-11 22:00:00,64.01,52.24599,-11.764009246826177,11.764009246826177,30
2024-02-11 23:00:00,64.35,50.325817,-14.024182891845697,14.024182891845697,30
2024-02-12 00:00:00,61.87,57.99555,-3.874451751708982,3.874451751708982,31
2024-02-12 01:00:00,61.01,56.7624,-4.247598419189451,4.247598419189451,31
2024-02-12 02:00:00,59.75,56.37546,-3.3745384216308594,3.3745384216308594,31
2024-02-12 03:00:00,59.21,54.35818,-4.8518190002441415,4.8518190002441415,31
2024-02-12 04:00:00,65.0,63.893368,-1.1066322326660156,1.1066322326660156,31
2024-02-12 05:00:00,76.0,71.87738,-4.12261962890625,4.12261962890625,31
2024-02-12 06:00:00,85.41,83.77088,-1.6391183471679653,1.6391183471679653,31
2024-02-12 07:00:00,104.0,84.52841,-19.471588134765625,19.471588134765625,31
2024-02-12 08:00:00,96.5,80.80947,-15.690528869628906,15.690528869628906,31
2024-02-12 09:00:00,85.47,79.9736,-5.496397705078124,5.496397705078124,31
2024-02-12 10:00:00,78.96,75.37297,-3.5870294189453062,3.5870294189453062,31
2024-02-12 11:00:00,67.64,72.52005,4.880050048828124,4.880050048828124,31
2024-02-12 12:00:00,64.41,59.011562,-5.398437652587887,5.398437652587887,31
2024-02-12 13:00:00,64.93,59.51532,-5.414680175781257,5.414680175781257,31
2024-02-12 14:00:00,67.25,59.672516,-7.577484130859375,7.577484130859375,31
2024-02-12 15:00:00,69.83,62.908623,-6.9213772583007795,6.9213772583007795,31
2024-02-12 16:00:00,67.07,72.722466,5.652465515136726,5.652465515136726,31
2024-02-12 17:00:00,96.0,95.8869,-0.11309814453125,0.11309814453125,31
2024-02-12 18:00:00,89.08,91.71586,2.635858459472658,2.635858459472658,31
2024-02-12 19:00:00,79.15,79.28582,0.13582000732421307,0.13582000732421307,31
2024-02-12 20:00:00,71.54,72.761536,1.2215356445312437,1.2215356445312437,31
2024-02-12 21:00:00,65.87,65.697716,-0.1722842407226608,0.1722842407226608,31
2024-02-12 22:00:00,61.9,60.29266,-1.6073402404785142,1.6073402404785142,31
2024-02-12 23:00:00,68.59,55.16419,-13.425811614990238,13.425811614990238,31
2024-02-13 00:00:00,65.37,57.534462,-7.835538024902348,7.835538024902348,32
2024-02-13 01:00:00,63.41,50.05783,-13.352169189453122,13.352169189453122,32
2024-02-13 02:00:00,60.49,54.05225,-6.437750091552736,6.437750091552736,32
2024-02-13 03:00:00,60.06,54.56739,-5.492609558105471,5.492609558105471,32
2024-02-13 04:00:00,63.59,61.725086,-1.8649137878418003,1.8649137878418003,32
2024-02-13 05:00:00,70.74,80.6068,9.866796264648443,9.866796264648443,32
2024-02-13 06:00:00,82.84,87.72509,4.885090026855465,4.885090026855465,32
2024-02-13 07:00:00,89.12,100.4613,11.341303710937495,11.341303710937495,32
2024-02-13 08:00:00,75.12,90.6191,15.49910247802734,15.49910247802734,32
2024-02-13 09:00:00,69.21,80.6065,11.396498718261725,11.396498718261725,32
2024-02-13 10:00:00,63.87,70.710304,6.840304260253909,6.840304260253909,32
2024-02-13 11:00:00,60.53,66.333015,5.80301544189453,5.80301544189453,32
2024-02-13 12:00:00,60.26,56.69319,-3.5668084716796855,3.5668084716796855,32
2024-02-13 13:00:00,63.1,66.5235,3.4234985351562486,3.4234985351562486,32
2024-02-13 14:00:00,70.7,66.3372,-4.362803649902347,4.362803649902347,32
2024-02-13 15:00:00,74.51,71.06498,-3.445020446777349,3.445020446777349,32
2024-02-13 16:00:00,69.95,74.27913,4.32912902832031,4.32912902832031,32
2024-02-13 17:00:00,94.53,97.993546,3.4635455322265614,3.4635455322265614,32
2024-02-13 18:00:00,91.81,92.01463,0.20463317871093523,0.20463317871093523,32
2024-02-13 19:00:00,79.23,81.00895,1.7789492797851523,1.7789492797851523,32
2024-02-13 20:00:00,73.17,68.43164,-4.738359375000002,4.738359375000002,32
2024-02-13 21:00:00,69.18,62.50716,-6.672839813232429,6.672839813232429,32
2024-02-13 22:00:00,65.0,58.377956,-6.622043609619141,6.622043609619141,32
2024-02-13 23:00:00,60.63,61.611065,0.9810649108886693,0.9810649108886693,32
2024-02-14 00:00:00,59.34,51.93213,-7.407871093750003,7.407871093750003,33
2024-02-14 01:00:00,55.76,56.809357,1.049356689453127,1.049356689453127,33
2024-02-14 02:00:00,54.79,53.26915,-1.5208502197265616,1.5208502197265616,33
2024-02-14 03:00:00,55.06,49.6721,-5.38789993286133,5.38789993286133,33
2024-02-14 04:00:00,59.21,60.809566,1.5995664978027335,1.5995664978027335,33
2024-02-14 05:00:00,64.95,73.22682,8.27682189941406,8.27682189941406,33
2024-02-14 06:00:00,74.28,82.78656,8.506560058593749,8.506560058593749,33
2024-02-14 07:00:00,80.56,87.01439,6.454389038085935,6.454389038085935,33
2024-02-14 08:00:00,69.65,76.41888,6.768876647949213,6.768876647949213,33
2024-02-14 09:00:00,63.86,66.47101,2.6110083007812506,2.6110083007812506,33
2024-02-14 10:00:00,63.29,60.29726,-2.992739715576171,2.992739715576171,33
2024-02-14 11:00:00,58.41,60.551826,2.1418264770507847,2.1418264770507847,33
2024-02-14 12:00:00,46.65,60.991768,14.341767883300783,14.341767883300783,33
2024-02-14 13:00:00,53.33,57.728886,4.398885650634767,4.398885650634767,33
2024-02-14 14:00:00,58.89,65.50074,6.610740051269531,6.610740051269531,33
2024-02-14 15:00:00,58.06,72.61839,14.558392944335935,14.558392944335935,33
2024-02-14 16:00:00,71.66,75.05197,3.3919714355468784,3.3919714355468784,33
2024-02-14 17:00:00,88.11,96.11472,8.004723205566407,8.004723205566407,33
2024-02-14 18:00:00,85.16,94.41196,9.251956787109378,9.251956787109378,33
2024-02-14 19:00:00,77.1,84.423515,7.323515319824224,7.323515319824224,33
2024-02-14 20:00:00,69.59,75.02516,5.435161743164059,5.435161743164059,33
2024-02-14 21:00:00,68.2,67.97695,-0.2230484008789091,0.2230484008789091,33
2024-02-14 22:00:00,63.8,59.82037,-3.979630279541013,3.979630279541013,33
2024-02-14 23:00:00,61.52,58.57974,-2.9402613830566438,2.9402613830566438,33
2024-02-15 00:00:00,54.9,60.475666,5.5756660461425795,5.5756660461425795,34
2024-02-15 01:00:00,50.42,57.6325,7.212499694824217,7.212499694824217,34
2024-02-15 02:00:00,43.77,58.210346,14.440346221923825,14.440346221923825,34
2024-02-15 03:00:00,38.25,57.61182,19.361820220947266,19.361820220947266,34
2024-02-15 04:00:00,43.79,56.128788,12.338787994384766,12.338787994384766,34
2024-02-15 05:00:00,58.08,67.408936,9.328935546875002,9.328935546875002,34
2024-02-15 06:00:00,67.2,73.99249,6.792492675781247,6.792492675781247,34
2024-02-15 07:00:00,77.18,82.39631,5.216308898925774,5.216308898925774,34
2024-02-15 08:00:00,72.32,75.032646,2.7126461791992256,2.7126461791992256,34
2024-02-15 09:00:00,68.64,70.12286,1.4828637695312494,1.4828637695312494,34
2024-02-15 10:00:00,58.98,65.665596,6.685596008300784,6.685596008300784,34
2024-02-15 11:00:00,52.65,65.43146,12.781457519531251,12.781457519531251,34
2024-02-15 12:00:00,48.01,65.1734,17.163400878906252,17.163400878906252,34
2024-02-15 13:00:00,45.56,64.68333,19.123326721191404,19.123326721191404,34
2024-02-15 14:00:00,46.89,66.04588,19.155883178710937,19.155883178710937,34
2024-02-15 15:00:00,45.39,71.210785,25.820784912109374,25.820784912109374,34
2024-02-15 16:00:00,53.24,76.16866,22.92866302490234,22.92866302490234,34
2024-02-15 17:00:00,69.13,91.93282,22.80282318115235,22.80282318115235,34
2024-02-15 18:00:00,71.32,91.64847,20.328468017578132,20.328468017578132,34
2024-02-15 19:00:00,63.29,81.96538,18.67537780761719,18.67537780761719,34
2024-02-15 20:00:00,60.0,77.76328,17.763282775878906,17.763282775878906,34
2024-02-15 21:00:00,59.5,73.45502,13.95501708984375,13.95501708984375,34
2024-02-15 22:00:00,55.68,70.099525,14.419525451660157,14.419525451660157,34
2024-02-15 23:00:00,51.76,71.19723,19.437227478027346,19.437227478027346,34
2024-02-16 00:00:00,51.08,57.12333,6.043329162597658,6.043329162597658,35
2024-02-16 01:00:00,49.92,56.80531,6.885309295654295,6.885309295654295,35
2024-02-16 02:00:00,47.06,51.52104,4.461041870117185,4.461041870117185,35
2024-02-16 03:00:00,42.0,50.049294,8.049293518066406,8.049293518066406,35
2024-02-16 04:00:00,46.0,50.82272,4.822719573974609,4.822719573974609,35
2024-02-16 05:00:00,53.48,57.72134,4.2413401794433625,4.2413401794433625,35
2024-02-16 06:00:00,69.81,62.44317,-7.3668313598632835,7.3668313598632835,35
2024-02-16 07:00:00,70.5,82.18307,11.683067321777344,11.683067321777344,35
2024-02-16 08:00:00,65.52,67.692894,2.1728939819335977,2.1728939819335977,35
2024-02-16 09:00:00,56.43,63.24778,6.8177798461914065,6.8177798461914065,35
2024-02-16 10:00:00,56.99,52.42203,-4.567968597412111,4.567968597412111,35
2024-02-16 11:00:00,55.56,50.467365,-5.092634735107424,5.092634735107424,35
2024-02-16 12:00:00,54.27,49.612183,-4.657817382812503,4.657817382812503,35
2024-02-16 13:00:00,55.57,49.814713,-5.755287475585938,5.755287475585938,35
2024-02-16 14:00:00,62.58,52.19928,-10.380720214843748,10.380720214843748,35
2024-02-16 15:00:00,70.03,53.10341,-16.92659118652344,16.92659118652344,35
2024-02-16 16:00:00,70.6,60.39265,-10.207349395751947,10.207349395751947,35
2024-02-16 17:00:00,78.13,73.92296,-4.207041625976558,4.207041625976558,35
2024-02-16 18:00:00,77.93,77.26891,-0.6610867309570381,0.6610867309570381,35
2024-02-16 19:00:00,73.09,68.046326,-5.043674316406253,5.043674316406253,35
2024-02-16 20:00:00,69.66,69.031815,-0.6281854248046841,0.6281854248046841,35
2024-02-16 21:00:00,68.49,69.701294,1.2112939453125051,1.2112939453125051,35
2024-02-16 22:00:00,61.6,65.68947,4.089468383789061,4.089468383789061,35
2024-02-16 23:00:00,59.94,62.984722,3.044722137451174,3.044722137451174,35
2024-02-17 00:00:00,58.74,55.82258,-2.9174215698242207,2.9174215698242207,36
2024-02-17 01:00:00,58.43,56.347538,-2.082462005615234,2.082462005615234,36
2024-02-17 02:00:00,54.66,54.773293,0.11329254150390966,0.11329254150390966,36
2024-02-17 03:00:00,53.96,52.558582,-1.4014176940917977,1.4014176940917977,36
2024-02-17 04:00:00,56.26,50.884174,-5.37582565307617,5.37582565307617,36
2024-02-17 05:00:00,56.46,54.7512,-1.708798370361329,1.708798370361329,36
2024-02-17 06:00:00,59.68,62.449398,2.7693980407714847,2.7693980407714847,36
2024-02-17 07:00:00,67.31,62.555176,-4.754824218750002,4.754824218750002,36
2024-02-17 08:00:00,67.08,54.006615,-13.073385314941405,13.073385314941405,36
2024-02-17 09:00:00,63.08,50.88775,-12.19225128173828,12.19225128173828,36
2024-02-17 10:00:00,60.61,50.63008,-9.979918823242187,9.979918823242187,36
2024-02-17 11:00:00,58.18,48.174313,-10.005687408447265,10.005687408447265,36
2024-02-17 12:00:00,55.24,49.730797,-5.509203186035158,5.509203186035158,36
2024-02-17 13:00:00,58.96,48.07784,-10.882161102294923,10.882161102294923,36
2024-02-17 14:00:00,52.44,51.211597,-1.2284025573730446,1.2284025573730446,36
2024-02-17 15:00:00,49.27,56.751522,7.481522064208981,7.481522064208981,36
2024-02-17 16:00:00,66.66,58.71888,-7.941120300292965,7.941120300292965,36
2024-02-17 17:00:00,67.45,71.82701,4.377011108398435,4.377011108398435,36
2024-02-17 18:00:00,82.93,72.92429,-10.0057064819336,10.0057064819336,36
2024-02-17 19:00:00,75.03,68.88584,-6.144158630371095,6.144158630371095,36
2024-02-17 20:00:00,70.75,64.01508,-6.734916687011719,6.734916687011719,36
2024-02-17 21:00:00,68.2,63.64141,-4.558589172363284,4.558589172363284,36
2024-02-17 22:00:00,69.11,57.088554,-12.02144561767578,12.02144561767578,36
2024-02-17 23:00:00,59.98,53.75642,-6.22357986450195,6.22357986450195,36
2024-02-18 00:00:00,54.81,49.730305,-5.079695281982424,5.079695281982424,37
2024-02-18 01:00:00,51.05,51.45418,0.40418167114258097,0.40418167114258097,37
2024-02-18 02:00:00,49.16,49.84768,0.6876791381835972,0.6876791381835972,37
2024-02-18 03:00:00,47.72,48.080074,0.3600743103027355,0.3600743103027355,37
2024-02-18 04:00:00,48.47,50.18841,1.7184117126464855,1.7184117126464855,37
2024-02-18 05:00:00,46.02,52.374477,6.354477386474606,6.354477386474606,37
2024-02-18 06:00:00,48.97,52.397095,3.427094726562501,3.427094726562501,37
2024-02-18 07:00:00,47.28,56.612503,9.332503051757811,9.332503051757811,37
2024-02-18 08:00:00,43.03,51.84382,8.81381866455078,8.81381866455078,37
2024-02-18 09:00:00,40.45,49.76168,9.311680603027341,9.311680603027341,37
2024-02-18 10:00:00,41.0,51.700703,10.700702667236328,10.700702667236328,37
2024-02-18 11:00:00,34.8,49.418537,14.618537139892581,14.618537139892581,37
2024-02-18 12:00:00,33.5,43.50342,10.003421783447266,10.003421783447266,37
2024-02-18 13:00:00,33.2,42.754654,9.55465393066406,9.55465393066406,37
2024-02-18 14:00:00,30.18,48.951584,18.771583862304688,18.771583862304688,37
2024-02-18 15:00:00,32.2,48.560986,16.360985565185544,16.360985565185544,37
2024-02-18 16:00:00,41.2,54.790268,13.590267944335935,13.590267944335935,37
2024-02-18 17:00:00,51.96,66.9957,15.035697021484374,15.035697021484374,37
2024-02-18 18:00:00,66.99,76.47254,9.482541809082036,9.482541809082036,37
2024-02-18 19:00:00,64.71,68.88471,4.1747122192382875,4.1747122192382875,37
2024-02-18 20:00:00,59.83,67.3951,7.5651034545898455,7.5651034545898455,37
2024-02-18 21:00:00,57.33,64.49425,7.164247436523439,7.164247436523439,37
2024-02-18 22:00:00,53.94,63.07125,9.131250915527346,9.131250915527346,37
2024-02-18 23:00:00,44.0,59.136852,15.136852264404297,15.136852264404297,37
2024-02-19 00:00:00,44.33,64.20406,19.874063415527345,19.874063415527345,38
2024-02-19 01:00:00,44.63,63.781834,19.151833648681638,19.151833648681638,38
2024-02-19 02:00:00,43.91,62.671593,18.761592712402347,18.761592712402347,38
2024-02-19 03:00:00,44.92,63.950928,19.030927734375,19.030927734375,38
2024-02-19 04:00:00,51.57,64.102715,12.532714538574218,12.532714538574218,38
2024-02-19 05:00:00,68.87,69.08368,0.21367919921874545,0.21367919921874545,38
2024-02-19 06:00:00,79.26,79.490456,0.23045562744140113,0.23045562744140113,38
2024-02-19 07:00:00,83.97,85.30558,1.3355801391601574,1.3355801391601574,38
2024-02-19 08:00:00,75.14,72.444336,-2.6956640625000006,2.6956640625000006,38
2024-02-19 09:00:00,71.05,70.0569,-0.9930999755859347,0.9930999755859347,38
2024-02-19 10:00:00,69.5,69.214325,-0.285675048828125,0.285675048828125,38
2024-02-19 11:00:00,60.55,65.061134,4.511134338378909,4.511134338378909,38
2024-02-19 12:00:00,50.65,63.41454,12.764539337158205,12.764539337158205,38
2024-02-19 13:00:00,46.73,64.62704,17.897037048339847,17.897037048339847,38
2024-02-19 14:00:00,49.08,66.36737,17.28737060546875,17.28737060546875,38
2024-02-19 15:00:00,56.9,77.09471,20.19471130371094,20.19471130371094,38
2024-02-19 16:00:00,64.07,78.71327,14.64327209472657,14.64327209472657,38
2024-02-19 17:00:00,76.13,83.661865,7.5318652343750045,7.5318652343750045,38
2024-02-19 18:00:00,80.24,85.62573,5.385732421875005,5.385732421875005,38
2024-02-19 19:00:00,72.26,83.196465,10.936464538574214,10.936464538574214,38
2024-02-19 20:00:00,67.57,75.80436,8.234359436035163,8.234359436035163,38
2024-02-19 21:00:00,66.27,69.49502,3.2250180053710977,3.2250180053710977,38
2024-02-19 22:00:00,59.07,66.85838,7.788383178710937,7.788383178710937,38
2024-02-19 23:00:00,58.06,67.13685,9.076848449707029,9.076848449707029,38
2024-02-20 00:00:00,54.32,62.118664,7.798663787841797,7.798663787841797,39
2024-02-20 01:00:00,53.96,59.79625,5.836249389648437,5.836249389648437,39
2024-02-20 02:00:00,53.66,58.950012,5.290012207031253,5.290012207031253,39
2024-02-20 03:00:00,53.05,59.29218,6.2421791076660185,6.2421791076660185,39
2024-02-20 04:00:00,54.98,63.44449,8.464488525390628,8.464488525390628,39
2024-02-20 05:00:00,66.58,68.39083,1.8108309936523455,1.8108309936523455,39
2024-02-20 06:00:00,72.64,81.47015,8.83015380859375,8.83015380859375,39
2024-02-20 07:00:00,81.47,90.02766,8.557656555175782,8.557656555175782,39
2024-02-20 08:00:00,76.88,73.22012,-3.6598767089843705,3.6598767089843705,39
2024-02-20 09:00:00,69.89,67.847885,-2.042114868164063,2.042114868164063,39
2024-02-20 10:00:00,61.11,68.732376,7.622376098632813,7.622376098632813,39
2024-02-20 11:00:00,53.81,64.73092,10.920918884277341,10.920918884277341,39
2024-02-20 12:00:00,51.92,62.16697,10.246969299316405,10.246969299316405,39
2024-02-20 13:00:00,52.34,64.881355,12.541355285644528,12.541355285644528,39
2024-02-20 14:00:00,56.86,61.357414,4.497414245605469,4.497414245605469,39
2024-02-20 15:00:00,61.0,62.83383,1.833831787109375,1.833831787109375,39
2024-02-20 16:00:00,63.6,66.567665,2.967665100097655,2.967665100097655,39
2024-02-20 17:00:00,72.64,76.06698,3.426978454589843,3.426978454589843,39
2024-02-20 18:00:00,75.44,76.27513,0.8351312255859398,0.8351312255859398,39
2024-02-20 19:00:00,69.36,71.63131,2.2713095092773443,2.2713095092773443,39
2024-02-20 20:00:00,64.7,65.95626,1.256260681152341,1.256260681152341,39
2024-02-20 21:00:00,63.16,65.31695,2.156947937011722,2.156947937011722,39
2024-02-20 22:00:00,54.76,64.79232,10.032320251464846,10.032320251464846,39
2024-02-20 23:00:00,52.84,61.093956,8.25395599365234,8.25395599365234,39
2024-02-21 00:00:00,49.5,58.181488,8.681488037109375,8.681488037109375,40
2024-02-21 01:00:00,46.99,58.32656,11.336560974121092,11.336560974121092,40
2024-02-21 02:00:00,44.95,57.892838,12.94283752441406,12.94283752441406,40
2024-02-21 03:00:00,45.68,57.727306,12.047306365966797,12.047306365966797,40
2024-02-21 04:00:00,50.35,56.936726,6.586725616455077,6.586725616455077,40
2024-02-21 05:00:00,61.69,64.70359,3.0135903930664085,3.0135903930664085,40
2024-02-21 06:00:00,69.6,69.195786,-0.4042144775390568,0.4042144775390568,40
2024-02-21 07:00:00,76.7,75.77382,-0.9261810302734403,0.9261810302734403,40
2024-02-21 08:00:00,65.61,69.888405,4.278404846191407,4.278404846191407,40
2024-02-21 09:00:00,64.1,63.375355,-0.7246452331542912,0.7246452331542912,40
2024-02-21 10:00:00,60.39,61.0314,0.6413987731933588,0.6413987731933588,40
2024-02-21 11:00:00,53.01,60.03237,7.022371520996096,7.022371520996096,40
2024-02-21 12:00:00,51.22,59.066013,7.846013336181642,7.846013336181642,40
2024-02-21 13:00:00,53.79,58.132565,4.342564544677735,4.342564544677735,40
2024-02-21 14:00:00,55.94,59.927586,3.987585601806643,3.987585601806643,40
2024-02-21 15:00:00,50.59,61.933247,11.343246612548825,11.343246612548825,40
2024-02-21 16:00:00,55.08,62.22099,7.140989227294924,7.140989227294924,40
2024-02-21 17:00:00,66.19,68.465614,2.2756143188476585,2.2756143188476585,40
2024-02-21 18:00:00,63.47,70.017845,6.547845153808595,6.547845153808595,40
2024-02-21 19:00:00,54.76,66.961105,12.20110534667969,12.20110534667969,40
2024-02-21 20:00:00,47.91,65.62265,17.71265014648438,17.71265014648438,40
2024-02-21 21:00:00,43.76,66.184654,22.424654235839846,22.424654235839846,40
2024-02-21 22:00:00,37.14,65.01369,27.873687133789062,27.873687133789062,40
2024-02-21 23:00:00,32.79,63.395153,30.605153045654298,30.605153045654298,40
2024-02-23 00:00:00,4.09,54.09162,50.00162139892578,50.00162139892578,42
2024-02-23 01:00:00,3.2,53.546707,50.34670715332031,50.34670715332031,42
2024-02-23 02:00:00,1.83,54.724308,52.89430801391602,52.89430801391602,42
2024-02-23 03:00:00,2.58,53.065582,50.48558227539063,50.48558227539063,42
2024-02-23 04:00:00,7.78,56.709797,48.92979690551758,48.92979690551758,42
2024-02-23 05:00:00,43.84,58.32254,14.482540283203122,14.482540283203122,42
2024-02-23 06:00:00,60.73,61.942177,1.2121768188476594,1.2121768188476594,42
2024-02-23 07:00:00,62.15,66.15666,4.006661987304689,4.006661987304689,42
2024-02-23 08:00:00,55.21,60.794697,5.584696807861327,5.584696807861327,42
2024-02-23 09:00:00,48.82,60.169125,11.349124603271484,11.349124603271484,42
2024-02-23 10:00:00,44.03,58.089676,14.059675903320311,14.059675903320311,42
2024-02-23 11:00:00,39.96,53.469906,13.509905853271484,13.509905853271484,42
2024-02-23 12:00:00,36.33,51.307083,14.977083129882814,14.977083129882814,42
2024-02-23 13:00:00,41.87,55.389843,13.51984298706055,13.51984298706055,42
2024-02-23 14:00:00,50.97,52.96381,1.9938099670410168,1.9938099670410168,42
2024-02-23 15:00:00,63.96,58.65273,-5.307270965576173,5.307270965576173,42
2024-02-23 16:00:00,72.61,65.116974,-7.493026123046874,7.493026123046874,42
2024-02-23 17:00:00,86.44,67.65167,-18.788327636718748,18.788327636718748,42
2024-02-23 18:00:00,84.01,65.8306,-18.17940307617188,18.17940307617188,42
2024-02-23 19:00:00,72.97,74.35229,1.3822872924804699,1.3822872924804699,42
2024-02-23 20:00:00,69.26,71.49488,2.234880676269526,2.234880676269526,42
2024-02-23 21:00:00,67.98,62.82933,-5.1506695556640665,5.1506695556640665,42
2024-02-23 22:00:00,65.1,58.46413,-6.635869598388666,6.635869598388666,42
2024-02-23 23:00:00,66.47,60.22631,-6.24368927001953,6.24368927001953,42
2024-02-24 00:00:00,63.9,44.90265,-18.99735107421875,18.99735107421875,43
2024-02-24 01:00:00,59.5,42.56321,-16.936790466308594,16.936790466308594,43
2024-02-24 02:00:00,55.2,42.613316,-12.586684417724612,12.586684417724612,43
2024-02-24 03:00:00,55.39,42.053432,-13.336567535400391,13.336567535400391,43
2024-02-24 04:00:00,57.1,43.134357,-13.965642547607423,13.965642547607423,43
2024-02-24 05:00:00,61.67,45.73875,-15.93124954223633,15.93124954223633,43
2024-02-24 06:00:00,66.11,53.850006,-12.259993896484374,12.259993896484374,43
2024-02-24 07:00:00,64.4,53.524456,-10.875543975830084,10.875543975830084,43
2024-02-24 08:00:00,57.6,58.20912,0.6091217041015611,0.6091217041015611,43
2024-02-24 09:00:00,49.11,60.70186,11.591858520507813,11.591858520507813,43
2024-02-24 10:00:00,45.71,53.40244,7.69243911743164,7.69243911743164,43
2024-02-24 11:00:00,40.3,44.465874,4.165873718261722,4.165873718261722,43
2024-02-24 12:00:00,32.22,43.423325,11.203324584960939,11.203324584960939,43
2024-02-24 13:00:00,37.6,45.17679,7.576788330078124,7.576788330078124,43
2024-02-24 14:00:00,45.0,53.854485,8.854484558105469,8.854484558105469,43
2024-02-24 15:00:00,55.94,56.56492,0.6249185180664085,0.6249185180664085,43
2024-02-24 16:00:00,63.83,62.988514,-0.8414860534667952,0.8414860534667952,43
2024-02-24 17:00:00,68.16,78.23779,10.077792968750003,10.077792968750003,43
2024-02-24 18:00:00,74.13,77.748566,3.6185656738281295,3.6185656738281295,43
2024-02-24 19:00:00,65.17,68.87289,3.702886657714842,3.702886657714842,43
2024-02-24 20:00:00,59.94,63.31318,3.3731790161132835,3.3731790161132835,43
2024-02-24 21:00:00,58.03,63.27406,5.244059295654296,5.244059295654296,43
2024-02-24 22:00:00,54.98,61.308247,6.328246612548831,6.328246612548831,43
2024-02-24 23:00:00,56.57,60.230553,3.6605526733398435,3.6605526733398435,43
2024-02-25 00:00:00,55.44,51.896427,-3.543572845458982,3.543572845458982,44
2024-02-25 01:00:00,55.39,49.590187,-5.799812927246094,5.799812927246094,44
2024-02-25 02:00:00,54.9,48.879795,-6.020204925537108,6.020204925537108,44
2024-02-25 03:00:00,55.2,51.007763,-4.192237091064456,4.192237091064456,44
2024-02-25 04:00:00,55.07,48.637913,-6.43208724975586,6.43208724975586,44
2024-02-25 05:00:00,57.02,52.945305,-4.074695129394534,4.074695129394534,44
2024-02-25 06:00:00,59.92,54.904797,-5.015203399658205,5.015203399658205,44
2024-02-25 07:00:00,63.82,54.344906,-9.475094146728516,9.475094146728516,44
2024-02-25 08:00:00,63.42,53.16489,-10.255109710693361,10.255109710693361,44
2024-02-25 09:00:00,56.69,49.38618,-7.303819122314451,7.303819122314451,44
2024-02-25 10:00:00,54.37,45.220127,-9.149872894287107,9.149872894287107,44
2024-02-25 11:00:00,50.0,39.780056,-10.21994400024414,10.21994400024414,44
2024-02-25 12:00:00,46.03,37.306976,-8.723023681640626,8.723023681640626,44
2024-02-25 13:00:00,49.84,37.433563,-12.406436767578128,12.406436767578128,44
2024-02-25 14:00:00,55.0,40.746178,-14.253822326660156,14.253822326660156,44
2024-02-25 15:00:00,60.61,45.99761,-14.612391815185546,14.612391815185546,44
2024-02-25 16:00:00,58.85,50.709145,-8.140855407714845,8.140855407714845,44
2024-02-25 17:00:00,67.75,59.90519,-7.844810485839844,7.844810485839844,44
2024-02-25 18:00:00,76.28,69.05819,-7.221810607910157,7.221810607910157,44
2024-02-25 19:00:00,69.62,63.874825,-5.745175476074223,5.745175476074223,44
2024-02-25 20:00:00,64.49,59.64638,-4.843618621826167,4.843618621826167,44
2024-02-25 21:00:00,65.23,54.47837,-10.751629333496098,10.751629333496098,44
2024-02-25 22:00:00,58.38,53.01218,-5.367819671630862,5.367819671630862,44
2024-02-25 23:00:00,57.83,52.87244,-4.957559661865233,4.957559661865233,44
2024-02-26 00:00:00,56.82,55.710136,-1.1098635864257815,1.1098635864257815,45
2024-02-26 01:00:00,55.68,53.826736,-1.8532635498046872,1.8532635498046872,45
2024-02-26 02:00:00,51.8,54.196877,2.396876525878909,2.396876525878909,45
2024-02-26 03:00:00,52.46,52.271347,-0.18865295410156335,0.18865295410156335,45
2024-02-26 04:00:00,57.92,54.66274,-3.2572611999511736,3.2572611999511736,45
2024-02-26 05:00:00,64.85,64.38489,-0.4651123046874943,0.4651123046874943,45
2024-02-26 06:00:00,74.25,67.313255,-6.936744689941406,6.936744689941406,45
2024-02-26 07:00:00,81.6,70.09187,-11.508126831054682,11.508126831054682,45
2024-02-26 08:00:00,73.83,64.799126,-9.03087432861328,9.03087432861328,45
2024-02-26 09:00:00,66.65,62.757477,-3.8925231933593807,3.8925231933593807,45
2024-02-26 10:00:00,65.03,60.57266,-4.457341461181642,4.457341461181642,45
2024-02-26 11:00:00,58.42,61.979332,3.559331970214842,3.559331970214842,45
2024-02-26 12:00:00,58.19,61.195274,3.005274353027346,3.005274353027346,45
2024-02-26 13:00:00,61.29,60.291862,-0.9981375122070304,0.9981375122070304,45
2024-02-26 14:00:00,64.95,61.74953,-3.2004692077636747,3.2004692077636747,45
2024-02-26 15:00:00,69.41,65.4201,-3.989902648925778,3.989902648925778,45
2024-02-26 16:00:00,77.0,71.828316,-5.171684265136719,5.171684265136719,45
2024-02-26 17:00:00,85.48,73.41543,-12.06457183837891,12.06457183837891,45
2024-02-26 18:00:00,81.55,80.65414,-0.8958633422851534,0.8958633422851534,45
2024-02-26 19:00:00,73.13,74.50054,1.3705416870117233,1.3705416870117233,45
2024-02-26 20:00:00,66.12,69.103806,2.983805541992183,2.983805541992183,45
2024-02-26 21:00:00,65.21,66.10354,0.8935385131836,0.8935385131836,45
2024-02-26 22:00:00,60.76,63.2496,2.4895994567871114,2.4895994567871114,45
2024-02-26 23:00:00,57.62,61.52949,3.9094914245605494,3.9094914245605494,45
2024-02-27 00:00:00,57.55,59.13424,1.5842391967773466,1.5842391967773466,46
2024-02-27 01:00:00,57.35,60.916847,3.566847229003905,3.566847229003905,46
2024-02-27 02:00:00,56.87,59.364277,2.4942768859863307,2.4942768859863307,46
2024-02-27 03:00:00,57.35,60.825905,3.475904846191405,3.475904846191405,46
2024-02-27 04:00:00,61.16,66.528336,5.368335571289066,5.368335571289066,46
2024-02-27 05:00:00,65.76,75.34524,9.585237731933589,9.585237731933589,46
2024-02-27 06:00:00,69.24,74.83243,5.59242797851563,5.59242797851563,46
2024-02-27 07:00:00,90.77,80.2086,-10.561397094726559,10.561397094726559,46
2024-02-27 08:00:00,80.81,71.39819,-9.411806640625002,9.411806640625002,46
2024-02-27 09:00:00,68.71,67.27555,-1.4344491577148375,1.4344491577148375,46
2024-02-27 10:00:00,63.86,66.50534,2.6453405761718756,2.6453405761718756,46
2024-02-27 11:00:00,58.19,64.605415,6.4154153442382835,6.4154153442382835,46
2024-02-27 12:00:00,58.22,63.590374,5.370373992919923,5.370373992919923,46
2024-02-27 13:00:00,62.3,64.337944,2.0379440307617216,2.0379440307617216,46
2024-02-27 14:00:00,65.97,66.80617,0.8361676025390636,0.8361676025390636,46
2024-02-27 15:00:00,58.29,67.64488,9.354882202148438,9.354882202148438,46
2024-02-27 16:00:00,59.74,76.91647,17.176473388671873,17.176473388671873,46
2024-02-27 17:00:00,96.67,82.97522,-13.694780273437502,13.694780273437502,46
2024-02-27 18:00:00,105.17,78.99024,-26.17975799560547,26.17975799560547,46
2024-02-27 19:00:00,84.69,70.50192,-14.188077392578123,14.188077392578123,46
2024-02-27 20:00:00,73.05,65.75371,-7.29629211425781,7.29629211425781,46
2024-02-27 21:00:00,70.45,65.076515,-5.373484802246097,5.373484802246097,46
2024-02-27 22:00:00,64.97,64.04644,-0.9235598754882801,0.9235598754882801,46
2024-02-27 23:00:00,60.36,61.343933,0.9839331054687506,0.9839331054687506,46
2024-02-28 00:00:00,59.4,58.776142,-0.6238578796386705,0.6238578796386705,47
2024-02-28 01:00:00,61.34,58.995,-2.345001068115238,2.345001068115238,47
2024-02-28 02:00:00,63.46,57.50528,-5.954720458984376,5.954720458984376,47
2024-02-28 03:00:00,63.87,58.02093,-5.849068756103513,5.849068756103513,47
2024-02-28 04:00:00,67.63,59.23068,-8.399321441650386,8.399321441650386,47
2024-02-28 05:00:00,71.04,66.158226,-4.8817739868164125,4.8817739868164125,47
2024-02-28 06:00:00,80.1,67.809425,-12.290574645996088,12.290574645996088,47
2024-02-28 07:00:00,104.49,83.98426,-20.505739440917964,20.505739440917964,47
2024-02-28 08:00:00,85.46,74.76141,-10.698586425781244,10.698586425781244,47
2024-02-28 09:00:00,73.99,65.51549,-8.474512329101557,8.474512329101557,47
2024-02-28 10:00:00,67.55,63.13367,-4.4163291931152315,4.4163291931152315,47
2024-02-28 11:00:00,63.93,61.14959,-2.780410461425781,2.780410461425781,47
2024-02-28 12:00:00,56.78,61.73659,4.956591339111327,4.956591339111327,47
2024-02-28 13:00:00,56.38,60.640297,4.260296936035154,4.260296936035154,47
2024-02-28 14:00:00,53.64,62.210598,8.570597991943359,8.570597991943359,47
2024-02-28 15:00:00,49.65,62.386684,12.73668441772461,12.73668441772461,47
2024-02-28 16:00:00,60.25,64.66364,4.413642883300781,4.413642883300781,47
2024-02-28 17:00:00,75.86,91.0354,15.175400390625,15.175400390625,47
2024-02-28 18:00:00,79.0,95.98104,16.981040954589844,16.981040954589844,47
2024-02-28 19:00:00,66.96,79.91025,12.950247802734381,12.950247802734381,47
2024-02-28 20:00:00,64.07,70.17239,6.102393798828132,6.102393798828132,47
2024-02-28 21:00:00,64.77,67.04973,2.2797283935546915,2.2797283935546915,47
2024-02-28 22:00:00,55.68,60.654034,4.974033660888672,4.974033660888672,47
2024-02-28 23:00:00,55.78,60.493507,4.713507385253905,4.713507385253905,47
2024-02-29 00:00:00,54.03,55.27843,1.248430938720702,1.248430938720702,48
2024-02-29 01:00:00,50.87,59.673946,8.803946380615237,8.803946380615237,48
2024-02-29 02:00:00,47.97,60.267933,12.297932891845704,12.297932891845704,48
2024-02-29 03:00:00,47.1,60.791275,13.691275024414061,13.691275024414061,48
2024-02-29 04:00:00,52.71,64.28731,11.577307739257812,11.577307739257812,48
2024-02-29 05:00:00,63.5,70.88444,7.384437561035156,7.384437561035156,48
2024-02-29 06:00:00,74.85,75.6513,0.8012985229492244,0.8012985229492244,48
2024-02-29 07:00:00,74.95,101.20122,26.251217651367185,26.251217651367185,48
2024-02-29 08:00:00,70.71,81.8169,11.106902160644538,11.106902160644538,48
2024-02-29 09:00:00,64.43,66.38129,1.9512866210937432,1.9512866210937432,48
2024-02-29 10:00:00,62.96,59.373142,-3.5868577575683602,3.5868577575683602,48
2024-02-29 11:00:00,57.36,57.71721,0.35720886230468807,0.35720886230468807,48
2024-02-29 12:00:00,56.34,55.094135,-1.2458647155761753,1.2458647155761753,48
2024-02-29 13:00:00,58.18,53.206005,-4.973994903564453,4.973994903564453,48
2024-02-29 14:00:00,65.39,55.383873,-10.006127014160157,10.006127014160157,48
2024-02-29 15:00:00,66.5,58.845203,-7.654796600341797,7.654796600341797,48
2024-02-29 16:00:00,69.34,63.975918,-5.364082183837894,5.364082183837894,48
2024-02-29 17:00:00,86.26,76.5727,-9.687299499511724,9.687299499511724,48
2024-02-29 18:00:00,80.99,79.428665,-1.5613348388671824,1.5613348388671824,48
2024-02-29 19:00:00,72.77,66.08684,-6.6831622314453085,6.6831622314453085,48
2024-02-29 20:00:00,67.25,59.365894,-7.884105682373047,7.884105682373047,48
2024-02-29 21:00:00,64.9,56.952137,-7.947863006591803,7.947863006591803,48
2024-02-29 22:00:00,60.9,54.51556,-6.384439849853514,6.384439849853514,48
2024-02-29 23:00:00,62.04,53.33937,-8.700629272460937,8.700629272460937,48
2024-03-01 00:00:00,61.42,51.807995,-9.612005157470705,9.612005157470705,49
2024-03-01 01:00:00,58.14,51.053932,-7.086067810058594,7.086067810058594,49
2024-03-01 02:00:00,57.83,49.842247,-7.9877529907226545,7.9877529907226545,49
2024-03-01 03:00:00,58.3,50.60626,-7.693741607666013,7.693741607666013,49
2024-03-01 04:00:00,62.49,50.61594,-11.874059906005861,11.874059906005861,49
2024-03-01 05:00:00,71.58,54.175644,-17.40435607910156,17.40435607910156,49
2024-03-01 06:00:00,79.36,68.73329,-10.626708374023437,10.626708374023437,49
2024-03-01 07:00:00,79.07,70.66372,-8.4062808227539,8.4062808227539,49
2024-03-01 08:00:00,71.34,66.239746,-5.100253906250003,5.100253906250003,49
2024-03-01 09:00:00,66.55,59.17172,-7.378281402587888,7.378281402587888,49
2024-03-01 10:00:00,65.24,57.249187,-7.990812530517573,7.990812530517573,49
2024-03-01 11:00:00,63.87,54.653908,-9.216092224121091,9.216092224121091,49
2024-03-01 12:00:00,59.7,55.74105,-3.958949279785159,3.958949279785159,49
2024-03-01 13:00:00,64.9,55.16628,-9.733721160888678,9.733721160888678,49
2024-03-01 14:00:00,59.83,60.242554,0.4125537109375017,0.4125537109375017,49
2024-03-01 15:00:00,55.55,63.510036,7.960036468505862,7.960036468505862,49
2024-03-01 16:00:00,60.71,66.53798,5.827979125976562,5.827979125976562,49
2024-03-01 17:00:00,82.45,82.804085,0.3540847778320284,0.3540847778320284,49
2024-03-01 18:00:00,87.19,86.53369,-0.6563085937499977,0.6563085937499977,49
2024-03-01 19:00:00,77.49,73.75472,-3.735277404785151,3.735277404785151,49
2024-03-01 20:00:00,71.62,67.510315,-4.1096850585937545,4.1096850585937545,49
2024-03-01 21:00:00,70.06,66.74706,-3.3129373168945335,3.3129373168945335,49
2024-03-01 22:00:00,66.39,62.171593,-4.218407287597657,4.218407287597657,49
2024-03-01 23:00:00,59.95,60.867504,0.917504119873044,0.917504119873044,49
2024-03-02 00:00:00,56.03,57.632668,1.6026675415039051,1.6026675415039051,50
2024-03-02 01:00:00,56.02,54.40824,-1.6117587280273469,1.6117587280273469,50
2024-03-02 02:00:00,55.48,54.060345,-1.419655303955075,1.419655303955075,50
2024-03-02 03:00:00,54.88,52.072853,-2.8071469116210963,2.8071469116210963,50
2024-03-02 04:00:00,55.99,54.24889,-1.7411100769042989,1.7411100769042989,50
2024-03-02 05:00:00,56.58,66.12772,9.547723693847658,9.547723693847658,50
2024-03-02 06:00:00,60.67,67.561195,6.8911953735351545,6.8911953735351545,50
2024-03-02 07:00:00,63.76,65.49427,1.7342703247070332,1.7342703247070332,50
2024-03-02 08:00:00,65.75,63.640125,-2.109874725341797,2.109874725341797,50
2024-03-02 09:00:00,60.44,58.288555,-2.151444854736326,2.151444854736326,50
2024-03-02 10:00:00,61.61,57.6319,-3.978099212646484,3.978099212646484,50
2024-03-02 11:00:00,57.66,56.26261,-1.3973886108398403,1.3973886108398403,50
2024-03-02 12:00:00,54.9,54.11599,-0.7840103149414048,0.7840103149414048,50
2024-03-02 13:00:00,59.86,57.193478,-2.666522369384765,2.666522369384765,50
2024-03-02 14:00:00,66.08,54.680233,-11.399766998291014,11.399766998291014,50
2024-03-02 15:00:00,73.0,55.48214,-17.517860412597656,17.517860412597656,50
2024-03-02 16:00:00,79.55,61.06444,-18.485558319091794,18.485558319091794,50
2024-03-02 17:00:00,93.6,74.22034,-19.379663085937494,19.379663085937494,50
2024-03-02 18:00:00,89.9,75.64874,-14.251257324218756,14.251257324218756,50
2024-03-02 19:00:00,76.98,74.15797,-2.8220333862304727,2.8220333862304727,50
2024-03-02 20:00:00,72.28,67.259026,-5.020974426269532,5.020974426269532,50
2024-03-02 21:00:00,79.63,67.596436,-12.033564453124995,12.033564453124995,50
2024-03-02 22:00:00,74.41,60.64904,-13.760959777832028,13.760959777832028,50
2024-03-02 23:00:00,59.74,54.867428,-4.872572174072268,4.872572174072268,50
2024-03-03 00:00:00,61.28,57.47991,-3.8000881958007824,3.8000881958007824,51
2024-03-03 01:00:00,61.14,56.119297,-5.02070297241211,5.02070297241211,51
2024-03-03 02:00:00,56.91,56.965904,0.05590423583984716,0.05590423583984716,51
2024-03-03 03:00:00,55.41,52.28011,-3.1298905944824185,3.1298905944824185,51
2024-03-03 04:00:00,57.57,53.924015,-3.6459849548339847,3.6459849548339847,51
2024-03-03 05:00:00,61.13,56.232727,-4.897272949218753,4.897272949218753,51
2024-03-03 06:00:00,63.71,60.008644,-3.7013558959960946,3.7013558959960946,51
2024-03-03 07:00:00,63.35,62.191425,-1.1585746765136733,1.1585746765136733,51
2024-03-03 08:00:00,63.01,58.831894,-4.1781060791015605,4.1781060791015605,51
2024-03-03 09:00:00,62.41,57.868973,-4.541027221679684,4.541027221679684,51
2024-03-03 10:00:00,60.53,59.1832,-1.3467991638183605,1.3467991638183605,51
2024-03-03 11:00:00,50.96,55.00367,4.04366973876953,4.04366973876953,51
2024-03-03 12:00:00,42.51,51.675877,9.165876617431643,9.165876617431643,51
2024-03-03 13:00:00,46.84,49.151844,2.3118440246581997,2.3118440246581997,51
2024-03-03 14:00:00,54.93,52.553474,-2.3765255737304685,2.3765255737304685,51
2024-03-03 15:00:00,60.28,57.941647,-2.3383534240722668,2.3383534240722668,51
2024-03-03 16:00:00,71.86,69.31577,-2.544226989746093,2.544226989746093,51
2024-03-03 17:00:00,78.53,86.59616,8.066160888671874,8.066160888671874,51
2024-03-03 18:00:00,86.96,82.61844,-4.341561279296869,4.341561279296869,51
2024-03-03 19:00:00,81.8,80.36629,-1.4337127685546847,1.4337127685546847,51
2024-03-03 20:00:00,75.0,75.10582,0.1058197021484375,0.1058197021484375,51
2024-03-03 21:00:00,72.18,78.08018,5.900177307128899,5.900177307128899,51
2024-03-03 22:00:00,72.42,70.28585,-2.134149475097658,2.134149475097658,51
2024-03-03 23:00:00,69.13,57.598644,-11.531355743408199,11.531355743408199,51
2024-03-04 00:00:00,67.9,55.965866,-11.934133911132818,11.934133911132818,52
2024-03-04 01:00:00,67.41,57.809887,-9.60011306762695,9.60011306762695,52
2024-03-04 02:00:00,66.22,56.324318,-9.895682067871093,9.895682067871093,52
2024-03-04 03:00:00,65.59,56.081738,-9.508262481689457,9.508262481689457,52
2024-03-04 04:00:00,70.83,58.33786,-12.492139892578123,12.492139892578123,52
2024-03-04 05:00:00,81.18,77.03822,-4.141776733398444,4.141776733398444,52
2024-03-04 06:00:00,96.67,77.819405,-18.85059539794922,18.85059539794922,52
2024-03-04 07:00:00,102.97,79.59109,-23.378912658691405,23.378912658691405,52
2024-03-04 08:00:00,85.02,76.15944,-8.860560913085934,8.860560913085934,52
2024-03-04 09:00:00,73.56,66.54387,-7.016130981445315,7.016130981445315,52
2024-03-04 10:00:00,66.02,66.7972,0.7772030639648477,0.7772030639648477,52
2024-03-04 11:00:00,64.69,65.417786,0.7277856445312523,0.7277856445312523,52
2024-03-04 12:00:00,61.29,64.65981,3.3698129272460946,3.3698129272460946,52
2024-03-04 13:00:00,62.5,62.699448,0.1994476318359375,0.1994476318359375,52
2024-03-04 14:00:00,69.86,63.96988,-5.890120849609374,5.890120849609374,52
2024-03-04 15:00:00,68.31,66.009834,-2.300165710449221,2.300165710449221,52
2024-03-04 16:00:00,68.04,72.7815,4.741501770019525,4.741501770019525,52
2024-03-04 17:00:00,105.18,84.3292,-20.8507992553711,20.8507992553711,52
2024-03-04 18:00:00,99.13,90.376854,-8.753146057128902,8.753146057128902,52
2024-03-04 19:00:00,80.52,84.43873,3.9187283325195352,3.9187283325195352,52
2024-03-04 20:00:00,71.39,78.22155,6.831549987792968,6.831549987792968,52
2024-03-04 21:00:00,67.49,76.666534,9.17653442382813,9.17653442382813,52
2024-03-04 22:00:00,63.93,70.00201,6.072006530761719,6.072006530761719,52
2024-03-04 23:00:00,61.96,63.973473,2.013472595214843,2.013472595214843,52
2024-03-05 00:00:00,61.67,64.159424,2.4894238281249983,2.4894238281249983,53
2024-03-05 01:00:00,61.33,64.14787,2.817872924804689,2.817872924804689,53
2024-03-05 02:00:00,59.86,63.543625,3.683624877929688,3.683624877929688,53
2024-03-05 03:00:00,60.56,64.286514,3.7265142822265602,3.7265142822265602,53
2024-03-05 04:00:00,61.67,68.86093,7.190931396484373,7.190931396484373,53
2024-03-05 05:00:00,71.53,80.49562,8.965620727539061,8.965620727539061,53
2024-03-05 06:00:00,79.28,94.57755,15.297552795410155,15.297552795410155,53
2024-03-05 07:00:00,83.02,100.002045,16.98204467773438,16.98204467773438,53
2024-03-05 08:00:00,77.0,84.91272,7.9127197265625,7.9127197265625,53
2024-03-05 09:00:00,71.15,70.25352,-0.8964828491210994,0.8964828491210994,53
2024-03-05 10:00:00,69.72,65.856606,-3.8633944702148426,3.8633944702148426,53
2024-03-05 11:00:00,66.17,64.08613,-2.0838717651367205,2.0838717651367205,53
2024-03-05 12:00:00,66.07,62.625732,-3.444267578124993,3.444267578124993,53
2024-03-05 13:00:00,69.85,62.568626,-7.281373596191401,7.281373596191401,53
2024-03-05 14:00:00,71.15,66.05476,-5.095236206054693,5.095236206054693,53
2024-03-05 15:00:00,76.39,73.39536,-2.9946371459960943,2.9946371459960943,53
2024-03-05 16:00:00,83.15,74.219666,-8.930334472656256,8.930334472656256,53
2024-03-05 17:00:00,104.66,101.46098,-3.199016723632809,3.199016723632809,53
2024-03-05 18:00:00,125.17,98.03317,-27.136827392578127,27.136827392578127,53
2024-03-05 19:00:00,104.29,81.86913,-22.420867004394538,22.420867004394538,53
2024-03-05 20:00:00,90.11,75.16624,-14.943763122558593,14.943763122558593,53
2024-03-05 21:00:00,85.41,74.15531,-11.25468841552734,11.25468841552734,53
2024-03-05 22:00:00,72.86,72.023254,-0.8367456054687494,0.8367456054687494,53
2024-03-05 23:00:00,71.0,65.88251,-5.11749267578125,5.11749267578125,53
2024-03-06 00:00:00,70.7,63.85114,-6.848860931396487,6.848860931396487,54
2024-03-06 01:00:00,70.46,63.365543,-7.094456634521478,7.094456634521478,54
2024-03-06 02:00:00,69.74,62.15718,-7.582819213867182,7.582819213867182,54
2024-03-06 03:00:00,70.46,63.047585,-7.4124154663085875,7.4124154663085875,54
2024-03-06 04:00:00,73.91,65.77585,-8.134151611328122,8.134151611328122,54
2024-03-06 05:00:00,83.98,72.588806,-11.391193847656254,11.391193847656254,54
2024-03-06 06:00:00,106.64,80.921616,-25.718384399414063,25.718384399414063,54
2024-03-06 07:00:00,108.7,84.22071,-24.47928924560547,24.47928924560547,54
2024-03-06 08:00:00,87.21,79.72369,-7.486313781738275,7.486313781738275,54
2024-03-06 09:00:00,76.82,70.50517,-6.314827270507806,6.314827270507806,54
2024-03-06 10:00:00,72.74,66.91121,-5.828790893554682,5.828790893554682,54
2024-03-06 11:00:00,69.37,64.401306,-4.9686938476562545,4.9686938476562545,54
2024-03-06 12:00:00,69.29,63.70449,-5.5855093383789125,5.5855093383789125,54
2024-03-06 13:00:00,70.64,63.605114,-7.034886016845704,7.034886016845704,54
2024-03-06 14:00:00,72.35,68.35605,-3.9939514160156193,3.9939514160156193,54
2024-03-06 15:00:00,74.51,76.463615,1.9536154174804636,1.9536154174804636,54
2024-03-06 16:00:00,79.47,80.783066,1.3130657958984386,1.3130657958984386,54
2024-03-06 17:00:00,116.74,98.15386,-18.586138000488276,18.586138000488276,54
2024-03-06 18:00:00,119.27,116.411125,-2.8588748168945273,2.8588748168945273,54
2024-03-06 19:00:00,93.48,96.55233,3.0723300170898398,3.0723300170898398,54
2024-03-06 20:00:00,80.15,86.440506,6.290505981445307,6.290505981445307,54
2024-03-06 21:00:00,77.98,80.2343,2.2542987060546835,2.2542987060546835,54
2024-03-06 22:00:00,74.34,70.61484,-3.7251623535156284,3.7251623535156284,54
2024-03-06 23:00:00,73.33,67.58031,-5.749692993164061,5.749692993164061,54
2024-03-07 00:00:00,72.32,60.90808,-11.411918945312493,11.411918945312493,55
2024-03-07 01:00:00,70.34,60.22937,-10.110629882812503,10.110629882812503,55
2024-03-07 02:00:00,68.71,63.877575,-4.832425079345697,4.832425079345697,55
2024-03-07 03:00:00,69.89,64.86826,-5.021736755371094,5.021736755371094,55
2024-03-07 04:00:00,73.13,72.58399,-0.5460079956054642,0.5460079956054642,55
2024-03-07 05:00:00,84.27,84.26106,-0.008937377929683521,0.008937377929683521,55
2024-03-07 06:00:00,103.2,101.20364,-1.9963562011718778,1.9963562011718778,55
2024-03-07 07:00:00,96.7,102.04957,5.349568176269528,5.349568176269528,55
2024-03-07 08:00:00,79.09,85.3118,6.221798095703122,6.221798095703122,55
2024-03-07 09:00:00,71.31,78.01971,6.7097067260742165,6.7097067260742165,55
2024-03-07 10:00:00,66.16,70.11081,3.9508093261718784,3.9508093261718784,55
2024-03-07 11:00:00,61.58,64.19981,2.619806213378908,2.619806213378908,55
2024-03-07 12:00:00,59.82,62.32743,2.507430725097656,2.507430725097656,55
2024-03-07 13:00:00,63.19,68.37413,5.18413024902344,5.18413024902344,55
2024-03-07 14:00:00,60.97,69.73092,8.760918884277345,8.760918884277345,55
2024-03-07 15:00:00,57.7,73.42072,15.720722961425778,15.720722961425778,55
2024-03-07 16:00:00,69.07,79.83511,10.765113525390632,10.765113525390632,55
2024-03-07 17:00:00,78.06,109.64975,31.589749755859373,31.589749755859373,55
2024-03-07 18:00:00,89.57,113.316696,23.746696166992194,23.746696166992194,55
2024-03-07 19:00:00,74.06,93.92173,19.861730041503904,19.861730041503904,55
2024-03-07 20:00:00,73.78,76.48824,2.7082431030273426,2.7082431030273426,55
2024-03-07 21:00:00,73.56,72.9576,-0.6023965454101585,0.6023965454101585,55
2024-03-07 22:00:00,68.02,66.29312,-1.726878662109371,1.726878662109371,55
2024-03-07 23:00:00,68.69,66.40873,-2.2812704467773415,2.2812704467773415,55
2024-03-08 00:00:00,66.96,63.16063,-3.7993707275390562,3.7993707275390562,56
2024-03-08 01:00:00,67.01,63.872715,-3.1372850036621145,3.1372850036621145,56
2024-03-08 02:00:00,65.99,60.42488,-5.565119018554682,5.565119018554682,56
2024-03-08 03:00:00,62.91,63.219856,0.30985626220703466,0.30985626220703466,56
2024-03-08 04:00:00,67.42,69.59517,2.175169067382811,2.175169067382811,56
2024-03-08 05:00:00,76.72,83.69017,6.970170288085939,6.970170288085939,56
2024-03-08 06:00:00,94.66,98.19726,3.537257995605472,3.537257995605472,56
2024-03-08 07:00:00,88.89,91.974,3.0839990234374994,3.0839990234374994,56
2024-03-08 08:00:00,74.36,79.55906,5.199059143066407,5.199059143066407,56
2024-03-08 09:00:00,59.02,68.88776,9.867756347656247,9.867756347656247,56
2024-03-08 10:00:00,52.52,63.147045,10.627045135498044,10.627045135498044,56
2024-03-08 11:00:00,42.33,62.605785,20.27578536987305,20.27578536987305,56
2024-03-08 12:00:00,29.07,59.815346,30.745345764160156,30.745345764160156,56
2024-03-08 13:00:00,42.96,60.84834,17.888339080810546,17.888339080810546,56
2024-03-08 14:00:00,48.91,62.67607,13.766071166992191,13.766071166992191,56
2024-03-08 15:00:00,58.06,61.056404,2.996404113769529,2.996404113769529,56
2024-03-08 16:00:00,73.96,68.12952,-5.830483398437494,5.830483398437494,56
2024-03-08 17:00:00,85.55,88.20447,2.654467773437503,2.654467773437503,56
2024-03-08 18:00:00,81.96,89.504295,7.5442953491211,7.5442953491211,56
2024-03-08 19:00:00,73.13,78.993286,5.8632861328125045,5.8632861328125045,56
2024-03-08 20:00:00,66.03,76.833855,10.803854675292968,10.803854675292968,56
2024-03-08 21:00:00,65.68,74.82913,9.149132080078118,9.149132080078118,56
2024-03-08 22:00:00,60.54,66.90014,6.36013885498047,6.36013885498047,56
2024-03-08 23:00:00,57.31,65.21689,7.906888427734373,7.906888427734373,56
2024-03-10 00:00:00,46.06,54.62141,8.561410369873045,8.561410369873045,58
2024-03-10 01:00:00,40.98,57.229122,16.249122161865238,16.249122161865238,58
2024-03-10 02:00:00,35.55,57.20505,21.655051422119143,21.655051422119143,58
2024-03-10 03:00:00,32.39,56.933716,24.5437158203125,24.5437158203125,58
2024-03-10 04:00:00,32.28,56.909462,24.629461975097655,24.629461975097655,58
2024-03-10 05:00:00,33.91,57.710133,23.800132598876957,23.800132598876957,58
2024-03-10 06:00:00,39.49,57.99962,18.509618530273436,18.509618530273436,58
2024-03-10 07:00:00,47.34,61.19804,13.858040008544918,13.858040008544918,58
2024-03-10 08:00:00,52.11,58.824474,6.714474334716797,6.714474334716797,58
2024-03-10 09:00:00,44.88,49.030224,4.150223846435544,4.150223846435544,58
2024-03-10 10:00:00,49.22,47.326344,-1.8936564636230457,1.8936564636230457,58
2024-03-10 11:00:00,52.04,37.808716,-14.2312841796875,14.2312841796875,58
2024-03-10 12:00:00,45.26,32.786724,-12.473275909423826,12.473275909423826,58
2024-03-10 13:00:00,39.58,32.844273,-6.735727386474608,6.735727386474608,58
2024-03-10 14:00:00,45.81,35.613285,-10.196714935302737,10.196714935302737,58
2024-03-10 15:00:00,61.44,51.67401,-9.765988769531248,9.765988769531248,58
2024-03-10 16:00:00,74.13,63.18562,-10.944380645751949,10.944380645751949,58
2024-03-10 17:00:00,79.54,77.262024,-2.2779760742187563,2.2779760742187563,58
2024-03-10 18:00:00,89.63,76.80101,-12.828989868164058,12.828989868164058,58
2024-03-10 19:00:00,80.97,66.24646,-14.723540039062499,14.723540039062499,58
2024-03-10 20:00:00,74.72,66.65252,-8.06748077392578,8.06748077392578,58
2024-03-10 21:00:00,73.78,63.274998,-10.50500228881836,10.50500228881836,58
2024-03-10 22:00:00,70.04,62.657295,-7.382704772949225,7.382704772949225,58
2024-03-10 23:00:00,58.59,59.55726,0.9672586059570278,0.9672586059570278,58
2024-03-11 00:00:00,58.03,64.73123,6.701231689453124,6.701231689453124,59
2024-03-11 01:00:00,54.19,64.6512,10.461199340820315,10.461199340820315,59
2024-03-11 02:00:00,52.69,60.82568,8.135679779052737,8.135679779052737,59
2024-03-11 03:00:00,52.22,57.942417,5.722417144775392,5.722417144775392,59
2024-03-11 04:00:00,56.77,60.453762,3.6837620544433562,3.6837620544433562,59
2024-03-11 05:00:00,76.75,69.382164,-7.367835998535156,7.367835998535156,59
2024-03-11 06:00:00,82.95,80.65415,-2.2958480834960966,2.2958480834960966,59
2024-03-11 07:00:00,85.86,83.139984,-2.7200158691406244,2.7200158691406244,59
2024-03-11 08:00:00,81.92,78.92785,-2.992151184082033,2.992151184082033,59
2024-03-11 09:00:00,74.75,75.46076,0.7107620239257812,0.7107620239257812,59
2024-03-11 10:00:00,67.34,67.0673,-0.27270111083984716,0.27270111083984716,59
2024-03-11 11:00:00,68.42,62.199078,-6.22092239379883,6.22092239379883,59
2024-03-11 12:00:00,66.72,61.842266,-4.877733917236327,4.877733917236327,59
2024-03-11 13:00:00,67.0,60.439926,-6.5600738525390625,6.5600738525390625,59
2024-03-11 14:00:00,73.17,61.001457,-12.168542785644533,12.168542785644533,59
2024-03-11 15:00:00,67.96,65.37718,-2.5828179931640562,2.5828179931640562,59
2024-03-11 16:00:00,78.55,69.43875,-9.111248779296872,9.111248779296872,59
2024-03-11 17:00:00,94.53,78.06861,-16.46138885498047,16.46138885498047,59
2024-03-11 18:00:00,107.93,86.198166,-21.73183410644532,21.73183410644532,59
2024-03-11 19:00:00,87.97,79.08478,-8.885222167968749,8.885222167968749,59
2024-03-11 20:00:00,76.64,73.9149,-2.725098266601563,2.725098266601563,59
2024-03-11 21:00:00,75.0,70.48492,-4.515083312988281,4.515083312988281,59
2024-03-11 22:00:00,67.08,66.9799,-0.10010345458984204,0.10010345458984204,59
2024-03-11 23:00:00,69.16,63.812077,-5.347923431396481,5.347923431396481,59
2024-03-12 00:00:00,65.56,62.455124,-3.1048760986328148,3.1048760986328148,60
2024-03-12 01:00:00,66.51,59.88357,-6.626428375244146,6.626428375244146,60
2024-03-12 02:00:00,65.2,58.8494,-6.350600433349612,6.350600433349612,60
2024-03-12 03:00:00,61.85,58.84124,-3.0087600708007827,3.0087600708007827,60
2024-03-12 04:00:00,67.37,60.375557,-6.994443054199223,6.994443054199223,60
2024-03-12 05:00:00,70.53,78.08737,7.557371826171874,7.557371826171874,60
2024-03-12 06:00:00,89.8,80.93202,-8.867977905273435,8.867977905273435,60
2024-03-12 07:00:00,99.44,83.90923,-15.530766906738279,15.530766906738279,60
2024-03-12 08:00:00,93.57,77.84696,-15.723038024902337,15.723038024902337,60
2024-03-12 09:00:00,79.58,69.65676,-9.923238830566405,9.923238830566405,60
2024-03-12 10:00:00,68.84,65.09895,-3.741046752929691,3.741046752929691,60
2024-03-12 11:00:00,69.17,64.369896,-4.800104064941408,4.800104064941408,60
2024-03-12 12:00:00,64.03,64.74235,0.7123477172851551,0.7123477172851551,60
2024-03-12 13:00:00,64.35,64.6226,0.27259674072266193,0.27259674072266193,60
2024-03-12 14:00:00,68.03,68.96495,0.9349505615234364,0.9349505615234364,60
2024-03-12 15:00:00,57.42,67.74557,10.325567321777342,10.325567321777342,60
2024-03-12 16:00:00,65.2,80.682106,15.482106018066403,15.482106018066403,60
2024-03-12 17:00:00,71.32,93.22637,21.906371765136726,21.906371765136726,60
2024-03-12 18:00:00,98.99,101.750374,2.7603738403320364,2.7603738403320364,60
2024-03-12 19:00:00,77.6,89.42566,11.825659179687506,11.825659179687506,60
2024-03-12 20:00:00,70.12,85.93204,15.81203735351562,15.81203735351562,60
2024-03-12 21:00:00,70.54,74.00339,3.4633874511718687,3.4633874511718687,60
2024-03-12 22:00:00,61.99,67.253075,5.263074645996092,5.263074645996092,60
2024-03-12 23:00:00,55.09,65.05303,9.963031921386715,9.963031921386715,60
2024-03-13 00:00:00,50.5,64.46509,13.965087890625,13.965087890625,61
2024-03-13 01:00:00,48.09,64.10293,16.01292816162109,16.01292816162109,61
2024-03-13 02:00:00,45.97,64.00772,18.037720947265626,18.037720947265626,61
2024-03-13 03:00:00,44.49,64.11769,19.62769104003906,19.62769104003906,61
2024-03-13 04:00:00,52.1,65.23641,13.136412048339842,13.136412048339842,61
2024-03-13 05:00:00,65.68,72.41567,6.735672302246087,6.735672302246087,61
2024-03-13 06:00:00,88.03,87.47149,-0.5585110473632824,0.5585110473632824,61
2024-03-13 07:00:00,88.66,98.64738,9.98737701416016,9.98737701416016,61
2024-03-13 08:00:00,70.07,90.592476,20.522475891113288,20.522475891113288,61
2024-03-13 09:00:00,61.85,77.54942,15.699423217773436,15.699423217773436,61
2024-03-13 10:00:00,56.15,66.44905,10.299050903320314,10.299050903320314,61
2024-03-13 11:00:00,50.16,65.08286,14.92286285400391,14.92286285400391,61
2024-03-13 12:00:00,40.24,64.10999,23.86999298095703,23.86999298095703,61
2024-03-13 13:00:00,43.08,63.994446,20.91444580078125,20.91444580078125,61
2024-03-13 14:00:00,46.93,66.15801,19.22801239013672,19.22801239013672,61
2024-03-13 15:00:00,49.98,65.7341,15.754100341796878,15.754100341796878,61
2024-03-13 16:00:00,62.14,73.93351,11.793509826660156,11.793509826660156,61
2024-03-13 17:00:00,79.09,80.2657,1.175701293945309,1.175701293945309,61
2024-03-13 18:00:00,98.78,95.723755,-3.056245117187501,3.056245117187501,61
2024-03-13 19:00:00,82.75,82.06989,-0.6801071166992188,0.6801071166992188,61
2024-03-13 20:00:00,67.44,73.519684,6.079683837890627,6.079683837890627,61
2024-03-13 21:00:00,68.26,69.91394,1.6539404296874949,1.6539404296874949,61
2024-03-13 22:00:00,63.88,67.8963,4.016301269531247,4.016301269531247,61
2024-03-13 23:00:00,63.29,60.46659,-2.823409118652343,2.823409118652343,61
2024-03-14 00:00:00,56.9,59.06183,2.1618286132812514,2.1618286132812514,62
2024-03-14 01:00:00,57.52,58.536526,1.0165257263183562,1.0165257263183562,62
2024-03-14 02:00:00,57.0,55.171513,-1.8284873962402344,1.8284873962402344,62
2024-03-14 03:00:00,48.53,54.122227,5.5922267150878895,5.5922267150878895,62
2024-03-14 04:00:00,56.6,56.073513,-0.526486968994142,0.526486968994142,62
2024-03-14 05:00:00,69.26,68.49606,-0.7639367675781301,0.7639367675781301,62
2024-03-14 06:00:00,87.85,83.82454,-4.025460815429682,4.025460815429682,62
2024-03-14 07:00:00,81.99,86.09419,4.104192504882818,4.104192504882818,62
2024-03-14 08:00:00,65.71,74.463486,8.753485717773444,8.753485717773444,62
2024-03-14 09:00:00,54.32,66.030464,11.710464172363281,11.710464172363281,62
2024-03-14 10:00:00,48.68,57.7739,9.093899078369141,9.093899078369141,62
2024-03-14 11:00:00,40.73,58.346287,17.616286773681644,17.616286773681644,62
2024-03-14 12:00:00,42.6,56.43305,13.833048248291014,13.833048248291014,62
2024-03-14 13:00:00,42.63,54.41588,11.785878295898435,11.785878295898435,62
2024-03-14 14:00:00,41.56,63.943073,22.383073272705076,22.383073272705076,62
2024-03-14 15:00:00,39.42,60.741146,21.321146087646483,21.321146087646483,62
2024-03-14 16:00:00,59.81,69.10455,9.294553222656248,9.294553222656248,62
2024-03-14 17:00:00,62.91,77.13344,14.223438110351566,14.223438110351566,62
2024-03-14 18:00:00,85.82,94.275024,8.455024414062507,8.455024414062507,62
2024-03-14 19:00:00,74.87,78.35641,3.486407165527339,3.486407165527339,62
2024-03-14 20:00:00,62.8,69.08345,6.283450317382815,6.283450317382815,62
2024-03-14 21:00:00,59.91,66.72777,6.817767944335941,6.817767944335941,62
2024-03-14 22:00:00,49.55,63.27724,13.727240753173831,13.727240753173831,62
2024-03-14 23:00:00,45.97,60.59526,14.625260620117189,14.625260620117189,62
2024-03-15 00:00:00,39.66,53.41556,13.755561676025394,13.755561676025394,63
2024-03-15 01:00:00,38.68,53.56849,14.888489074707032,14.888489074707032,63
2024-03-15 02:00:00,33.93,54.44905,20.519050903320313,20.519050903320313,63
2024-03-15 03:00:00,21.96,53.270916,31.31091598510742,31.31091598510742,63
2024-03-15 04:00:00,33.17,56.00584,22.83584030151367,22.83584030151367,63
2024-03-15 05:00:00,40.36,64.23042,23.870422973632813,23.870422973632813,63
2024-03-15 06:00:00,51.92,82.168335,30.2483349609375,30.2483349609375,63
2024-03-15 07:00:00,62.42,79.35014,16.930143432617186,16.930143432617186,63
2024-03-15 08:00:00,53.8,62.41982,8.619818878173831,8.619818878173831,63
2024-03-15 09:00:00,43.34,55.590298,12.250297698974606,12.250297698974606,63
2024-03-15 10:00:00,37.11,48.63398,11.523979797363282,11.523979797363282,63
2024-03-15 11:00:00,30.56,45.89914,15.339139404296876,15.339139404296876,63
2024-03-15 12:00:00,26.5,46.253128,19.753128051757812,19.753128051757812,63
2024-03-15 13:00:00,15.81,46.618286,30.808286132812498,30.808286132812498,63
2024-03-15 14:00:00,10.55,46.04961,35.499610137939456,35.499610137939456,63
2024-03-15 15:00:00,25.46,51.387466,25.92746643066406,25.92746643066406,63
2024-03-15 16:00:00,39.48,60.981815,21.50181533813477,21.50181533813477,63
2024-03-15 17:00:00,57.52,65.76127,8.241268615722653,8.241268615722653,63
2024-03-15 18:00:00,88.01,89.79151,1.7815115356445261,1.7815115356445261,63
2024-03-15 19:00:00,65.02,75.95571,10.935711364746098,10.935711364746098,63
2024-03-15 20:00:00,56.28,64.87764,8.597639770507811,8.597639770507811,63
2024-03-15 21:00:00,57.03,64.067154,7.037153930664061,7.037153930664061,63
2024-03-15 22:00:00,49.59,58.025867,8.4358674621582,8.4358674621582,63
2024-03-15 23:00:00,45.18,52.71229,7.532291717529297,7.532291717529297,63
2024-03-16 00:00:00,42.31,36.81594,-5.4940591430664085,5.4940591430664085,64
2024-03-16 01:00:00,40.69,37.05286,-3.637139739990232,3.637139739990232,64
2024-03-16 02:00:00,39.03,36.52609,-2.5039112854003918,2.5039112854003918,64
2024-03-16 03:00:00,39.0,44.571877,5.571876525878906,5.571876525878906,64
2024-03-16 04:00:00,41.17,44.08496,2.9149609374999983,2.9149609374999983,64
2024-03-16 05:00:00,48.28,46.057667,-2.222333221435548,2.222333221435548,64
2024-03-16 06:00:00,53.47,54.184284,0.7142842102050793,0.7142842102050793,64
2024-03-16 07:00:00,52.8,57.573544,4.773543548583987,4.773543548583987,64
2024-03-16 08:00:00,47.01,54.913822,7.903822174072268,7.903822174072268,64
2024-03-16 09:00:00,44.88,44.71349,-0.16651046752929943,0.16651046752929943,64
2024-03-16 10:00:00,41.72,41.755844,0.03584411621093864,0.03584411621093864,64
2024-03-16 11:00:00,37.0,37.579834,0.579833984375,0.579833984375,64
2024-03-16 12:00:00,22.3,34.310917,12.010916900634765,12.010916900634765,64
2024-03-16 13:00:00,15.9,33.702282,17.8022819519043,17.8022819519043,64
2024-03-16 14:00:00,33.81,37.062607,3.2526068115234352,3.2526068115234352,64
2024-03-16 15:00:00,50.8,42.894173,-7.905827331542966,7.905827331542966,64
2024-03-16 16:00:00,72.84,56.419846,-16.420154418945316,16.420154418945316,64
2024-03-16 17:00:00,83.02,61.09074,-21.929259796142574,21.929259796142574,64
2024-03-16 18:00:00,92.37,82.38467,-9.98533355712891,9.98533355712891,64
2024-03-16 19:00:00,82.61,63.24007,-19.36992965698242,19.36992965698242,64
2024-03-16 20:00:00,73.35,54.76332,-18.586679077148432,18.586679077148432,64
2024-03-16 21:00:00,72.47,57.5033,-14.966700286865233,14.966700286865233,64
2024-03-16 22:00:00,67.1,54.736065,-12.363935089111322,12.363935089111322,64
2024-03-16 23:00:00,64.99,49.06334,-15.926660766601557,15.926660766601557,64
2024-03-17 00:00:00,54.68,46.59491,-8.08509033203125,8.08509033203125,65
2024-03-17 01:00:00,54.45,48.4149,-6.035098266601565,6.035098266601565,65
2024-03-17 02:00:00,43.72,52.022804,8.302804260253907,8.302804260253907,65
2024-03-17 03:00:00,38.42,49.752705,11.332704620361326,11.332704620361326,65
2024-03-17 04:00:00,37.6,50.173107,12.573107147216795,12.573107147216795,65
2024-03-17 05:00:00,36.17,57.41839,21.248388366699217,21.248388366699217,65
2024-03-17 06:00:00,37.74,56.542538,18.802537689208982,18.802537689208982,65
2024-03-17 07:00:00,35.67,57.54228,21.87227828979492,21.87227828979492,65
2024-03-17 08:00:00,40.59,57.273632,16.683632049560543,16.683632049560543,65
2024-03-17 09:00:00,30.95,50.429237,19.479237365722657,19.479237365722657,65
2024-03-17 10:00:00,34.78,46.65961,11.879610748291014,11.879610748291014,65
2024-03-17 11:00:00,37.71,40.10101,2.3910093688964835,2.3910093688964835,65
2024-03-17 12:00:00,29.15,41.627304,12.477304077148439,12.477304077148439,65
2024-03-17 13:00:00,25.76,40.733425,14.973425140380858,14.973425140380858,65
2024-03-17 14:00:00,28.24,40.92028,12.68028045654297,12.68028045654297,65
2024-03-17 15:00:00,36.17,51.320946,15.150945739746092,15.150945739746092,65
2024-03-17 16:00:00,37.56,68.25055,30.690549316406248,30.690549316406248,65
2024-03-17 17:00:00,49.26,83.43447,34.174471130371096,34.174471130371096,65
2024-03-17 18:00:00,79.96,88.67254,8.712538757324225,8.712538757324225,65
2024-03-17 19:00:00,77.89,81.70225,3.8122476196289057,3.8122476196289057,65
2024-03-17 20:00:00,72.33,75.25949,2.9294909667968767,2.9294909667968767,65
2024-03-17 21:00:00,72.1,73.98518,1.8851837158203182,1.8851837158203182,65
2024-03-17 22:00:00,65.91,66.66101,0.7510107421875034,0.7510107421875034,65
2024-03-17 23:00:00,64.12,59.996128,-4.123871917724614,4.123871917724614,65
2024-03-18 00:00:00,57.14,57.992588,0.8525880432128901,0.8525880432128901,66
2024-03-18 01:00:00,58.31,56.624424,-1.6855760192871116,1.6855760192871116,66
2024-03-18 02:00:00,49.93,49.10799,-0.8220097351074216,0.8220097351074216,66
2024-03-18 03:00:00,46.03,47.578987,1.5489871215820301,1.5489871215820301,66
2024-03-18 04:00:00,44.28,55.06715,10.787150115966796,10.787150115966796,66
2024-03-18 05:00:00,61.71,78.54979,16.839789428710937,16.839789428710937,66
2024-03-18 06:00:00,94.68,80.19421,-14.485793762207038,14.485793762207038,66
2024-03-18 07:00:00,94.45,81.92119,-12.528811645507815,12.528811645507815,66
2024-03-18 08:00:00,82.8,78.49998,-4.300022888183591,4.300022888183591,66
2024-03-18 09:00:00,72.81,72.65445,-0.15555053710937727,0.15555053710937727,66
2024-03-18 10:00:00,66.63,61.326694,-5.303305511474605,5.303305511474605,66
2024-03-18 11:00:00,62.52,59.612324,-2.907676239013675,2.907676239013675,66
2024-03-18 12:00:00,49.98,55.88744,5.907439727783206,5.907439727783206,66
2024-03-18 13:00:00,35.0,50.901676,15.901676177978516,15.901676177978516,66
2024-03-18 14:00:00,35.85,58.294384,22.444384002685545,22.444384002685545,66
2024-03-18 15:00:00,43.86,63.507458,19.647457733154297,19.647457733154297,66
2024-03-18 16:00:00,47.7,72.14511,24.445111083984372,24.445111083984372,66
2024-03-18 17:00:00,73.45,89.71479,16.26479034423828,16.26479034423828,66
2024-03-18 18:00:00,125.16,103.43021,-21.72979370117187,21.72979370117187,66
2024-03-18 19:00:00,102.86,92.69627,-10.163726196289062,10.163726196289062,66
2024-03-18 20:00:00,79.42,83.67602,4.256017761230467,4.256017761230467,66
2024-03-18 21:00:00,77.8,79.94571,2.145709228515628,2.145709228515628,66
2024-03-18 22:00:00,70.51,72.234726,1.7247259521484324,1.7247259521484324,66
2024-03-18 23:00:00,69.14,72.89702,3.757018432617187,3.757018432617187,66
2024-03-19 00:00:00,65.06,59.790115,-5.26988464355469,5.26988464355469,67
2024-03-19 01:00:00,59.62,56.792572,-2.8274279785156224,2.8274279785156224,67
2024-03-19 02:00:00,56.18,51.574356,-4.605643920898437,4.605643920898437,67
2024-03-19 03:00:00,53.0,50.13773,-2.8622703552246094,2.8622703552246094,67
2024-03-19 04:00:00,58.76,57.05911,-1.7008912658691386,1.7008912658691386,67
2024-03-19 05:00:00,76.18,68.956764,-7.223235778808601,7.223235778808601,67
2024-03-19 06:00:00,101.64,90.38592,-11.254082336425782,11.254082336425782,67
2024-03-19 07:00:00,95.87,93.07691,-2.7930880737304733,2.7930880737304733,67
2024-03-19 08:00:00,71.75,83.06786,11.317863464355469,11.317863464355469,67
2024-03-19 09:00:00,51.67,70.88791,19.217908935546873,19.217908935546873,67
2024-03-19 10:00:00,50.57,55.075623,4.50562255859375,4.50562255859375,67
2024-03-19 11:00:00,47.82,51.75157,3.931571655273437,3.931571655273437,67
2024-03-19 12:00:00,38.66,49.05257,10.392570343017582,10.392570343017582,67
2024-03-19 13:00:00,37.34,45.904316,8.564315948486325,8.564315948486325,67
2024-03-19 14:00:00,38.07,44.569065,6.49906509399414,6.49906509399414,67
2024-03-19 15:00:00,45.59,58.100746,12.510746154785153,12.510746154785153,67
2024-03-19 16:00:00,62.94,65.65723,2.7172265625000023,2.7172265625000023,67
2024-03-19 17:00:00,76.62,81.63679,5.016787414550777,5.016787414550777,67
2024-03-19 18:00:00,128.96,104.08324,-24.87676330566407,24.87676330566407,67
2024-03-19 19:00:00,110.0,99.99807,-10.001930236816406,10.001930236816406,67
2024-03-19 20:00:00,89.11,74.80028,-14.309722290039062,14.309722290039062,67
2024-03-19 21:00:00,81.75,74.15964,-7.590362548828125,7.590362548828125,67
2024-03-19 22:00:00,76.1,66.61916,-9.4808364868164,9.4808364868164,67
2024-03-19 23:00:00,76.01,60.128624,-15.881376037597661,15.881376037597661,67
2024-03-20 00:00:00,69.0,59.393074,-9.606925964355469,9.606925964355469,68
2024-03-20 01:00:00,61.27,61.17379,-0.09621002197265938,0.09621002197265938,68
2024-03-20 02:00:00,50.53,57.990326,7.460325927734374,7.460325927734374,68
2024-03-20 03:00:00,42.84,60.522766,17.682766113281247,17.682766113281247,68
2024-03-20 04:00:00,59.84,67.10352,7.263523254394528,7.263523254394528,68
2024-03-20 05:00:00,68.0,75.66638,7.6663818359375,7.6663818359375,68
2024-03-20 06:00:00,88.38,107.54951,19.169507141113286,19.169507141113286,68
2024-03-20 07:00:00,85.25,97.73227,12.482269287109375,12.482269287109375,68
2024-03-20 08:00:00,61.76,70.78795,9.02794860839844,9.02794860839844,68
2024-03-20 09:00:00,39.72,59.84975,20.12975051879883,20.12975051879883,68
2024-03-20 10:00:00,35.0,62.5106,27.510601043701172,27.510601043701172,68
2024-03-20 11:00:00,33.26,57.953304,24.693304290771486,24.693304290771486,68
2024-03-20 12:00:00,27.0,53.733463,26.733463287353516,26.733463287353516,68
2024-03-20 13:00:00,27.28,49.179,21.899000854492186,21.899000854492186,68
2024-03-20 14:00:00,28.69,52.057545,23.367544708251952,23.367544708251952,68
2024-03-20 15:00:00,34.15,57.615612,23.4656120300293,23.4656120300293,68
2024-03-20 16:00:00,43.07,67.883934,24.813934020996093,24.813934020996093,68
2024-03-20 17:00:00,66.87,86.65431,19.784312133789058,19.784312133789058,68
2024-03-20 18:00:00,124.69,114.95154,-9.738461914062498,9.738461914062498,68
2024-03-20 19:00:00,100.76,99.50773,-1.2522714233398489,1.2522714233398489,68
2024-03-20 20:00:00,79.25,83.819,4.569000244140625,4.569000244140625,68
2024-03-20 21:00:00,68.0,77.04614,9.046142578125,9.046142578125,68
2024-03-20 22:00:00,62.48,71.67907,9.199069519042972,9.199069519042972,68
2024-03-20 23:00:00,65.6,69.54162,3.9416183471679744,3.9416183471679744,68
2024-03-21 00:00:00,43.08,60.75846,17.678460998535158,17.678460998535158,69
2024-03-21 01:00:00,48.64,58.77691,10.136908874511718,10.136908874511718,69
2024-03-21 02:00:00,40.4,53.05034,12.650338745117189,12.650338745117189,69
2024-03-21 03:00:00,35.14,47.933514,12.793513641357421,12.793513641357421,69
2024-03-21 04:00:00,35.56,54.364334,18.80433410644531,18.80433410644531,69
2024-03-21 05:00:00,52.71,64.12522,11.415221252441405,11.415221252441405,69
2024-03-21 06:00:00,80.38,89.34409,8.96409332275391,8.96409332275391,69
2024-03-21 07:00:00,73.35,90.27512,16.925123596191412,16.925123596191412,69
2024-03-21 08:00:00,69.71,64.27496,-5.435036621093744,5.435036621093744,69
2024-03-21 09:00:00,50.91,52.421677,1.511676635742191,1.511676635742191,69
2024-03-21 10:00:00,47.82,47.293724,-0.5262759399414065,0.5262759399414065,69
2024-03-21 11:00:00,43.08,37.6104,-5.469598846435545,5.469598846435545,69
2024-03-21 12:00:00,44.99,37.983334,-7.006666412353518,7.006666412353518,69
2024-03-21 13:00:00,31.69,39.373333,7.683332977294921,7.683332977294921,69
2024-03-21 14:00:00,34.81,42.388107,7.578107299804685,7.578107299804685,69
2024-03-21 15:00:00,35.37,40.812355,5.442355041503909,5.442355041503909,69
2024-03-21 16:00:00,39.8,43.872597,4.072596740722659,4.072596740722659,69
2024-03-21 17:00:00,61.45,64.988335,3.538334655761716,3.538334655761716,69
2024-03-21 18:00:00,108.7,119.234604,10.534603881835935,10.534603881835935,69
2024-03-21 19:00:00,89.33,92.594765,3.264764709472658,3.264764709472658,69
2024-03-21 20:00:00,65.86,76.95798,11.097977294921876,11.097977294921876,69
2024-03-21 21:00:00,54.76,63.015213,8.255213012695314,8.255213012695314,69
2024-03-21 22:00:00,44.21,58.69494,14.484938659667968,14.484938659667968,69
2024-03-21 23:00:00,39.6,51.301258,11.701258087158202,11.701258087158202,69
2024-03-22 00:00:00,37.92,31.358822,-6.561178131103517,6.561178131103517,70
2024-03-22 01:00:00,34.8,34.02013,-0.779869842529294,0.779869842529294,70
2024-03-22 02:00:00,26.95,28.021317,1.0713165283203132,1.0713165283203132,70
2024-03-22 03:00:00,20.97,38.308605,17.338605194091798,17.338605194091798,70
2024-03-22 04:00:00,25.0,41.695015,16.69501495361328,16.69501495361328,70
2024-03-22 05:00:00,35.0,46.65459,11.654590606689453,11.654590606689453,70
2024-03-22 06:00:00,59.46,66.995674,7.53567413330078,7.53567413330078,70
2024-03-22 07:00:00,60.96,65.92199,4.961989440917968,4.961989440917968,70
2024-03-22 08:00:00,32.87,54.424217,21.554217224121096,21.554217224121096,70
2024-03-22 09:00:00,21.99,39.84509,17.855088958740236,17.855088958740236,70
2024-03-22 10:00:00,24.43,39.38986,14.95985824584961,14.95985824584961,70
2024-03-22 11:00:00,25.84,29.344563,3.5045625305175783,3.5045625305175783,70
2024-03-22 12:00:00,30.68,28.568687,-2.111312561035156,2.111312561035156,70
2024-03-22 13:00:00,32.37,23.13395,-9.236050720214841,9.236050720214841,70
2024-03-22 14:00:00,25.58,31.253721,5.673721237182619,5.673721237182619,70
2024-03-22 15:00:00,27.2,37.421627,10.221627044677735,10.221627044677735,70
2024-03-22 16:00:00,37.84,48.942413,11.102413330078122,11.102413330078122,70
2024-03-22 17:00:00,48.78,59.708035,10.928034515380858,10.928034515380858,70
2024-03-22 18:00:00,74.73,100.50864,25.77863647460937,25.77863647460937,70
2024-03-22 19:00:00,53.92,80.452126,26.532125549316405,26.532125549316405,70
2024-03-22 20:00:00,35.0,59.76437,24.76436996459961,24.76436996459961,70
2024-03-22 21:00:00,29.16,57.29844,28.138439025878906,28.138439025878906,70
2024-03-22 22:00:00,24.13,49.02081,24.890809173583985,24.890809173583985,70
2024-03-22 23:00:00,14.7,48.135525,33.43552474975586,33.43552474975586,70
2024-03-23 00:00:00,14.22,29.791893,15.571893005371093,15.571893005371093,71
2024-03-23 01:00:00,7.93,25.237684,17.30768424987793,17.30768424987793,71
2024-03-23 02:00:00,3.04,24.867987,21.82798667907715,21.82798667907715,71
2024-03-23 03:00:00,2.05,26.887417,24.83741683959961,24.83741683959961,71
2024-03-23 04:00:00,2.03,34.11935,32.08935043334961,32.08935043334961,71
2024-03-23 05:00:00,5.36,31.72021,26.360209121704102,26.360209121704102,71
2024-03-23 06:00:00,7.57,35.821266,28.251266174316406,28.251266174316406,71
2024-03-23 07:00:00,9.64,42.7145,33.07450042724609,33.07450042724609,71
2024-03-23 08:00:00,1.58,33.816177,32.236177368164064,32.236177368164064,71
2024-03-23 09:00:00,0.02,20.657213,20.63721321105957,20.63721321105957,71
2024-03-23 10:00:00,-0.03,16.25491,16.28490951538086,16.28490951538086,71
2024-03-23 11:00:00,-0.08,14.218402,14.298401908874512,14.298401908874512,71
2024-03-23 12:00:00,-1.88,8.064729,9.94472873687744,9.94472873687744,71
2024-03-23 13:00:00,-7.1,12.122978,19.22297821044922,19.22297821044922,71
2024-03-23 14:00:00,-0.07,21.897354,21.967354125976563,21.967354125976563,71
2024-03-23 15:00:00,0.0,29.952229,29.952228546142578,29.952228546142578,71
2024-03-23 16:00:00,4.39,42.199963,37.809962615966796,37.809962615966796,71
2024-03-23 17:00:00,14.8,57.337345,42.53734512329102,42.53734512329102,71
2024-03-23 18:00:00,37.01,68.86413,31.85412811279297,31.85412811279297,71
2024-03-23 19:00:00,37.06,72.53428,35.474278869628904,35.474278869628904,71
2024-03-23 20:00:00,27.07,52.74964,25.67964141845703,25.67964141845703,71
2024-03-23 21:00:00,29.6,52.74782,23.147821807861327,23.147821807861327,71
2024-03-23 22:00:00,22.24,49.841213,27.60121322631836,27.60121322631836,71
2024-03-23 23:00:00,6.98,46.324593,39.34459259033203,39.34459259033203,71
2024-03-25 00:00:00,42.85,17.844746,-25.005254364013673,25.005254364013673,73
2024-03-25 01:00:00,40.64,18.322245,-22.31775535583496,22.31775535583496,73
2024-03-25 02:00:00,38.7,36.39599,-2.304011535644534,2.304011535644534,73
2024-03-25 03:00:00,33.19,44.76309,11.573088226318362,11.573088226318362,73
2024-03-25 04:00:00,52.41,50.879593,-1.530407104492184,1.530407104492184,73
2024-03-25 05:00:00,84.91,42.0524,-42.85760131835937,42.85760131835937,73
2024-03-25 06:00:00,113.87,49.8629,-64.00710021972657,64.00710021972657,73
2024-03-25 07:00:00,99.68,40.675945,-59.004054718017585,59.004054718017585,73
2024-03-25 08:00:00,49.65,35.881275,-13.768724822998045,13.768724822998045,73
2024-03-25 09:00:00,37.27,26.748474,-10.521525878906253,10.521525878906253,73
2024-03-25 10:00:00,32.87,35.1457,2.275698547363284,2.275698547363284,73
2024-03-25 11:00:00,32.85,29.703613,-3.1463867187500014,3.1463867187500014,73
2024-03-25 12:00:00,26.07,22.322613,-3.7473872375488284,3.7473872375488284,73
2024-03-25 13:00:00,27.92,21.61189,-6.308109207153322,6.308109207153322,73
2024-03-25 14:00:00,27.54,24.985142,-2.5548582458496085,2.5548582458496085,73
2024-03-25 15:00:00,21.14,37.66203,16.52202926635742,16.52202926635742,73
2024-03-25 16:00:00,19.25,48.726444,29.476444244384766,29.476444244384766,73
2024-03-25 17:00:00,48.74,51.883537,3.1435372924804668,3.1435372924804668,73
2024-03-25 18:00:00,106.19,74.216995,-31.973004760742185,31.973004760742185,73
2024-03-25 19:00:00,40.26,57.998272,17.738271942138674,17.738271942138674,73
2024-03-25 20:00:00,29.11,48.124123,19.014122619628907,19.014122619628907,73
2024-03-25 21:00:00,31.56,43.825603,12.265603485107423,12.265603485107423,73
2024-03-25 22:00:00,44.07,46.252796,2.182796173095703,2.182796173095703,73
2024-03-25 23:00:00,16.44,45.644104,29.20410400390625,29.20410400390625,73
2024-03-26 00:00:00,26.86,45.252434,18.39243377685547,18.39243377685547,74
2024-03-26 01:00:00,26.14,40.64905,14.509051666259765,14.509051666259765,74
2024-03-26 02:00:00,19.57,44.10682,24.53681915283203,24.53681915283203,74
2024-03-26 03:00:00,24.49,56.295845,31.805845031738283,31.805845031738283,74
2024-03-26 04:00:00,29.04,45.82359,16.783589324951173,16.783589324951173,74
2024-03-26 05:00:00,62.4,62.296497,-0.10350265502929545,0.10350265502929545,74
2024-03-26 06:00:00,79.19,91.99319,12.803186950683596,12.803186950683596,74
2024-03-26 07:00:00,72.05,80.53468,8.484683227539065,8.484683227539065,74
2024-03-26 08:00:00,62.0,62.65076,0.6507606506347656,0.6507606506347656,74
2024-03-26 09:00:00,49.5,52.822426,3.3224258422851562,3.3224258422851562,74
2024-03-26 10:00:00,37.03,47.45135,10.421351165771483,10.421351165771483,74
2024-03-26 11:00:00,29.31,48.602825,19.292825164794923,19.292825164794923,74
2024-03-26 12:00:00,29.76,43.10301,13.34300827026367,13.34300827026367,74
2024-03-26 13:00:00,37.1,42.050232,4.950231933593749,4.950231933593749,74
2024-03-26 14:00:00,43.08,46.381886,3.301885528564455,3.301885528564455,74
2024-03-26 15:00:00,33.57,51.828114,18.258113555908203,18.258113555908203,74
2024-03-26 16:00:00,36.81,54.930107,18.120107116699216,18.120107116699216,74
2024-03-26 17:00:00,92.45,61.56344,-30.88656158447266,30.88656158447266,74
2024-03-26 18:00:00,100.3,99.13864,-1.1613586425781222,1.1613586425781222,74
2024-03-26 19:00:00,75.72,56.84788,-18.872118682861327,18.872118682861327,74
2024-03-26 20:00:00,37.57,59.06545,21.495448760986328,21.495448760986328,74
2024-03-26 21:00:00,46.99,50.776443,3.7864434814453105,3.7864434814453105,74
2024-03-26 22:00:00,51.35,45.73651,-5.613488769531251,5.613488769531251,74
2024-03-26 23:00:00,58.35,45.43387,-12.916131591796876,12.916131591796876,74
2024-03-27 00:00:00,57.09,35.766308,-21.323692169189457,21.323692169189457,75
2024-03-27 01:00:00,57.28,43.441666,-13.838334350585939,13.838334350585939,75
2024-03-27 02:00:00,48.13,37.74864,-10.38136184692383,10.38136184692383,75
2024-03-27 03:00:00,46.15,38.24861,-7.901388549804686,7.901388549804686,75
2024-03-27 04:00:00,32.09,46.184395,14.094394836425778,14.094394836425778,75
2024-03-27 05:00:00,68.21,54.561287,-13.648713073730462,13.648713073730462,75
2024-03-27 06:00:00,82.78,76.331345,-6.448655395507814,6.448655395507814,75
2024-03-27 07:00:00,79.99,79.390884,-0.5991156005859324,0.5991156005859324,75
2024-03-27 08:00:00,67.73,60.41396,-7.316040496826176,7.316040496826176,75
2024-03-27 09:00:00,63.52,53.72114,-9.798858184814456,9.798858184814456,75
2024-03-27 10:00:00,43.78,54.29177,10.511770935058593,10.511770935058593,75
2024-03-27 11:00:00,41.02,49.52356,8.503559570312497,8.503559570312497,75
2024-03-27 12:00:00,38.1,47.261463,9.161463165283202,9.161463165283202,75
2024-03-27 13:00:00,21.07,50.08536,29.01536148071289,29.01536148071289,75
2024-03-27 14:00:00,19.41,57.145145,37.73514541625977,37.73514541625977,75
2024-03-27 15:00:00,29.6,55.688854,26.088854217529295,26.088854217529295,75
2024-03-27 16:00:00,29.96,59.056263,29.096262969970702,29.096262969970702,75
2024-03-27 17:00:00,47.35,88.01749,40.667486572265624,40.667486572265624,75
2024-03-27 18:00:00,95.41,100.2642,4.85419830322266,4.85419830322266,75
2024-03-27 19:00:00,60.95,78.517654,17.56765441894531,17.56765441894531,75
2024-03-27 20:00:00,49.5,62.81593,13.315929412841797,13.315929412841797,75
2024-03-27 21:00:00,46.21,65.11596,18.905959167480468,18.905959167480468,75
2024-03-27 22:00:00,32.66,59.839523,27.17952331542969,27.17952331542969,75
2024-03-27 23:00:00,21.24,58.619904,37.37990356445313,37.37990356445313,75
2024-03-28 00:00:00,12.82,42.16527,29.345271759033203,29.345271759033203,76
2024-03-28 01:00:00,11.19,45.289436,34.09943634033203,34.09943634033203,76
2024-03-28 02:00:00,10.37,45.425507,35.05550659179688,35.05550659179688,76
2024-03-28 03:00:00,5.16,68.17203,63.01202758789063,63.01202758789063,76
2024-03-28 04:00:00,12.43,54.413174,41.98317367553711,41.98317367553711,76
2024-03-28 05:00:00,17.92,65.95957,48.039571838378905,48.039571838378905,76
2024-03-28 06:00:00,28.62,79.49038,50.87037933349609,50.87037933349609,76
2024-03-28 07:00:00,19.39,71.78365,52.39365325927734,52.39365325927734,76
2024-03-28 08:00:00,22.91,57.89018,34.980178680419925,34.980178680419925,76
2024-03-28 09:00:00,8.98,49.39642,40.41641952514648,40.41641952514648,76
2024-03-28 10:00:00,3.68,42.555885,38.87588531494141,38.87588531494141,76
2024-03-28 11:00:00,6.71,43.668587,36.95858673095703,36.95858673095703,76
2024-03-28 12:00:00,0.05,44.474705,44.42470474243164,44.42470474243164,76
2024-03-28 13:00:00,0.15,42.211758,42.06175765991211,42.06175765991211,76
2024-03-28 14:00:00,5.57,39.46037,33.89036911010742,33.89036911010742,76
2024-03-28 15:00:00,7.89,50.85187,42.961871490478515,42.961871490478515,76
2024-03-28 16:00:00,15.03,49.113884,34.08388397216797,34.08388397216797,76
2024-03-28 17:00:00,26.64,60.47012,33.83011947631836,33.83011947631836,76
2024-03-28 18:00:00,59.87,82.93457,23.064570312500003,23.064570312500003,76
2024-03-28 19:00:00,34.46,57.19553,22.73552993774414,22.73552993774414,76
2024-03-28 20:00:00,18.71,49.010883,30.300883331298827,30.300883331298827,76
2024-03-28 21:00:00,32.06,50.874214,18.81421417236328,18.81421417236328,76
2024-03-28 22:00:00,25.0,46.990788,21.990787506103516,21.990787506103516,76
2024-03-28 23:00:00,20.6,45.748894,25.148893737792967,25.148893737792967,76
2024-03-29 00:00:00,18.83,6.95616,-11.873839931488035,11.873839931488035,77
2024-03-29 01:00:00,12.43,16.975164,4.545164413452149,4.545164413452149,77
2024-03-29 02:00:00,10.24,6.757459,-3.4825408363342287,3.4825408363342287,77
2024-03-29 03:00:00,12.59,17.553288,4.963287506103516,4.963287506103516,77
2024-03-29 04:00:00,14.32,28.175428,13.85542839050293,13.85542839050293,77
2024-03-29 05:00:00,22.02,33.130894,11.110893707275391,11.110893707275391,77
2024-03-29 06:00:00,28.65,35.299206,6.649205780029298,6.649205780029298,77
2024-03-29 07:00:00,29.09,35.823635,6.7336351013183595,6.7336351013183595,77
2024-03-29 08:00:00,27.25,34.60736,7.35736083984375,7.35736083984375,77
2024-03-29 09:00:00,20.9,21.221891,0.3218914031982436,0.3218914031982436,77
2024-03-29 10:00:00,18.75,15.450472,-3.299528121948242,3.299528121948242,77
2024-03-29 11:00:00,12.96,14.049834,1.0898342514038077,1.0898342514038077,77
2024-03-29 12:00:00,9.86,8.050651,-1.809349403381347,1.809349403381347,77
2024-03-29 13:00:00,13.44,11.298762,-2.1412376785278315,2.1412376785278315,77
2024-03-29 14:00:00,19.61,5.4626765,-14.147323474884033,14.147323474884033,77
2024-03-29 15:00:00,23.45,9.754674,-13.695326042175292,13.695326042175292,77
2024-03-29 16:00:00,44.46,22.480974,-21.979025802612306,21.979025802612306,77
2024-03-29 17:00:00,74.71,45.09487,-29.6151284790039,29.6151284790039,77
2024-03-29 18:00:00,105.5,57.694004,-47.80599594116211,47.80599594116211,77
2024-03-29 19:00:00,87.4,49.378296,-38.021704101562506,38.021704101562506,77
2024-03-29 20:00:00,59.64,33.72632,-25.913681640625,25.913681640625,77
2024-03-29 21:00:00,75.89,34.297867,-41.59213317871094,41.59213317871094,77
2024-03-29 22:00:00,70.0,32.260918,-37.73908233642578,37.73908233642578,77
2024-03-29 23:00:00,69.3,27.162558,-42.137442398071286,42.137442398071286,77
2024-03-30 00:00:00,58.16,63.286915,5.1269148254394565,5.1269148254394565,78
2024-03-30 01:00:00,48.54,55.79351,7.25351043701172,7.25351043701172,78
2024-03-30 02:00:00,59.09,53.01563,-6.074371185302738,6.074371185302738,78
2024-03-30 03:00:00,59.74,52.665,-7.074999084472658,7.074999084472658,78
2024-03-30 04:00:00,65.05,48.821163,-16.228836822509763,16.228836822509763,78
2024-03-30 05:00:00,52.81,58.26801,5.458009185791013,5.458009185791013,78
2024-03-30 06:00:00,45.85,63.345158,17.495157623291014,17.495157623291014,78
2024-03-30 07:00:00,38.47,65.97892,27.508919982910157,27.508919982910157,78
2024-03-30 08:00:00,43.38,57.625202,14.245202178955076,14.245202178955076,78
2024-03-30 09:00:00,35.74,47.459778,11.719777832031248,11.719777832031248,78
2024-03-30 10:00:00,24.48,36.33978,11.859778900146484,11.859778900146484,78
2024-03-30 11:00:00,20.26,15.831238,-4.428762207031252,4.428762207031252,78
2024-03-30 12:00:00,9.93,7.71908,-2.210920028686523,2.210920028686523,78
2024-03-30 13:00:00,15.93,18.246088,2.316088027954102,2.316088027954102,78
2024-03-30 14:00:00,28.91,28.952496,0.04249557495117173,0.04249557495117173,78
2024-03-30 15:00:00,52.52,32.823265,-19.69673492431641,19.69673492431641,78
2024-03-30 16:00:00,59.64,52.00321,-7.63679183959961,7.63679183959961,78
2024-03-30 17:00:00,76.23,69.94611,-6.283886413574223,6.283886413574223,78
2024-03-30 18:00:00,94.24,79.409424,-14.830576171874995,14.830576171874995,78
2024-03-30 19:00:00,82.4,70.499054,-11.90094604492188,11.90094604492188,78
2024-03-30 20:00:00,71.61,55.105568,-16.504432067871093,16.504432067871093,78
2024-03-30 21:00:00,70.83,49.067272,-21.7627278137207,21.7627278137207,78
2024-03-30 22:00:00,65.74,45.503082,-20.23691772460937,20.23691772460937,78
2024-03-30 23:00:00,60.13,51.19066,-8.939341430664065,8.939341430664065,78
2024-03-31 00:00:00,48.46,38.619495,-9.840504608154298,9.840504608154298,79
2024-03-31 01:00:00,17.66,31.941889,14.281888809204101,14.281888809204101,79
2024-03-31 02:00:00,15.96,37.08401,21.12401107788086,21.12401107788086,79
2024-03-31 03:00:00,29.91,37.1103,7.200298156738281,7.200298156738281,79
2024-03-31 04:00:00,23.52,38.565662,15.045662384033204,15.045662384033204,79
2024-03-31 05:00:00,33.29,29.456509,-3.8334913635253898,3.8334913635253898,79
2024-03-31 06:00:00,29.83,33.202496,3.3724955749511736,3.3724955749511736,79
2024-03-31 07:00:00,24.53,31.198288,6.668287963867186,6.668287963867186,79
2024-03-31 08:00:00,31.25,28.251999,-2.9980010986328125,2.9980010986328125,79
2024-03-31 09:00:00,29.25,25.829039,-3.420961380004883,3.420961380004883,79
2024-03-31 10:00:00,20.47,19.929113,-0.5408866119384754,0.5408866119384754,79
2024-03-31 11:00:00,3.2,16.72814,13.528139877319337,13.528139877319337,79
2024-03-31 12:00:00,1.03,18.15487,17.124869079589843,17.124869079589843,79
2024-03-31 13:00:00,10.88,8.323855,-2.5561445999145516,2.5561445999145516,79
2024-03-31 14:00:00,8.19,21.937933,13.747932968139649,13.747932968139649,79
2024-03-31 15:00:00,10.15,16.841513,6.691512680053711,6.691512680053711,79
2024-03-31 16:00:00,14.41,26.759228,12.349227752685547,12.349227752685547,79
2024-03-31 17:00:00,21.76,51.315804,29.55580352783203,29.55580352783203,79
2024-03-31 18:00:00,31.62,70.924904,39.3049038696289,39.3049038696289,79
2024-03-31 19:00:00,26.12,54.116905,27.996905212402343,27.996905212402343,79
2024-03-31 20:00:00,24.53,43.610394,19.08039352416992,19.08039352416992,79
2024-03-31 21:00:00,32.35,39.40995,7.059950256347655,7.059950256347655,79
2024-03-31 22:00:00,40.7,41.434074,0.7340744018554659,0.7340744018554659,79
2024-03-31 23:00:00,32.1,35.137684,3.0376838684082017,3.0376838684082017,79
2024-04-05 00:00:00,8.35,54.689022,46.33902206420898,46.33902206420898,84
2024-04-05 01:00:00,4.77,48.451046,43.68104598999024,43.68104598999024,84
2024-04-05 02:00:00,2.42,40.10862,37.688619689941405,37.688619689941405,84
2024-04-05 03:00:00,3.71,44.980576,41.27057556152344,41.27057556152344,84
2024-04-05 04:00:00,9.34,32.045692,22.705692443847656,22.705692443847656,84
2024-04-05 05:00:00,5.15,45.63032,40.48032150268555,40.48032150268555,84
2024-04-05 06:00:00,12.65,45.673485,33.023484802246095,33.023484802246095,84
2024-04-05 07:00:00,3.86,39.927765,36.067764892578126,36.067764892578126,84
2024-04-05 08:00:00,3.4,35.495167,32.095166778564455,32.095166778564455,84
2024-04-05 09:00:00,2.0,34.46469,32.464691162109375,32.464691162109375,84
2024-04-05 10:00:00,2.09,34.85013,32.76012817382812,32.76012817382812,84
2024-04-05 11:00:00,0.0,35.527473,35.52747344970703,35.52747344970703,84
2024-04-05 12:00:00,-0.02,35.419514,35.43951370239258,35.43951370239258,84
2024-04-05 13:00:00,-0.05,29.959671,30.009671020507813,30.009671020507813,84
2024-04-05 14:00:00,0.0,31.229275,31.22927474975586,31.22927474975586,84
2024-04-05 15:00:00,0.08,35.625786,35.54578582763672,35.54578582763672,84
2024-04-05 16:00:00,7.54,47.293953,39.75395294189453,39.75395294189453,84
2024-04-05 17:00:00,11.3,66.685135,55.385134887695315,55.385134887695315,84
2024-04-05 18:00:00,14.4,74.029106,59.62910614013672,59.62910614013672,84
2024-04-05 19:00:00,5.14,75.497955,70.35795532226562,70.35795532226562,84
2024-04-05 20:00:00,14.75,63.99426,49.244258880615234,49.244258880615234,84
2024-04-05 21:00:00,15.78,61.322063,45.54206344604492,45.54206344604492,84
2024-04-05 22:00:00,5.35,50.39141,45.04141082763672,45.04141082763672,84
2024-04-05 23:00:00,0.0,50.05869,50.05868911743164,50.05868911743164,84
2024-04-10 00:00:00,6.7,37.264862,30.564862060546876,30.564862060546876,89
2024-04-10 01:00:00,9.06,37.02007,27.96006912231445,27.96006912231445,89
2024-04-10 02:00:00,9.76,29.142096,19.3820955657959,19.3820955657959,89
2024-04-10 03:00:00,18.71,24.447908,5.737908401489257,5.737908401489257,89
2024-04-10 04:00:00,46.16,22.06572,-24.09428039550781,24.09428039550781,89
2024-04-10 05:00:00,99.63,30.561703,-69.06829727172851,69.06829727172851,89
2024-04-10 06:00:00,108.69,37.468246,-71.22175354003906,71.22175354003906,89
2024-04-10 07:00:00,83.56,39.221664,-44.338335571289065,44.338335571289065,89
2024-04-10 08:00:00,67.5,21.205206,-46.2947940826416,46.2947940826416,89
2024-04-10 09:00:00,49.03,25.842636,-23.187363891601564,23.187363891601564,89
2024-04-10 10:00:00,35.86,18.865873,-16.994126663208007,16.994126663208007,89
2024-04-10 11:00:00,27.96,18.652542,-9.307457885742188,9.307457885742188,89
2024-04-10 12:00:00,23.37,12.488929,-10.881071205139161,10.881071205139161,89
2024-04-10 13:00:00,21.84,19.252848,-2.587152328491211,2.587152328491211,89
2024-04-10 14:00:00,17.93,21.75482,3.8248198699951175,3.8248198699951175,89
2024-04-10 15:00:00,52.7,16.891611,-35.80838890075684,35.80838890075684,89
2024-04-10 16:00:00,31.85,28.16593,-3.684070205688478,3.684070205688478,89
2024-04-10 17:00:00,46.49,40.30894,-6.18105911254883,6.18105911254883,89
2024-04-10 18:00:00,35.71,43.05614,7.346140899658202,7.346140899658202,89
2024-04-10 19:00:00,34.45,46.65672,12.206719207763669,12.206719207763669,89
2024-04-10 20:00:00,48.22,32.88794,-15.332060546874999,15.332060546874999,89
2024-04-10 21:00:00,27.59,21.111029,-6.478971328735351,6.478971328735351,89
2024-04-10 22:00:00,3.25,18.097454,14.847454071044922,14.847454071044922,89
2024-04-10 23:00:00,1.0,15.069487,14.069486618041992,14.069486618041992,89
2024-04-12 00:00:00,12.5,19.810688,7.310688018798828,7.310688018798828,91
2024-04-12 01:00:00,11.94,17.869705,5.929705200195313,5.929705200195313,91
2024-04-12 02:00:00,12.49,26.051817,13.561816940307617,13.561816940307617,91
2024-04-12 03:00:00,16.93,20.12302,3.193020172119141,3.193020172119141,91
2024-04-12 04:00:00,33.47,19.876766,-13.593233795166014,13.593233795166014,91
2024-04-12 05:00:00,78.44,24.972282,-53.46771759033203,53.46771759033203,91
2024-04-12 06:00:00,74.04,42.64416,-31.395838775634772,31.395838775634772,91
2024-04-12 07:00:00,14.86,28.525244,13.665243759155274,13.665243759155274,91
2024-04-12 08:00:00,11.8,25.931368,14.131367874145507,14.131367874145507,91
2024-04-12 09:00:00,18.7,23.884048,5.184048461914063,5.184048461914063,91
2024-04-12 10:00:00,0.0,11.580791,11.580791473388672,11.580791473388672,91
2024-04-12 11:00:00,-0.06,4.7670474,4.8270474052429195,4.8270474052429195,91
2024-04-12 12:00:00,-0.09,4.6078596,4.69785961151123,4.69785961151123,91
2024-04-12 13:00:00,-0.37,8.130371,8.50037109375,8.50037109375,91
2024-04-12 14:00:00,-0.03,6.136449,6.166448860168457,6.166448860168457,91
2024-04-12 15:00:00,4.69,7.079732,2.389731941223144,2.389731941223144,91
2024-04-12 16:00:00,8.46,17.24064,8.780640640258788,8.780640640258788,91
2024-04-12 17:00:00,25.61,25.804468,0.19446815490722713,0.19446815490722713,91
2024-04-12 18:00:00,39.35,33.453747,-5.8962532043457045,5.8962532043457045,91
2024-04-12 19:00:00,38.47,39.7653,1.295300750732423,1.295300750732423,91
2024-04-12 20:00:00,38.05,35.960335,-2.089665222167966,2.089665222167966,91
2024-04-12 21:00:00,26.67,19.447771,-7.222228927612306,7.222228927612306,91
2024-04-12 22:00:00,24.15,14.061911,-10.088089370727538,10.088089370727538,91
2024-04-12 23:00:00,17.73,14.801448,-2.9285521316528325,2.9285521316528325,91
2024-04-13 00:00:00,17.15,11.290703,-5.85929718017578,5.85929718017578,92
2024-04-13 01:00:00,11.13,14.222192,3.0921918106079094,3.0921918106079094,92
2024-04-13 02:00:00,7.74,8.279588,0.5395877456665037,0.5395877456665037,92
2024-04-13 03:00:00,6.79,7.7063065,0.9163064575195312,0.9163064575195312,92
2024-04-13 04:00:00,10.39,22.116083,11.726083145141601,11.726083145141601,92
2024-04-13 05:00:00,11.76,30.856306,19.096306076049807,19.096306076049807,92
2024-04-13 06:00:00,13.26,42.04362,28.783621063232424,28.783621063232424,92
2024-04-13 07:00:00,8.8,20.992456,12.192456436157226,12.192456436157226,92
2024-04-13 08:00:00,-0.02,18.804388,18.824388046264648,18.824388046264648,92
2024-04-13 09:00:00,-9.79,8.156305,17.94630531311035,17.94630531311035,92
2024-04-13 10:00:00,-20.64,3.6562996,24.296299591064454,24.296299591064454,92
2024-04-13 11:00:00,-50.0,-2.4088833,47.59111666679382,47.59111666679382,92
2024-04-13 12:00:00,-55.01,-0.028016433,54.981983566880224,54.981983566880224,92
2024-04-13 13:00:00,-49.91,-4.6364813,45.27351871490478,45.27351871490478,92
2024-04-13 14:00:00,-19.0,0.05693978,19.056939780712128,19.056939780712128,92
2024-04-13 15:00:00,-0.08,5.0923066,5.172306613922119,5.172306613922119,92
2024-04-13 16:00:00,1.2,19.014864,17.81486396789551,17.81486396789551,92
2024-04-13 17:00:00,11.66,20.826431,9.166431274414062,9.166431274414062,92
2024-04-13 18:00:00,24.96,40.247982,15.287982025146484,15.287982025146484,92
2024-04-13 19:00:00,33.82,42.22282,8.402820281982422,8.402820281982422,92
2024-04-13 20:00:00,24.26,34.899914,10.639913787841795,10.639913787841795,92
2024-04-13 21:00:00,13.83,26.713179,12.883178634643555,12.883178634643555,92
2024-04-13 22:00:00,5.79,10.52114,4.731140098571777,4.731140098571777,92
2024-04-13 23:00:00,2.74,10.714507,7.974507102966308,7.974507102966308,92
2024-04-14 00:00:00,1.69,12.114055,10.424054679870606,10.424054679870606,93
2024-04-14 01:00:00,1.51,13.997152,12.487152328491211,12.487152328491211,93
2024-04-14 02:00:00,3.25,18.620924,15.37092399597168,15.37092399597168,93
2024-04-14 03:00:00,6.35,11.49833,5.148330116271973,5.148330116271973,93
2024-04-14 04:00:00,12.86,13.288383,0.4283825302124029,0.4283825302124029,93
2024-04-14 05:00:00,13.0,4.8866568,-8.113343238830566,8.113343238830566,93
2024-04-14 06:00:00,7.65,13.143059,5.493058776855468,5.493058776855468,93
2024-04-14 07:00:00,0.0,1.4096916,1.409691572189331,1.409691572189331,93
2024-04-14 08:00:00,-0.53,-1.0922123,-0.5622123193740844,0.5622123193740844,93
2024-04-14 09:00:00,-7.37,-5.372702,1.997297878265381,1.997297878265381,93
2024-04-14 10:00:00,-2.16,-17.638756,-15.478755798339844,15.478755798339844,93
2024-04-14 11:00:00,-10.58,-18.172382,-7.592382354736328,7.592382354736328,93
2024-04-14 12:00:00,-23.62,-17.696516,5.923483963012696,5.923483963012696,93
2024-04-14 13:00:00,-39.89,-19.648191,20.241808547973633,20.241808547973633,93
2024-04-14 14:00:00,-6.25,-12.942185,-6.692185401916504,6.692185401916504,93
2024-04-14 15:00:00,1.57,1.4198201,-0.15017992973327643,0.15017992973327643,93
2024-04-14 16:00:00,7.96,18.68284,10.722840347290038,10.722840347290038,93
2024-04-14 17:00:00,2.5,26.838646,24.338645935058594,24.338645935058594,93
2024-04-14 18:00:00,18.41,31.62807,13.218070831298828,13.218070831298828,93
2024-04-14 19:00:00,30.77,26.030062,-4.739938278198242,4.739938278198242,93
2024-04-14 20:00:00,19.72,27.182861,7.462861328125001,7.462861328125001,93
2024-04-14 21:00:00,17.0,26.31273,9.31273078918457,9.31273078918457,93
2024-04-14 22:00:00,7.3,12.345998,5.04599781036377,5.04599781036377,93
2024-04-14 23:00:00,3.25,10.368719,7.118719100952148,7.118719100952148,93
2024-04-17 00:00:00,9.62,19.415325,9.795325164794923,9.795325164794923,96
2024-04-17 01:00:00,4.84,15.528603,10.688602600097656,10.688602600097656,96
2024-04-17 02:00:00,8.03,15.693422,7.6634223175048835,7.6634223175048835,96
2024-04-17 03:00:00,22.03,19.183163,-2.8468373107910168,2.8468373107910168,96
2024-04-17 04:00:00,65.62,27.903954,-37.71604644775391,37.71604644775391,96
2024-04-17 05:00:00,140.0,53.115692,-86.88430786132812,86.88430786132812,96
2024-04-17 06:00:00,101.53,59.712925,-41.81707504272461,41.81707504272461,96
2024-04-17 07:00:00,48.78,48.496307,-0.28369262695312614,0.28369262695312614,96
2024-04-17 08:00:00,15.68,29.893316,14.213316268920899,14.213316268920899,96
2024-04-17 09:00:00,1.15,28.807972,27.657971954345705,27.657971954345705,96
2024-04-17 10:00:00,0.0,30.543522,30.543521881103516,30.543521881103516,96
2024-04-17 11:00:00,0.04,38.992226,38.95222564697266,38.95222564697266,96
2024-04-17 12:00:00,6.7,39.58121,32.88121109008789,32.88121109008789,96
2024-04-17 13:00:00,6.36,25.253202,18.893202438354493,18.893202438354493,96
2024-04-17 14:00:00,0.96,15.785987,14.825986900329589,14.825986900329589,96
2024-04-17 15:00:00,18.91,19.058287,0.14828666687011705,0.14828666687011705,96
2024-04-17 16:00:00,35.8,24.120096,-11.679903793334958,11.679903793334958,96
2024-04-17 17:00:00,96.46,21.120157,-75.3398427581787,75.3398427581787,96
2024-04-17 18:00:00,113.9,31.692616,-82.2073844909668,82.2073844909668,96
2024-04-17 19:00:00,115.63,35.27165,-80.35835159301757,80.35835159301757,96
2024-04-17 20:00:00,52.63,35.069126,-17.560873870849612,17.560873870849612,96
2024-04-17 21:00:00,54.83,29.093573,-25.73642738342285,25.73642738342285,96
2024-04-17 22:00:00,89.04,27.122667,-61.917332687377936,61.917332687377936,96
2024-04-17 23:00:00,74.94,25.06221,-49.877789916992185,49.877789916992185,96
2024-04-18 00:00:00,52.58,30.890306,-21.689693527221678,21.689693527221678,97
2024-04-18 01:00:00,25.27,16.542845,-8.727155227661132,8.727155227661132,97
2024-04-18 02:00:00,38.86,14.059836,-24.800163612365722,24.800163612365722,97
2024-04-18 03:00:00,19.22,16.264866,-2.9551341247558582,2.9551341247558582,97
2024-04-18 04:00:00,62.47,44.17317,-18.296831817626952,18.296831817626952,97
2024-04-18 05:00:00,114.87,85.97306,-28.89693939208985,28.89693939208985,97
2024-04-18 06:00:00,131.19,66.885605,-64.30439514160156,64.30439514160156,97
2024-04-18 07:00:00,101.12,42.978832,-58.14116775512696,58.14116775512696,97
2024-04-18 08:00:00,49.74,24.23637,-25.50362991333008,25.50362991333008,97
2024-04-18 09:00:00,21.72,17.120487,-4.599512786865233,4.599512786865233,97
2024-04-18 10:00:00,23.17,10.753303,-12.416697425842287,12.416697425842287,97
2024-04-18 11:00:00,33.29,20.182062,-13.107937850952148,13.107937850952148,97
2024-04-18 12:00:00,26.02,7.800774,-18.219225902557373,18.219225902557373,97
2024-04-18 13:00:00,12.23,4.203863,-8.026136856079102,8.026136856079102,97
2024-04-18 14:00:00,13.21,9.376755,-3.8332452392578134,3.8332452392578134,97
2024-04-18 15:00:00,13.27,10.937492,-2.332507629394531,2.332507629394531,97
2024-04-18 16:00:00,29.08,24.847218,-4.232782440185545,4.232782440185545,97
2024-04-18 17:00:00,112.33,62.16962,-50.16037948608398,50.16037948608398,97
2024-04-18 18:00:00,115.6,72.602745,-42.99725494384765,42.99725494384765,97
2024-04-18 19:00:00,95.07,88.13609,-6.933906860351556,6.933906860351556,97
2024-04-18 20:00:00,89.68,52.476757,-37.20324295043946,37.20324295043946,97
2024-04-18 21:00:00,75.67,43.884518,-31.785482330322267,31.785482330322267,97
2024-04-18 22:00:00,36.21,53.915783,17.705782928466796,17.705782928466796,97
2024-04-18 23:00:00,15.82,37.491135,21.671134643554687,21.671134643554687,97
2024-04-21 00:00:00,44.07,23.74874,-20.32126075744629,20.32126075744629,100
2024-04-21 01:00:00,44.88,24.03844,-20.8415592956543,20.8415592956543,100
2024-04-21 02:00:00,30.0,27.951004,-2.0489959716796875,2.0489959716796875,100
2024-04-21 03:00:00,17.14,18.350607,1.2106069183349604,1.2106069183349604,100
2024-04-21 04:00:00,18.93,13.624172,-5.30582778930664,5.30582778930664,100
2024-04-21 05:00:00,9.36,17.670221,8.310221328735352,8.310221328735352,100
2024-04-21 06:00:00,9.72,18.729265,9.009265213012695,9.009265213012695,100
2024-04-21 07:00:00,6.22,17.973814,11.753814010620118,11.753814010620118,100
2024-04-21 08:00:00,0.0,9.983066,9.983065605163574,9.983065605163574,100
2024-04-21 09:00:00,-0.01,12.942505,12.9525048828125,12.9525048828125,100
2024-04-21 10:00:00,-0.07,7.1888423,7.258842296600342,7.258842296600342,100
2024-04-21 11:00:00,-1.21,-0.28627124,0.9237287557125091,0.9237287557125091,100
2024-04-21 12:00:00,-1.49,-9.695066,-8.205066452026367,8.205066452026367,100
2024-04-21 13:00:00,-1.5,-11.337511,-9.83751106262207,9.83751106262207,100
2024-04-21 14:00:00,-1.32,-7.4229126,-6.10291259765625,6.10291259765625,100
2024-04-21 15:00:00,-0.19,2.414634,2.6046339893341064,2.6046339893341064,100
2024-04-21 16:00:00,3.88,4.870492,0.9904919815063478,0.9904919815063478,100
2024-04-21 17:00:00,42.05,29.166285,-12.88371543884277,12.88371543884277,100
2024-04-21 18:00:00,31.74,30.192266,-1.5477335357666,1.5477335357666,100
2024-04-21 19:00:00,35.88,31.618086,-4.261914138793948,4.261914138793948,100
2024-04-21 20:00:00,34.18,36.855263,2.6752627563476565,2.6752627563476565,100
2024-04-21 21:00:00,27.65,49.92975,22.27974853515625,22.27974853515625,100
2024-04-21 22:00:00,32.08,33.7538,1.6737994384765642,1.6737994384765642,100
2024-04-21 23:00:00,78.05,31.316044,-46.73395614624023,46.73395614624023,100
2024-04-22 00:00:00,78.44,41.907898,-36.53210205078125,36.53210205078125,101
2024-04-22 01:00:00,26.29,22.895567,-3.394433059692382,3.394433059692382,101
2024-04-22 02:00:00,10.78,11.27881,0.49880954742431705,0.49880954742431705,101
2024-04-22 03:00:00,36.17,8.513861,-27.656139297485353,27.656139297485353,101
2024-04-22 04:00:00,90.5,12.421081,-78.07891941070557,78.07891941070557,101
2024-04-22 05:00:00,125.48,43.44509,-82.03490875244141,82.03490875244141,101
2024-04-22 06:00:00,117.46,49.72233,-67.73767181396484,67.73767181396484,101
2024-04-22 07:00:00,97.05,43.5465,-53.50349884033203,53.50349884033203,101
2024-04-22 08:00:00,48.22,14.757613,-33.46238681793213,33.46238681793213,101
2024-04-22 09:00:00,14.64,4.7129602,-9.927039756774903,9.927039756774903,101
2024-04-22 10:00:00,33.07,5.865183,-27.204817123413086,27.204817123413086,101
2024-04-22 11:00:00,44.17,11.818121,-32.3518790435791,32.3518790435791,101
2024-04-22 12:00:00,18.99,9.422667,-9.567333450317381,9.567333450317381,101
2024-04-22 13:00:00,11.88,12.1057625,0.22576248168945234,0.22576248168945234,101
2024-04-22 14:00:00,13.73,20.59934,6.869340438842773,6.869340438842773,101
2024-04-22 15:00:00,40.05,21.698977,-18.351023483276364,18.351023483276364,101
2024-04-22 16:00:00,56.81,23.776073,-33.033926544189455,33.033926544189455,101
2024-04-22 17:00:00,73.78,50.477165,-23.302834777832032,23.302834777832032,101
2024-04-22 18:00:00,93.48,46.14131,-47.33868835449219,47.33868835449219,101
2024-04-22 19:00:00,100.33,46.952854,-53.37714584350586,53.37714584350586,101
2024-04-22 20:00:00,95.67,33.493134,-62.17686645507813,62.17686645507813,101
2024-04-22 21:00:00,93.45,25.398186,-68.05181427001953,68.05181427001953,101
2024-04-22 22:00:00,88.32,25.427567,-62.89243347167968,62.89243347167968,101
2024-04-22 23:00:00,86.69,54.1536,-32.53640121459961,32.53640121459961,101
2024-04-23 00:00:00,85.95,75.54985,-10.400149536132815,10.400149536132815,102
2024-04-23 01:00:00,77.99,40.37091,-37.619089355468745,37.619089355468745,102
2024-04-23 02:00:00,69.73,39.391,-30.339001159667973,30.339001159667973,102
2024-04-23 03:00:00,62.56,44.041782,-18.51821762084961,18.51821762084961,102
2024-04-23 04:00:00,99.92,73.94005,-25.979951782226564,25.979951782226564,102
2024-04-23 05:00:00,131.47,94.26421,-37.20578643798828,37.20578643798828,102
2024-04-23 06:00:00,136.28,96.46687,-39.81312683105469,39.81312683105469,102
2024-04-23 07:00:00,98.42,92.10001,-6.3199862670898455,6.3199862670898455,102
2024-04-23 08:00:00,82.9,54.534058,-28.365942382812506,28.365942382812506,102
2024-04-23 09:00:00,78.03,42.96442,-35.065579681396486,35.065579681396486,102
2024-04-23 10:00:00,76.5,43.686413,-32.8135871887207,32.8135871887207,102
2024-04-23 11:00:00,67.84,37.293247,-30.546752777099613,30.546752777099613,102
2024-04-23 12:00:00,78.62,25.991909,-52.628090972900395,52.628090972900395,102
2024-04-23 13:00:00,66.4,32.159832,-34.240167999267584,34.240167999267584,102
2024-04-23 14:00:00,65.39,35.835197,-29.554802551269532,29.554802551269532,102
2024-04-23 15:00:00,75.12,44.70964,-30.410359497070317,30.410359497070317,102
2024-04-23 16:00:00,79.08,67.66021,-11.41979034423828,11.41979034423828,102
2024-04-23 17:00:00,80.16,68.83307,-11.326931152343747,11.326931152343747,102
2024-04-23 18:00:00,81.0,79.34471,-1.6552886962890625,1.6552886962890625,102
2024-04-23 19:00:00,86.69,89.736855,3.0468545532226585,3.0468545532226585,102
2024-04-23 20:00:00,95.37,79.42539,-15.944607849121098,15.944607849121098,102
2024-04-23 21:00:00,81.58,79.682816,-1.8971844482421858,1.8971844482421858,102
2024-04-23 22:00:00,68.73,70.86205,2.1320529174804648,2.1320529174804648,102
2024-04-23 23:00:00,60.47,74.91716,14.447160034179689,14.447160034179689,102
2024-04-24 00:00:00,64.94,75.270935,10.330935058593752,10.330935058593752,103
2024-04-24 01:00:00,51.73,77.69956,25.96956207275391,25.96956207275391,103
2024-04-24 02:00:00,49.32,74.20394,24.883941345214843,24.883941345214843,103
2024-04-24 03:00:00,62.35,68.52432,6.174322509765624,6.174322509765624,103
2024-04-24 04:00:00,74.67,96.85105,22.181051330566405,22.181051330566405,103
2024-04-24 05:00:00,98.86,114.3534,15.493401184082032,15.493401184082032,103
2024-04-24 06:00:00,107.62,132.3063,24.68630493164062,24.68630493164062,103
2024-04-24 07:00:00,89.1,105.06695,15.966947937011724,15.966947937011724,103
2024-04-24 08:00:00,61.53,94.75727,33.22727081298828,33.22727081298828,103
2024-04-24 09:00:00,68.62,73.069336,4.4493359374999955,4.4493359374999955,103
2024-04-24 10:00:00,79.01,70.70777,-8.302228698730474,8.302228698730474,103
2024-04-24 11:00:00,44.72,69.82163,25.101632385253907,25.101632385253907,103
2024-04-24 12:00:00,39.81,71.27168,31.46168273925781,31.46168273925781,103
2024-04-24 13:00:00,34.24,66.432014,32.19201446533203,32.19201446533203,103
2024-04-24 14:00:00,14.8,67.07092,52.2709228515625,52.2709228515625,103
2024-04-24 15:00:00,42.88,82.32802,39.44801818847656,39.44801818847656,103
2024-04-24 16:00:00,52.38,82.2572,29.877202148437497,29.877202148437497,103
2024-04-24 17:00:00,74.7,96.367905,21.667904663085935,21.667904663085935,103
2024-04-24 18:00:00,92.45,101.902954,9.452954101562497,9.452954101562497,103
2024-04-24 19:00:00,101.48,108.4499,6.969897766113277,6.969897766113277,103
2024-04-24 20:00:00,93.06,83.59796,-9.462038574218752,9.462038574218752,103
2024-04-24 21:00:00,88.28,72.78038,-15.499619750976564,15.499619750976564,103
2024-04-24 22:00:00,83.5,70.314804,-13.185195922851562,13.185195922851562,103
2024-04-24 23:00:00,80.0,80.85096,0.8509597778320312,0.8509597778320312,103
2024-04-25 00:00:00,77.39,59.467037,-17.922962799072266,17.922962799072266,104
2024-04-25 01:00:00,69.18,50.940727,-18.239272766113288,18.239272766113288,104
2024-04-25 02:00:00,64.31,39.866188,-24.443811950683596,24.443811950683596,104
2024-04-25 03:00:00,79.97,47.4179,-32.55209991455078,32.55209991455078,104
2024-04-25 04:00:00,77.13,70.00121,-7.128786926269527,7.128786926269527,104
2024-04-25 05:00:00,102.24,106.975204,4.735204467773443,4.735204467773443,104
2024-04-25 06:00:00,105.05,112.65717,7.607173156738284,7.607173156738284,104
2024-04-25 07:00:00,92.1,86.020935,-6.079064941406244,6.079064941406244,104
2024-04-25 08:00:00,80.01,62.24332,-17.766679534912114,17.766679534912114,104
2024-04-25 09:00:00,78.2,63.443226,-14.7567741394043,14.7567741394043,104
2024-04-25 10:00:00,73.92,63.824352,-10.095647735595705,10.095647735595705,104
2024-04-25 11:00:00,61.32,49.38303,-11.93697006225586,11.93697006225586,104
2024-04-25 12:00:00,57.04,50.536148,-6.503851928710937,6.503851928710937,104
2024-04-25 13:00:00,60.0,46.966343,-13.03365707397461,13.03365707397461,104
2024-04-25 14:00:00,61.19,38.831985,-22.358014526367185,22.358014526367185,104
2024-04-25 15:00:00,66.64,47.8535,-18.786499633789063,18.786499633789063,104
2024-04-25 16:00:00,88.59,62.310295,-26.279704895019535,26.279704895019535,104
2024-04-25 17:00:00,71.86,81.531044,9.671044006347657,9.671044006347657,104
2024-04-25 18:00:00,88.61,92.22132,3.611321105957032,3.611321105957032,104
2024-04-25 19:00:00,109.9,89.07249,-20.8275131225586,20.8275131225586,104
2024-04-25 20:00:00,91.35,85.39566,-5.954339599609369,5.954339599609369,104
2024-04-25 21:00:00,79.74,81.11071,1.3707101440429739,1.3707101440429739,104
2024-04-25 22:00:00,79.87,74.95724,-4.912762756347661,4.912762756347661,104
2024-04-25 23:00:00,74.0,66.438705,-7.5612945556640625,7.5612945556640625,104
2024-04-26 00:00:00,67.81,67.28815,-0.5218530273437523,0.5218530273437523,105
2024-04-26 01:00:00,74.07,63.467262,-10.602737731933587,10.602737731933587,105
2024-04-26 02:00:00,77.1,58.961235,-18.138764953613276,18.138764953613276,105
2024-04-26 03:00:00,73.88,69.08466,-4.795336608886714,4.795336608886714,105
2024-04-26 04:00:00,91.82,67.48646,-24.333542175292962,24.333542175292962,105
2024-04-26 05:00:00,104.06,89.698006,-14.361994323730471,14.361994323730471,105
2024-04-26 06:00:00,96.06,92.33668,-3.723322448730471,3.723322448730471,105
2024-04-26 07:00:00,81.08,81.35146,0.27146331787109546,0.27146331787109546,105
2024-04-26 08:00:00,79.11,69.68881,-9.421187744140624,9.421187744140624,105
2024-04-26 09:00:00,72.95,64.51924,-8.43075866699219,8.43075866699219,105
2024-04-26 10:00:00,70.35,63.346485,-7.003514862060541,7.003514862060541,105
2024-04-26 11:00:00,68.74,56.585068,-12.154932250976557,12.154932250976557,105
2024-04-26 12:00:00,65.37,52.377014,-12.992985839843755,12.992985839843755,105
2024-04-26 13:00:00,69.92,56.346478,-13.57352249145508,13.57352249145508,105
2024-04-26 14:00:00,69.86,56.40391,-13.456088409423828,13.456088409423828,105
2024-04-26 15:00:00,76.07,62.566006,-13.503994293212884,13.503994293212884,105
2024-04-26 16:00:00,81.36,84.657234,3.297234191894532,3.297234191894532,105
2024-04-26 17:00:00,101.16,82.57522,-18.584781799316403,18.584781799316403,105
2024-04-26 18:00:00,95.09,89.45483,-5.635173645019535,5.635173645019535,105
2024-04-26 19:00:00,96.06,101.16483,5.104833068847654,5.104833068847654,105
2024-04-26 20:00:00,81.49,89.9163,8.426297912597661,8.426297912597661,105
2024-04-26 21:00:00,88.26,80.35489,-7.90511108398438,7.90511108398438,105
2024-04-26 22:00:00,88.04,76.3167,-11.723296203613288,11.723296203613288,105
2024-04-26 23:00:00,72.39,67.80432,-4.585678710937501,4.585678710937501,105
2024-04-28 00:00:00,39.6,62.776737,23.176737213134764,23.176737213134764,107
2024-04-28 01:00:00,20.97,58.662113,37.69211318969727,37.69211318969727,107
2024-04-28 02:00:00,5.7,60.898293,55.1982925415039,55.1982925415039,107
2024-04-28 03:00:00,8.43,43.050983,34.62098342895508,34.62098342895508,107
2024-04-28 04:00:00,9.92,36.48634,26.566339569091795,26.566339569091795,107
2024-04-28 05:00:00,0.1,47.52191,47.42191162109375,47.42191162109375,107
2024-04-28 06:00:00,-0.07,40.761047,40.83104736328125,40.83104736328125,107
2024-04-28 07:00:00,-1.02,51.573887,52.593886871337894,52.593886871337894,107
2024-04-28 08:00:00,-16.64,38.053696,54.69369567871094,54.69369567871094,107
2024-04-28 09:00:00,-36.74,42.881313,79.62131332397462,79.62131332397462,107
2024-04-28 10:00:00,-13.14,20.543703,33.68370307922363,33.68370307922363,107
2024-04-28 11:00:00,-26.98,12.046715,39.02671478271485,39.02671478271485,107
2024-04-28 12:00:00,-65.06,3.8177235,68.87772351264954,68.87772351264954,107
2024-04-28 13:00:00,-52.43,3.0585277,55.48852770805359,55.48852770805359,107
2024-04-28 14:00:00,-23.25,10.251082,33.50108242034912,33.50108242034912,107
2024-04-28 15:00:00,-0.02,16.841864,16.861863632202148,16.861863632202148,107
2024-04-28 16:00:00,20.66,26.712603,6.052602615356445,6.052602615356445,107
2024-04-28 17:00:00,53.18,40.46294,-12.717059783935547,12.717059783935547,107
2024-04-28 18:00:00,62.32,59.531975,-2.7880252075195315,2.7880252075195315,107
2024-04-28 19:00:00,78.56,71.83297,-6.7270303344726585,6.7270303344726585,107
2024-04-28 20:00:00,72.21,68.224724,-3.985276184082025,3.985276184082025,107
2024-04-28 21:00:00,66.94,66.00858,-0.9314169311523415,0.9314169311523415,107
2024-04-28 22:00:00,63.15,61.191845,-1.9581550598144517,1.9581550598144517,107
2024-04-28 23:00:00,60.05,47.168316,-12.881684112548825,12.881684112548825,107
2024-04-29 00:00:00,58.93,60.02847,1.0984690856933597,1.0984690856933597,108
2024-04-29 01:00:00,58.87,54.739193,-4.130807037353513,4.130807037353513,108
2024-04-29 02:00:00,56.0,40.80421,-15.195789337158203,15.195789337158203,108
2024-04-29 03:00:00,58.52,42.340885,-16.179114837646488,16.179114837646488,108
2024-04-29 04:00:00,52.25,58.856148,6.606147766113281,6.606147766113281,108
2024-04-29 05:00:00,102.26,69.299034,-32.96096588134766,32.96096588134766,108
2024-04-29 06:00:00,99.96,88.14306,-11.816941223144525,11.816941223144525,108
2024-04-29 07:00:00,74.49,93.113106,18.623105773925786,18.623105773925786,108
2024-04-29 08:00:00,59.36,72.98628,13.626282348632813,13.626282348632813,108
2024-04-29 09:00:00,36.73,54.928757,18.19875671386719,18.19875671386719,108
2024-04-29 10:00:00,37.45,48.918644,11.468643951416013,11.468643951416013,108
2024-04-29 11:00:00,42.39,44.233093,1.8430932617187494,1.8430932617187494,108
2024-04-29 12:00:00,35.53,43.145527,7.615526885986327,7.615526885986327,108
2024-04-29 13:00:00,35.45,48.425884,12.975884246826169,12.975884246826169,108
2024-04-29 14:00:00,47.68,41.839577,-5.8404232788085935,5.8404232788085935,108
2024-04-29 15:00:00,41.74,61.645237,19.90523696899414,19.90523696899414,108
2024-04-29 16:00:00,49.67,61.894035,12.224035339355467,12.224035339355467,108
2024-04-29 17:00:00,60.53,96.07084,35.540838928222655,35.540838928222655,108
2024-04-29 18:00:00,87.21,103.34241,16.132407226562506,16.132407226562506,108
2024-04-29 19:00:00,97.92,120.84788,22.927877502441405,22.927877502441405,108
2024-04-29 20:00:00,83.75,102.311516,18.56151580810547,18.56151580810547,108
2024-04-29 21:00:00,69.77,105.94832,36.17831848144532,36.17831848144532,108
2024-04-29 22:00:00,73.73,99.599754,25.86975433349609,25.86975433349609,108
2024-04-29 23:00:00,57.83,89.11912,31.289117736816408,31.289117736816408,108
2024-04-30 00:00:00,58.99,63.172997,4.182996520996092,4.182996520996092,109
2024-04-30 01:00:00,68.81,68.75437,-0.055628356933596024,0.055628356933596024,109
2024-04-30 02:00:00,64.77,66.79083,2.020832519531254,2.020832519531254,109
2024-04-30 03:00:00,77.13,63.62,-13.51000106811523,13.51000106811523,109
2024-04-30 04:00:00,85.36,60.48644,-24.873561248779296,24.873561248779296,109
2024-04-30 05:00:00,99.32,82.953545,-16.366455383300774,16.366455383300774,109
2024-04-30 06:00:00,84.41,88.33194,3.9219396972656284,3.9219396972656284,109
2024-04-30 07:00:00,58.0,84.372955,26.372955322265625,26.372955322265625,109
2024-04-30 08:00:00,61.61,71.02844,9.4184423828125,9.4184423828125,109
2024-04-30 09:00:00,44.89,53.904873,9.014872894287109,9.014872894287109,109
2024-04-30 10:00:00,28.26,48.5588,20.298799743652342,20.298799743652342,109
2024-04-30 11:00:00,15.1,48.699917,33.59991683959961,33.59991683959961,109
2024-04-30 12:00:00,17.5,51.482536,33.98253631591797,33.98253631591797,109
2024-04-30 13:00:00,19.14,47.74419,28.604190216064453,28.604190216064453,109
2024-04-30 14:00:00,27.33,58.318405,30.98840515136719,30.98840515136719,109
2024-04-30 15:00:00,39.07,53.36794,14.297938995361328,14.297938995361328,109
2024-04-30 16:00:00,86.2,60.0166,-26.183398437500003,26.183398437500003,109
2024-04-30 17:00:00,55.2,76.35312,21.153118896484372,21.153118896484372,109
2024-04-30 18:00:00,60.1,84.91055,24.810552978515624,24.810552978515624,109
2024-04-30 19:00:00,83.91,86.614044,2.7040441894531284,2.7040441894531284,109
2024-04-30 20:00:00,70.98,74.30508,3.3250765991210898,3.3250765991210898,109
2024-04-30 21:00:00,75.79,59.679756,-16.110243835449225,16.110243835449225,109
2024-04-30 22:00:00,35.01,67.87356,32.863558044433596,32.863558044433596,109
2024-04-30 23:00:00,34.99,57.2583,22.268300781249998,22.268300781249998,109
2024-05-02 00:00:00,10.0,32.4697,22.46969985961914,22.46969985961914,111
2024-05-02 01:00:00,7.8,31.966614,24.16661376953125,24.16661376953125,111
2024-05-02 02:00:00,8.0,34.393425,26.39342498779297,26.39342498779297,111
2024-05-02 03:00:00,10.94,30.810833,19.870832977294924,19.870832977294924,111
2024-05-02 04:00:00,22.9,32.89973,9.999730682373048,9.999730682373048,111
2024-05-02 05:00:00,35.01,32.70806,-2.3019387817382793,2.3019387817382793,111
2024-05-02 06:00:00,35.0,58.06253,23.062530517578125,23.062530517578125,111
2024-05-02 07:00:00,31.45,51.929195,20.479195404052735,20.479195404052735,111
2024-05-02 08:00:00,10.89,38.98395,28.093951568603515,28.093951568603515,111
2024-05-02 09:00:00,7.1,20.633453,13.533453369140625,13.533453369140625,111
2024-05-02 10:00:00,7.78,17.55914,9.779139251708983,9.779139251708983,111
2024-05-02 11:00:00,4.46,21.282063,16.822062530517577,16.822062530517577,111
2024-05-02 12:00:00,0.0,8.390543,8.390542984008789,8.390542984008789,111
2024-05-02 13:00:00,0.88,11.79935,10.919349784851073,10.919349784851073,111
2024-05-02 14:00:00,5.17,15.918435,10.748435096740723,10.748435096740723,111
2024-05-02 15:00:00,0.44,24.459337,24.01933723449707,24.01933723449707,111
2024-05-02 16:00:00,5.39,30.03015,24.640149459838867,24.640149459838867,111
2024-05-02 17:00:00,17.6,44.861286,27.261286163330077,27.261286163330077,111
2024-05-02 18:00:00,35.4,44.95322,9.553220367431642,9.553220367431642,111
2024-05-02 19:00:00,59.14,49.842556,-9.297444000244141,9.297444000244141,111
2024-05-02 20:00:00,43.9,48.231674,4.331674194335939,4.331674194335939,111
2024-05-02 21:00:00,35.64,47.97332,12.333320007324218,12.333320007324218,111
2024-05-02 22:00:00,17.85,37.47848,19.628481292724608,19.628481292724608,111
2024-05-02 23:00:00,31.2,36.418518,5.218518066406251,5.218518066406251,111
2024-05-03 00:00:00,24.96,25.190107,0.23010734558105383,0.23010734558105383,112
2024-05-03 01:00:00,16.72,27.344347,10.624347000122071,10.624347000122071,112
2024-05-03 02:00:00,4.98,31.635406,26.655406494140625,26.655406494140625,112
2024-05-03 03:00:00,10.28,34.42775,24.14774963378906,24.14774963378906,112
2024-05-03 04:00:00,20.47,40.130466,19.66046646118164,19.66046646118164,112
2024-05-03 05:00:00,41.0,50.59527,9.595268249511719,9.595268249511719,112
2024-05-03 06:00:00,35.0,50.82534,15.825340270996094,15.825340270996094,112
2024-05-03 07:00:00,28.9,36.3229,7.422898864746095,7.422898864746095,112
2024-05-03 08:00:00,16.26,15.443743,-0.8162572479248063,0.8162572479248063,112
2024-05-03 09:00:00,14.21,13.190794,-1.0192060089111337,1.0192060089111337,112
2024-05-03 10:00:00,9.06,11.6349535,2.5749534988403315,2.5749534988403315,112
2024-05-03 11:00:00,11.89,4.2202535,-7.669746532440186,7.669746532440186,112
2024-05-03 12:00:00,13.39,2.7645674,-10.625432624816895,10.625432624816895,112
2024-05-03 13:00:00,2.51,3.543912,1.033911933898926,1.033911933898926,112
2024-05-03 14:00:00,10.82,7.266199,-3.5538008880615237,3.5538008880615237,112
2024-05-03 15:00:00,16.19,13.353046,-2.836953582763673,2.836953582763673,112
2024-05-03 16:00:00,20.4,22.992224,2.592223739624025,2.592223739624025,112
2024-05-03 17:00:00,36.95,43.503586,6.553585815429685,6.553585815429685,112
2024-05-03 18:00:00,40.0,48.174248,8.174247741699219,8.174247741699219,112
2024-05-03 19:00:00,66.52,51.67422,-14.845778961181637,14.845778961181637,112
2024-05-03 20:00:00,50.02,43.16926,-6.850741882324222,6.850741882324222,112
2024-05-03 21:00:00,47.8,33.708485,-14.091515350341794,14.091515350341794,112
2024-05-03 22:00:00,64.32,29.116638,-35.20336181640624,35.20336181640624,112
2024-05-03 23:00:00,40.06,22.372953,-17.68704658508301,17.68704658508301,112
2024-05-04 00:00:00,28.59,22.272812,-6.317188110351562,6.317188110351562,113
2024-05-04 01:00:00,20.04,18.168917,-1.8710832977294913,1.8710832977294913,113
2024-05-04 02:00:00,16.2,12.089465,-4.110534858703613,4.110534858703613,113
2024-05-04 03:00:00,20.65,14.357504,-6.292496109008788,6.292496109008788,113
2024-05-04 04:00:00,22.23,14.279481,-7.950519065856934,7.950519065856934,113
2024-05-04 05:00:00,26.22,23.240885,-2.97911521911621,2.97911521911621,113
2024-05-04 06:00:00,43.4,16.33429,-27.06571044921875,27.06571044921875,113
2024-05-04 07:00:00,52.05,7.023621,-45.02637891769409,45.02637891769409,113
2024-05-04 08:00:00,41.17,4.498193,-36.67180721282959,36.67180721282959,113
2024-05-04 09:00:00,30.98,3.703321,-27.27667901992798,27.27667901992798,113
2024-05-04 10:00:00,24.46,-6.9743147,-31.43431468963623,31.43431468963623,113
2024-05-04 11:00:00,14.2,-3.7660873,-17.966087293624877,17.966087293624877,113
2024-05-04 12:00:00,13.17,-11.66296,-24.832960052490236,24.832960052490236,113
2024-05-04 13:00:00,25.22,-20.290644,-45.5106436920166,45.5106436920166,113
2024-05-04 14:00:00,32.08,-3.908825,-35.988824920654295,35.988824920654295,113
2024-05-04 15:00:00,31.71,8.839078,-22.870922050476075,22.870922050476075,113
2024-05-04 16:00:00,35.19,13.067592,-22.122408332824705,22.122408332824705,113
2024-05-04 17:00:00,28.84,24.61191,-4.228090133666992,4.228090133666992,113
2024-05-04 18:00:00,30.0,26.277163,-3.722837448120117,3.722837448120117,113
2024-05-04 19:00:00,35.01,50.88236,15.872358551025393,15.872358551025393,113
2024-05-04 20:00:00,35.02,44.09809,9.078091125488278,9.078091125488278,113
2024-05-04 21:00:00,52.51,39.52056,-12.98943878173828,12.98943878173828,113
2024-05-04 22:00:00,45.81,43.822834,-1.9871659851074241,1.9871659851074241,113
2024-05-04 23:00:00,31.36,27.04808,-4.311919555664062,4.311919555664062,113
2024-05-05 00:00:00,40.09,25.274513,-14.815486755371097,14.815486755371097,114
2024-05-05 01:00:00,29.55,20.943813,-8.606186676025391,8.606186676025391,114
2024-05-05 02:00:00,29.06,18.431767,-10.628233489990233,10.628233489990233,114
2024-05-05 03:00:00,30.92,17.634619,-13.285381240844728,13.285381240844728,114
2024-05-05 04:00:00,35.65,15.609039,-20.040960693359374,20.040960693359374,114
2024-05-05 05:00:00,37.98,12.572237,-25.40776298522949,25.40776298522949,114
2024-05-05 06:00:00,33.72,15.730825,-17.989174575805663,17.989174575805663,114
2024-05-05 07:00:00,25.94,24.806128,-1.1338724517822278,1.1338724517822278,114
2024-05-05 08:00:00,8.71,14.182991,5.47299102783203,5.47299102783203,114
2024-05-05 09:00:00,0.44,8.826989,8.38698917388916,8.38698917388916,114
2024-05-05 10:00:00,0.0,7.7418113,7.741811275482178,7.741811275482178,114
2024-05-05 11:00:00,-0.04,2.2187238,2.258723773956299,2.258723773956299,114
2024-05-05 12:00:00,-0.97,1.2260839,2.1960838747024534,2.1960838747024534,114
2024-05-05 13:00:00,-0.1,6.5026326,6.602632617950439,6.602632617950439,114
2024-05-05 14:00:00,0.0,13.134337,13.134337425231934,13.134337425231934,114
2024-05-05 15:00:00,32.0,17.94442,-14.055580139160156,14.055580139160156,114
2024-05-05 16:00:00,45.82,18.981657,-26.838342971801758,26.838342971801758,114
2024-05-05 17:00:00,55.76,22.566778,-33.1932218170166,33.1932218170166,114
2024-05-05 18:00:00,50.55,30.600302,-19.949698257446286,19.949698257446286,114
2024-05-05 19:00:00,54.33,41.864037,-12.465963439941405,12.465963439941405,114
2024-05-05 20:00:00,51.61,37.61708,-13.992919311523437,13.992919311523437,114
2024-05-05 21:00:00,58.48,49.731815,-8.748184661865231,8.748184661865231,114
2024-05-05 22:00:00,82.86,42.32232,-40.53768096923828,40.53768096923828,114
2024-05-05 23:00:00,55.99,36.188896,-19.801103820800783,19.801103820800783,114
2024-05-06 00:00:00,51.91,46.91889,-4.991108093261715,4.991108093261715,115
2024-05-06 01:00:00,53.96,29.611464,-24.34853645324707,24.34853645324707,115
2024-05-06 02:00:00,51.08,27.527176,-23.552824096679686,23.552824096679686,115
2024-05-06 03:00:00,53.96,31.203629,-22.75637145996094,22.75637145996094,115
2024-05-06 04:00:00,57.1,32.71773,-24.382268524169923,24.382268524169923,115
2024-05-06 05:00:00,84.03,52.271347,-31.758652954101564,31.758652954101564,115
2024-05-06 06:00:00,101.13,61.85926,-39.270739440917964,39.270739440917964,115
2024-05-06 07:00:00,89.0,45.72198,-43.278018951416016,43.278018951416016,115
2024-05-06 08:00:00,71.7,29.052574,-42.64742584228516,42.64742584228516,115
2024-05-06 09:00:00,71.89,21.062366,-50.8276335144043,50.8276335144043,115
2024-05-06 10:00:00,69.29,19.400713,-49.88928703308106,49.88928703308106,115
2024-05-06 11:00:00,58.72,17.544382,-41.175617904663085,41.175617904663085,115
2024-05-06 12:00:00,51.95,16.458107,-35.4918930053711,35.4918930053711,115
2024-05-06 13:00:00,55.03,15.833306,-39.196693687438966,39.196693687438966,115
2024-05-06 14:00:00,52.88,15.801262,-37.078738098144534,37.078738098144534,115
2024-05-06 15:00:00,43.24,27.56919,-15.670810928344729,15.670810928344729,115
2024-05-06 16:00:00,58.28,38.981674,-19.298325805664064,19.298325805664064,115
2024-05-06 17:00:00,79.12,49.802925,-29.317074890136723,29.317074890136723,115
2024-05-06 18:00:00,75.1,50.97209,-24.127908325195307,24.127908325195307,115
2024-05-06 19:00:00,97.69,63.930122,-33.75987762451172,33.75987762451172,115
2024-05-06 20:00:00,93.2,59.391632,-33.80836791992188,33.80836791992188,115
2024-05-06 21:00:00,84.42,54.22842,-30.191579742431642,30.191579742431642,115
2024-05-06 22:00:00,81.73,67.93515,-13.794849853515629,13.794849853515629,115
2024-05-06 23:00:00,77.64,48.193882,-29.44611801147461,29.44611801147461,115
2024-05-07 00:00:00,74.77,62.67991,-12.09009124755859,12.09009124755859,116
2024-05-07 01:00:00,68.24,58.51815,-9.721849670410151,9.721849670410151,116
2024-05-07 02:00:00,66.82,56.902435,-9.917564697265618,9.917564697265618,116
2024-05-07 03:00:00,69.09,60.957607,-8.132392730712894,8.132392730712894,116
2024-05-07 04:00:00,75.98,68.5663,-7.4137005615234415,7.4137005615234415,116
2024-05-07 05:00:00,99.87,89.85236,-10.017636413574223,10.017636413574223,116
2024-05-07 06:00:00,112.66,91.777916,-20.882084045410153,20.882084045410153,116
2024-05-07 07:00:00,91.75,78.75978,-12.990219116210938,12.990219116210938,116
2024-05-07 08:00:00,70.36,65.30352,-5.056479797363281,5.056479797363281,116
2024-05-07 09:00:00,46.71,64.61255,17.902548828125,17.902548828125,116
2024-05-07 10:00:00,55.61,61.13478,5.524780883789063,5.524780883789063,116
2024-05-07 11:00:00,42.05,54.865524,12.81552429199219,12.81552429199219,116
2024-05-07 12:00:00,32.3,51.772312,19.472312164306643,19.472312164306643,116
2024-05-07 13:00:00,30.88,48.567703,17.687703247070313,17.687703247070313,116
2024-05-07 14:00:00,35.28,56.726795,21.446795196533202,21.446795196533202,116
2024-05-07 15:00:00,40.07,50.71616,10.64615982055664,10.64615982055664,116
2024-05-07 16:00:00,61.83,61.50654,-0.32346160888671704,0.32346160888671704,116
2024-05-07 17:00:00,61.11,79.75612,18.646118774414063,18.646118774414063,116
2024-05-07 18:00:00,56.18,78.90003,22.72003204345703,22.72003204345703,116
2024-05-07 19:00:00,67.44,87.35362,19.91362243652344,19.91362243652344,116
2024-05-07 20:00:00,62.0,86.38697,24.38697052001953,24.38697052001953,116
2024-05-07 21:00:00,50.01,81.976395,31.966394653320314,31.966394653320314,116
2024-05-07 22:00:00,30.0,78.318924,48.31892395019531,48.31892395019531,116
2024-05-07 23:00:00,20.18,68.113434,47.933433837890625,47.933433837890625,116
2024-05-08 00:00:00,19.47,47.63339,28.16338851928711,28.16338851928711,117
2024-05-08 01:00:00,17.27,53.11035,35.840351562500004,35.840351562500004,117
2024-05-08 02:00:00,19.47,49.842495,30.37249496459961,30.37249496459961,117
2024-05-08 03:00:00,18.67,50.259815,31.58981521606445,31.58981521606445,117
2024-05-08 04:00:00,21.07,59.591755,38.52175491333008,38.52175491333008,117
2024-05-08 05:00:00,35.01,82.75814,47.748140563964846,47.748140563964846,117
2024-05-08 06:00:00,30.0,78.52012,48.520118713378906,48.520118713378906,117
2024-05-08 07:00:00,18.67,64.57099,45.90099151611328,45.90099151611328,117
2024-05-08 08:00:00,20.76,52.61379,31.853788604736327,31.853788604736327,117
2024-05-08 09:00:00,13.94,36.685184,22.745184478759768,22.745184478759768,117
2024-05-08 10:00:00,11.68,41.060276,29.38027603149414,29.38027603149414,117
2024-05-08 11:00:00,7.67,33.46235,25.79234893798828,25.79234893798828,117
2024-05-08 12:00:00,6.14,31.925402,25.78540168762207,25.78540168762207,117
2024-05-08 13:00:00,5.05,34.79972,29.749720764160156,29.749720764160156,117
2024-05-08 14:00:00,4.78,35.777405,30.99740478515625,30.99740478515625,117
2024-05-08 15:00:00,3.6,43.385582,39.78558197021484,39.78558197021484,117
2024-05-08 16:00:00,10.0,47.830704,37.83070373535156,37.83070373535156,117
2024-05-08 17:00:00,24.5,52.154507,27.65450668334961,27.65450668334961,117
2024-05-08 18:00:00,39.52,57.222176,17.702175598144528,17.702175598144528,117
2024-05-08 19:00:00,43.8,64.95264,21.152636718750003,21.152636718750003,117
2024-05-08 20:00:00,54.36,58.26995,3.9099508666992193,3.9099508666992193,117
2024-05-08 21:00:00,51.91,52.726986,0.8169859313964878,0.8169859313964878,117
2024-05-08 22:00:00,35.01,42.587666,7.57766555786133,7.57766555786133,117
2024-05-08 23:00:00,31.31,36.401165,5.091165008544923,5.091165008544923,117
2024-05-09 00:00:00,32.19,24.704784,-7.485215606689451,7.485215606689451,118
2024-05-09 01:00:00,26.24,24.83129,-1.4087107086181625,1.4087107086181625,118
2024-05-09 02:00:00,15.58,25.35499,9.774990005493164,9.774990005493164,118
2024-05-09 03:00:00,16.61,31.231379,14.621378555297852,14.621378555297852,118
2024-05-09 04:00:00,27.51,27.83143,0.3214304351806625,0.3214304351806625,118
2024-05-09 05:00:00,19.85,46.41077,26.560770416259764,26.560770416259764,118
2024-05-09 06:00:00,21.07,59.774483,38.70448272705078,38.70448272705078,118
2024-05-09 07:00:00,23.77,39.253014,15.483013610839844,15.483013610839844,118
2024-05-09 08:00:00,6.01,33.10736,27.097360839843752,27.097360839843752,118
2024-05-09 09:00:00,0.34,24.096525,23.756525192260742,23.756525192260742,118
2024-05-09 10:00:00,-0.01,26.03283,26.04282928466797,26.04282928466797,118
2024-05-09 11:00:00,-0.53,16.96141,17.49141052246094,17.49141052246094,118
2024-05-09 12:00:00,-1.15,16.102596,17.252596282958983,17.252596282958983,118
2024-05-09 13:00:00,-0.01,11.179143,11.189142951965332,11.189142951965332,118
2024-05-09 14:00:00,1.74,18.855366,17.11536575317383,17.11536575317383,118
2024-05-09 15:00:00,5.89,20.291525,14.40152488708496,14.40152488708496,118
2024-05-09 16:00:00,13.01,29.056992,16.04699157714844,16.04699157714844,118
2024-05-09 17:00:00,27.47,39.594414,12.12441375732422,12.12441375732422,118
2024-05-09 18:00:00,36.72,57.577984,20.857983856201173,20.857983856201173,118
2024-05-09 19:00:00,31.97,62.360622,30.39062240600586,30.39062240600586,118
2024-05-09 20:00:00,32.25,63.51858,31.26858139038086,31.26858139038086,118
2024-05-09 21:00:00,32.12,64.92308,32.80308044433594,32.80308044433594,118
2024-05-09 22:00:00,18.43,50.157757,31.727756805419922,31.727756805419922,118
2024-05-09 23:00:00,9.66,48.11862,38.45862182617188,38.45862182617188,118
2024-05-11 00:00:00,10.19,28.258396,18.068396148681643,18.068396148681643,120
2024-05-11 01:00:00,9.91,30.986513,21.076513137817383,21.076513137817383,120
2024-05-11 02:00:00,8.34,30.166048,21.826048049926758,21.826048049926758,120
2024-05-11 03:00:00,9.81,28.66761,18.85761016845703,18.85761016845703,120
2024-05-11 04:00:00,21.73,31.80942,10.079419631958007,10.079419631958007,120
2024-05-11 05:00:00,13.07,37.565002,24.49500244140625,24.49500244140625,120
2024-05-11 06:00:00,12.95,40.27078,27.32077865600586,27.32077865600586,120
2024-05-11 07:00:00,6.4,33.262886,26.862886047363283,26.862886047363283,120
2024-05-11 08:00:00,0.0,25.837095,25.837095260620117,25.837095260620117,120
2024-05-11 09:00:00,-10.37,14.799147,25.169146652221677,25.169146652221677,120
2024-05-11 10:00:00,-16.69,4.068446,20.758446159362794,20.758446159362794,120
2024-05-11 11:00:00,-22.76,1.7408612,24.50086117744446,24.50086117744446,120
2024-05-11 12:00:00,-18.79,-3.21994,15.570060052871703,15.570060052871703,120
2024-05-11 13:00:00,-11.64,3.777555,15.417554988861085,15.417554988861085,120
2024-05-11 14:00:00,-0.41,11.9203,12.330299530029297,12.330299530029297,120
2024-05-11 15:00:00,0.83,24.856636,24.026636047363283,24.026636047363283,120
2024-05-11 16:00:00,7.1,35.864326,28.76432647705078,28.76432647705078,120
2024-05-11 17:00:00,11.1,37.688103,26.588102722167967,26.588102722167967,120
2024-05-11 18:00:00,35.0,38.104618,3.1046180725097656,3.1046180725097656,120
2024-05-11 19:00:00,26.85,40.668434,13.818434143066405,13.818434143066405,120
2024-05-11 20:00:00,36.92,44.61224,7.692239837646483,7.692239837646483,120
2024-05-11 21:00:00,41.46,44.63135,3.1713514709472648,3.1713514709472648,120
2024-05-11 22:00:00,35.01,33.67194,-1.3380601501464824,1.3380601501464824,120
2024-05-11 23:00:00,17.85,33.894493,16.044493103027342,16.044493103027342,120
2024-05-12 00:00:00,24.06,16.33814,-7.7218595123291,7.7218595123291,121
2024-05-12 01:00:00,17.39,16.055323,-1.334677352905274,1.334677352905274,121
2024-05-12 02:00:00,11.66,11.852889,0.19288906097412095,0.19288906097412095,121
2024-05-12 03:00:00,7.55,16.4018,8.851800155639648,8.851800155639648,121
2024-05-12 04:00:00,17.61,19.35371,1.7437101745605474,1.7437101745605474,121
2024-05-12 05:00:00,4.79,17.109867,12.319867095947266,12.319867095947266,121
2024-05-12 06:00:00,2.35,19.420122,17.070122146606444,17.070122146606444,121
2024-05-12 07:00:00,-2.78,14.686279,17.466279296875,17.466279296875,121
2024-05-12 08:00:00,-23.49,9.067463,32.55746292114257,32.55746292114257,121
2024-05-12 09:00:00,-39.97,4.4793143,44.44931432723999,44.44931432723999,121
2024-05-12 10:00:00,-27.61,-1.0478609,26.562139139175414,26.562139139175414,121
2024-05-12 11:00:00,-66.52,0.67078024,67.1907802414894,67.1907802414894,121
2024-05-12 12:00:00,-87.29,2.1203365,89.41033653259278,89.41033653259278,121
2024-05-12 13:00:00,-64.39,8.058345,72.44834484100342,72.44834484100342,121
2024-05-12 14:00:00,-26.87,10.003592,36.87359153747559,36.87359153747559,121
2024-05-12 15:00:00,0.0,17.372065,17.3720645904541,17.3720645904541,121
2024-05-12 16:00:00,21.23,24.239079,3.009078521728515,3.009078521728515,121
2024-05-12 17:00:00,35.0,35.625458,0.625457763671875,0.625457763671875,121
2024-05-12 18:00:00,39.53,48.58206,9.052061767578124,9.052061767578124,121
2024-05-12 19:00:00,61.5,41.665424,-19.834575653076172,19.834575653076172,121
2024-05-12 20:00:00,49.18,43.850914,-5.329085998535156,5.329085998535156,121
2024-05-12 21:00:00,39.68,40.55024,0.8702395629882815,0.8702395629882815,121
2024-05-12 22:00:00,28.33,35.206024,6.876024169921877,6.876024169921877,121
2024-05-12 23:00:00,27.11,39.329266,12.219265594482422,12.219265594482422,121
2024-05-13 00:00:00,26.53,45.655933,19.125933380126952,19.125933380126952,122
2024-05-13 01:00:00,25.57,41.64361,16.07360809326172,16.07360809326172,122
2024-05-13 02:00:00,28.22,40.33012,12.110120086669923,12.110120086669923,122
2024-05-13 03:00:00,34.0,45.758324,11.758323669433594,11.758323669433594,122
2024-05-13 04:00:00,32.06,48.427998,16.367997589111326,16.367997589111326,122
2024-05-13 05:00:00,49.35,51.885204,2.5352043151855455,2.5352043151855455,122
2024-05-13 06:00:00,50.0,57.332912,7.332912445068359,7.332912445068359,122
2024-05-13 07:00:00,38.03,50.446693,12.416693420410155,12.416693420410155,122
2024-05-13 08:00:00,11.7,41.425327,29.72532730102539,29.72532730102539,122
2024-05-13 09:00:00,1.52,34.8397,33.3196987915039,33.3196987915039,122
2024-05-13 10:00:00,-0.01,31.845312,31.855312118530275,31.855312118530275,122
2024-05-13 11:00:00,-0.03,26.769264,26.799264221191407,26.799264221191407,122
2024-05-13 12:00:00,-0.01,34.18916,34.199159393310545,34.199159393310545,122
2024-05-13 13:00:00,0.0,31.81136,31.811359405517578,31.811359405517578,122
2024-05-13 14:00:00,3.08,38.160416,35.080415649414064,35.080415649414064,122
2024-05-13 15:00:00,12.06,45.67868,33.61868041992187,33.61868041992187,122
2024-05-13 16:00:00,17.93,56.27751,38.34751159667969,38.34751159667969,122
2024-05-13 17:00:00,32.14,62.3159,30.17589889526367,30.17589889526367,122
2024-05-13 18:00:00,35.0,65.80139,30.8013916015625,30.8013916015625,122
2024-05-13 19:00:00,38.03,70.29726,32.26725646972656,32.26725646972656,122
2024-05-13 20:00:00,39.68,74.969986,35.28998596191406,35.28998596191406,122
2024-05-13 21:00:00,35.01,60.08827,25.0782682800293,25.0782682800293,122
2024-05-13 22:00:00,11.1,52.957436,41.857435607910155,41.857435607910155,122
2024-05-13 23:00:00,5.0,48.492386,43.49238586425781,43.49238586425781,122
2024-05-15 00:00:00,12.03,30.133047,18.103047103881835,18.103047103881835,124
2024-05-15 01:00:00,10.96,28.719934,17.759934463500976,17.759934463500976,124
2024-05-15 02:00:00,11.0,31.205309,20.20530891418457,20.20530891418457,124
2024-05-15 03:00:00,16.55,31.44113,14.891129684448241,14.891129684448241,124
2024-05-15 04:00:00,17.27,39.749447,22.479446868896485,22.479446868896485,124
2024-05-15 05:00:00,34.56,54.567703,20.00770324707031,20.00770324707031,124
2024-05-15 06:00:00,30.0,52.98258,22.98257827758789,22.98257827758789,124
2024-05-15 07:00:00,16.62,40.46756,23.847559814453124,23.847559814453124,124
2024-05-15 08:00:00,10.44,31.62367,21.183670578002932,21.183670578002932,124
2024-05-15 09:00:00,8.65,28.962742,20.312741851806642,20.312741851806642,124
2024-05-15 10:00:00,3.98,19.046045,15.066045303344726,15.066045303344726,124
2024-05-15 11:00:00,2.65,11.66516,9.015160179138183,9.015160179138183,124
2024-05-15 12:00:00,2.85,6.5905437,3.740543746948242,3.740543746948242,124
2024-05-15 13:00:00,6.66,11.94763,5.287629928588867,5.287629928588867,124
2024-05-15 14:00:00,9.65,19.925604,10.275603866577148,10.275603866577148,124
2024-05-15 15:00:00,5.48,26.955025,21.47502471923828,21.47502471923828,124
2024-05-15 16:00:00,25.3,30.677956,5.3779556274414055,5.3779556274414055,124
2024-05-15 17:00:00,36.11,43.235477,7.125477447509766,7.125477447509766,124
2024-05-15 18:00:00,32.79,46.361786,13.571785888671876,13.571785888671876,124
2024-05-15 19:00:00,43.12,53.010616,9.890616302490237,9.890616302490237,124
2024-05-15 20:00:00,51.29,45.542725,-5.747275390624999,5.747275390624999,124
2024-05-15 21:00:00,35.01,36.018604,1.0086042785644551,1.0086042785644551,124
2024-05-15 22:00:00,53.52,34.030598,-19.489402313232425,19.489402313232425,124
2024-05-15 23:00:00,39.52,26.163322,-13.356677551269534,13.356677551269534,124
2024-05-16 00:00:00,35.5,29.081358,-6.418642044067383,6.418642044067383,125
2024-05-16 01:00:00,35.01,26.693443,-8.316556701660154,8.316556701660154,125
2024-05-16 02:00:00,12.84,28.866636,16.026636276245117,16.026636276245117,125
2024-05-16 03:00:00,3.55,27.7394,24.18940086364746,24.18940086364746,125
2024-05-16 04:00:00,16.2,31.20138,15.001379776000977,15.001379776000977,125
2024-05-16 05:00:00,35.01,36.192596,1.182596435546877,1.182596435546877,125
2024-05-16 06:00:00,44.03,41.47991,-2.5500881958007824,2.5500881958007824,125
2024-05-16 07:00:00,65.43,30.97885,-34.451150588989265,34.451150588989265,125
2024-05-16 08:00:00,26.75,23.585196,-3.164804458618164,3.164804458618164,125
2024-05-16 09:00:00,9.0,8.43956,-0.5604400634765625,0.5604400634765625,125
2024-05-16 10:00:00,5.97,8.873986,2.9039862442016604,2.9039862442016604,125
2024-05-16 11:00:00,2.95,10.267064,7.317064094543457,7.317064094543457,125
2024-05-16 12:00:00,4.32,3.6960015,-0.6239984703063968,0.6239984703063968,125
2024-05-16 13:00:00,6.93,-1.2840003,-8.214000277519226,8.214000277519226,125
2024-05-16 14:00:00,8.24,9.5846405,1.3446405029296873,1.3446405029296873,125
2024-05-16 15:00:00,15.59,12.547566,-3.0424335861206053,3.0424335861206053,125
2024-05-16 16:00:00,14.52,28.682451,14.162451248168946,14.162451248168946,125
2024-05-16 17:00:00,30.0,40.307793,10.307792663574219,10.307792663574219,125
2024-05-16 18:00:00,39.52,49.407074,9.887073974609372,9.887073974609372,125
2024-05-16 19:00:00,78.66,54.04307,-24.616928253173825,24.616928253173825,125
2024-05-16 20:00:00,82.57,49.823135,-32.74686462402343,32.74686462402343,125
2024-05-16 21:00:00,69.18,36.581116,-32.59888427734376,32.59888427734376,125
2024-05-16 22:00:00,68.85,41.832684,-27.017316436767572,27.017316436767572,125
2024-05-16 23:00:00,24.96,35.38009,10.420088806152343,10.420088806152343,125
2024-05-17 00:00:00,24.91,25.407965,0.4979647064208983,0.4979647064208983,126
2024-05-17 01:00:00,37.26,26.85357,-10.406429061889646,10.406429061889646,126
2024-05-17 02:00:00,44.49,18.83685,-25.653150787353518,25.653150787353518,126
2024-05-17 03:00:00,27.41,22.107553,-5.302446517944336,5.302446517944336,126
2024-05-17 04:00:00,40.05,27.437195,-12.612805175781247,12.612805175781247,126
2024-05-17 05:00:00,89.92,37.13983,-52.78016845703125,52.78016845703125,126
2024-05-17 06:00:00,89.46,33.844658,-55.615342102050775,55.615342102050775,126
2024-05-17 07:00:00,34.35,38.683216,4.333216094970702,4.333216094970702,126
2024-05-17 08:00:00,27.79,24.081293,-3.7087068939208976,3.7087068939208976,126
2024-05-17 09:00:00,33.49,13.314821,-20.17517875671387,20.17517875671387,126
2024-05-17 10:00:00,35.01,2.1389382,-32.87106181144714,32.87106181144714,126
2024-05-17 11:00:00,20.39,5.134424,-15.255575790405274,15.255575790405274,126
2024-05-17 12:00:00,16.84,-3.4099703,-20.2499702835083,20.2499702835083,126
2024-05-17 13:00:00,11.9,5.4890547,-6.410945320129395,6.410945320129395,126
2024-05-17 14:00:00,10.61,6.5051494,-4.104850635528564,4.104850635528564,126
2024-05-17 15:00:00,17.74,21.647268,3.9072682952880875,3.9072682952880875,126
2024-05-17 16:00:00,29.57,23.151064,-6.4189360809326175,6.4189360809326175,126
2024-05-17 17:00:00,37.93,31.460022,-6.46997802734375,6.46997802734375,126
2024-05-17 18:00:00,64.8,39.399723,-25.40027694702148,25.40027694702148,126
2024-05-17 19:00:00,84.24,60.511993,-23.72800659179687,23.72800659179687,126
2024-05-17 20:00:00,89.4,68.02115,-21.37885131835938,21.37885131835938,126
2024-05-17 21:00:00,77.18,53.307438,-23.87256210327149,23.87256210327149,126
2024-05-17 22:00:00,71.37,49.863773,-21.50622665405274,21.50622665405274,126
2024-05-17 23:00:00,63.23,34.307297,-28.92270324707031,28.92270324707031,126
2024-05-18 00:00:00,31.13,34.696644,3.566643829345704,3.566643829345704,127
2024-05-18 01:00:00,32.9,32.653008,-0.24699249267577983,0.24699249267577983,127
2024-05-18 02:00:00,25.5,34.93332,9.433319091796875,9.433319091796875,127
2024-05-18 03:00:00,28.09,33.860218,5.770218048095703,5.770218048095703,127
2024-05-18 04:00:00,31.52,31.516645,-0.003354568481444886,0.003354568481444886,127
2024-05-18 05:00:00,35.64,43.30141,7.661410675048828,7.661410675048828,127
2024-05-18 06:00:00,31.96,39.582058,7.6220579528808585,7.6220579528808585,127
2024-05-18 07:00:00,20.6,25.262543,4.662542724609374,4.662542724609374,127
2024-05-18 08:00:00,9.43,14.62573,5.195729560852051,5.195729560852051,127
2024-05-18 09:00:00,0.71,12.388602,11.678602256774901,11.678602256774901,127
2024-05-18 10:00:00,-0.02,10.156422,10.176421661376953,10.176421661376953,127
2024-05-18 11:00:00,-1.27,-3.6760497,-2.4060497093200683,2.4060497093200683,127
2024-05-18 12:00:00,-2.73,-3.7129738,-0.9829738330841065,0.9829738330841065,127
2024-05-18 13:00:00,-1.78,-4.9677353,-3.1877352905273435,3.1877352905273435,127
2024-05-18 14:00:00,0.0,5.4346075,5.43460750579834,5.43460750579834,127
2024-05-18 15:00:00,4.9,14.514498,9.614497756958007,9.614497756958007,127
2024-05-18 16:00:00,15.25,25.089504,9.83950424194336,9.83950424194336,127
2024-05-18 17:00:00,35.0,35.2237,0.22370147705078125,0.22370147705078125,127
2024-05-18 18:00:00,45.42,54.269886,8.849886016845701,8.849886016845701,127
2024-05-18 19:00:00,35.32,70.80956,35.48956268310547,35.48956268310547,127
2024-05-18 20:00:00,74.46,73.01313,-1.4468698120117125,1.4468698120117125,127
2024-05-18 21:00:00,66.17,68.88719,2.717191772460936,2.717191772460936,127
2024-05-18 22:00:00,58.15,64.09035,5.940347290039064,5.940347290039064,127
2024-05-18 23:00:00,23.94,46.06039,22.120390472412108,22.120390472412108,127
2024-05-19 00:00:00,25.84,21.80894,-4.031059112548828,4.031059112548828,128
2024-05-19 01:00:00,21.73,21.675035,-0.054964523315430114,0.054964523315430114,128
2024-05-19 02:00:00,15.76,22.263142,6.503141632080078,6.503141632080078,128
2024-05-19 03:00:00,18.97,18.905815,-0.06418487548828011,0.06418487548828011,128
2024-05-19 04:00:00,29.35,19.193699,-10.15630111694336,10.15630111694336,128
2024-05-19 05:00:00,49.19,21.764376,-27.42562431335449,27.42562431335449,128
2024-05-19 06:00:00,35.0,19.075033,-15.924966812133789,15.924966812133789,128
2024-05-19 07:00:00,6.69,14.884398,8.194398460388182,8.194398460388182,128
2024-05-19 08:00:00,-0.01,9.921483,9.931483039855957,9.931483039855957,128
2024-05-19 09:00:00,-12.4,-5.315805,7.0841950416564945,7.0841950416564945,128
2024-05-19 10:00:00,-17.34,-11.756477,5.583522644042969,5.583522644042969,128
2024-05-19 11:00:00,-24.95,-21.771652,3.178347778320312,3.178347778320312,128
2024-05-19 12:00:00,-28.27,-25.91276,2.3572402191162105,2.3572402191162105,128
2024-05-19 13:00:00,-18.8,-22.752304,-3.952304077148437,3.952304077148437,128
2024-05-19 14:00:00,-6.22,-11.858213,-5.638213424682617,5.638213424682617,128
2024-05-19 15:00:00,0.0,2.2411659,2.24116587638855,2.24116587638855,128
2024-05-19 16:00:00,8.18,24.88438,16.704380340576172,16.704380340576172,128
2024-05-19 17:00:00,20.8,39.999153,19.19915313720703,19.19915313720703,128
2024-05-19 18:00:00,31.99,58.566505,26.576505432128908,26.576505432128908,128
2024-05-19 19:00:00,35.03,55.415726,20.38572570800781,20.38572570800781,128
2024-05-19 20:00:00,45.54,67.20186,21.661858520507813,21.661858520507813,128
2024-05-19 21:00:00,48.15,64.31973,16.169732666015626,16.169732666015626,128
2024-05-19 22:00:00,49.12,57.784813,8.664812927246096,8.664812927246096,128
2024-05-19 23:00:00,21.43,38.64604,17.216041870117188,17.216041870117188,128
2024-05-20 00:00:00,15.26,39.334747,24.074747314453127,24.074747314453127,129
2024-05-20 01:00:00,12.72,43.110844,30.390843658447267,30.390843658447267,129
2024-05-20 02:00:00,13.77,44.51646,30.746460418701172,30.746460418701172,129
2024-05-20 03:00:00,17.23,42.535183,25.30518295288086,25.30518295288086,129
2024-05-20 04:00:00,13.76,47.23348,33.47347854614258,33.47347854614258,129
2024-05-20 05:00:00,18.54,74.677185,56.13718505859375,56.13718505859375,129
2024-05-20 06:00:00,30.16,74.95733,44.79732879638672,44.79732879638672,129
2024-05-20 07:00:00,22.14,58.486694,36.3466943359375,36.3466943359375,129
2024-05-20 08:00:00,13.5,36.102062,22.602062225341797,22.602062225341797,129
2024-05-20 09:00:00,8.33,28.40571,20.075710220336916,20.075710220336916,129
2024-05-20 10:00:00,3.26,25.371725,22.111725082397463,22.111725082397463,129
2024-05-20 11:00:00,1.09,21.307852,20.217851791381836,20.217851791381836,129
2024-05-20 12:00:00,0.78,22.388336,21.608336181640624,21.608336181640624,129
2024-05-20 13:00:00,0.54,20.143143,19.603142700195313,19.603142700195313,129
2024-05-20 14:00:00,7.36,20.976732,13.61673225402832,13.61673225402832,129
2024-05-20 15:00:00,8.3,29.292484,20.992484283447265,20.992484283447265,129
2024-05-20 16:00:00,15.17,38.54627,23.376268463134764,23.376268463134764,129
2024-05-20 17:00:00,33.8,54.29831,20.498309326171878,20.498309326171878,129
2024-05-20 18:00:00,43.67,62.23045,18.56044967651367,18.56044967651367,129
2024-05-20 19:00:00,33.78,65.446724,31.66672393798828,31.66672393798828,129
2024-05-20 20:00:00,36.85,69.01858,32.16857757568359,32.16857757568359,129
2024-05-20 21:00:00,47.34,63.686665,16.346664581298825,16.346664581298825,129
2024-05-20 22:00:00,39.42,59.70104,20.2810383605957,20.2810383605957,129
2024-05-20 23:00:00,21.46,48.897457,27.437457122802734,27.437457122802734,129
2024-05-21 00:00:00,26.47,25.882467,-0.5875327301025379,0.5875327301025379,130
2024-05-21 01:00:00,25.57,22.903555,-2.6664450836181643,2.6664450836181643,130
2024-05-21 02:00:00,21.71,24.860912,3.150912322998046,3.150912322998046,130
2024-05-21 03:00:00,21.67,24.787828,3.1178284454345686,3.1178284454345686,130
2024-05-21 04:00:00,24.15,26.716848,2.5668483734130874,2.5668483734130874,130
2024-05-21 05:00:00,67.92,41.74417,-26.175828857421877,26.175828857421877,130
2024-05-21 06:00:00,72.87,36.088413,-36.781586761474614,36.781586761474614,130
2024-05-21 07:00:00,41.7,29.800716,-11.899283599853518,11.899283599853518,130
2024-05-21 08:00:00,30.0,18.769142,-11.230857849121094,11.230857849121094,130
2024-05-21 09:00:00,18.82,14.843061,-3.9769385528564456,3.9769385528564456,130
2024-05-21 10:00:00,20.43,11.401922,-9.028077774047851,9.028077774047851,130
2024-05-21 11:00:00,14.7,3.827173,-10.872827005386352,10.872827005386352,130
2024-05-21 12:00:00,9.66,4.0863667,-5.573633346557617,5.573633346557617,130
2024-05-21 13:00:00,8.21,5.3589177,-2.8510822868347176,2.8510822868347176,130
2024-05-21 14:00:00,7.44,13.801887,6.3618865585327145,6.3618865585327145,130
2024-05-21 15:00:00,14.7,15.983506,1.2835062026977546,1.2835062026977546,130
2024-05-21 16:00:00,19.44,27.30897,7.868969497680663,7.868969497680663,130
2024-05-21 17:00:00,34.79,35.314945,0.5249452209472665,0.5249452209472665,130
2024-05-21 18:00:00,62.73,45.57648,-17.15351913452148,17.15351913452148,130
2024-05-21 19:00:00,67.22,38.945675,-28.274325103759764,28.274325103759764,130
2024-05-21 20:00:00,65.07,47.893494,-17.176506347656243,17.176506347656243,130
2024-05-21 21:00:00,34.07,52.234814,18.164813690185547,18.164813690185547,130
2024-05-21 22:00:00,26.85,36.81881,9.968809509277342,9.968809509277342,130
2024-05-21 23:00:00,35.3,21.502184,-13.797816085815427,13.797816085815427,130
2024-05-23 00:00:00,15.99,32.277702,16.287702331542967,16.287702331542967,132
2024-05-23 01:00:00,25.56,30.943245,5.3832449340820325,5.3832449340820325,132
2024-05-23 02:00:00,14.15,26.153662,12.003661727905273,12.003661727905273,132
2024-05-23 03:00:00,27.4,28.237976,0.8379760742187514,0.8379760742187514,132
2024-05-23 04:00:00,29.15,32.210022,3.0600219726562514,3.0600219726562514,132
2024-05-23 05:00:00,76.75,49.363384,-27.386615753173828,27.386615753173828,132
2024-05-23 06:00:00,82.67,60.3694,-22.30059997558594,22.30059997558594,132
2024-05-23 07:00:00,71.74,50.081474,-21.658525695800776,21.658525695800776,132
2024-05-23 08:00:00,49.21,37.418438,-11.791562042236329,11.791562042236329,132
2024-05-23 09:00:00,42.63,19.631453,-22.998547439575198,22.998547439575198,132
2024-05-23 10:00:00,35.01,15.221882,-19.78811813354492,19.78811813354492,132
2024-05-23 11:00:00,35.0,15.225612,-19.774388313293457,19.774388313293457,132
2024-05-23 12:00:00,30.39,13.244951,-17.145048751831055,17.145048751831055,132
2024-05-23 13:00:00,26.1,11.3828745,-14.717125511169435,14.717125511169435,132
2024-05-23 14:00:00,26.31,16.15597,-10.154030380249022,10.154030380249022,132
2024-05-23 15:00:00,35.01,24.69791,-10.312089691162107,10.312089691162107,132
2024-05-23 16:00:00,43.56,32.978012,-10.581987915039065,10.581987915039065,132
2024-05-23 17:00:00,71.12,44.718727,-26.4012728881836,26.4012728881836,132
2024-05-23 18:00:00,68.43,55.107254,-13.322745971679694,13.322745971679694,132
2024-05-23 19:00:00,91.73,56.387466,-35.34253356933594,35.34253356933594,132
2024-05-23 20:00:00,92.3,63.104336,-29.195664215087888,29.195664215087888,132
2024-05-23 21:00:00,85.65,62.99666,-22.653341674804693,22.653341674804693,132
2024-05-23 22:00:00,85.0,49.499546,-35.50045394897461,35.50045394897461,132
2024-05-23 23:00:00,78.34,39.158676,-39.181323852539066,39.181323852539066,132
2024-05-24 00:00:00,77.51,31.090782,-46.41921783447266,46.41921783447266,133
2024-05-24 01:00:00,72.0,31.894869,-40.10513114929199,40.10513114929199,133
2024-05-24 02:00:00,67.5,25.599653,-41.900346755981445,41.900346755981445,133
2024-05-24 03:00:00,81.09,28.26234,-52.82765945434571,52.82765945434571,133
2024-05-24 04:00:00,83.34,34.0652,-49.27479919433594,49.27479919433594,133
2024-05-24 05:00:00,89.72,59.11174,-30.60825988769531,30.60825988769531,133
2024-05-24 06:00:00,86.84,83.95179,-2.888210144042972,2.888210144042972,133
2024-05-24 07:00:00,74.9,70.07957,-4.820433044433599,4.820433044433599,133
2024-05-24 08:00:00,61.22,49.326412,-11.893587799072264,11.893587799072264,133
2024-05-24 09:00:00,48.1,27.235437,-20.864562606811525,20.864562606811525,133
2024-05-24 10:00:00,48.3,25.993464,-22.306536483764646,22.306536483764646,133
2024-05-24 11:00:00,40.8,26.355776,-14.444224166870114,14.444224166870114,133
2024-05-24 12:00:00,36.76,26.375988,-10.384011993408201,10.384011993408201,133
2024-05-24 13:00:00,35.01,26.885847,-8.124152908325193,8.124152908325193,133
2024-05-24 14:00:00,38.5,27.59327,-10.906730651855469,10.906730651855469,133
2024-05-24 15:00:00,41.1,31.562311,-9.53768882751465,9.53768882751465,133
2024-05-24 16:00:00,68.0,40.548435,-27.45156478881836,27.45156478881836,133
2024-05-24 17:00:00,81.56,63.75148,-17.80851989746094,17.80851989746094,133
2024-05-24 18:00:00,92.76,61.820583,-30.939416656494146,30.939416656494146,133
2024-05-24 19:00:00,115.92,73.4595,-42.46049682617188,42.46049682617188,133
2024-05-24 20:00:00,109.67,84.77481,-24.895189208984377,24.895189208984377,133
2024-05-24 21:00:00,99.84,84.24879,-15.591213073730472,15.591213073730472,133
2024-05-24 22:00:00,94.88,73.59039,-21.289606933593745,21.289606933593745,133
2024-05-24 23:00:00,85.74,56.81315,-28.92685150146484,28.92685150146484,133
2024-05-26 00:00:00,28.04,58.710197,30.67019744873047,30.67019744873047,135
2024-05-26 01:00:00,25.15,48.59984,23.44983825683594,23.44983825683594,135
2024-05-26 02:00:00,20.02,53.695198,33.675198059082035,33.675198059082035,135
2024-05-26 03:00:00,21.16,44.646187,23.48618682861328,23.48618682861328,135
2024-05-26 04:00:00,17.72,47.275326,29.555325775146486,29.555325775146486,135
2024-05-26 05:00:00,11.22,46.102024,34.88202407836914,34.88202407836914,135
2024-05-26 06:00:00,13.25,33.189777,19.939777374267578,19.939777374267578,135
2024-05-26 07:00:00,0.02,26.779781,26.759781341552735,26.759781341552735,135
2024-05-26 08:00:00,0.0,19.321592,19.321592330932617,19.321592330932617,135
2024-05-26 09:00:00,-0.09,10.890204,10.980204429626465,10.980204429626465,135
2024-05-26 10:00:00,-2.11,6.0000544,8.110054359436035,8.110054359436035,135
2024-05-26 11:00:00,-10.62,-4.452528,6.1674720001220695,6.1674720001220695,135
2024-05-26 12:00:00,-23.79,-9.637163,14.152836837768554,14.152836837768554,135
2024-05-26 13:00:00,-9.87,-11.415065,-1.5450648117065438,1.5450648117065438,135
2024-05-26 14:00:00,-0.6,3.8937194,4.493719434738159,4.493719434738159,135
2024-05-26 15:00:00,0.0,10.27186,10.271860122680664,10.271860122680664,135
2024-05-26 16:00:00,1.59,37.107662,35.51766220092773,35.51766220092773,135
2024-05-26 17:00:00,16.72,40.51702,23.79702117919922,23.79702117919922,135
2024-05-26 18:00:00,35.23,64.67761,29.447612304687503,29.447612304687503,135
2024-05-26 19:00:00,46.0,82.31419,36.31419372558594,36.31419372558594,135
2024-05-26 20:00:00,55.52,82.914375,27.394375305175778,27.394375305175778,135
2024-05-26 21:00:00,35.6,82.50323,46.90322723388672,46.90322723388672,135
2024-05-26 22:00:00,32.3,50.778076,18.478076171875003,18.478076171875003,135
2024-05-26 23:00:00,33.0,49.672222,16.672222137451172,16.672222137451172,135
2024-05-29 00:00:00,23.5,31.485981,7.985980987548828,7.985980987548828,138
2024-05-29 01:00:00,14.6,32.018276,17.418276214599608,17.418276214599608,138
2024-05-29 02:00:00,5.7,26.930382,21.230381774902344,21.230381774902344,138
2024-05-29 03:00:00,24.98,27.994783,3.0147834014892574,3.0147834014892574,138
2024-05-29 04:00:00,30.5,34.221794,3.7217941284179688,3.7217941284179688,138
2024-05-29 05:00:00,49.22,57.25071,8.030709533691407,8.030709533691407,138
2024-05-29 06:00:00,52.19,45.743862,-6.446137847900388,6.446137847900388,138
2024-05-29 07:00:00,38.5,51.772884,13.272884368896484,13.272884368896484,138
2024-05-29 08:00:00,29.0,35.97354,6.973541259765625,6.973541259765625,138
2024-05-29 09:00:00,20.5,35.34895,14.848949432373047,14.848949432373047,138
2024-05-29 10:00:00,24.08,29.514793,5.4347933959960955,5.4347933959960955,138
2024-05-29 11:00:00,18.4,20.744312,2.3443122863769545,2.3443122863769545,138
2024-05-29 12:00:00,17.47,22.35619,4.886189727783204,4.886189727783204,138
2024-05-29 13:00:00,11.98,20.428614,8.448613662719726,8.448613662719726,138
2024-05-29 14:00:00,11.0,27.995764,16.995763778686523,16.995763778686523,138
2024-05-29 15:00:00,19.76,32.772476,13.012476196289061,13.012476196289061,138
2024-05-29 16:00:00,29.38,35.042572,5.662572021484376,5.662572021484376,138
2024-05-29 17:00:00,35.01,53.97664,18.966638793945314,18.966638793945314,138
2024-05-29 18:00:00,40.94,62.279373,21.339373168945315,21.339373168945315,138
2024-05-29 19:00:00,67.94,53.762295,-14.177705230712888,14.177705230712888,138
2024-05-29 20:00:00,69.87,53.93118,-15.938820953369145,15.938820953369145,138
2024-05-29 21:00:00,63.95,48.90348,-15.046519470214847,15.046519470214847,138
2024-05-29 22:00:00,50.94,38.429173,-12.510827484130857,12.510827484130857,138
2024-05-29 23:00:00,28.97,35.865307,6.895306854248048,6.895306854248048,138
2024-06-02 00:00:00,6.15,15.975116,9.825115776062011,9.825115776062011,142
2024-06-02 01:00:00,4.78,14.863629,10.083629341125487,10.083629341125487,142
2024-06-02 02:00:00,5.22,16.04229,10.82228973388672,10.82228973388672,142
2024-06-02 03:00:00,5.3,13.277525,7.977524948120117,7.977524948120117,142
2024-06-02 04:00:00,4.91,16.483532,11.573531951904297,11.573531951904297,142
2024-06-02 05:00:00,4.11,18.09353,13.983530654907227,13.983530654907227,142
2024-06-02 06:00:00,0.97,25.707691,24.737691192626954,24.737691192626954,142
2024-06-02 07:00:00,-0.01,20.861307,20.87130714416504,20.87130714416504,142
2024-06-02 08:00:00,-1.05,16.741655,17.791655349731446,17.791655349731446,142
2024-06-02 09:00:00,-4.0,14.162395,18.162394523620605,18.162394523620605,142
2024-06-02 10:00:00,-3.58,9.512046,13.092045860290527,13.092045860290527,142
2024-06-02 11:00:00,-16.82,0.15316588,16.973165876865387,16.973165876865387,142
2024-06-02 12:00:00,-29.26,-7.5647516,21.695248374938966,21.695248374938966,142
2024-06-02 13:00:00,-40.74,-3.2398634,37.500136604309084,37.500136604309084,142
2024-06-02 14:00:00,-14.64,4.786543,19.426542892456055,19.426542892456055,142
2024-06-02 15:00:00,-1.0,13.542402,14.542402267456055,14.542402267456055,142
2024-06-02 16:00:00,0.03,19.277967,19.24796745300293,19.24796745300293,142
2024-06-02 17:00:00,7.27,30.990864,23.72086380004883,23.72086380004883,142
2024-06-02 18:00:00,11.35,32.965385,21.615385437011717,21.615385437011717,142
2024-06-02 19:00:00,25.01,37.632027,12.62202667236328,12.62202667236328,142
2024-06-02 20:00:00,28.87,26.171986,-2.698014373779298,2.698014373779298,142
2024-06-02 21:00:00,17.34,30.120523,12.78052345275879,12.78052345275879,142
2024-06-02 22:00:00,9.16,28.544037,19.384036865234375,19.384036865234375,142
2024-06-02 23:00:00,14.1,19.866177,5.76617660522461,5.76617660522461,142
2024-06-04 00:00:00,75.92,21.316643,-54.60335723876953,54.60335723876953,144
2024-06-04 01:00:00,36.8,21.54065,-15.259350585937497,15.259350585937497,144
2024-06-04 02:00:00,27.82,21.029175,-6.7908251953125,6.7908251953125,144
2024-06-04 03:00:00,48.69,21.46432,-27.22568077087402,27.22568077087402,144
2024-06-04 04:00:00,90.41,22.493626,-67.91637435913086,67.91637435913086,144
2024-06-04 05:00:00,96.64,37.964134,-58.67586578369141,58.67586578369141,144
2024-06-04 06:00:00,113.22,38.159122,-75.06087753295898,75.06087753295898,144
2024-06-04 07:00:00,81.82,31.062742,-50.757257766723626,50.757257766723626,144
2024-06-04 08:00:00,70.0,23.754492,-46.24550819396973,46.24550819396973,144
2024-06-04 09:00:00,37.3,15.862536,-21.43746356964111,21.43746356964111,144
2024-06-04 10:00:00,35.01,13.046669,-21.96333099365234,21.96333099365234,144
2024-06-04 11:00:00,14.84,14.017069,-0.8229311370849608,0.8229311370849608,144
2024-06-04 12:00:00,1.17,13.735908,12.565907554626465,12.565907554626465,144
2024-06-04 13:00:00,-0.01,9.249826,9.259826431274414,9.259826431274414,144
2024-06-04 14:00:00,0.0,12.774139,12.774139404296875,12.774139404296875,144
2024-06-04 15:00:00,10.62,20.213797,9.593796615600587,9.593796615600587,144
2024-06-04 16:00:00,31.78,28.717081,-3.062918930053712,3.062918930053712,144
2024-06-04 17:00:00,45.71,51.67575,5.965750732421874,5.965750732421874,144
2024-06-04 18:00:00,40.05,63.08366,23.033660125732425,23.033660125732425,144
2024-06-04 19:00:00,39.47,62.2077,22.737698822021486,22.737698822021486,144
2024-06-04 20:00:00,55.95,66.040474,10.090473937988278,10.090473937988278,144
2024-06-04 21:00:00,49.51,58.960342,9.450342407226564,9.450342407226564,144
2024-06-04 22:00:00,57.02,71.23481,14.214809875488278,14.214809875488278,144
2024-06-04 23:00:00,46.6,60.79427,14.194269561767577,14.194269561767577,144
2024-06-05 00:00:00,47.14,47.94715,0.8071511840820307,0.8071511840820307,145
2024-06-05 01:00:00,39.65,46.136414,6.486413574218751,6.486413574218751,145
2024-06-05 02:00:00,48.23,37.100246,-11.129753570556637,11.129753570556637,145
2024-06-05 03:00:00,46.94,44.97812,-1.9618811035156227,1.9618811035156227,145
2024-06-05 04:00:00,48.9,56.81308,7.913079833984376,7.913079833984376,145
2024-06-05 05:00:00,35.13,74.579056,39.44905578613281,39.44905578613281,145
2024-06-05 06:00:00,43.72,70.91618,27.19618347167969,27.19618347167969,145
2024-06-05 07:00:00,29.19,61.084946,31.894945678710936,31.894945678710936,145
2024-06-05 08:00:00,4.4,53.41486,49.01485977172852,49.01485977172852,145
2024-06-05 09:00:00,3.63,36.958996,33.328995819091794,33.328995819091794,145
2024-06-05 10:00:00,0.06,37.804592,37.74459213256836,37.74459213256836,145
2024-06-05 11:00:00,1.48,24.786694,23.306693572998046,23.306693572998046,145
2024-06-05 12:00:00,-0.01,15.822489,15.832488784790039,15.832488784790039,145
2024-06-05 13:00:00,0.0,15.017269,15.017269134521484,15.017269134521484,145
2024-06-05 14:00:00,-0.01,18.44782,18.45782066345215,18.45782066345215,145
2024-06-05 15:00:00,15.51,29.03409,13.524090042114258,13.524090042114258,145
2024-06-05 16:00:00,44.32,42.916775,-1.403225250244141,1.403225250244141,145
2024-06-05 17:00:00,76.06,51.756237,-24.303762969970705,24.303762969970705,145
2024-06-05 18:00:00,79.26,62.27684,-16.983159790039068,16.983159790039068,145
2024-06-05 19:00:00,87.0,63.533787,-23.46621322631836,23.46621322631836,145
2024-06-05 20:00:00,90.56,59.22133,-31.33867126464844,31.33867126464844,145
2024-06-05 21:00:00,93.25,50.088795,-43.16120529174805,43.16120529174805,145
2024-06-05 22:00:00,59.59,52.284664,-7.305335845947269,7.305335845947269,145
2024-06-05 23:00:00,38.76,45.861298,7.101297607421877,7.101297607421877,145
2024-06-06 00:00:00,35.35,48.711037,13.361036682128905,13.361036682128905,146
2024-06-06 01:00:00,27.95,36.06455,8.114548492431641,8.114548492431641,146
2024-06-06 02:00:00,27.83,43.83059,16.000589294433595,16.000589294433595,146
2024-06-06 03:00:00,32.37,45.11292,12.742918853759768,12.742918853759768,146
2024-06-06 04:00:00,59.76,47.465008,-12.294992218017576,12.294992218017576,146
2024-06-06 05:00:00,74.13,45.977966,-28.152033691406245,28.152033691406245,146
2024-06-06 06:00:00,79.12,61.518394,-17.60160552978516,17.60160552978516,146
2024-06-06 07:00:00,68.55,34.28384,-34.26615982055664,34.26615982055664,146
2024-06-06 08:00:00,57.8,23.76037,-34.039629745483396,34.039629745483396,146
2024-06-06 09:00:00,30.42,12.367433,-18.052567405700685,18.052567405700685,146
2024-06-06 10:00:00,26.35,18.329779,-8.020221328735353,8.020221328735353,146
2024-06-06 11:00:00,20.08,11.892022,-8.187977867126463,8.187977867126463,146
2024-06-06 12:00:00,7.68,3.9420357,-3.7379643249511716,3.7379643249511716,146
2024-06-06 13:00:00,4.97,4.9540124,-0.015987606048583736,0.015987606048583736,146
2024-06-06 14:00:00,19.32,8.575106,-10.744894332885742,10.744894332885742,146
2024-06-06 15:00:00,47.44,19.307945,-28.132054748535154,28.132054748535154,146
2024-06-06 16:00:00,81.59,45.771168,-35.81883224487305,35.81883224487305,146
2024-06-06 17:00:00,92.53,71.4372,-21.09279754638672,21.09279754638672,146
2024-06-06 18:00:00,88.01,62.720085,-25.289914855957036,25.289914855957036,146
2024-06-06 19:00:00,84.05,71.09267,-12.957333374023435,12.957333374023435,146
2024-06-06 20:00:00,88.98,80.70386,-8.276142578125004,8.276142578125004,146
2024-06-06 21:00:00,83.19,73.37378,-9.816220703124998,9.816220703124998,146
2024-06-06 22:00:00,84.92,60.73977,-24.180231018066408,24.180231018066408,146
2024-06-06 23:00:00,81.68,36.345478,-45.33452194213868,45.33452194213868,146
2024-06-07 00:00:00,64.92,41.95234,-22.96766082763672,22.96766082763672,147
2024-06-07 01:00:00,48.11,36.194134,-11.915866241455078,11.915866241455078,147
2024-06-07 02:00:00,41.04,35.3828,-5.657198944091796,5.657198944091796,147
2024-06-07 03:00:00,62.59,39.177784,-23.41221603393555,23.41221603393555,147
2024-06-07 04:00:00,71.49,52.009426,-19.480573883056636,19.480573883056636,147
2024-06-07 05:00:00,71.52,59.766296,-11.753703613281246,11.753703613281246,147
2024-06-07 06:00:00,82.56,72.18061,-10.379389343261721,10.379389343261721,147
2024-06-07 07:00:00,72.04,51.032654,-21.007346191406256,21.007346191406256,147
2024-06-07 08:00:00,48.98,42.522438,-6.457561950683591,6.457561950683591,147
2024-06-07 09:00:00,41.39,24.362919,-17.027081146240235,17.027081146240235,147
2024-06-07 10:00:00,33.91,19.862843,-14.047157440185543,14.047157440185543,147
2024-06-07 11:00:00,25.36,12.926296,-12.43370376586914,12.43370376586914,147
2024-06-07 12:00:00,18.34,5.2936606,-13.046339359283447,13.046339359283447,147
2024-06-07 13:00:00,19.58,5.983618,-13.596382217407225,13.596382217407225,147
2024-06-07 14:00:00,27.08,19.542164,-7.537836151123045,7.537836151123045,147
2024-06-07 15:00:00,37.54,40.5058,2.965798339843751,2.965798339843751,147
2024-06-07 16:00:00,56.2,63.93617,7.736168670654294,7.736168670654294,147
2024-06-07 17:00:00,82.84,74.5071,-8.33289703369141,8.33289703369141,147
2024-06-07 18:00:00,69.29,71.96932,2.6793222045898375,2.6793222045898375,147
2024-06-07 19:00:00,61.33,68.58426,7.254259033203127,7.254259033203127,147
2024-06-07 20:00:00,78.62,77.90337,-0.7166262817382858,0.7166262817382858,147
2024-06-07 21:00:00,84.29,74.490814,-9.799185791015631,9.799185791015631,147
2024-06-07 22:00:00,72.52,73.637695,1.117695312500004,1.117695312500004,147
2024-06-07 23:00:00,41.36,56.98346,15.62345947265625,15.62345947265625,147
2024-06-08 00:00:00,32.24,45.783436,13.543435821533201,13.543435821533201,148
2024-06-08 01:00:00,23.3,34.08693,10.786929321289062,10.786929321289062,148
2024-06-08 02:00:00,11.25,32.619,21.368999481201172,21.368999481201172,148
2024-06-08 03:00:00,10.53,42.19016,31.66015884399414,31.66015884399414,148
2024-06-08 04:00:00,17.57,47.25435,29.684348754882812,29.684348754882812,148
2024-06-08 05:00:00,12.7,37.92831,25.22831039428711,25.22831039428711,148
2024-06-08 06:00:00,21.84,32.01668,10.176681671142578,10.176681671142578,148
2024-06-08 07:00:00,12.82,28.51401,15.694009475708008,15.694009475708008,148
2024-06-08 08:00:00,0.23,25.971462,25.74146224975586,25.74146224975586,148
2024-06-08 09:00:00,-2.2,10.696219,12.896219444274902,12.896219444274902,148
2024-06-08 10:00:00,-9.46,4.7265587,14.186558685302735,14.186558685302735,148
2024-06-08 11:00:00,-22.13,4.6322536,26.762253646850585,26.762253646850585,148
2024-06-08 12:00:00,-28.4,3.18354,31.5835401058197,31.5835401058197,148
2024-06-08 13:00:00,-19.22,3.0419757,22.26197573661804,22.26197573661804,148
2024-06-08 14:00:00,-6.5,9.742449,16.242448806762695,16.242448806762695,148
2024-06-08 15:00:00,4.13,20.421963,16.29196273803711,16.29196273803711,148
2024-06-08 16:00:00,31.23,44.922405,13.692405242919921,13.692405242919921,148
2024-06-08 17:00:00,47.7,58.769146,11.069145965576169,11.069145965576169,148
2024-06-08 18:00:00,58.07,52.440983,-5.629017181396485,5.629017181396485,148
2024-06-08 19:00:00,60.09,49.94727,-10.142730560302738,10.142730560302738,148
2024-06-08 20:00:00,59.09,64.38586,5.295856628417965,5.295856628417965,148
2024-06-08 21:00:00,56.59,58.375877,1.7858773803710903,1.7858773803710903,148
2024-06-08 22:00:00,43.48,56.42379,12.943789978027347,12.943789978027347,148
2024-06-08 23:00:00,22.41,38.99879,16.588790740966797,16.588790740966797,148
2024-06-09 00:00:00,12.76,17.816511,5.056511154174805,5.056511154174805,149
2024-06-09 01:00:00,8.46,11.223331,2.7633314514160148,2.7633314514160148,149
2024-06-09 02:00:00,8.94,12.68285,3.7428498840332036,3.7428498840332036,149
2024-06-09 03:00:00,9.8,15.853069,6.053069305419921,6.053069305419921,149
2024-06-09 04:00:00,7.32,17.158094,9.83809440612793,9.83809440612793,149
2024-06-09 05:00:00,4.4,14.424218,10.02421817779541,10.02421817779541,149
2024-06-09 06:00:00,0.22,10.861372,10.641371994018554,10.641371994018554,149
2024-06-09 07:00:00,-1.88,3.0893686,4.9693685817718505,4.9693685817718505,149
2024-06-09 08:00:00,-7.27,-0.6071153,6.662884671688079,6.662884671688079,149
2024-06-09 09:00:00,-14.35,-12.048248,2.3017517089843746,2.3017517089843746,149
2024-06-09 10:00:00,-8.91,-11.178125,-2.2681253814697264,2.2681253814697264,149
2024-06-09 11:00:00,-14.35,-18.13599,-3.785990142822266,3.785990142822266,149
2024-06-09 12:00:00,-25.4,-22.114391,3.2856086730957017,3.2856086730957017,149
2024-06-09 13:00:00,-28.52,-17.216148,11.303851623535156,11.303851623535156,149
2024-06-09 14:00:00,-4.84,-5.0830774,-0.2430774307250978,0.2430774307250978,149
2024-06-09 15:00:00,2.07,3.0558684,0.9858683872222902,0.9858683872222902,149
2024-06-09 16:00:00,23.74,33.397446,9.657445678710939,9.657445678710939,149
2024-06-09 17:00:00,47.2,55.667454,8.467453765869138,8.467453765869138,149
2024-06-09 18:00:00,41.8,55.132214,13.3322135925293,13.3322135925293,149
2024-06-09 19:00:00,58.76,54.33447,-4.425531158447264,4.425531158447264,149
2024-06-09 20:00:00,69.64,54.990513,-14.64948715209961,14.64948715209961,149
2024-06-09 21:00:00,56.9,56.098484,-0.801515960693358,0.801515960693358,149
2024-06-09 22:00:00,69.41,40.875694,-28.534305725097653,28.534305725097653,149
2024-06-09 23:00:00,35.5,26.641718,-8.858282089233398,8.858282089233398,149
2024-06-10 00:00:00,38.2,36.94921,-1.250788879394534,1.250788879394534,150
2024-06-10 01:00:00,30.86,24.995289,-5.864711151123046,5.864711151123046,150
2024-06-10 02:00:00,17.74,32.544155,14.804155120849611,14.804155120849611,150
2024-06-10 03:00:00,35.01,37.471344,2.461343994140627,2.461343994140627,150
2024-06-10 04:00:00,31.98,50.627518,18.647517700195312,18.647517700195312,150
2024-06-10 05:00:00,55.05,63.047287,7.99728698730469,7.99728698730469,150
2024-06-10 06:00:00,35.5,56.236355,20.73635482788086,20.73635482788086,150
2024-06-10 07:00:00,38.3,52.239986,13.939986419677737,13.939986419677737,150
2024-06-10 08:00:00,18.08,31.978746,13.898746414184572,13.898746414184572,150
2024-06-10 09:00:00,8.04,28.581833,20.54183288574219,20.54183288574219,150
2024-06-10 10:00:00,10.6,20.150215,9.550215148925782,9.550215148925782,150
2024-06-10 11:00:00,3.36,15.983549,12.623549118041993,12.623549118041993,150
2024-06-10 12:00:00,0.03,18.977325,18.947325439453124,18.947325439453124,150
2024-06-10 13:00:00,0.0,17.657236,17.657236099243164,17.657236099243164,150
2024-06-10 14:00:00,-0.01,21.593008,21.603008041381838,21.603008041381838,150
2024-06-10 15:00:00,0.09,27.127449,27.03744903564453,27.03744903564453,150
2024-06-10 16:00:00,21.06,50.21653,29.156529846191408,29.156529846191408,150
2024-06-10 17:00:00,40.56,76.36659,35.80659240722656,35.80659240722656,150
2024-06-10 18:00:00,25.34,70.48346,45.14345947265625,45.14345947265625,150
2024-06-10 19:00:00,28.78,63.863876,35.083876342773436,35.083876342773436,150
2024-06-10 20:00:00,68.01,72.734314,4.724313964843745,4.724313964843745,150
2024-06-10 21:00:00,70.06,70.386406,0.3264059448242165,0.3264059448242165,150
2024-06-10 22:00:00,62.28,58.565308,-3.714692382812501,3.714692382812501,150
2024-06-10 23:00:00,58.69,40.92321,-17.76678985595703,17.76678985595703,150
2024-06-11 00:00:00,51.85,38.72879,-13.121209716796876,13.121209716796876,151
2024-06-11 01:00:00,37.03,33.516956,-3.513043670654298,3.513043670654298,151
2024-06-11 02:00:00,22.74,32.76403,10.02403045654297,10.02403045654297,151
2024-06-11 03:00:00,55.02,42.507088,-12.512912292480472,12.512912292480472,151
2024-06-11 04:00:00,44.81,44.05456,-0.7554383850097679,0.7554383850097679,151
2024-06-11 05:00:00,68.77,58.632633,-10.13736679077148,10.13736679077148,151
2024-06-11 06:00:00,70.0,65.229706,-4.770294189453125,4.770294189453125,151
2024-06-11 07:00:00,66.84,53.114067,-13.725932922363285,13.725932922363285,151
2024-06-11 08:00:00,42.39,31.451725,-10.938274993896485,10.938274993896485,151
2024-06-11 09:00:00,37.05,9.100527,-27.949473190307614,27.949473190307614,151
2024-06-11 10:00:00,19.51,9.323916,-10.186083564758302,10.186083564758302,151
2024-06-11 11:00:00,7.65,-2.7790158,-10.42901577949524,10.42901577949524,151
2024-06-11 12:00:00,6.62,-7.70596,-14.325959796905519,14.325959796905519,151
2024-06-11 13:00:00,9.26,-3.1106942,-12.370694169998169,12.370694169998169,151
2024-06-11 14:00:00,13.89,5.9545045,-7.935495510101319,7.935495510101319,151
2024-06-11 15:00:00,35.13,13.943721,-21.186279182434085,21.186279182434085,151
2024-06-11 16:00:00,46.0,39.29613,-6.703868865966797,6.703868865966797,151
2024-06-11 17:00:00,66.05,52.632603,-13.417397308349607,13.417397308349607,151
2024-06-11 18:00:00,71.12,53.22377,-17.896229858398442,17.896229858398442,151
2024-06-11 19:00:00,85.41,54.938164,-30.471836242675778,30.471836242675778,151
2024-06-11 20:00:00,77.29,58.608036,-18.68196395874024,18.68196395874024,151
2024-06-11 21:00:00,70.13,50.30037,-19.829630737304683,19.829630737304683,151
2024-06-11 22:00:00,27.82,45.19626,17.376258544921875,17.376258544921875,151
2024-06-11 23:00:00,30.13,44.568928,14.43892776489258,14.43892776489258,151
2024-06-12 00:00:00,30.31,47.919815,17.609815063476564,17.609815063476564,152
2024-06-12 01:00:00,24.89,35.727814,10.837813720703124,10.837813720703124,152
2024-06-12 02:00:00,19.98,31.48134,11.501340408325195,11.501340408325195,152
2024-06-12 03:00:00,30.48,48.45426,17.974261779785156,17.974261779785156,152
2024-06-12 04:00:00,40.08,43.494297,3.4142970275878923,3.4142970275878923,152
2024-06-12 05:00:00,44.88,61.813774,16.933774108886716,16.933774108886716,152
2024-06-12 06:00:00,44.45,63.90301,19.45301132202148,19.45301132202148,152
2024-06-12 07:00:00,29.93,59.07409,29.14408905029297,29.14408905029297,152
2024-06-12 08:00:00,15.29,39.146557,23.856556854248048,23.856556854248048,152
2024-06-12 09:00:00,11.68,32.830936,21.150936431884766,21.150936431884766,152
2024-06-12 10:00:00,20.06,27.370586,7.310586395263673,7.310586395263673,152
2024-06-12 11:00:00,25.97,20.202084,-5.7679164123535145,5.7679164123535145,152
2024-06-12 12:00:00,24.35,17.631721,-6.71827850341797,6.71827850341797,152
2024-06-12 13:00:00,12.25,17.68181,5.43181037902832,5.43181037902832,152
2024-06-12 14:00:00,10.43,22.290741,11.860740966796875,11.860740966796875,152
2024-06-12 15:00:00,25.73,34.918495,9.188495178222656,9.188495178222656,152
2024-06-12 16:00:00,40.0,46.288822,6.288822174072266,6.288822174072266,152
2024-06-12 17:00:00,55.1,63.783657,8.683657073974608,8.683657073974608,152
2024-06-12 18:00:00,52.77,71.07447,18.304470520019528,18.304470520019528,152
2024-06-12 19:00:00,45.59,84.25187,38.66186920166015,38.66186920166015,152
2024-06-12 20:00:00,66.09,79.0861,12.996097717285153,12.996097717285153,152
2024-06-12 21:00:00,70.4,71.92802,1.5280166625976506,1.5280166625976506,152
2024-06-12 22:00:00,65.68,42.03466,-23.645339660644538,23.645339660644538,152
2024-06-12 23:00:00,34.24,38.62617,4.386171112060545,4.386171112060545,152
2024-06-15 00:00:00,0.08,19.696985,19.61698524475098,19.61698524475098,155
2024-06-15 01:00:00,0.09,14.354082,14.264082107543945,14.264082107543945,155
2024-06-15 02:00:00,2.47,16.459045,13.98904541015625,13.98904541015625,155
2024-06-15 03:00:00,0.26,5.9944396,5.734439601898194,5.734439601898194,155
2024-06-15 04:00:00,1.54,3.1662467,1.6262466526031494,1.6262466526031494,155
2024-06-15 05:00:00,0.09,5.3102336,5.220233592987061,5.220233592987061,155
2024-06-15 06:00:00,0.0,10.668528,10.668527603149414,10.668527603149414,155
2024-06-15 07:00:00,-0.06,27.750238,27.8102384185791,27.8102384185791,155
2024-06-15 08:00:00,-10.08,28.225351,38.30535133361816,38.30535133361816,155
2024-06-15 09:00:00,-28.87,18.47608,47.3460799407959,47.3460799407959,155
2024-06-15 10:00:00,-44.68,4.7731466,49.453146629333496,49.453146629333496,155
2024-06-15 11:00:00,-65.47,-2.2208617,63.249138326644896,63.249138326644896,155
2024-06-15 12:00:00,-80.02,-10.865793,69.15420677185058,69.15420677185058,155
2024-06-15 13:00:00,-55.93,-12.261275,43.66872470855713,43.66872470855713,155
2024-06-15 14:00:00,-28.08,-9.837974,18.24202640533447,18.24202640533447,155
2024-06-15 15:00:00,-2.36,-0.55971974,1.800280258655548,1.800280258655548,155
2024-06-15 16:00:00,0.0,5.7217464,5.721746444702148,5.721746444702148,155
2024-06-15 17:00:00,9.59,15.099532,5.509532127380371,5.509532127380371,155
2024-06-15 18:00:00,23.22,22.888788,-0.3312117767333973,0.3312117767333973,155
2024-06-15 19:00:00,28.0,45.196987,17.19698715209961,17.19698715209961,155
2024-06-15 20:00:00,47.7,39.19795,-8.502051544189456,8.502051544189456,155
2024-06-15 21:00:00,41.76,29.373558,-12.386441955566404,12.386441955566404,155
2024-06-15 22:00:00,27.49,26.169193,-1.3208067321777328,1.3208067321777328,155
2024-06-15 23:00:00,10.62,17.332047,6.712046508789063,6.712046508789063,155
2024-06-16 00:00:00,7.92,3.200908,-4.719092054367065,4.719092054367065,156
2024-06-16 01:00:00,5.94,8.876956,2.936955986022949,2.936955986022949,156
2024-06-16 02:00:00,4.81,8.3175955,3.507595481872559,3.507595481872559,156
2024-06-16 03:00:00,4.39,8.376099,3.9860986328125003,3.9860986328125003,156
2024-06-16 04:00:00,4.53,3.3763783,-1.1536217021942141,1.1536217021942141,156
2024-06-16 05:00:00,0.71,3.3598835,2.6498835468292237,2.6498835468292237,156
2024-06-16 06:00:00,-0.02,-0.8449067,-0.8249066877365112,0.8249066877365112,156
2024-06-16 07:00:00,-1.26,1.6265749,2.886574873924255,2.886574873924255,156
2024-06-16 08:00:00,-10.01,-8.383671,1.6263291931152342,1.6263291931152342,156
2024-06-16 09:00:00,-13.34,-10.260218,3.0797823333740233,3.0797823333740233,156
2024-06-16 10:00:00,-20.01,-15.330429,4.679570922851564,4.679570922851564,156
2024-06-16 11:00:00,-30.01,-18.813543,11.196456680297853,11.196456680297853,156
2024-06-16 12:00:00,-35.68,-22.388952,13.291047744750976,13.291047744750976,156
2024-06-16 13:00:00,-29.05,-23.524294,5.525706100463868,5.525706100463868,156
2024-06-16 14:00:00,-9.52,-14.021674,-4.501674156188965,4.501674156188965,156
2024-06-16 15:00:00,-0.06,-8.435608,-8.37560791015625,8.37560791015625,156
2024-06-16 16:00:00,6.47,2.0393994,-4.430600614547729,4.430600614547729,156
2024-06-16 17:00:00,11.33,22.30174,10.971740646362305,10.971740646362305,156
2024-06-16 18:00:00,16.8,28.142479,11.342478942871093,11.342478942871093,156
2024-06-16 19:00:00,35.02,36.109524,1.0895237731933562,1.0895237731933562,156
2024-06-16 20:00:00,41.26,49.408714,8.148714294433596,8.148714294433596,156
2024-06-16 21:00:00,41.62,39.16682,-2.4531794738769506,2.4531794738769506,156
2024-06-16 22:00:00,41.49,26.797173,-14.692827453613283,14.692827453613283,156
2024-06-16 23:00:00,35.01,19.61036,-15.399640808105467,15.399640808105467,156
2024-06-18 00:00:00,34.15,35.411198,1.261197662353517,1.261197662353517,158
2024-06-18 01:00:00,35.65,30.536339,-5.113661193847655,5.113661193847655,158
2024-06-18 02:00:00,29.26,29.742632,0.48263191223144375,0.48263191223144375,158
2024-06-18 03:00:00,27.0,23.251768,-3.748231887817383,3.748231887817383,158
2024-06-18 04:00:00,37.36,31.885063,-5.474936828613281,5.474936828613281,158
2024-06-18 05:00:00,55.71,40.913025,-14.79697509765625,14.79697509765625,158
2024-06-18 06:00:00,59.1,53.188316,-5.911683654785158,5.911683654785158,158
2024-06-18 07:00:00,52.21,44.52667,-7.6833314514160165,7.6833314514160165,158
2024-06-18 08:00:00,39.0,29.14561,-9.854389190673828,9.854389190673828,158
2024-06-18 09:00:00,33.25,13.804864,-19.445136070251465,19.445136070251465,158
2024-06-18 10:00:00,26.56,16.693186,-9.866814193725585,9.866814193725585,158
2024-06-18 11:00:00,8.6,15.146504,6.546504402160645,6.546504402160645,158
2024-06-18 12:00:00,11.21,13.9780035,2.768003501892089,2.768003501892089,158
2024-06-18 13:00:00,10.6,12.886998,2.2869981765747074,2.2869981765747074,158
2024-06-18 14:00:00,9.99,18.396532,8.40653205871582,8.40653205871582,158
2024-06-18 15:00:00,20.27,30.996674,10.726673583984375,10.726673583984375,158
2024-06-18 16:00:00,35.0,49.799297,14.799297332763672,14.799297332763672,158
2024-06-18 17:00:00,45.28,56.57247,11.292471618652343,11.292471618652343,158
2024-06-18 18:00:00,49.65,57.035152,7.385152435302736,7.385152435302736,158
2024-06-18 19:00:00,18.61,65.66371,47.05371154785156,47.05371154785156,158
2024-06-18 20:00:00,54.98,80.55993,25.579928894042972,25.579928894042972,158
2024-06-18 21:00:00,57.9,57.688297,-0.21170272827148295,0.21170272827148295,158
2024-06-18 22:00:00,99.83,52.586136,-47.243864135742186,47.243864135742186,158
2024-06-18 23:00:00,54.0,38.76435,-15.235649108886719,15.235649108886719,158
2024-06-19 00:00:00,44.1,34.756214,-9.343785858154298,9.343785858154298,159
2024-06-19 01:00:00,34.92,31.7065,-3.2135009002685564,3.2135009002685564,159
2024-06-19 02:00:00,24.0,27.886972,3.886972427368164,3.886972427368164,159
2024-06-19 03:00:00,33.19,31.472013,-1.7179865264892555,1.7179865264892555,159
2024-06-19 04:00:00,55.51,32.343266,-23.166734466552732,23.166734466552732,159
2024-06-19 05:00:00,93.36,55.107914,-38.252086029052734,38.252086029052734,159
2024-06-19 06:00:00,91.79,56.207703,-35.582297363281256,35.582297363281256,159
2024-06-19 07:00:00,59.38,51.440563,-7.939436798095706,7.939436798095706,159
2024-06-19 08:00:00,55.8,31.693766,-24.106234359741208,24.106234359741208,159
2024-06-19 09:00:00,46.41,23.490572,-22.91942802429199,22.91942802429199,159
2024-06-19 10:00:00,43.54,21.733713,-21.806286849975585,21.806286849975585,159
2024-06-19 11:00:00,37.0,20.424757,-16.57524299621582,16.57524299621582,159
2024-06-19 12:00:00,22.43,18.257427,-4.172572784423828,4.172572784423828,159
2024-06-19 13:00:00,23.56,21.74624,-1.8137593841552722,1.8137593841552722,159
2024-06-19 14:00:00,28.6,23.563997,-5.036002731323244,5.036002731323244,159
2024-06-19 15:00:00,35.02,27.719471,-7.3005290222168,7.3005290222168,159
2024-06-19 16:00:00,38.47,40.54616,2.0761616516113293,2.0761616516113293,159
2024-06-19 17:00:00,79.83,48.693966,-31.136034088134764,31.136034088134764,159
2024-06-19 18:00:00,69.04,56.079147,-12.960852661132819,12.960852661132819,159
2024-06-19 19:00:00,109.01,41.719894,-67.29010559082032,67.29010559082032,159
2024-06-19 20:00:00,109.0,57.706097,-51.29390335083008,51.29390335083008,159
2024-06-19 21:00:00,89.59,54.851192,-34.73880752563477,34.73880752563477,159
2024-06-19 22:00:00,85.89,79.583046,-6.306954040527344,6.306954040527344,159
2024-06-19 23:00:00,68.92,48.79172,-20.12827865600586,20.12827865600586,159
2024-06-20 00:00:00,61.45,42.529274,-18.920726013183597,18.920726013183597,160
2024-06-20 01:00:00,46.72,35.63366,-11.08634063720703,11.08634063720703,160
2024-06-20 02:00:00,48.49,28.82162,-19.668379058837893,19.668379058837893,160
2024-06-20 03:00:00,61.45,34.939922,-26.51007766723633,26.51007766723633,160
2024-06-20 04:00:00,99.0,51.69997,-47.30002975463867,47.30002975463867,160
2024-06-20 05:00:00,111.72,76.569244,-35.150755615234374,35.150755615234374,160
2024-06-20 06:00:00,103.0,75.29695,-27.703048706054688,27.703048706054688,160
2024-06-20 07:00:00,81.94,52.49656,-29.44344085693359,29.44344085693359,160
2024-06-20 08:00:00,71.87,47.30115,-24.56884872436524,24.56884872436524,160
2024-06-20 09:00:00,63.04,36.547535,-26.492465057373046,26.492465057373046,160
2024-06-20 10:00:00,59.94,34.61,-25.329999389648435,25.329999389648435,160
2024-06-20 11:00:00,58.35,30.135788,-28.214212036132814,28.214212036132814,160
2024-06-20 12:00:00,61.42,24.619385,-36.800615234375,36.800615234375,160
2024-06-20 13:00:00,61.93,24.572065,-37.357934646606445,37.357934646606445,160
2024-06-20 14:00:00,61.42,31.104141,-30.31585876464844,30.31585876464844,160
2024-06-20 15:00:00,62.15,36.39115,-25.758848571777342,25.758848571777342,160
2024-06-20 16:00:00,77.46,40.043545,-37.416455230712884,37.416455230712884,160
2024-06-20 17:00:00,107.0,69.66497,-37.33502960205078,37.33502960205078,160
2024-06-20 18:00:00,115.28,61.531807,-53.74819305419922,53.74819305419922,160
2024-06-20 19:00:00,122.78,88.39655,-34.38344696044922,34.38344696044922,160
2024-06-20 20:00:00,114.59,89.72845,-24.861553039550785,24.861553039550785,160
2024-06-20 21:00:00,95.85,71.865295,-23.984704589843744,23.984704589843744,160
2024-06-20 22:00:00,101.38,70.661224,-30.71877563476562,30.71877563476562,160
2024-06-20 23:00:00,91.2,51.61318,-39.586821746826175,39.586821746826175,160
2024-06-21 00:00:00,89.95,49.29109,-40.658911895751956,40.658911895751956,161
2024-06-21 01:00:00,85.8,46.154095,-39.645905303955075,39.645905303955075,161
2024-06-21 02:00:00,76.22,42.918842,-33.30115768432617,33.30115768432617,161
2024-06-21 03:00:00,81.14,46.324707,-34.81529296875,34.81529296875,161
2024-06-21 04:00:00,96.06,80.91177,-15.148226318359377,15.148226318359377,161
2024-06-21 05:00:00,113.47,94.4342,-19.03580352783203,19.03580352783203,161
2024-06-21 06:00:00,114.32,94.720146,-19.599853820800774,19.599853820800774,161
2024-06-21 07:00:00,107.42,73.41389,-34.00611297607422,34.00611297607422,161
2024-06-21 08:00:00,96.74,59.785923,-36.954076995849604,36.954076995849604,161
2024-06-21 09:00:00,84.21,50.61465,-33.595349273681634,33.595349273681634,161
2024-06-21 10:00:00,61.34,46.08985,-15.250148620605472,15.250148620605472,161
2024-06-21 11:00:00,57.4,46.835033,-10.564966583251952,10.564966583251952,161
2024-06-21 12:00:00,55.1,46.18439,-8.915608978271486,8.915608978271486,161
2024-06-21 13:00:00,43.17,43.024,-0.14600173950195483,0.14600173950195483,161
2024-06-21 14:00:00,40.0,53.193214,13.193214416503906,13.193214416503906,161
2024-06-21 15:00:00,49.8,53.85076,4.050761413574222,4.050761413574222,161
2024-06-21 16:00:00,56.75,69.37769,12.627693176269531,12.627693176269531,161
2024-06-21 17:00:00,77.46,95.18546,17.725462951660163,17.725462951660163,161
2024-06-21 18:00:00,100.01,100.81325,0.8032476806640574,0.8032476806640574,161
2024-06-21 19:00:00,105.14,101.55305,-3.5869528198242193,3.5869528198242193,161
2024-06-21 20:00:00,96.49,107.48392,10.99391723632813,10.99391723632813,161
2024-06-21 21:00:00,83.26,93.49089,10.230890502929682,10.230890502929682,161
2024-06-21 22:00:00,81.53,93.763535,12.233534545898436,12.233534545898436,161
2024-06-21 23:00:00,70.19,85.50236,15.312357482910159,15.312357482910159,161
2024-06-22 00:00:00,56.12,57.741123,1.6211231994628932,1.6211231994628932,162
2024-06-22 01:00:00,46.93,56.078403,9.148403472900391,9.148403472900391,162
2024-06-22 02:00:00,46.16,55.5293,9.369300689697269,9.369300689697269,162
2024-06-22 03:00:00,42.96,53.692886,10.732886352539062,10.732886352539062,162
2024-06-22 04:00:00,44.48,68.10097,23.620967407226566,23.620967407226566,162
2024-06-22 05:00:00,47.76,84.21113,36.45112823486328,36.45112823486328,162
2024-06-22 06:00:00,36.95,79.95367,43.003666687011716,43.003666687011716,162
2024-06-22 07:00:00,34.65,71.73562,37.085618591308595,37.085618591308595,162
2024-06-22 08:00:00,12.54,62.00877,49.46876998901367,49.46876998901367,162
2024-06-22 09:00:00,3.59,46.382336,42.79233566284179,42.79233566284179,162
2024-06-22 10:00:00,2.68,32.903763,30.223762817382813,30.223762817382813,162
2024-06-22 11:00:00,0.03,30.937944,30.907944412231444,30.907944412231444,162
2024-06-22 12:00:00,0.0,30.960478,30.960477828979492,30.960477828979492,162
2024-06-22 13:00:00,0.8,27.402927,26.60292739868164,26.60292739868164,162
2024-06-22 14:00:00,5.36,32.354053,26.994053497314454,26.994053497314454,162
2024-06-22 15:00:00,14.93,43.98165,29.051651306152344,29.051651306152344,162
2024-06-22 16:00:00,47.06,48.79502,1.735021057128904,1.735021057128904,162
2024-06-22 17:00:00,87.04,69.50913,-17.5308676147461,17.5308676147461,162
2024-06-22 18:00:00,66.72,83.704956,16.9849560546875,16.9849560546875,162
2024-06-22 19:00:00,76.79,90.48475,13.694748840332025,13.694748840332025,162
2024-06-22 20:00:00,101.53,89.77183,-11.758172302246095,11.758172302246095,162
2024-06-22 21:00:00,84.18,69.484604,-14.69539611816407,14.69539611816407,162
2024-06-22 22:00:00,77.0,62.808243,-14.191757202148438,14.191757202148438,162
2024-06-22 23:00:00,56.99,54.97433,-2.0156690979003926,2.0156690979003926,162
2024-06-24 00:00:00,40.0,81.03472,41.03472137451172,41.03472137451172,164
2024-06-24 01:00:00,35.4,73.14879,37.74878845214844,37.74878845214844,164
2024-06-24 02:00:00,35.02,67.62132,32.601322631835934,32.601322631835934,164
2024-06-24 03:00:00,49.07,60.718826,11.648826293945312,11.648826293945312,164
2024-06-24 04:00:00,55.03,64.55403,9.524031372070311,9.524031372070311,164
2024-06-24 05:00:00,70.0,71.91681,1.91680908203125,1.91680908203125,164
2024-06-24 06:00:00,77.04,67.11217,-9.927832641601569,9.927832641601569,164
2024-06-24 07:00:00,52.86,66.78017,13.920166625976563,13.920166625976563,164
2024-06-24 08:00:00,35.0,47.986065,12.986064910888672,12.986064910888672,164
2024-06-24 09:00:00,18.73,40.799213,22.069213409423828,22.069213409423828,164
2024-06-24 10:00:00,30.7,39.45598,8.755978393554688,8.755978393554688,164
2024-06-24 11:00:00,19.32,40.4338,21.113799743652343,21.113799743652343,164
2024-06-24 12:00:00,18.78,35.537304,16.757303924560546,16.757303924560546,164
2024-06-24 13:00:00,15.95,34.414795,18.464794921875,18.464794921875,164
2024-06-24 14:00:00,24.17,35.05621,10.886209564208983,10.886209564208983,164
2024-06-24 15:00:00,49.06,34.867344,-14.192656097412112,14.192656097412112,164
2024-06-24 16:00:00,65.92,54.009125,-11.910875244140627,11.910875244140627,164
2024-06-24 17:00:00,115.48,76.23866,-39.24133728027344,39.24133728027344,164
2024-06-24 18:00:00,92.41,80.7599,-11.650097045898434,11.650097045898434,164
2024-06-24 19:00:00,117.33,92.39955,-24.930448608398436,24.930448608398436,164
2024-06-24 20:00:00,113.7,101.00228,-12.697718811035159,12.697718811035159,164
2024-06-24 21:00:00,91.54,80.63396,-10.906043090820319,10.906043090820319,164
2024-06-24 22:00:00,44.55,73.07491,28.524913024902347,28.524913024902347,164
2024-06-24 23:00:00,40.08,57.506195,17.426195068359377,17.426195068359377,164
2024-06-25 00:00:00,45.1,45.73487,0.6348709106445298,0.6348709106445298,165
2024-06-25 01:00:00,28.12,40.95093,12.830931549072265,12.830931549072265,165
2024-06-25 02:00:00,12.49,40.600006,28.110006103515623,28.110006103515623,165
2024-06-25 03:00:00,38.28,50.620255,12.340254516601561,12.340254516601561,165
2024-06-25 04:00:00,45.6,57.749302,12.14930191040039,12.14930191040039,165
2024-06-25 05:00:00,62.91,68.50975,5.599750366210941,5.599750366210941,165
2024-06-25 06:00:00,74.77,74.56689,-0.20311309814452727,0.20311309814452727,165
2024-06-25 07:00:00,64.9,64.52855,-0.3714508056640682,0.3714508056640682,165
2024-06-25 08:00:00,35.69,42.053017,6.3630166625976585,6.3630166625976585,165
2024-06-25 09:00:00,12.83,32.845894,20.015893859863283,20.015893859863283,165
2024-06-25 10:00:00,0.0,35.01544,35.01544189453125,35.01544189453125,165
2024-06-25 11:00:00,-0.05,34.00064,34.05064086914062,34.05064086914062,165
2024-06-25 12:00:00,-0.04,31.043282,31.08328155517578,31.08328155517578,165
2024-06-25 13:00:00,11.59,30.491182,18.901182327270508,18.901182327270508,165
2024-06-25 14:00:00,25.0,34.222137,9.222137451171875,9.222137451171875,165
2024-06-25 15:00:00,35.02,56.458202,21.438202362060544,21.438202362060544,165
2024-06-25 16:00:00,48.99,68.56031,19.57031036376953,19.57031036376953,165
2024-06-25 17:00:00,77.0,114.2006,37.200599670410156,37.200599670410156,165
2024-06-25 18:00:00,105.0,94.199974,-10.800025939941406,10.800025939941406,165
2024-06-25 19:00:00,96.37,112.17057,15.800570373535152,15.800570373535152,165
2024-06-25 20:00:00,106.57,105.622505,-0.9474948120117119,0.9474948120117119,165
2024-06-25 21:00:00,87.03,81.72608,-5.30391815185547,5.30391815185547,165
2024-06-25 22:00:00,107.43,49.549152,-57.88084762573243,57.88084762573243,165
2024-06-25 23:00:00,99.96,46.997322,-52.96267791748046,52.96267791748046,165
2024-06-26 00:00:00,95.32,52.003605,-43.31639511108398,43.31639511108398,166
2024-06-26 01:00:00,95.46,38.566204,-56.89379592895507,56.89379592895507,166
2024-06-26 02:00:00,91.7,33.958893,-57.74110717773438,57.74110717773438,166
2024-06-26 03:00:00,97.12,40.871464,-56.24853622436524,56.24853622436524,166
2024-06-26 04:00:00,109.59,47.90835,-61.681648101806644,61.681648101806644,166
2024-06-26 05:00:00,130.0,61.23605,-68.76395034790039,68.76395034790039,166
2024-06-26 06:00:00,121.1,69.75116,-51.348840332031244,51.348840332031244,166
2024-06-26 07:00:00,101.76,67.49284,-34.26715637207032,34.26715637207032,166
2024-06-26 08:00:00,90.98,41.177322,-49.80267761230469,49.80267761230469,166
2024-06-26 09:00:00,85.99,30.249846,-55.74015449523925,55.74015449523925,166
2024-06-26 10:00:00,79.41,22.63378,-56.77622047424316,56.77622047424316,166
2024-06-26 11:00:00,77.24,26.313139,-50.926861038208,50.926861038208,166
2024-06-26 12:00:00,80.62,22.808128,-57.81187164306641,57.81187164306641,166
2024-06-26 13:00:00,90.59,26.124836,-64.46516403198243,64.46516403198243,166
2024-06-26 14:00:00,100.08,35.01377,-65.06622894287109,65.06622894287109,166
2024-06-26 15:00:00,105.96,44.247066,-61.71293350219726,61.71293350219726,166
2024-06-26 16:00:00,114.98,57.52069,-57.459309082031254,57.459309082031254,166
2024-06-26 17:00:00,145.0,90.72608,-54.27391815185547,54.27391815185547,166
2024-06-26 18:00:00,156.98,100.50995,-56.47005126953124,56.47005126953124,166
2024-06-26 19:00:00,137.18,100.31464,-36.86536376953126,36.86536376953126,166
2024-06-26 20:00:00,118.98,103.52768,-15.452320556640629,15.452320556640629,166
2024-06-26 21:00:00,110.0,87.911316,-22.08868408203125,22.08868408203125,166
2024-06-26 22:00:00,96.0,91.72859,-4.2714080810546875,4.2714080810546875,166
2024-06-26 23:00:00,86.92,79.97318,-6.9468173217773455,6.9468173217773455,166
2024-06-27 00:00:00,80.64,93.38319,12.74318634033203,12.74318634033203,167
2024-06-27 01:00:00,67.3,90.45426,23.15426177978516,23.15426177978516,167
2024-06-27 02:00:00,59.82,88.388664,28.56866424560547,28.56866424560547,167
2024-06-27 03:00:00,61.93,93.658745,31.72874481201172,31.72874481201172,167
2024-06-27 04:00:00,76.05,105.35466,29.30466003417969,29.30466003417969,167
2024-06-27 05:00:00,109.98,124.72011,14.740108032226559,14.740108032226559,167
2024-06-27 06:00:00,115.0,117.48122,2.4812164306640625,2.4812164306640625,167
2024-06-27 07:00:00,88.92,111.74427,22.82427032470703,22.82427032470703,167
2024-06-27 08:00:00,68.5,93.10709,24.607093811035156,24.607093811035156,167
2024-06-27 09:00:00,54.48,87.48014,33.00014068603516,33.00014068603516,167
2024-06-27 10:00:00,43.22,82.12132,38.90132263183594,38.90132263183594,167
2024-06-27 11:00:00,32.38,80.36696,47.98695861816406,47.98695861816406,167
2024-06-27 12:00:00,27.15,81.0822,53.93219909667969,53.93219909667969,167
2024-06-27 13:00:00,18.75,89.511955,70.76195526123047,70.76195526123047,167
2024-06-27 14:00:00,23.34,103.18925,79.84924713134765,79.84924713134765,167
2024-06-27 15:00:00,41.88,108.69971,66.81970703125,66.81970703125,167
2024-06-27 16:00:00,63.43,117.33097,53.90097076416016,53.90097076416016,167
2024-06-27 17:00:00,75.39,143.09665,67.70664916992187,67.70664916992187,167
2024-06-27 18:00:00,93.5,148.84218,55.34217834472656,55.34217834472656,167
2024-06-27 19:00:00,88.91,140.96924,52.05923828125,52.05923828125,167
2024-06-27 20:00:00,92.81,125.62584,32.815839233398435,32.815839233398435,167
2024-06-27 21:00:00,75.06,118.15117,43.091168823242185,43.091168823242185,167
2024-06-27 22:00:00,22.35,105.85433,83.50433197021485,83.50433197021485,167
2024-06-27 23:00:00,20.67,96.35401,75.68401153564453,75.68401153564453,167
2024-06-28 00:00:00,15.66,61.075584,45.4155844116211,45.4155844116211,168
2024-06-28 01:00:00,12.88,54.45797,41.57796966552734,41.57796966552734,168
2024-06-28 02:00:00,9.63,55.77066,46.14066040039062,46.14066040039062,168
2024-06-28 03:00:00,8.54,53.63512,45.095120391845704,45.095120391845704,168
2024-06-28 04:00:00,10.02,69.12969,59.10969207763672,59.10969207763672,168
2024-06-28 05:00:00,41.79,92.30972,50.519722900390626,50.519722900390626,168
2024-06-28 06:00:00,51.18,94.8124,43.632400817871094,43.632400817871094,168
2024-06-28 07:00:00,45.67,84.998116,39.32811553955078,39.32811553955078,168
2024-06-28 08:00:00,14.36,67.4988,53.138802185058594,53.138802185058594,168
2024-06-28 09:00:00,1.94,56.875656,54.93565612792969,54.93565612792969,168
2024-06-28 10:00:00,0.77,28.92916,28.15915916442871,28.15915916442871,168
2024-06-28 11:00:00,-0.01,23.012863,23.02286315917969,23.02286315917969,168
2024-06-28 12:00:00,-2.06,21.787928,23.847927627563475,23.847927627563475,168
2024-06-28 13:00:00,-0.01,21.707474,21.717473754882814,21.717473754882814,168
2024-06-28 14:00:00,4.64,23.384295,18.744294509887695,18.744294509887695,168
2024-06-28 15:00:00,13.0,33.82953,20.82952880859375,20.82952880859375,168
2024-06-28 16:00:00,48.64,58.676662,10.036662445068359,10.036662445068359,168
2024-06-28 17:00:00,88.5,72.88288,-15.617118835449219,15.617118835449219,168
2024-06-28 18:00:00,94.04,87.369705,-6.670294799804694,6.670294799804694,168
2024-06-28 19:00:00,105.42,82.69076,-22.729242248535158,22.729242248535158,168
2024-06-28 20:00:00,113.3,86.07095,-27.229046630859372,27.229046630859372,168
2024-06-28 21:00:00,105.18,77.552025,-27.627975158691413,27.627975158691413,168
2024-06-28 22:00:00,62.19,34.03763,-28.152371826171873,28.152371826171873,168
2024-06-28 23:00:00,32.38,33.563416,1.1834155273437474,1.1834155273437474,168
2024-06-29 00:00:00,24.1,26.466179,2.3661788940429673,2.3661788940429673,169
2024-06-29 01:00:00,28.84,26.872097,-1.9679029846191405,1.9679029846191405,169
2024-06-29 02:00:00,16.16,29.580143,13.420142974853515,13.420142974853515,169
2024-06-29 03:00:00,20.61,27.41089,6.800890579223633,6.800890579223633,169
2024-06-29 04:00:00,18.52,29.683558,11.163557510375977,11.163557510375977,169
2024-06-29 05:00:00,15.75,38.272907,22.522907257080078,22.522907257080078,169
2024-06-29 06:00:00,27.79,39.490013,11.700013122558595,11.700013122558595,169
2024-06-29 07:00:00,29.58,33.630512,4.05051223754883,4.05051223754883,169
2024-06-29 08:00:00,5.04,21.396965,16.35696502685547,16.35696502685547,169
2024-06-29 09:00:00,0.05,14.14543,14.095429611206054,14.095429611206054,169
2024-06-29 10:00:00,0.0,8.759564,8.759564399719238,8.759564399719238,169
2024-06-29 11:00:00,-0.19,8.887477,9.077476921081542,9.077476921081542,169
2024-06-29 12:00:00,-0.06,7.923171,7.983171043395996,7.983171043395996,169
2024-06-29 13:00:00,1.5,9.823345,8.323345184326172,8.323345184326172,169
2024-06-29 14:00:00,12.76,19.079134,6.319133987426758,6.319133987426758,169
2024-06-29 15:00:00,31.86,32.201054,0.3410536193847662,0.3410536193847662,169
2024-06-29 16:00:00,35.02,56.98065,21.960651855468747,21.960651855468747,169
2024-06-29 17:00:00,46.6,81.745766,35.145765686035155,35.145765686035155,169
2024-06-29 18:00:00,48.65,87.139084,38.48908386230469,38.48908386230469,169
2024-06-29 19:00:00,38.29,99.47675,61.18675323486328,61.18675323486328,169
2024-06-29 20:00:00,60.23,99.3989,39.16890289306641,39.16890289306641,169
2024-06-29 21:00:00,53.9,90.63743,36.73742828369141,36.73742828369141,169
2024-06-29 22:00:00,43.25,68.61883,25.36882781982422,25.36882781982422,169
2024-06-29 23:00:00,25.3,43.17463,17.87462921142578,17.87462921142578,169
2024-07-01 00:00:00,52.95,34.62357,-18.326430511474612,18.326430511474612,171
2024-07-01 01:00:00,46.05,31.633986,-14.416014480590817,14.416014480590817,171
2024-07-01 02:00:00,45.83,27.347137,-18.482862548828123,18.482862548828123,171
2024-07-01 03:00:00,51.9,25.726442,-26.173557662963866,26.173557662963866,171
2024-07-01 04:00:00,59.26,31.182533,-28.07746673583984,28.07746673583984,171
2024-07-01 05:00:00,87.57,42.65654,-44.913460083007806,44.913460083007806,171
2024-07-01 06:00:00,71.18,43.687675,-27.492324523925788,27.492324523925788,171
2024-07-01 07:00:00,50.03,45.39113,-4.638871459960939,4.638871459960939,171
2024-07-01 08:00:00,44.52,29.859526,-14.660474319458011,14.660474319458011,171
2024-07-01 09:00:00,40.15,21.973429,-18.17657127380371,18.17657127380371,171
2024-07-01 10:00:00,39.71,21.224977,-18.485022506713868,18.485022506713868,171
2024-07-01 11:00:00,35.0,21.578613,-13.42138671875,13.42138671875,171
2024-07-01 12:00:00,21.17,20.077797,-1.0922030639648455,1.0922030639648455,171
2024-07-01 13:00:00,15.02,19.83121,4.811209182739258,4.811209182739258,171
2024-07-01 14:00:00,10.15,22.932798,12.782798385620117,12.782798385620117,171
2024-07-01 15:00:00,21.17,28.282389,7.112388687133787,7.112388687133787,171
2024-07-01 16:00:00,39.65,47.98312,8.33311996459961,8.33311996459961,171
2024-07-01 17:00:00,49.28,69.83046,20.55045959472656,20.55045959472656,171
2024-07-01 18:00:00,71.18,101.711624,30.531624145507806,30.531624145507806,171
2024-07-01 19:00:00,80.79,89.317696,8.527695617675775,8.527695617675775,171
2024-07-01 20:00:00,99.26,97.00785,-2.252149353027349,2.252149353027349,171
2024-07-01 21:00:00,87.46,91.40152,3.9415197753906313,3.9415197753906313,171
2024-07-01 22:00:00,65.53,72.77502,7.245016784667968,7.245016784667968,171
2024-07-01 23:00:00,49.9,53.450977,3.5509773254394545,3.5509773254394545,171
2024-07-02 00:00:00,34.63,49.237103,14.60710250854492,14.60710250854492,172
2024-07-02 01:00:00,37.52,46.403557,8.883556823730466,8.883556823730466,172
2024-07-02 02:00:00,35.15,47.06648,11.916478729248048,11.916478729248048,172
2024-07-02 03:00:00,41.07,51.176434,10.106433563232422,10.106433563232422,172
2024-07-02 04:00:00,52.97,55.889576,2.9195759582519543,2.9195759582519543,172
2024-07-02 05:00:00,81.82,68.371796,-13.448204345703118,13.448204345703118,172
2024-07-02 06:00:00,92.99,70.185776,-22.804224243164057,22.804224243164057,172
2024-07-02 07:00:00,51.2,66.009575,14.809574890136716,14.809574890136716,172
2024-07-02 08:00:00,48.63,51.932636,3.3026362609863256,3.3026362609863256,172
2024-07-02 09:00:00,47.16,42.523262,-4.636737976074215,4.636737976074215,172
2024-07-02 10:00:00,26.79,42.25812,15.468121490478516,15.468121490478516,172
2024-07-02 11:00:00,24.99,38.090584,13.100583801269533,13.100583801269533,172
2024-07-02 12:00:00,17.95,32.023403,14.07340316772461,14.07340316772461,172
2024-07-02 13:00:00,4.0,30.400843,26.400842666625977,26.400842666625977,172
2024-07-02 14:00:00,18.01,33.83148,15.821478118896483,15.821478118896483,172
2024-07-02 15:00:00,20.32,39.990093,19.67009323120117,19.67009323120117,172
2024-07-02 16:00:00,49.57,53.202908,3.632907562255859,3.632907562255859,172
2024-07-02 17:00:00,67.87,64.84601,-3.0239916992187545,3.0239916992187545,172
2024-07-02 18:00:00,74.64,72.99534,-1.6446615600585943,1.6446615600585943,172
2024-07-02 19:00:00,110.41,85.07342,-25.336582336425778,25.336582336425778,172
2024-07-02 20:00:00,109.45,90.521706,-18.928294372558597,18.928294372558597,172
2024-07-02 21:00:00,89.99,85.129074,-4.860925903320307,4.860925903320307,172
2024-07-02 22:00:00,78.97,66.09753,-12.87247344970703,12.87247344970703,172
2024-07-02 23:00:00,69.53,68.21022,-1.3197796630859386,1.3197796630859386,172
2024-07-03 00:00:00,54.78,39.415848,-15.364152221679689,15.364152221679689,173
2024-07-03 01:00:00,46.25,38.50213,-7.747871398925781,7.747871398925781,173
2024-07-03 02:00:00,33.0,39.887962,6.887962341308594,6.887962341308594,173
2024-07-03 03:00:00,27.48,41.994373,14.514373321533203,14.514373321533203,173
2024-07-03 04:00:00,47.9,53.52622,5.626218414306642,5.626218414306642,173
2024-07-03 05:00:00,90.54,76.34658,-14.193419494628913,14.193419494628913,173
2024-07-03 06:00:00,95.75,77.28699,-18.4630126953125,18.4630126953125,173
2024-07-03 07:00:00,76.0,75.971375,-0.02862548828125,0.02862548828125,173
2024-07-03 08:00:00,54.08,50.37455,-3.705450134277342,3.705450134277342,173
2024-07-03 09:00:00,40.25,44.022404,3.7724037170410156,3.7724037170410156,173
2024-07-03 10:00:00,35.0,30.577633,-4.422367095947266,4.422367095947266,173
2024-07-03 11:00:00,21.34,31.11174,9.771740112304688,9.771740112304688,173
2024-07-03 12:00:00,14.0,29.038013,15.038013458251953,15.038013458251953,173
2024-07-03 13:00:00,8.68,23.836895,15.156894989013672,15.156894989013672,173
2024-07-03 14:00:00,3.6,31.563086,27.963085556030272,27.963085556030272,173
2024-07-03 15:00:00,12.17,35.767544,23.597543792724608,23.597543792724608,173
2024-07-03 16:00:00,34.27,67.02547,32.75546691894531,32.75546691894531,173
2024-07-03 17:00:00,27.83,79.17299,51.342988891601564,51.342988891601564,173
2024-07-03 18:00:00,14.77,89.79401,75.02400634765625,75.02400634765625,173
2024-07-03 19:00:00,4.6,102.84334,98.24333801269532,98.24333801269532,173
2024-07-03 20:00:00,18.85,97.26723,78.41722717285157,78.41722717285157,173
2024-07-03 21:00:00,4.88,84.11918,79.23917877197266,79.23917877197266,173
2024-07-03 22:00:00,5.24,75.549095,70.3090951538086,70.3090951538086,173
2024-07-03 23:00:00,0.0,65.125916,65.12591552734375,65.12591552734375,173
2024-07-04 00:00:00,-0.01,50.84315,50.853151092529295,50.853151092529295,174
2024-07-04 01:00:00,-0.53,44.33035,44.86034896850586,44.86034896850586,174
2024-07-04 02:00:00,-0.84,30.217278,31.05727752685547,31.05727752685547,174
2024-07-04 03:00:00,-0.01,28.99739,29.007390747070314,29.007390747070314,174
2024-07-04 04:00:00,0.0,47.67515,47.67515182495117,47.67515182495117,174
2024-07-04 05:00:00,10.63,75.28864,64.65864288330079,64.65864288330079,174
2024-07-04 06:00:00,31.04,81.85308,50.81308074951172,50.81308074951172,174
2024-07-04 07:00:00,24.4,71.193054,46.79305419921875,46.79305419921875,174
2024-07-04 08:00:00,4.83,50.714344,45.884344024658205,45.884344024658205,174
2024-07-04 09:00:00,0.0,34.470085,34.47008514404297,34.47008514404297,174
2024-07-04 10:00:00,-0.01,27.799011,27.80901123046875,27.80901123046875,174
2024-07-04 11:00:00,-9.8,18.464931,28.26493148803711,28.26493148803711,174
2024-07-04 12:00:00,-20.93,18.901491,39.83149116516113,39.83149116516113,174
2024-07-04 13:00:00,-18.03,16.55549,34.585490493774415,34.585490493774415,174
2024-07-04 14:00:00,-12.21,14.929153,27.139153442382813,27.139153442382813,174
2024-07-04 15:00:00,0.0,21.585514,21.585514068603516,21.585514068603516,174
2024-07-04 16:00:00,6.77,36.064976,29.29497573852539,29.29497573852539,174
2024-07-04 17:00:00,42.38,40.281906,-2.098093872070315,2.098093872070315,174
2024-07-04 18:00:00,47.46,42.106262,-5.353737792968751,5.353737792968751,174
2024-07-04 19:00:00,47.94,46.140068,-1.799931945800779,1.799931945800779,174
2024-07-04 20:00:00,52.71,45.89018,-6.819821319580079,6.819821319580079,174
2024-07-04 21:00:00,41.74,31.327122,-10.412878265380861,10.412878265380861,174
2024-07-04 22:00:00,5.86,26.902374,21.042374267578126,21.042374267578126,174
2024-07-04 23:00:00,5.76,21.77408,16.01408027648926,16.01408027648926,174
2024-07-05 00:00:00,10.44,7.885625,-2.5543751144409175,2.5543751144409175,175
2024-07-05 01:00:00,12.58,12.077559,-0.502440528869629,0.502440528869629,175
2024-07-05 02:00:00,9.08,8.94493,-0.13506992340087898,0.13506992340087898,175
2024-07-05 03:00:00,6.78,9.014961,2.234961242675781,2.234961242675781,175
2024-07-05 04:00:00,12.0,10.984924,-1.01507568359375,1.01507568359375,175
2024-07-05 05:00:00,40.9,22.904621,-17.99537887573242,17.99537887573242,175
2024-07-05 06:00:00,40.64,27.476223,-13.163777008056641,13.163777008056641,175
2024-07-05 07:00:00,18.57,20.835836,2.2658364105224607,2.2658364105224607,175
2024-07-05 08:00:00,3.04,12.679003,9.639002761840821,9.639002761840821,175
2024-07-05 09:00:00,0.63,2.0543172,1.4243172359466554,1.4243172359466554,175
2024-07-05 10:00:00,0.92,3.6857228,2.765722827911377,2.765722827911377,175
2024-07-05 11:00:00,0.21,-0.7376115,-0.9476114726066589,0.9476114726066589,175
2024-07-05 12:00:00,0.1,-1.1019837,-1.201983666419983,1.201983666419983,175
2024-07-05 13:00:00,1.23,-6.205329,-7.435328941345215,7.435328941345215,175
2024-07-05 14:00:00,3.32,-4.149153,-7.469153232574463,7.469153232574463,175
2024-07-05 15:00:00,17.42,3.581487,-13.83851305961609,13.83851305961609,175
2024-07-05 16:00:00,38.0,13.034024,-24.965975761413574,24.965975761413574,175
2024-07-05 17:00:00,63.31,35.86275,-27.447248992919924,27.447248992919924,175
2024-07-05 18:00:00,82.7,47.655384,-35.0446159362793,35.0446159362793,175
2024-07-05 19:00:00,95.0,48.145653,-46.854347229003906,46.854347229003906,175
2024-07-05 20:00:00,106.33,58.65513,-47.67487152099609,47.67487152099609,175
2024-07-05 21:00:00,85.45,40.265068,-45.184931945800784,45.184931945800784,175
2024-07-05 22:00:00,45.55,19.743422,-25.806578445434567,25.806578445434567,175
2024-07-05 23:00:00,14.77,18.51176,3.7417607116699223,3.7417607116699223,175
2024-07-06 00:00:00,10.09,19.865751,9.775751266479492,9.775751266479492,176
2024-07-06 01:00:00,8.49,17.081404,8.591403732299804,8.591403732299804,176
2024-07-06 02:00:00,4.23,16.903116,12.673116226196289,12.673116226196289,176
2024-07-06 03:00:00,4.2,11.637079,7.437079238891601,7.437079238891601,176
2024-07-06 04:00:00,6.63,19.046406,12.41640579223633,12.41640579223633,176
2024-07-06 05:00:00,5.38,27.946287,22.566287155151368,22.566287155151368,176
2024-07-06 06:00:00,3.4,25.500475,22.10047492980957,22.10047492980957,176
2024-07-06 07:00:00,0.0,15.1635895,15.163589477539062,15.163589477539062,176
2024-07-06 08:00:00,-9.57,4.3499928,13.919992752075196,13.919992752075196,176
2024-07-06 09:00:00,-28.12,-8.6146,19.50539981842041,19.50539981842041,176
2024-07-06 10:00:00,-28.91,-10.820599,18.08940139770508,18.08940139770508,176
2024-07-06 11:00:00,-28.33,-9.249364,19.08063610076904,19.08063610076904,176
2024-07-06 12:00:00,-48.08,-15.250567,32.82943256378174,32.82943256378174,176
2024-07-06 13:00:00,-54.63,-11.446585,43.18341529846192,43.18341529846192,176
2024-07-06 14:00:00,-45.93,-6.9016056,39.0283943939209,39.0283943939209,176
2024-07-06 15:00:00,-20.09,8.556652,28.646652069091797,28.646652069091797,176
2024-07-06 16:00:00,-0.82,28.923855,29.74385482788086,29.74385482788086,176
2024-07-06 17:00:00,2.38,47.702663,45.32266342163086,45.32266342163086,176
2024-07-06 18:00:00,9.23,58.08427,48.85427047729492,48.85427047729492,176
2024-07-06 19:00:00,10.44,61.895622,51.45562225341797,51.45562225341797,176
2024-07-06 20:00:00,20.39,69.142365,48.752364501953124,48.752364501953124,176
2024-07-06 21:00:00,16.43,56.77262,40.34262115478516,40.34262115478516,176
2024-07-06 22:00:00,2.69,40.35452,37.66451889038086,37.66451889038086,176
2024-07-06 23:00:00,2.39,22.12204,19.732039794921874,19.732039794921874,176
2024-07-07 00:00:00,1.7,8.573447,6.873447227478027,6.873447227478027,177
2024-07-07 01:00:00,1.89,7.836585,5.94658504486084,5.94658504486084,177
2024-07-07 02:00:00,1.98,2.9716208,0.9916207981109619,0.9916207981109619,177
2024-07-07 03:00:00,1.42,3.441171,2.021170930862427,2.021170930862427,177
2024-07-07 04:00:00,1.29,6.1808324,4.890832386016846,4.890832386016846,177
2024-07-07 05:00:00,0.29,4.1548834,3.86488338470459,3.86488338470459,177
2024-07-07 06:00:00,-0.52,1.7689704,2.2889703702926636,2.2889703702926636,177
2024-07-07 07:00:00,-6.08,-1.61711,4.462889986038208,4.462889986038208,177
2024-07-07 08:00:00,-9.28,-4.450138,4.829861907958984,4.829861907958984,177
2024-07-07 09:00:00,-11.36,-21.140427,-9.780426635742188,9.780426635742188,177
2024-07-07 10:00:00,-12.36,-23.091225,-10.731224670410157,10.731224670410157,177
2024-07-07 11:00:00,-20.84,-31.914898,-11.074897918701172,11.074897918701172,177
2024-07-07 12:00:00,-19.67,-27.868912,-8.19891174316406,8.19891174316406,177
2024-07-07 13:00:00,-10.51,-26.598902,-16.08890174865723,16.08890174865723,177
2024-07-07 14:00:00,-3.5,-22.016848,-18.516847610473633,18.516847610473633,177
2024-07-07 15:00:00,0.0,-14.112518,-14.112518310546875,14.112518310546875,177
2024-07-07 16:00:00,4.95,8.895164,3.945163536071777,3.945163536071777,177
2024-07-07 17:00:00,35.94,14.3356495,-21.604350509643552,21.604350509643552,177
2024-07-07 18:00:00,48.94,32.70361,-16.236390533447263,16.236390533447263,177
2024-07-07 19:00:00,61.36,32.827885,-28.532115325927734,28.532115325927734,177
2024-07-07 20:00:00,104.58,34.7491,-69.83090026855469,69.83090026855469,177
2024-07-07 21:00:00,92.58,30.490046,-62.08995445251465,62.08995445251465,177
2024-07-07 22:00:00,81.72,13.809972,-67.91002819061279,67.91002819061279,177
2024-07-07 23:00:00,76.33,10.474822,-65.85517795562744,65.85517795562744,177
2024-07-08 00:00:00,63.88,30.653996,-33.22600448608399,33.22600448608399,178
2024-07-08 01:00:00,64.42,30.052147,-34.36785308837891,34.36785308837891,178
2024-07-08 02:00:00,66.92,29.484566,-37.43543426513672,37.43543426513672,178
2024-07-08 03:00:00,65.5,28.431553,-37.06844711303711,37.06844711303711,178
2024-07-08 04:00:00,76.11,32.196014,-43.913985595703124,43.913985595703124,178
2024-07-08 05:00:00,101.38,42.400345,-58.97965515136718,58.97965515136718,178
2024-07-08 06:00:00,100.61,45.56024,-55.04975830078125,55.04975830078125,178
2024-07-08 07:00:00,78.22,42.027992,-36.19200775146484,36.19200775146484,178
2024-07-08 08:00:00,54.6,23.346558,-31.2534423828125,31.2534423828125,178
2024-07-08 09:00:00,40.88,14.967727,-25.912273292541506,25.912273292541506,178
2024-07-08 10:00:00,35.0,15.222809,-19.777191162109375,19.777191162109375,178
2024-07-08 11:00:00,32.65,16.48995,-16.160049819946288,16.160049819946288,178
2024-07-08 12:00:00,31.98,15.593962,-16.38603828430176,16.38603828430176,178
2024-07-08 13:00:00,38.0,15.4176235,-22.58237648010254,22.58237648010254,178
2024-07-08 14:00:00,37.72,17.474188,-20.24581214904785,20.24581214904785,178
2024-07-08 15:00:00,50.09,23.056995,-27.0330046081543,27.0330046081543,178
2024-07-08 16:00:00,81.38,34.231968,-47.148032073974605,47.148032073974605,178
2024-07-08 17:00:00,93.58,60.616844,-32.963155822753905,32.963155822753905,178
2024-07-08 18:00:00,103.21,75.85879,-27.3512124633789,27.3512124633789,178
2024-07-08 19:00:00,115.15,76.17132,-38.97868194580079,38.97868194580079,178
2024-07-08 20:00:00,109.0,95.507416,-13.492584228515625,13.492584228515625,178
2024-07-08 21:00:00,87.25,80.46502,-6.784980773925781,6.784980773925781,178
2024-07-08 22:00:00,58.29,61.13885,2.8488511657714852,2.8488511657714852,178
2024-07-08 23:00:00,43.69,56.498127,12.80812698364258,12.80812698364258,178
2024-07-09 00:00:00,28.64,50.41154,21.77154098510742,21.77154098510742,179
2024-07-09 01:00:00,10.69,50.830425,40.140425262451174,40.140425262451174,179
2024-07-09 02:00:00,8.71,52.489433,43.77943328857422,43.77943328857422,179
2024-07-09 03:00:00,21.23,54.026188,32.79618789672851,32.79618789672851,179
2024-07-09 04:00:00,25.7,63.417248,37.717247772216794,37.717247772216794,179
2024-07-09 05:00:00,56.67,88.35271,31.682706909179686,31.682706909179686,179
2024-07-09 06:00:00,63.44,87.7747,24.33469635009766,24.33469635009766,179
2024-07-09 07:00:00,54.49,71.62382,17.133817443847654,17.133817443847654,179
2024-07-09 08:00:00,46.63,53.916927,7.286927337646482,7.286927337646482,179
2024-07-09 09:00:00,33.71,39.688866,5.978865661621093,5.978865661621093,179
2024-07-09 10:00:00,21.95,34.641193,12.691193389892579,12.691193389892579,179
2024-07-09 11:00:00,9.63,35.39776,25.767758483886716,25.767758483886716,179
2024-07-09 12:00:00,8.3,32.787468,24.487467956542968,24.487467956542968,179
2024-07-09 13:00:00,15.59,36.225292,20.635292205810547,20.635292205810547,179
2024-07-09 14:00:00,29.39,40.22841,10.838408813476562,10.838408813476562,179
2024-07-09 15:00:00,48.8,55.005344,6.2053443908691435,6.2053443908691435,179
2024-07-09 16:00:00,60.7,73.989716,13.289715576171872,13.289715576171872,179
2024-07-09 17:00:00,84.77,89.35112,4.5811199951171915,4.5811199951171915,179
2024-07-09 18:00:00,106.18,99.81605,-6.363952331542976,6.363952331542976,179
2024-07-09 19:00:00,108.02,104.68628,-3.333720703124996,3.333720703124996,179
2024-07-09 20:00:00,88.92,98.81406,9.894056396484373,9.894056396484373,179
2024-07-09 21:00:00,77.87,82.390625,4.5206249999999955,4.5206249999999955,179
2024-07-09 22:00:00,67.91,63.47955,-4.430450592041012,4.430450592041012,179
2024-07-09 23:00:00,61.33,54.939045,-6.39095504760742,6.39095504760742,179
2024-07-10 00:00:00,62.79,36.97564,-25.81436065673828,25.81436065673828,180
2024-07-10 01:00:00,57.08,38.43278,-18.647218780517576,18.647218780517576,180
2024-07-10 02:00:00,50.32,34.554,-15.765999145507813,15.765999145507813,180
2024-07-10 03:00:00,53.82,37.586315,-16.233684844970703,16.233684844970703,180
2024-07-10 04:00:00,67.81,39.00546,-28.804541168212893,28.804541168212893,180
2024-07-10 05:00:00,78.45,63.406742,-15.043257904052737,15.043257904052737,180
2024-07-10 06:00:00,101.92,65.59185,-36.32814971923828,36.32814971923828,180
2024-07-10 07:00:00,84.93,58.26958,-26.660419158935554,26.660419158935554,180
2024-07-10 08:00:00,65.0,47.084194,-17.91580581665039,17.91580581665039,180
2024-07-10 09:00:00,55.83,30.654768,-25.175232009887694,25.175232009887694,180
2024-07-10 10:00:00,48.7,32.09321,-16.60679168701172,16.60679168701172,180
2024-07-10 11:00:00,43.25,33.425053,-9.824947357177734,9.824947357177734,180
2024-07-10 12:00:00,38.63,27.372309,-11.257691268920901,11.257691268920901,180
2024-07-10 13:00:00,31.56,29.54239,-2.017609176635741,2.017609176635741,180
2024-07-10 14:00:00,40.08,34.3242,-5.755800323486326,5.755800323486326,180
2024-07-10 15:00:00,52.5,52.06253,-0.437469482421875,0.437469482421875,180
2024-07-10 16:00:00,75.0,60.79965,-14.20035171508789,14.20035171508789,180
2024-07-10 17:00:00,99.58,81.939896,-17.640104370117186,17.640104370117186,180
2024-07-10 18:00:00,105.0,99.995285,-5.0047149658203125,5.0047149658203125,180
2024-07-10 19:00:00,94.72,100.23975,5.519753723144532,5.519753723144532,180
2024-07-10 20:00:00,102.75,90.56997,-12.180030822753906,12.180030822753906,180
2024-07-10 21:00:00,92.45,76.00502,-16.44497985839844,16.44497985839844,180
2024-07-10 22:00:00,91.01,63.72583,-27.284169921875005,27.284169921875005,180
2024-07-10 23:00:00,75.41,58.241356,-17.168644104003903,17.168644104003903,180
2024-07-11 00:00:00,75.09,55.324986,-19.765014495849613,19.765014495849613,181
2024-07-11 01:00:00,59.57,52.44352,-7.126480407714844,7.126480407714844,181
2024-07-11 02:00:00,55.09,51.503094,-3.5869062805175815,3.5869062805175815,181
2024-07-11 03:00:00,80.06,49.537167,-30.522833404541018,30.522833404541018,181
2024-07-11 04:00:00,58.47,56.691456,-1.7785441589355457,1.7785441589355457,181
2024-07-11 05:00:00,87.0,73.19853,-13.801467895507812,13.801467895507812,181
2024-07-11 06:00:00,100.96,90.43416,-10.525841674804681,10.525841674804681,181
2024-07-11 07:00:00,89.69,77.123085,-12.566914978027341,12.566914978027341,181
2024-07-11 08:00:00,81.0,54.595314,-26.404685974121094,26.404685974121094,181
2024-07-11 09:00:00,68.49,45.424103,-23.06589721679687,23.06589721679687,181
2024-07-11 10:00:00,60.0,44.05698,-15.94301986694336,15.94301986694336,181
2024-07-11 11:00:00,51.14,34.044586,-17.095413818359376,17.095413818359376,181
2024-07-11 12:00:00,46.8,32.26834,-14.531658935546872,14.531658935546872,181
2024-07-11 13:00:00,50.98,25.992,-24.987999420166012,24.987999420166012,181
2024-07-11 14:00:00,61.24,35.771835,-25.468164672851564,25.468164672851564,181
2024-07-11 15:00:00,71.53,50.80368,-20.726319580078126,20.726319580078126,181
2024-07-11 16:00:00,86.5,70.84256,-15.657440185546875,15.657440185546875,181
2024-07-11 17:00:00,105.22,95.26219,-9.957808227539061,9.957808227539061,181
2024-07-11 18:00:00,108.68,100.664955,-8.01504486083985,8.01504486083985,181
2024-07-11 19:00:00,109.55,100.866135,-8.68386535644531,8.68386535644531,181
2024-07-11 20:00:00,111.39,98.73198,-12.658020629882813,12.658020629882813,181
2024-07-11 21:00:00,97.15,81.36684,-15.783163452148443,15.783163452148443,181
2024-07-11 22:00:00,85.0,73.10209,-11.897911071777344,11.897911071777344,181
2024-07-11 23:00:00,60.15,56.285187,-3.8648132324218736,3.8648132324218736,181
2024-07-12 00:00:00,61.46,56.917988,-4.542012176513673,4.542012176513673,182
2024-07-12 01:00:00,53.45,47.673985,-5.776015472412112,5.776015472412112,182
2024-07-12 02:00:00,27.71,48.68642,20.976420440673827,20.976420440673827,182
2024-07-12 03:00:00,41.5,61.395016,19.895015716552734,19.895015716552734,182
2024-07-12 04:00:00,38.08,49.048912,10.968912048339845,10.968912048339845,182
2024-07-12 05:00:00,53.29,73.55134,20.261338195800782,20.261338195800782,182
2024-07-12 06:00:00,73.72,82.85787,9.137872009277345,9.137872009277345,182
2024-07-12 07:00:00,49.0,72.64727,23.64727020263672,23.64727020263672,182
2024-07-12 08:00:00,47.35,61.933853,14.583853149414061,14.583853149414061,182
2024-07-12 09:00:00,49.98,47.94719,-2.0328106689453094,2.0328106689453094,182
2024-07-12 10:00:00,53.13,41.923275,-11.206725006103518,11.206725006103518,182
2024-07-12 11:00:00,42.16,41.17914,-0.9808618164062466,0.9808618164062466,182
2024-07-12 12:00:00,41.59,39.684994,-1.905006256103519,1.905006256103519,182
2024-07-12 13:00:00,36.03,38.06638,2.0363795471191395,2.0363795471191395,182
2024-07-12 14:00:00,24.45,42.86314,18.413140106201173,18.413140106201173,182
2024-07-12 15:00:00,38.36,57.76086,19.400860443115235,19.400860443115235,182
2024-07-12 16:00:00,46.38,74.22656,27.846562499999997,27.846562499999997,182
2024-07-12 17:00:00,52.8,88.79839,35.99839324951172,35.99839324951172,182
2024-07-12 18:00:00,75.58,93.17043,17.590433044433595,17.590433044433595,182
2024-07-12 19:00:00,89.93,93.73094,3.8009417724609307,3.8009417724609307,182
2024-07-12 20:00:00,87.0,93.54138,6.5413818359375,6.5413818359375,182
2024-07-12 21:00:00,79.97,84.97195,5.001946716308595,5.001946716308595,182
2024-07-12 22:00:00,64.92,71.40845,6.488447265624998,6.488447265624998,182
2024-07-12 23:00:00,57.52,54.57214,-2.9478602600097688,2.9478602600097688,182
2024-07-13 00:00:00,43.46,38.484116,-4.975884399414063,4.975884399414063,183
2024-07-13 01:00:00,39.12,35.59702,-3.522980804443357,3.522980804443357,183
2024-07-13 02:00:00,33.11,20.559868,-12.55013214111328,12.55013214111328,183
2024-07-13 03:00:00,31.44,27.10241,-4.3375906372070325,4.3375906372070325,183
2024-07-13 04:00:00,31.63,23.538847,-8.091153030395507,8.091153030395507,183
2024-07-13 05:00:00,28.21,30.50002,2.2900190734863273,2.2900190734863273,183
2024-07-13 06:00:00,26.6,38.107788,11.507788085937499,11.507788085937499,183
2024-07-13 07:00:00,20.97,27.496334,6.5263340759277355,6.5263340759277355,183
2024-07-13 08:00:00,5.16,26.771225,21.611224975585937,21.611224975585937,183
2024-07-13 09:00:00,0.04,21.942478,21.90247817993164,21.90247817993164,183
2024-07-13 10:00:00,0.0,21.724741,21.724740982055664,21.724740982055664,183
2024-07-13 11:00:00,-4.97,10.014352,14.984351844787597,14.984351844787597,183
2024-07-13 12:00:00,-14.8,10.660918,25.46091823577881,25.46091823577881,183
2024-07-13 13:00:00,-11.24,11.248918,22.48891757965088,22.48891757965088,183
2024-07-13 14:00:00,-2.54,6.213576,8.753575839996337,8.753575839996337,183
2024-07-13 15:00:00,0.9,20.862051,19.962051010131837,19.962051010131837,183
2024-07-13 16:00:00,30.51,38.07568,7.565679779052733,7.565679779052733,183
2024-07-13 17:00:00,49.38,47.251328,-2.128672485351565,2.128672485351565,183
2024-07-13 18:00:00,75.45,58.506153,-16.94384689331055,16.94384689331055,183
2024-07-13 19:00:00,76.02,64.95086,-11.069140930175777,11.069140930175777,183
2024-07-13 20:00:00,79.66,68.187004,-11.472995910644528,11.472995910644528,183
2024-07-13 21:00:00,65.04,58.46918,-6.570818939208991,6.570818939208991,183
2024-07-13 22:00:00,89.19,46.83864,-42.351361694335935,42.351361694335935,183
2024-07-13 23:00:00,63.52,43.17981,-20.340190429687503,20.340190429687503,183
2024-07-14 00:00:00,55.69,30.589893,-25.100106658935545,25.100106658935545,184
2024-07-14 01:00:00,44.57,26.636597,-17.9334033203125,17.9334033203125,184
2024-07-14 02:00:00,37.42,22.102182,-15.317817611694338,15.317817611694338,184
2024-07-14 03:00:00,37.3,21.967417,-15.332583236694333,15.332583236694333,184
2024-07-14 04:00:00,30.36,20.405045,-9.954955444335937,9.954955444335937,184
2024-07-14 05:00:00,14.28,18.226482,3.9464823913574225,3.9464823913574225,184
2024-07-14 06:00:00,0.29,16.899456,16.609456024169923,16.609456024169923,184
2024-07-14 07:00:00,-3.29,15.192408,18.482407608032226,18.482407608032226,184
2024-07-14 08:00:00,-21.03,5.697879,26.72787883758545,26.72787883758545,184
2024-07-14 09:00:00,-40.51,-5.803562,34.70643783569336,34.70643783569336,184
2024-07-14 10:00:00,-59.43,-9.449114,49.980886154174804,49.980886154174804,184
2024-07-14 11:00:00,-73.83,-12.880332,60.94966800689697,60.94966800689697,184
2024-07-14 12:00:00,-74.02,-12.799248,61.22075225830078,61.22075225830078,184
2024-07-14 13:00:00,-51.43,-8.9961605,42.43383949279785,42.43383949279785,184
2024-07-14 14:00:00,-19.34,-5.3594537,13.980546321868896,13.980546321868896,184
2024-07-14 15:00:00,0.0,8.090135,8.090134620666504,8.090134620666504,184
2024-07-14 16:00:00,17.6,30.052553,12.452553176879881,12.452553176879881,184
2024-07-14 17:00:00,44.81,49.82297,5.012971343994138,5.012971343994138,184
2024-07-14 18:00:00,74.57,67.09383,-7.476173706054681,7.476173706054681,184
2024-07-14 19:00:00,95.73,62.95878,-32.77122161865235,32.77122161865235,184
2024-07-14 20:00:00,106.12,77.41866,-28.70133697509766,28.70133697509766,184
2024-07-14 21:00:00,87.53,62.969833,-24.560166625976564,24.560166625976564,184
2024-07-14 22:00:00,80.02,65.52765,-14.492351074218746,14.492351074218746,184
2024-07-14 23:00:00,66.64,43.42967,-23.21033157348633,23.21033157348633,184
2024-07-15 00:00:00,58.98,51.86977,-7.110229949951169,7.110229949951169,185
2024-07-15 01:00:00,50.01,44.459248,-5.55075241088867,5.55075241088867,185
2024-07-15 02:00:00,48.28,38.500877,-9.779122619628907,9.779122619628907,185
2024-07-15 03:00:00,50.08,39.30222,-10.777780609130858,10.777780609130858,185
2024-07-15 04:00:00,53.8,38.189087,-15.610913085937497,15.610913085937497,185
2024-07-15 05:00:00,66.61,56.087673,-10.52232681274414,10.52232681274414,185
2024-07-15 06:00:00,82.15,52.611217,-29.53878250122071,29.53878250122071,185
2024-07-15 07:00:00,62.01,45.479134,-16.530866394042967,16.530866394042967,185
2024-07-15 08:00:00,39.49,32.9758,-6.514200439453127,6.514200439453127,185
2024-07-15 09:00:00,15.84,17.443777,1.603777084350586,1.603777084350586,185
2024-07-15 10:00:00,6.06,15.856122,9.79612201690674,9.79612201690674,185
2024-07-15 11:00:00,3.74,15.109667,11.36966682434082,11.36966682434082,185
2024-07-15 12:00:00,3.9,10.562362,6.662361717224121,6.662361717224121,185
2024-07-15 13:00:00,9.18,11.491903,2.311903305053711,2.311903305053711,185
2024-07-15 14:00:00,26.52,13.285203,-13.234797019958496,13.234797019958496,185
2024-07-15 15:00:00,31.5,25.920444,-5.579555511474609,5.579555511474609,185
2024-07-15 16:00:00,44.85,41.848236,-3.0017639160156264,3.0017639160156264,185
2024-07-15 17:00:00,60.0,68.976425,8.976425170898438,8.976425170898438,185
2024-07-15 18:00:00,80.0,87.91291,7.912910461425781,7.912910461425781,185
2024-07-15 19:00:00,86.08,98.32109,12.24109069824219,12.24109069824219,185
2024-07-15 20:00:00,93.93,95.5961,1.6660998535156182,1.6660998535156182,185
2024-07-15 21:00:00,80.65,82.07185,1.4218536376953068,1.4218536376953068,185
2024-07-15 22:00:00,45.49,61.020287,15.530286560058592,15.530286560058592,185
2024-07-15 23:00:00,19.63,53.123695,33.49369537353516,33.49369537353516,185
2024-07-17 00:00:00,73.14,51.128246,-22.011753692626954,22.011753692626954,187
2024-07-17 01:00:00,70.76,39.574062,-31.185937652587896,31.185937652587896,187
2024-07-17 02:00:00,71.23,39.861004,-31.368996124267582,31.368996124267582,187
2024-07-17 03:00:00,77.84,39.17133,-38.66867050170899,38.66867050170899,187
2024-07-17 04:00:00,91.02,42.274395,-48.745605010986324,48.745605010986324,187
2024-07-17 05:00:00,100.9,53.777287,-47.12271347045899,47.12271347045899,187
2024-07-17 06:00:00,105.7,55.931892,-49.76810760498047,49.76810760498047,187
2024-07-17 07:00:00,79.04,55.580276,-23.459723510742194,23.459723510742194,187
2024-07-17 08:00:00,60.26,46.92687,-13.333131561279295,13.333131561279295,187
2024-07-17 09:00:00,44.8,38.65893,-6.141068267822263,6.141068267822263,187
2024-07-17 10:00:00,36.48,31.421259,-5.058741073608395,5.058741073608395,187
2024-07-17 11:00:00,26.62,30.168083,3.5480831909179678,3.5480831909179678,187
2024-07-17 12:00:00,17.04,28.799538,11.759537658691407,11.759537658691407,187
2024-07-17 13:00:00,19.58,25.699764,6.119764251708986,6.119764251708986,187
2024-07-17 14:00:00,44.73,30.767176,-13.96282432556152,13.96282432556152,187
2024-07-17 15:00:00,65.94,44.154243,-21.785756530761716,21.785756530761716,187
2024-07-17 16:00:00,87.69,67.37082,-20.319180908203123,20.319180908203123,187
2024-07-17 17:00:00,104.63,98.12698,-6.5030163574218705,6.5030163574218705,187
2024-07-17 18:00:00,115.75,101.75458,-13.99542236328125,13.99542236328125,187
2024-07-17 19:00:00,125.26,111.633766,-13.626233825683599,13.626233825683599,187
2024-07-17 20:00:00,113.51,97.38709,-16.122907409667974,16.122907409667974,187
2024-07-17 21:00:00,88.48,84.83065,-3.6493496704101602,3.6493496704101602,187
2024-07-17 22:00:00,91.06,80.57168,-10.488321838378909,10.488321838378909,187
2024-07-17 23:00:00,80.65,68.11275,-12.537252807617193,12.537252807617193,187
2024-07-18 00:00:00,67.9,61.37612,-6.523878479003912,6.523878479003912,188
2024-07-18 01:00:00,74.06,52.308422,-21.751577911376955,21.751577911376955,188
2024-07-18 02:00:00,66.4,56.698147,-9.701853179931646,9.701853179931646,188
2024-07-18 03:00:00,69.35,58.56067,-10.789331054687494,10.789331054687494,188
2024-07-18 04:00:00,79.46,68.19049,-11.269509277343744,11.269509277343744,188
2024-07-18 05:00:00,98.83,74.75743,-24.07256896972656,24.07256896972656,188
2024-07-18 06:00:00,97.41,71.45034,-25.959659729003903,25.959659729003903,188
2024-07-18 07:00:00,80.78,67.35663,-13.423371582031251,13.423371582031251,188
2024-07-18 08:00:00,66.18,61.834995,-4.345004730224616,4.345004730224616,188
2024-07-18 09:00:00,50.25,50.51327,0.2632713317871094,0.2632713317871094,188
2024-07-18 10:00:00,38.66,39.500877,0.8408773803710972,0.8408773803710972,188
2024-07-18 11:00:00,37.79,33.88455,-3.9054518127441398,3.9054518127441398,188
2024-07-18 12:00:00,40.97,22.12703,-18.842970581054686,18.842970581054686,188
2024-07-18 13:00:00,52.36,22.150843,-30.209157333374023,30.209157333374023,188
2024-07-18 14:00:00,70.97,41.685722,-29.28427764892578,29.28427764892578,188
2024-07-18 15:00:00,88.98,48.427174,-40.55282638549805,40.55282638549805,188
2024-07-18 16:00:00,102.85,80.769394,-22.080606079101557,22.080606079101557,188
2024-07-18 17:00:00,121.22,99.07501,-22.14498779296875,22.14498779296875,188
2024-07-18 18:00:00,130.05,114.23937,-15.810627746582043,15.810627746582043,188
2024-07-18 19:00:00,138.23,122.703125,-15.52687499999999,15.52687499999999,188
2024-07-18 20:00:00,121.89,107.88423,-14.005768432617188,14.005768432617188,188
2024-07-18 21:00:00,102.25,90.89125,-11.358749389648438,11.358749389648438,188
2024-07-18 22:00:00,91.24,82.027985,-9.21201538085937,9.21201538085937,188
2024-07-18 23:00:00,80.86,77.35481,-3.505187377929687,3.505187377929687,188
2024-07-19 00:00:00,80.31,66.77397,-13.536028442382815,13.536028442382815,189
2024-07-19 01:00:00,70.62,62.358982,-8.261017913818364,8.261017913818364,189
2024-07-19 02:00:00,66.8,62.26739,-4.532608795166013,4.532608795166013,189
2024-07-19 03:00:00,75.71,68.4025,-7.307503662109369,7.307503662109369,189
2024-07-19 04:00:00,78.7,66.0394,-12.660601806640628,12.660601806640628,189
2024-07-19 05:00:00,96.94,80.61476,-16.325238647460935,16.325238647460935,189
2024-07-19 06:00:00,98.4,86.65517,-11.744833374023443,11.744833374023443,189
2024-07-19 07:00:00,81.43,69.87327,-11.5567318725586,11.5567318725586,189
2024-07-19 08:00:00,70.75,54.373764,-16.376235961914062,16.376235961914062,189
2024-07-19 09:00:00,60.77,47.75807,-13.01192810058594,13.01192810058594,189
2024-07-19 10:00:00,47.39,38.48128,-8.908718719482422,8.908718719482422,189
2024-07-19 11:00:00,40.03,35.843517,-4.186482696533204,4.186482696533204,189
2024-07-19 12:00:00,39.84,37.070526,-2.7694738769531284,2.7694738769531284,189
2024-07-19 13:00:00,46.02,47.058315,1.0383152770996062,1.0383152770996062,189
2024-07-19 14:00:00,66.49,64.93779,-1.5522100830078074,1.5522100830078074,189
2024-07-19 15:00:00,78.05,78.42811,0.3781082153320341,0.3781082153320341,189
2024-07-19 16:00:00,85.06,92.83674,7.776738586425779,7.776738586425779,189
2024-07-19 17:00:00,98.1,113.18833,15.088331604003912,15.088331604003912,189
2024-07-19 18:00:00,111.9,117.584526,5.684526062011713,5.684526062011713,189
2024-07-19 19:00:00,121.22,123.57344,2.3534405517578136,2.3534405517578136,189
2024-07-19 20:00:00,107.39,116.137375,8.747374877929687,8.747374877929687,189
2024-07-19 21:00:00,91.88,96.44252,4.562520141601567,4.562520141601567,189
2024-07-19 22:00:00,95.24,94.61286,-0.6271383666992136,0.6271383666992136,189
2024-07-19 23:00:00,89.74,85.538414,-4.201585998535151,4.201585998535151,189
2024-07-20 00:00:00,86.08,81.01577,-5.0642300415039045,5.0642300415039045,190
2024-07-20 01:00:00,77.73,85.74764,8.01764251708984,8.01764251708984,190
2024-07-20 02:00:00,78.09,66.50561,-11.584392395019535,11.584392395019535,190
2024-07-20 03:00:00,81.83,77.348785,-4.481214599609373,4.481214599609373,190
2024-07-20 04:00:00,76.29,75.19822,-1.0917807006836,1.0917807006836,190
2024-07-20 05:00:00,65.6,75.55595,9.955946350097662,9.955946350097662,190
2024-07-20 06:00:00,67.74,64.894196,-2.84580444335937,2.84580444335937,190
2024-07-20 07:00:00,50.0,53.058746,3.058746337890625,3.058746337890625,190
2024-07-20 08:00:00,9.96,53.54382,43.58381942749023,43.58381942749023,190
2024-07-20 09:00:00,1.57,32.987442,31.417442016601562,31.417442016601562,190
2024-07-20 10:00:00,0.44,22.65509,22.21509033203125,22.21509033203125,190
2024-07-20 11:00:00,0.0,19.90276,19.902759552001953,19.902759552001953,190
2024-07-20 12:00:00,-0.01,17.88954,17.89953971862793,17.89953971862793,190
2024-07-20 13:00:00,1.5,15.145236,13.645236015319824,13.645236015319824,190
2024-07-20 14:00:00,3.97,30.98448,27.014479904174806,27.014479904174806,190
2024-07-20 15:00:00,41.3,33.723827,-7.57617263793945,7.57617263793945,190
2024-07-20 16:00:00,52.02,53.67963,1.6596302795410125,1.6596302795410125,190
2024-07-20 17:00:00,60.64,79.3585,18.718497619628906,18.718497619628906,190
2024-07-20 18:00:00,60.05,92.78992,32.7399169921875,32.7399169921875,190
2024-07-20 19:00:00,87.93,98.55973,10.62973052978515,10.62973052978515,190
2024-07-20 20:00:00,88.31,89.64041,1.3304113769531227,1.3304113769531227,190
2024-07-20 21:00:00,80.68,84.49461,3.8146136474609307,3.8146136474609307,190
2024-07-20 22:00:00,67.98,73.87773,5.8977313232421835,5.8977313232421835,190
2024-07-20 23:00:00,49.77,73.482796,23.712795715332028,23.712795715332028,190
2024-07-22 00:00:00,58.84,67.290955,8.450954589843747,8.450954589843747,192
2024-07-22 01:00:00,49.99,64.33961,14.34960723876953,14.34960723876953,192
2024-07-22 02:00:00,48.17,56.94778,8.777780609130858,8.777780609130858,192
2024-07-22 03:00:00,57.87,56.851376,-1.018624420166013,1.018624420166013,192
2024-07-22 04:00:00,54.0,56.90426,2.9042587280273438,2.9042587280273438,192
2024-07-22 05:00:00,56.96,71.62777,14.667769470214843,14.667769470214843,192
2024-07-22 06:00:00,68.2,75.3918,7.19179992675781,7.19179992675781,192
2024-07-22 07:00:00,53.68,71.882935,18.2029345703125,18.2029345703125,192
2024-07-22 08:00:00,56.18,59.595516,3.4155162048339847,3.4155162048339847,192
2024-07-22 09:00:00,51.4,55.200108,3.800107574462892,3.800107574462892,192
2024-07-22 10:00:00,51.39,44.482964,-6.907036437988282,6.907036437988282,192
2024-07-22 11:00:00,37.03,41.949223,4.9192225646972645,4.9192225646972645,192
2024-07-22 12:00:00,23.18,34.4799,11.299900360107422,11.299900360107422,192
2024-07-22 13:00:00,24.13,39.2149,15.084900970458985,15.084900970458985,192
2024-07-22 14:00:00,41.89,33.566296,-8.323704376220704,8.323704376220704,192
2024-07-22 15:00:00,56.31,40.450798,-15.859201965332034,15.859201965332034,192
2024-07-22 16:00:00,62.27,55.01817,-7.251830596923831,7.251830596923831,192
2024-07-22 17:00:00,82.87,79.73182,-3.1381808471679733,3.1381808471679733,192
2024-07-22 18:00:00,88.79,91.924484,3.1344842529296812,3.1344842529296812,192
2024-07-22 19:00:00,77.46,89.8185,12.358496704101569,12.358496704101569,192
2024-07-22 20:00:00,100.59,89.58215,-11.007846679687503,11.007846679687503,192
2024-07-22 21:00:00,77.05,84.88696,7.836962890625003,7.836962890625003,192
2024-07-22 22:00:00,76.67,67.02668,-9.64332000732422,9.64332000732422,192
2024-07-22 23:00:00,54.46,62.68749,8.227488555908202,8.227488555908202,192
2024-07-23 00:00:00,44.61,56.13126,11.521259918212891,11.521259918212891,193
2024-07-23 01:00:00,44.57,49.116535,4.546535186767578,4.546535186767578,193
2024-07-23 02:00:00,38.32,44.99676,6.676761322021484,6.676761322021484,193
2024-07-23 03:00:00,44.49,49.407482,4.917482147216795,4.917482147216795,193
2024-07-23 04:00:00,52.2,49.551693,-2.6483070373535185,2.6483070373535185,193
2024-07-23 05:00:00,52.0,70.789635,18.789634704589844,18.789634704589844,193
2024-07-23 06:00:00,72.69,73.725006,1.0350061035156273,1.0350061035156273,193
2024-07-23 07:00:00,62.46,68.04936,5.589362182617187,5.589362182617187,193
2024-07-23 08:00:00,48.68,52.799427,4.119427032470703,4.119427032470703,193
2024-07-23 09:00:00,36.95,42.33577,5.38576965332031,5.38576965332031,193
2024-07-23 10:00:00,7.36,40.701355,33.34135498046875,33.34135498046875,193
2024-07-23 11:00:00,10.04,38.765755,28.725754699707032,28.725754699707032,193
2024-07-23 12:00:00,9.37,23.793415,14.423415069580079,14.423415069580079,193
2024-07-23 13:00:00,4.84,28.693153,23.853153381347656,23.853153381347656,193
2024-07-23 14:00:00,19.82,42.35651,22.536510162353515,22.536510162353515,193
2024-07-23 15:00:00,41.99,52.708767,10.718766937255857,10.718766937255857,193
2024-07-23 16:00:00,84.32,67.269646,-17.050354309082024,17.050354309082024,193
2024-07-23 17:00:00,90.67,86.48754,-4.182458801269533,4.182458801269533,193
2024-07-23 18:00:00,105.11,92.00702,-13.10298095703125,13.10298095703125,193
2024-07-23 19:00:00,97.61,87.850624,-9.759375915527343,9.759375915527343,193
2024-07-23 20:00:00,102.05,94.02707,-8.022930908203122,8.022930908203122,193
2024-07-23 21:00:00,91.73,81.06868,-10.661320190429691,10.661320190429691,193
2024-07-23 22:00:00,83.05,73.47708,-9.572918701171872,9.572918701171872,193
2024-07-23 23:00:00,78.11,66.882034,-11.227965698242187,11.227965698242187,193
2024-07-24 00:00:00,73.95,58.33877,-15.611228179931643,15.611228179931643,194
2024-07-24 01:00:00,58.6,60.14234,1.5423416137695298,1.5423416137695298,194
2024-07-24 02:00:00,56.04,55.301834,-0.7381658935546866,0.7381658935546866,194
2024-07-24 03:00:00,65.01,61.085533,-3.9244668579101614,3.9244668579101614,194
2024-07-24 04:00:00,72.0,68.192406,-3.8075942993164062,3.8075942993164062,194
2024-07-24 05:00:00,75.85,80.68659,4.836592102050787,4.836592102050787,194
2024-07-24 06:00:00,99.8,85.62299,-14.177006530761716,14.177006530761716,194
2024-07-24 07:00:00,75.11,72.34352,-2.766478881835937,2.766478881835937,194
2024-07-24 08:00:00,57.1,61.45173,4.35172882080078,4.35172882080078,194
2024-07-24 09:00:00,24.06,47.93379,23.873788299560548,23.873788299560548,194
2024-07-24 10:00:00,6.16,39.64334,33.48334106445313,33.48334106445313,194
2024-07-24 11:00:00,3.35,41.500042,38.15004196166992,38.15004196166992,194
2024-07-24 12:00:00,0.01,41.417225,41.407224884033205,41.407224884033205,194
2024-07-24 13:00:00,5.5,38.966255,33.46625518798828,33.46625518798828,194
2024-07-24 14:00:00,12.8,46.74571,33.945708465576175,33.945708465576175,194
2024-07-24 15:00:00,47.14,74.85008,27.710082397460937,27.710082397460937,194
2024-07-24 16:00:00,74.54,99.62418,25.08418365478515,25.08418365478515,194
2024-07-24 17:00:00,100.85,106.31734,5.467337036132818,5.467337036132818,194
2024-07-24 18:00:00,108.98,118.03708,9.057078857421871,9.057078857421871,194
2024-07-24 19:00:00,112.8,103.20865,-9.591351318359372,9.591351318359372,194
2024-07-24 20:00:00,99.24,96.91945,-2.3205511474609324,2.3205511474609324,194
2024-07-24 21:00:00,75.12,91.280075,16.160075073242183,16.160075073242183,194
2024-07-24 22:00:00,40.64,79.833954,39.193953857421874,39.193953857421874,194
2024-07-24 23:00:00,39.79,72.80173,33.011727294921876,33.011727294921876,194
2024-07-25 00:00:00,45.42,63.53833,18.118330078125,18.118330078125,195
2024-07-25 01:00:00,48.1,59.70083,11.600828552246092,11.600828552246092,195
2024-07-25 02:00:00,45.06,57.271088,12.211087646484373,12.211087646484373,195
2024-07-25 03:00:00,40.78,53.416416,12.63641616821289,12.63641616821289,195
2024-07-25 04:00:00,53.59,59.813732,6.2237321472167935,6.2237321472167935,195
2024-07-25 05:00:00,53.21,69.05349,15.843489685058593,15.843489685058593,195
2024-07-25 06:00:00,61.26,83.50303,22.24302886962891,22.24302886962891,195
2024-07-25 07:00:00,44.89,64.2376,19.347602233886718,19.347602233886718,195
2024-07-25 08:00:00,48.11,54.633556,6.523556365966797,6.523556365966797,195
2024-07-25 09:00:00,36.95,31.997955,-4.952044677734378,4.952044677734378,195
2024-07-25 10:00:00,24.31,27.798923,3.488923492431642,3.488923492431642,195
2024-07-25 11:00:00,17.36,20.723831,3.363831176757813,3.363831176757813,195
2024-07-25 12:00:00,13.27,10.038515,-3.2314849090576168,3.2314849090576168,195
2024-07-25 13:00:00,26.2,19.159998,-7.040002059936523,7.040002059936523,195
2024-07-25 14:00:00,51.58,30.946363,-20.63363655090332,20.63363655090332,195
2024-07-25 15:00:00,54.3,51.437515,-2.8624847412109347,2.8624847412109347,195
2024-07-25 16:00:00,70.92,63.443924,-7.476076049804689,7.476076049804689,195
2024-07-25 17:00:00,86.93,89.29628,2.3662799072265557,2.3662799072265557,195
2024-07-25 18:00:00,106.44,95.6437,-10.796300354003904,10.796300354003904,195
2024-07-25 19:00:00,99.5,89.54687,-9.953132629394531,9.953132629394531,195
2024-07-25 20:00:00,100.0,88.0979,-11.902099609375,11.902099609375,195
2024-07-25 21:00:00,84.86,71.538704,-13.321296081542968,13.321296081542968,195
2024-07-25 22:00:00,59.07,50.946747,-8.123253173828125,8.123253173828125,195
2024-07-25 23:00:00,70.65,45.825584,-24.824415588378912,24.824415588378912,195
2024-07-26 00:00:00,51.42,47.864292,-3.555707855224611,3.555707855224611,196
2024-07-26 01:00:00,53.63,55.01755,1.387551422119138,1.387551422119138,196
2024-07-26 02:00:00,52.27,41.24053,-11.02947189331055,11.02947189331055,196
2024-07-26 03:00:00,55.16,48.785652,-6.374347839355465,6.374347839355465,196
2024-07-26 04:00:00,55.9,58.790752,2.8907524108886733,2.8907524108886733,196
2024-07-26 05:00:00,57.51,68.63936,11.129358520507814,11.129358520507814,196
2024-07-26 06:00:00,78.28,79.115166,0.8351657104492176,0.8351657104492176,196
2024-07-26 07:00:00,84.77,62.041775,-22.728225250244137,22.728225250244137,196
2024-07-26 08:00:00,75.84,58.35152,-17.488479461669925,17.488479461669925,196
2024-07-26 09:00:00,62.91,38.317924,-24.592075500488278,24.592075500488278,196
2024-07-26 10:00:00,64.4,33.953568,-30.446432495117193,30.446432495117193,196
2024-07-26 11:00:00,46.51,26.3027,-20.20729995727539,20.20729995727539,196
2024-07-26 12:00:00,46.67,21.175554,-25.494445724487306,25.494445724487306,196
2024-07-26 13:00:00,48.7,28.010563,-20.689437103271487,20.689437103271487,196
2024-07-26 14:00:00,57.21,44.879936,-12.330063781738282,12.330063781738282,196
2024-07-26 15:00:00,72.8,47.696228,-25.103771972656247,25.103771972656247,196
2024-07-26 16:00:00,76.0,61.35737,-14.642631530761719,14.642631530761719,196
2024-07-26 17:00:00,82.22,84.93483,2.7148297119140636,2.7148297119140636,196
2024-07-26 18:00:00,68.28,93.488144,25.208143920898436,25.208143920898436,196
2024-07-26 19:00:00,62.79,91.51134,28.72133728027344,28.72133728027344,196
2024-07-26 20:00:00,80.39,89.046455,8.65645538330078,8.65645538330078,196
2024-07-26 21:00:00,91.02,75.477356,-15.542644042968746,15.542644042968746,196
2024-07-26 22:00:00,74.94,62.720146,-12.219853820800779,12.219853820800779,196
2024-07-26 23:00:00,52.7,59.78065,7.080651092529294,7.080651092529294,196
2024-07-27 00:00:00,42.8,45.712906,2.9129058837890653,2.9129058837890653,197
2024-07-27 01:00:00,41.28,51.605766,10.325766296386718,10.325766296386718,197
2024-07-27 02:00:00,39.43,46.89603,7.466030426025391,7.466030426025391,197
2024-07-27 03:00:00,43.78,38.499287,-5.280713348388673,5.280713348388673,197
2024-07-27 04:00:00,37.86,45.63807,7.778069152832032,7.778069152832032,197
2024-07-27 05:00:00,29.06,32.73708,3.6770796203613294,3.6770796203613294,197
2024-07-27 06:00:00,39.28,36.414272,-2.8657276916503918,2.8657276916503918,197
2024-07-27 07:00:00,40.86,32.6885,-8.171500549316406,8.171500549316406,197
2024-07-27 08:00:00,47.09,22.747353,-24.342647399902347,24.342647399902347,197
2024-07-27 09:00:00,39.9,11.641148,-28.258852386474608,28.258852386474608,197
2024-07-27 10:00:00,28.0,9.860131,-18.13986873626709,18.13986873626709,197
2024-07-27 11:00:00,17.8,-2.6087031,-20.408703136444093,20.408703136444093,197
2024-07-27 12:00:00,17.92,3.6502204,-14.26977960586548,14.26977960586548,197
2024-07-27 13:00:00,18.8,5.3117366,-13.488263416290284,13.488263416290284,197
2024-07-27 14:00:00,15.0,16.263596,1.2635955810546875,1.2635955810546875,197
2024-07-27 15:00:00,31.51,29.064623,-2.4453771209716813,2.4453771209716813,197
2024-07-27 16:00:00,55.24,42.453487,-12.786512603759768,12.786512603759768,197
2024-07-27 17:00:00,56.7,51.956696,-4.743304443359378,4.743304443359378,197
2024-07-27 18:00:00,52.13,58.836185,6.706185455322263,6.706185455322263,197
2024-07-27 19:00:00,53.85,57.76677,3.916769409179686,3.916769409179686,197
2024-07-27 20:00:00,60.69,71.61957,10.929567871093752,10.929567871093752,197
2024-07-27 21:00:00,56.71,66.14631,9.43630889892578,9.43630889892578,197
2024-07-27 22:00:00,30.0,48.1458,18.145801544189453,18.145801544189453,197
2024-07-27 23:00:00,39.46,37.72771,-1.7322892761230477,1.7322892761230477,197
2024-07-30 00:00:00,42.91,24.241089,-18.668911132812497,18.668911132812497,200
2024-07-30 01:00:00,40.63,24.089762,-16.540238265991213,16.540238265991213,200
2024-07-30 02:00:00,36.36,20.31656,-16.04343925476074,16.04343925476074,200
2024-07-30 03:00:00,43.66,22.110353,-21.549646530151364,21.549646530151364,200
2024-07-30 04:00:00,48.13,29.215956,-18.914044265747073,18.914044265747073,200
2024-07-30 05:00:00,55.08,42.880024,-12.19997604370117,12.19997604370117,200
2024-07-30 06:00:00,61.31,52.634647,-8.675352630615237,8.675352630615237,200
2024-07-30 07:00:00,51.87,46.571724,-5.298276062011716,5.298276062011716,200
2024-07-30 08:00:00,37.52,41.296272,3.776272277832028,3.776272277832028,200
2024-07-30 09:00:00,7.84,23.00488,15.164880905151367,15.164880905151367,200
2024-07-30 10:00:00,1.13,14.569537,13.439537162780763,13.439537162780763,200
2024-07-30 11:00:00,0.04,8.989658,8.949658355712891,8.949658355712891,200
2024-07-30 12:00:00,0.71,2.2486646,1.5386646175384522,1.5386646175384522,200
2024-07-30 13:00:00,13.65,-3.2580888,-16.908088827133177,16.908088827133177,200
2024-07-30 14:00:00,41.6,-0.19029185,-41.79029185175896,41.79029185175896,200
2024-07-30 15:00:00,68.1,35.030285,-33.0697151184082,33.0697151184082,200
2024-07-30 16:00:00,83.74,52.34071,-31.399290313720698,31.399290313720698,200
2024-07-30 17:00:00,108.31,83.69423,-24.61577087402344,24.61577087402344,200
2024-07-30 18:00:00,100.25,94.94806,-5.30194091796875,5.30194091796875,200
2024-07-30 19:00:00,109.53,102.63487,-6.895127563476564,6.895127563476564,200
2024-07-30 20:00:00,105.73,102.01861,-3.7113919067382852,3.7113919067382852,200
2024-07-30 21:00:00,99.04,87.32168,-11.718321838378913,11.718321838378913,200
2024-07-30 22:00:00,93.97,69.871765,-24.09823486328125,24.09823486328125,200
2024-07-30 23:00:00,69.03,64.68359,-4.346406250000001,4.346406250000001,200
2024-07-31 00:00:00,62.25,53.603542,-8.64645767211914,8.64645767211914,201
2024-07-31 01:00:00,49.15,53.540623,4.390622711181642,4.390622711181642,201
2024-07-31 02:00:00,43.27,49.565907,6.2959065246582,6.2959065246582,201
2024-07-31 03:00:00,48.18,49.317093,1.1370928955078128,1.1370928955078128,201
2024-07-31 04:00:00,60.39,58.637196,-1.7528044128417974,1.7528044128417974,201
2024-07-31 05:00:00,60.71,72.32638,11.616377868652343,11.616377868652343,201
2024-07-31 06:00:00,91.57,76.665726,-14.90427429199218,14.90427429199218,201
2024-07-31 07:00:00,71.81,64.17008,-7.639917907714846,7.639917907714846,201
2024-07-31 08:00:00,55.89,46.442226,-9.447773590087891,9.447773590087891,201
2024-07-31 09:00:00,33.46,40.201717,6.7417173767089835,6.7417173767089835,201
2024-07-31 10:00:00,26.75,44.894108,18.144107818603516,18.144107818603516,201
2024-07-31 11:00:00,16.95,28.7857,11.835699844360352,11.835699844360352,201
2024-07-31 12:00:00,22.63,23.938562,1.3085623931884776,1.3085623931884776,201
2024-07-31 13:00:00,33.39,34.16568,0.7756799316406244,0.7756799316406244,201
2024-07-31 14:00:00,46.09,47.781815,1.691814575195309,1.691814575195309,201
2024-07-31 15:00:00,76.52,57.258137,-19.261863250732418,19.261863250732418,201
2024-07-31 16:00:00,94.37,80.99996,-13.37003814697266,13.37003814697266,201
2024-07-31 17:00:00,111.14,95.72036,-15.419640197753907,15.419640197753907,201
2024-07-31 18:00:00,108.57,98.27455,-10.29544860839843,10.29544860839843,201
2024-07-31 19:00:00,97.1,109.29455,12.194548034667974,12.194548034667974,201
2024-07-31 20:00:00,103.46,96.37861,-7.0813912963867125,7.0813912963867125,201
2024-07-31 21:00:00,96.78,87.947945,-8.83205535888672,8.83205535888672,201
2024-07-31 22:00:00,96.91,77.20913,-19.700870666503903,19.700870666503903,201
2024-07-31 23:00:00,81.91,59.82205,-22.087951812744137,22.087951812744137,201
2024-08-01 00:00:00,86.95,26.545677,-60.40432281494141,60.40432281494141,202
2024-08-01 01:00:00,72.24,21.084738,-51.155262222290034,51.155262222290034,202
2024-08-01 02:00:00,66.69,12.216783,-54.473217430114744,54.473217430114744,202
2024-08-01 03:00:00,62.13,19.731123,-42.39887702941895,42.39887702941895,202
2024-08-01 04:00:00,57.2,26.725203,-30.474797439575198,30.474797439575198,202
2024-08-01 05:00:00,71.99,25.891806,-46.098194351196284,46.098194351196284,202
2024-08-01 06:00:00,105.95,31.325863,-74.62413711547852,74.62413711547852,202
2024-08-01 07:00:00,90.1,23.386026,-66.7139736175537,66.7139736175537,202
2024-08-01 08:00:00,76.95,19.838692,-57.11130828857422,57.11130828857422,202
2024-08-01 09:00:00,67.64,12.856706,-54.78329433441162,54.78329433441162,202
2024-08-01 10:00:00,64.03,9.139332,-54.89066818237305,54.89066818237305,202
2024-08-01 11:00:00,60.0,4.6704445,-55.32955551147461,55.32955551147461,202
2024-08-01 12:00:00,59.96,2.8096154,-57.15038462638855,57.15038462638855,202
2024-08-01 13:00:00,65.43,13.161327,-52.26867263793946,52.26867263793946,202
2024-08-01 14:00:00,47.26,20.416317,-26.843683013916014,26.843683013916014,202
2024-08-01 15:00:00,65.83,51.893223,-13.936777191162108,13.936777191162108,202
2024-08-01 16:00:00,94.37,69.32635,-25.043652648925786,25.043652648925786,202
2024-08-01 17:00:00,106.07,77.13109,-28.938911743164056,28.938911743164056,202
2024-08-01 18:00:00,101.75,67.96777,-33.7822265625,33.7822265625,202
2024-08-01 19:00:00,103.3,70.70776,-32.592236328125,32.592236328125,202
2024-08-01 20:00:00,108.95,69.896866,-39.05313415527344,39.05313415527344,202
2024-08-01 21:00:00,91.99,66.893776,-25.09622406005859,25.09622406005859,202
2024-08-01 22:00:00,93.93,53.408146,-40.52185409545899,40.52185409545899,202
2024-08-01 23:00:00,79.36,34.001804,-45.35819564819336,45.35819564819336,202
2024-08-02 00:00:00,82.25,77.39944,-4.850563049316406,4.850563049316406,203
2024-08-02 01:00:00,69.34,67.5444,-1.7955969238281284,1.7955969238281284,203
2024-08-02 02:00:00,61.16,67.82732,6.667316284179691,6.667316284179691,203
2024-08-02 03:00:00,58.33,66.19821,7.868211669921877,7.868211669921877,203
2024-08-02 04:00:00,76.77,65.465576,-11.304423828124996,11.304423828124996,203
2024-08-02 05:00:00,107.14,79.048,-28.092003479003907,28.092003479003907,203
2024-08-02 06:00:00,109.7,85.79901,-23.900988769531253,23.900988769531253,203
2024-08-02 07:00:00,104.42,74.13137,-30.288629455566408,30.288629455566408,203
2024-08-02 08:00:00,75.59,62.470596,-13.119403686523441,13.119403686523441,203
2024-08-02 09:00:00,65.16,64.01008,-1.1499215698242153,1.1499215698242153,203
2024-08-02 10:00:00,69.83,63.044,-6.7860012817382795,6.7860012817382795,203
2024-08-02 11:00:00,58.09,59.232567,1.1425668334960903,1.1425668334960903,203
2024-08-02 12:00:00,53.06,51.916733,-1.1432672119140648,1.1432672119140648,203
2024-08-02 13:00:00,51.24,46.448963,-4.791036834716799,4.791036834716799,203
2024-08-02 14:00:00,49.95,54.538616,4.588616180419919,4.588616180419919,203
2024-08-02 15:00:00,58.77,64.759964,5.989963989257809,5.989963989257809,203
2024-08-02 16:00:00,65.0,84.46218,19.462181091308594,19.462181091308594,203
2024-08-02 17:00:00,88.0,103.276,15.2760009765625,15.2760009765625,203
2024-08-02 18:00:00,100.2,90.85601,-9.343989562988284,9.343989562988284,203
2024-08-02 19:00:00,105.51,93.74667,-11.76332641601563,11.76332641601563,203
2024-08-02 20:00:00,102.51,95.33591,-7.17409301757813,7.17409301757813,203
2024-08-02 21:00:00,98.57,89.11334,-9.456657714843743,9.456657714843743,203
2024-08-02 22:00:00,62.52,87.30547,24.785473327636716,24.785473327636716,203
2024-08-02 23:00:00,45.41,77.29271,31.88270935058594,31.88270935058594,203
2024-08-03 00:00:00,43.01,76.25179,33.241792907714846,33.241792907714846,204
2024-08-03 01:00:00,32.81,58.20751,25.397511901855466,25.397511901855466,204
2024-08-03 02:00:00,29.95,52.2734,22.323399353027344,22.323399353027344,204
2024-08-03 03:00:00,35.48,48.225754,12.74575378417969,12.74575378417969,204
2024-08-03 04:00:00,32.63,62.954304,30.324303741455076,30.324303741455076,204
2024-08-03 05:00:00,33.89,59.682285,25.79228530883789,25.79228530883789,204
2024-08-03 06:00:00,33.9,62.46493,28.56493148803711,28.56493148803711,204
2024-08-03 07:00:00,26.34,58.93256,32.59255996704101,32.59255996704101,204
2024-08-03 08:00:00,32.44,38.22442,5.784418640136721,5.784418640136721,204
2024-08-03 09:00:00,20.36,26.140364,5.780363693237305,5.780363693237305,204
2024-08-03 10:00:00,14.66,23.390554,8.730554428100586,8.730554428100586,204
2024-08-03 11:00:00,6.41,10.668705,4.2587049865722655,4.2587049865722655,204
2024-08-03 12:00:00,4.17,17.17513,13.005130844116211,13.005130844116211,204
2024-08-03 13:00:00,10.07,16.149439,6.079438858032226,6.079438858032226,204
2024-08-03 14:00:00,10.2,23.827599,13.627598571777344,13.627598571777344,204
2024-08-03 15:00:00,20.0,30.787924,10.787923812866211,10.787923812866211,204
2024-08-03 16:00:00,37.91,34.900414,-3.009586486816403,3.009586486816403,204
2024-08-03 17:00:00,52.03,56.519043,4.489042968749999,4.489042968749999,204
2024-08-03 18:00:00,53.09,75.30022,22.210216674804684,22.210216674804684,204
2024-08-03 19:00:00,52.26,73.085175,20.825174560546877,20.825174560546877,204
2024-08-03 20:00:00,63.71,78.84468,15.134680786132812,15.134680786132812,204
2024-08-03 21:00:00,57.59,68.14237,10.552372131347653,10.552372131347653,204
2024-08-03 22:00:00,45.16,51.176834,6.016834106445316,6.016834106445316,204
2024-08-03 23:00:00,41.5,46.443417,4.943416595458984,4.943416595458984,204
2024-08-04 00:00:00,37.63,29.211954,-8.418045883178713,8.418045883178713,205
2024-08-04 01:00:00,18.42,28.168507,9.748506622314451,9.748506622314451,205
2024-08-04 02:00:00,14.62,33.051098,18.43109786987305,18.43109786987305,205
2024-08-04 03:00:00,19.91,34.78435,14.874351348876953,14.874351348876953,205
2024-08-04 04:00:00,20.15,27.003628,6.853627777099611,6.853627777099611,205
2024-08-04 05:00:00,24.98,15.733459,-9.24654052734375,9.24654052734375,205
2024-08-04 06:00:00,26.53,26.265959,-0.26404121398925895,0.26404121398925895,205
2024-08-04 07:00:00,20.01,23.279005,3.269005050659178,3.269005050659178,205
2024-08-04 08:00:00,8.05,10.065696,2.0156957626342766,2.0156957626342766,205
2024-08-04 09:00:00,2.05,20.79166,18.74166030883789,18.74166030883789,205
2024-08-04 10:00:00,0.06,7.6459646,7.585964622497559,7.585964622497559,205
2024-08-04 11:00:00,-0.04,0.72778463,0.7677846336364746,0.7677846336364746,205
2024-08-04 12:00:00,-2.16,-8.143138,-5.98313793182373,5.98313793182373,205
2024-08-04 13:00:00,-0.01,-2.8084552,-2.798455228805542,2.798455228805542,205
2024-08-04 14:00:00,1.13,8.592909,7.46290885925293,7.46290885925293,205
2024-08-04 15:00:00,22.05,29.075592,7.025592041015624,7.025592041015624,205
2024-08-04 16:00:00,55.29,43.349834,-11.940165557861327,11.940165557861327,205
2024-08-04 17:00:00,70.41,63.116028,-7.293972167968747,7.293972167968747,205
2024-08-04 18:00:00,87.29,76.89212,-10.397879638671881,10.397879638671881,205
2024-08-04 19:00:00,87.44,82.41148,-5.02851623535156,5.02851623535156,205
2024-08-04 20:00:00,96.02,76.24958,-19.770419616699215,19.770419616699215,205
2024-08-04 21:00:00,76.86,57.40672,-19.453280792236328,19.453280792236328,205
2024-08-04 22:00:00,29.56,60.083168,30.523168029785158,30.523168029785158,205
2024-08-04 23:00:00,25.82,44.713226,18.893226318359375,18.893226318359375,205
2024-08-05 00:00:00,29.31,46.06185,16.751851501464845,16.751851501464845,206
2024-08-05 01:00:00,19.44,37.320705,17.880705413818358,17.880705413818358,206
2024-08-05 02:00:00,23.8,42.047256,18.247256469726562,18.247256469726562,206
2024-08-05 03:00:00,25.51,43.932266,18.42226623535156,18.42226623535156,206
2024-08-05 04:00:00,36.06,52.691048,16.63104766845703,16.63104766845703,206
2024-08-05 05:00:00,40.9,72.64534,31.745339965820314,31.745339965820314,206
2024-08-05 06:00:00,55.1,89.99964,34.89964141845703,34.89964141845703,206
2024-08-05 07:00:00,47.96,71.73755,23.777548828125,23.777548828125,206
2024-08-05 08:00:00,26.7,52.536465,25.83646469116211,25.83646469116211,206
2024-08-05 09:00:00,24.23,43.28613,19.056128997802734,19.056128997802734,206
2024-08-05 10:00:00,35.05,42.39789,7.347888183593753,7.347888183593753,206
2024-08-05 11:00:00,6.97,41.50398,34.53397872924805,34.53397872924805,206
2024-08-05 12:00:00,9.74,38.51501,28.775010833740232,28.775010833740232,206
2024-08-05 13:00:00,9.97,41.221214,31.251214294433595,31.251214294433595,206
2024-08-05 14:00:00,17.78,40.161472,22.38147232055664,22.38147232055664,206
2024-08-05 15:00:00,40.4,56.146103,15.746102905273439,15.746102905273439,206
2024-08-05 16:00:00,86.69,79.87477,-6.815228881835935,6.815228881835935,206
2024-08-05 17:00:00,107.6,99.98288,-7.617120361328119,7.617120361328119,206
2024-08-05 18:00:00,109.62,111.730034,2.110033874511714,2.110033874511714,206
2024-08-05 19:00:00,107.76,103.65389,-4.106107482910161,4.106107482910161,206
2024-08-05 20:00:00,104.73,104.3535,-0.3764996337890665,0.3764996337890665,206
2024-08-05 21:00:00,95.75,87.89745,-7.852546691894531,7.852546691894531,206
2024-08-05 22:00:00,59.55,59.89186,0.34186096191406534,0.34186096191406534,206
2024-08-05 23:00:00,42.59,62.8171,20.22710052490234,20.22710052490234,206
2024-08-06 00:00:00,37.77,43.97074,6.200741271972653,6.200741271972653,207
2024-08-06 01:00:00,29.61,36.460663,6.850662841796876,6.850662841796876,207
2024-08-06 02:00:00,28.41,34.259747,5.849746551513672,5.849746551513672,207
2024-08-06 03:00:00,38.07,39.776054,1.7060543823242185,1.7060543823242185,207
2024-08-06 04:00:00,35.79,48.228176,12.43817611694336,12.43817611694336,207
2024-08-06 05:00:00,40.67,65.07493,24.404928283691405,24.404928283691405,207
2024-08-06 06:00:00,63.5,72.00742,8.507423400878906,8.507423400878906,207
2024-08-06 07:00:00,52.11,63.479683,11.369682922363282,11.369682922363282,207
2024-08-06 08:00:00,36.1,44.51835,8.418348693847655,8.418348693847655,207
2024-08-06 09:00:00,21.44,32.21964,10.77963882446289,10.77963882446289,207
2024-08-06 10:00:00,15.95,30.282063,14.332062530517579,14.332062530517579,207
2024-08-06 11:00:00,3.12,17.126139,14.006138687133788,14.006138687133788,207
2024-08-06 12:00:00,4.99,21.125793,16.135793457031248,16.135793457031248,207
2024-08-06 13:00:00,19.53,13.060969,-6.469030647277833,6.469030647277833,207
2024-08-06 14:00:00,10.91,24.043486,13.133485641479492,13.133485641479492,207
2024-08-06 15:00:00,41.61,40.880363,-0.7296365356445307,0.7296365356445307,207
2024-08-06 16:00:00,54.7,81.40331,26.703312683105466,26.703312683105466,207
2024-08-06 17:00:00,88.61,103.81954,15.209541931152344,15.209541931152344,207
2024-08-06 18:00:00,77.01,104.602,27.591997375488276,27.591997375488276,207
2024-08-06 19:00:00,80.84,102.85553,22.015529785156247,22.015529785156247,207
2024-08-06 20:00:00,87.72,100.60757,12.887566833496095,12.887566833496095,207
2024-08-06 21:00:00,75.95,88.51341,12.563412475585935,12.563412475585935,207
2024-08-06 22:00:00,49.4,73.46171,24.061708068847658,24.061708068847658,207
2024-08-06 23:00:00,37.0,59.203556,22.203556060791016,22.203556060791016,207
2024-08-07 00:00:00,32.75,43.436226,10.686225891113281,10.686225891113281,208
2024-08-07 01:00:00,18.81,40.812508,22.002507629394533,22.002507629394533,208
2024-08-07 02:00:00,20.12,36.5162,16.39620101928711,16.39620101928711,208
2024-08-07 03:00:00,21.85,41.161926,19.31192626953125,19.31192626953125,208
2024-08-07 04:00:00,29.02,48.87559,19.855591278076172,19.855591278076172,208
2024-08-07 05:00:00,30.57,57.493855,26.923854522705078,26.923854522705078,208
2024-08-07 06:00:00,43.68,73.14292,29.462921447753907,29.462921447753907,208
2024-08-07 07:00:00,38.8,65.34705,26.547053527832034,26.547053527832034,208
2024-08-07 08:00:00,34.72,47.901333,13.18133285522461,13.18133285522461,208
2024-08-07 09:00:00,14.96,35.637222,20.67722229003906,20.67722229003906,208
2024-08-07 10:00:00,19.62,27.356806,7.736805801391601,7.736805801391601,208
2024-08-07 11:00:00,19.68,23.44139,3.761389083862305,3.761389083862305,208
2024-08-07 12:00:00,16.79,19.701218,2.9112176513671884,2.9112176513671884,208
2024-08-07 13:00:00,18.3,24.454523,6.154523086547851,6.154523086547851,208
2024-08-07 14:00:00,6.17,28.653982,22.483982162475584,22.483982162475584,208
2024-08-07 15:00:00,11.37,42.005825,30.635825042724612,30.635825042724612,208
2024-08-07 16:00:00,44.58,78.672806,34.092805786132814,34.092805786132814,208
2024-08-07 17:00:00,62.5,85.50513,23.005126953125,23.005126953125,208
2024-08-07 18:00:00,62.61,97.54445,34.93444885253906,34.93444885253906,208
2024-08-07 19:00:00,59.43,90.78267,31.352669067382813,31.352669067382813,208
2024-08-07 20:00:00,67.68,84.08352,16.403518981933587,16.403518981933587,208
2024-08-07 21:00:00,65.14,73.40223,8.26222930908203,8.26222930908203,208
2024-08-07 22:00:00,42.9,54.01115,11.111150360107423,11.111150360107423,208
2024-08-07 23:00:00,35.58,47.21004,11.63004104614258,11.63004104614258,208
2024-08-08 00:00:00,24.32,41.47695,17.156951599121093,17.156951599121093,209
2024-08-08 01:00:00,18.31,28.252266,9.942265930175783,9.942265930175783,209
2024-08-08 02:00:00,17.17,33.11177,15.94177062988281,15.94177062988281,209
2024-08-08 03:00:00,25.71,34.08852,8.378520050048827,8.378520050048827,209
2024-08-08 04:00:00,27.96,40.694786,12.734786071777343,12.734786071777343,209
2024-08-08 05:00:00,42.11,51.606384,9.49638427734375,9.49638427734375,209
2024-08-08 06:00:00,52.12,61.104706,8.984705810546878,8.984705810546878,209
2024-08-08 07:00:00,44.85,50.68316,5.833158874511717,5.833158874511717,209
2024-08-08 08:00:00,23.78,33.47649,9.696490020751952,9.696490020751952,209
2024-08-08 09:00:00,18.35,17.007439,-1.3425613403320327,1.3425613403320327,209
2024-08-08 10:00:00,29.69,16.438766,-13.251233520507814,13.251233520507814,209
2024-08-08 11:00:00,0.08,16.716217,16.636217041015627,16.636217041015627,209
2024-08-08 12:00:00,1.19,19.646591,18.456591186523436,18.456591186523436,209
2024-08-08 13:00:00,0.1,28.533434,28.43343391418457,28.43343391418457,209
2024-08-08 14:00:00,15.0,20.248009,5.248008728027344,5.248008728027344,209
2024-08-08 15:00:00,26.71,35.01412,8.304118194580077,8.304118194580077,209
2024-08-08 16:00:00,51.9,58.688065,6.788064575195314,6.788064575195314,209
2024-08-08 17:00:00,52.09,83.48643,31.396427307128903,31.396427307128903,209
2024-08-08 18:00:00,48.55,80.96182,32.41182250976563,32.41182250976563,209
2024-08-08 19:00:00,44.73,80.059364,35.32936431884766,35.32936431884766,209
2024-08-08 20:00:00,52.19,79.770035,27.580034790039065,27.580034790039065,209
2024-08-08 21:00:00,48.95,81.3713,32.42129974365234,32.42129974365234,209
2024-08-08 22:00:00,22.4,52.62275,30.222749328613283,30.222749328613283,209
2024-08-08 23:00:00,13.02,48.639496,35.61949584960938,35.61949584960938,209
2024-08-09 00:00:00,3.2,23.442032,20.242031860351563,20.242031860351563,210
2024-08-09 01:00:00,-0.01,23.424019,23.434018859863283,23.434018859863283,210
2024-08-09 02:00:00,-0.02,19.81083,19.830829162597656,19.830829162597656,210
2024-08-09 03:00:00,0.01,25.963171,25.953171005249022,25.953171005249022,210
2024-08-09 04:00:00,4.05,28.908699,24.85869903564453,24.85869903564453,210
2024-08-09 05:00:00,14.66,44.913937,30.253936614990234,30.253936614990234,210
2024-08-09 06:00:00,35.05,57.7342,22.684199523925784,22.684199523925784,210
2024-08-09 07:00:00,26.8,44.95944,18.15943832397461,18.15943832397461,210
2024-08-09 08:00:00,4.85,19.953217,15.103216552734375,15.103216552734375,210
2024-08-09 09:00:00,0.1,13.875233,13.775232696533203,13.775232696533203,210
2024-08-09 10:00:00,0.07,19.208298,19.138297729492187,19.138297729492187,210
2024-08-09 11:00:00,0.0,3.3077276,3.307727575302124,3.307727575302124,210
2024-08-09 12:00:00,-0.72,3.121493,3.841493101119995,3.841493101119995,210
2024-08-09 13:00:00,-0.01,5.9700265,5.9800264930725096,5.9800264930725096,210
2024-08-09 14:00:00,0.0,20.756048,20.75604820251465,20.75604820251465,210
2024-08-09 15:00:00,5.64,26.387508,20.747508392333984,20.747508392333984,210
2024-08-09 16:00:00,42.37,49.260845,6.890845184326174,6.890845184326174,210
2024-08-09 17:00:00,72.47,56.597775,-15.872225494384764,15.872225494384764,210
2024-08-09 18:00:00,80.75,60.48026,-20.26974105834961,20.26974105834961,210
2024-08-09 19:00:00,89.9,63.076595,-26.82340469360352,26.82340469360352,210
2024-08-09 20:00:00,89.22,57.106297,-32.11370346069336,32.11370346069336,210
2024-08-09 21:00:00,67.08,50.789165,-16.290834503173826,16.290834503173826,210
2024-08-09 22:00:00,51.7,21.583054,-30.116946411132815,30.116946411132815,210
2024-08-09 23:00:00,26.41,16.828114,-9.581886444091797,9.581886444091797,210
2024-08-10 00:00:00,16.38,-2.0783193,-18.458319311141967,18.458319311141967,211
2024-08-10 01:00:00,14.08,-2.5413167,-16.621316747665404,16.621316747665404,211
2024-08-10 02:00:00,10.21,-0.6176807,-10.827680728435517,10.827680728435517,211
2024-08-10 03:00:00,14.33,-0.58993524,-14.91993524312973,14.91993524312973,211
2024-08-10 04:00:00,16.14,4.7629566,-11.377043380737305,11.377043380737305,211
2024-08-10 05:00:00,21.21,6.0630217,-15.146978340148927,15.146978340148927,211
2024-08-10 06:00:00,28.2,8.614925,-19.585074615478515,19.585074615478515,211
2024-08-10 07:00:00,0.24,5.758925,5.518924961090088,5.518924961090088,211
2024-08-10 08:00:00,-2.97,-11.250738,-8.280738143920898,8.280738143920898,211
2024-08-10 09:00:00,-12.13,-21.999184,-9.869183654785155,9.869183654785155,211
2024-08-10 10:00:00,-22.39,-27.867962,-5.477961883544921,5.477961883544921,211
2024-08-10 11:00:00,-29.87,-32.875347,-3.005347137451171,3.005347137451171,211
2024-08-10 12:00:00,-21.92,-32.629818,-10.709817962646483,10.709817962646483,211
2024-08-10 13:00:00,-28.93,-26.092525,2.8374745178222653,2.8374745178222653,211
2024-08-10 14:00:00,-7.94,-17.750664,-9.810663757324217,9.810663757324217,211
2024-08-10 15:00:00,0.65,0.52961266,-0.12038733959198,0.12038733959198,211
2024-08-10 16:00:00,49.49,29.335968,-20.154031982421877,20.154031982421877,211
2024-08-10 17:00:00,81.67,40.66735,-41.00264923095703,41.00264923095703,211
2024-08-10 18:00:00,71.91,52.27667,-19.633331451416012,19.633331451416012,211
2024-08-10 19:00:00,64.03,49.63236,-14.39764144897461,14.39764144897461,211
2024-08-10 20:00:00,88.35,54.971245,-33.378755187988276,33.378755187988276,211
2024-08-10 21:00:00,83.04,52.518547,-30.521452941894538,30.521452941894538,211
2024-08-10 22:00:00,45.03,30.654007,-14.375993041992189,14.375993041992189,211
2024-08-10 23:00:00,40.59,23.578289,-17.01171096801758,17.01171096801758,211
2024-08-11 00:00:00,31.88,29.57673,-2.303269271850585,2.303269271850585,212
2024-08-11 01:00:00,23.57,26.359766,2.7897660064697263,2.7897660064697263,212
2024-08-11 02:00:00,12.54,18.385668,5.845667800903321,5.845667800903321,212
2024-08-11 03:00:00,13.48,25.69754,12.217540283203125,12.217540283203125,212
2024-08-11 04:00:00,10.44,29.291874,18.851873931884768,18.851873931884768,212
2024-08-11 05:00:00,4.79,26.958008,22.1680078125,22.1680078125,212
2024-08-11 06:00:00,13.05,23.82789,10.777890396118163,10.777890396118163,212
2024-08-11 07:00:00,0.0,14.69202,14.692020416259766,14.692020416259766,212
2024-08-11 08:00:00,-4.98,5.688288,10.66828821182251,10.66828821182251,212
2024-08-11 09:00:00,-14.91,-10.98379,3.926209602355957,3.926209602355957,212
2024-08-11 10:00:00,-30.64,-18.804028,11.835972442626954,11.835972442626954,212
2024-08-11 11:00:00,-59.67,-8.593337,51.076662940979006,51.076662940979006,212
2024-08-11 12:00:00,-50.03,-18.782152,31.24784782409668,31.24784782409668,212
2024-08-11 13:00:00,-30.98,-14.0162115,16.96378849029541,16.96378849029541,212
2024-08-11 14:00:00,-4.99,-9.18159,-4.19159008026123,4.19159008026123,212
2024-08-11 15:00:00,4.12,18.016994,13.896994476318358,13.896994476318358,212
2024-08-11 16:00:00,36.42,55.255524,18.835523681640623,18.835523681640623,212
2024-08-11 17:00:00,50.5,79.03044,28.530441284179688,28.530441284179688,212
2024-08-11 18:00:00,59.34,79.35785,20.017849121093747,20.017849121093747,212
2024-08-11 19:00:00,53.74,86.52111,32.78111053466797,32.78111053466797,212
2024-08-11 20:00:00,54.24,100.10246,45.862462768554686,45.862462768554686,212
2024-08-11 21:00:00,49.49,75.99871,26.508710632324217,26.508710632324217,212
2024-08-11 22:00:00,28.74,54.44863,25.708631286621095,25.708631286621095,212
2024-08-11 23:00:00,15.0,39.207874,24.207874298095703,24.207874298095703,212
2024-08-12 00:00:00,2.81,26.449259,23.63925880432129,23.63925880432129,213
2024-08-12 01:00:00,1.15,19.715807,18.56580696105957,18.56580696105957,213
2024-08-12 02:00:00,0.0,17.996202,17.99620246887207,17.99620246887207,213
2024-08-12 03:00:00,0.03,25.108501,25.07850143432617,25.07850143432617,213
2024-08-12 04:00:00,16.26,28.358057,12.098057022094725,12.098057022094725,213
2024-08-12 05:00:00,15.3,43.591724,28.291724395751952,28.291724395751952,213
2024-08-12 06:00:00,45.78,53.36214,7.582140655517577,7.582140655517577,213
2024-08-12 07:00:00,45.69,38.883366,-6.806634368896482,6.806634368896482,213
2024-08-12 08:00:00,40.12,18.179682,-21.940318222045896,21.940318222045896,213
2024-08-12 09:00:00,16.04,8.71405,-7.325949707031249,7.325949707031249,213
2024-08-12 10:00:00,10.06,7.1837335,-2.876266536712647,2.876266536712647,213
2024-08-12 11:00:00,6.98,2.4040236,-4.575976352691651,4.575976352691651,213
2024-08-12 12:00:00,18.03,-1.8768438,-19.906843810081483,19.906843810081483,213
2024-08-12 13:00:00,27.49,-4.0222287,-31.512228717803954,31.512228717803954,213
2024-08-12 14:00:00,49.03,2.2769773,-46.75302269935608,46.75302269935608,213
2024-08-12 15:00:00,82.1,17.2027,-64.89730033874511,64.89730033874511,213
2024-08-12 16:00:00,90.57,44.653866,-45.91613418579101,45.91613418579101,213
2024-08-12 17:00:00,117.15,79.06175,-38.08824768066407,38.08824768066407,213
2024-08-12 18:00:00,124.95,77.57636,-47.37363739013672,47.37363739013672,213
2024-08-12 19:00:00,130.6,79.089874,-51.51012573242187,51.51012573242187,213
2024-08-12 20:00:00,108.51,81.3128,-27.197202453613286,27.197202453613286,213
2024-08-12 21:00:00,100.16,67.58422,-32.57577911376953,32.57577911376953,213
2024-08-12 22:00:00,100.07,45.414005,-54.65599472045898,54.65599472045898,213
2024-08-12 23:00:00,88.27,36.441544,-51.82845642089843,51.82845642089843,213
2024-08-13 00:00:00,65.15,46.480675,-18.669325256347662,18.669325256347662,214
2024-08-13 01:00:00,62.37,37.58373,-24.786271209716794,24.786271209716794,214
2024-08-13 02:00:00,60.94,34.45845,-26.481549682617185,26.481549682617185,214
2024-08-13 03:00:00,68.0,43.34766,-24.652339935302734,24.652339935302734,214
2024-08-13 04:00:00,95.16,43.180332,-51.979667816162106,51.979667816162106,214
2024-08-13 05:00:00,113.58,57.367935,-56.212064819335936,56.212064819335936,214
2024-08-13 06:00:00,117.89,64.0267,-53.863297119140626,53.863297119140626,214
2024-08-13 07:00:00,92.94,41.660206,-51.279794158935545,51.279794158935545,214
2024-08-13 08:00:00,70.74,31.321737,-39.418262710571284,39.418262710571284,214
2024-08-13 09:00:00,58.44,16.170864,-42.26913589477539,42.26913589477539,214
2024-08-13 10:00:00,46.76,22.549189,-24.210811386108396,24.210811386108396,214
2024-08-13 11:00:00,43.87,0.19355556,-43.67644443631172,43.67644443631172,214
2024-08-13 12:00:00,50.97,-1.4537389,-52.423738927841185,52.423738927841185,214
2024-08-13 13:00:00,66.73,14.219192,-52.51080844879151,52.51080844879151,214
2024-08-13 14:00:00,80.05,26.41316,-53.63683967590332,53.63683967590332,214
2024-08-13 15:00:00,84.5,49.391773,-35.10822677612305,35.10822677612305,214
2024-08-13 16:00:00,96.02,81.22613,-14.793872375488277,14.793872375488277,214
2024-08-13 17:00:00,101.51,117.255035,15.74503540039062,15.74503540039062,214
2024-08-13 18:00:00,108.29,117.464066,9.174065551757806,9.174065551757806,214
2024-08-13 19:00:00,100.87,116.34068,15.470682983398433,15.470682983398433,214
2024-08-13 20:00:00,113.76,110.081696,-3.67830444335938,3.67830444335938,214
2024-08-13 21:00:00,102.92,107.18629,4.2662869262695295,4.2662869262695295,214
2024-08-13 22:00:00,88.5,82.43564,-6.064361572265625,6.064361572265625,214
2024-08-13 23:00:00,78.5,67.04956,-11.450439453125,11.450439453125,214
2024-08-14 00:00:00,76.56,70.14147,-6.4185281372070335,6.4185281372070335,215
2024-08-14 01:00:00,64.0,54.23763,-9.762371063232422,9.762371063232422,215
2024-08-14 02:00:00,71.51,49.984722,-21.525277862548833,21.525277862548833,215
2024-08-14 03:00:00,70.2,58.37811,-11.821891021728518,11.821891021728518,215
2024-08-14 04:00:00,80.38,76.54663,-3.8333691406249955,3.8333691406249955,215
2024-08-14 05:00:00,102.07,95.62966,-6.440338439941399,6.440338439941399,215
2024-08-14 06:00:00,109.87,94.83464,-15.035359497070317,15.035359497070317,215
2024-08-14 07:00:00,90.0,78.92962,-11.070381164550781,11.070381164550781,215
2024-08-14 08:00:00,75.0,69.55039,-5.449607849121094,5.449607849121094,215
2024-08-14 09:00:00,76.01,54.1872,-21.82280136108399,21.82280136108399,215
2024-08-14 10:00:00,75.78,54.342148,-21.437852172851564,21.437852172851564,215
2024-08-14 11:00:00,76.44,48.748222,-27.69177764892578,27.69177764892578,215
2024-08-14 12:00:00,75.59,51.875168,-23.714832153320316,23.714832153320316,215
2024-08-14 13:00:00,65.61,46.770954,-18.83904586791992,18.83904586791992,215
2024-08-14 14:00:00,69.98,56.141346,-13.8386540222168,13.8386540222168,215
2024-08-14 15:00:00,69.47,70.03924,0.5692379760742199,0.5692379760742199,215
2024-08-14 16:00:00,110.44,79.298996,-31.14100402832031,31.14100402832031,215
2024-08-14 17:00:00,115.77,117.6999,1.9298977661132852,1.9298977661132852,215
2024-08-14 18:00:00,109.02,116.753006,7.7330059814453165,7.7330059814453165,215
2024-08-14 19:00:00,114.26,109.853645,-4.406354675292974,4.406354675292974,215
2024-08-14 20:00:00,108.54,107.5357,-1.0043020629882875,1.0043020629882875,215
2024-08-14 21:00:00,94.18,93.42697,-0.7530285644531318,0.7530285644531318,215
2024-08-14 22:00:00,69.47,75.74866,6.278657226562501,6.278657226562501,215
2024-08-14 23:00:00,59.32,67.66353,8.343528442382812,8.343528442382812,215
2024-08-16 00:00:00,68.5,77.990005,9.490005493164062,9.490005493164062,217
2024-08-16 01:00:00,65.32,73.732544,8.412543945312507,8.412543945312507,217
2024-08-16 02:00:00,59.59,74.78956,15.199558410644528,15.199558410644528,217
2024-08-16 03:00:00,67.4,74.513306,7.113305664062494,7.113305664062494,217
2024-08-16 04:00:00,63.96,73.45804,9.498038330078124,9.498038330078124,217
2024-08-16 05:00:00,77.6,78.7857,1.1856979370117244,1.1856979370117244,217
2024-08-16 06:00:00,91.06,75.05639,-16.003611145019534,16.003611145019534,217
2024-08-16 07:00:00,70.0,73.020935,3.02093505859375,3.02093505859375,217
2024-08-16 08:00:00,63.87,50.137627,-13.732373352050779,13.732373352050779,217
2024-08-16 09:00:00,63.37,52.021984,-11.3480158996582,11.3480158996582,217
2024-08-16 10:00:00,59.22,44.025925,-15.194075317382811,15.194075317382811,217
2024-08-16 11:00:00,53.93,41.91074,-12.019260101318359,12.019260101318359,217
2024-08-16 12:00:00,50.72,40.065716,-10.654284210205077,10.654284210205077,217
2024-08-16 13:00:00,56.27,32.906143,-23.36385681152344,23.36385681152344,217
2024-08-16 14:00:00,62.17,53.455772,-8.714227600097658,8.714227600097658,217
2024-08-16 15:00:00,63.37,54.16916,-9.200841064453122,9.200841064453122,217
2024-08-16 16:00:00,65.4,66.08263,0.6826263427734318,0.6826263427734318,217
2024-08-16 17:00:00,103.52,89.23492,-14.285083312988277,14.285083312988277,217
2024-08-16 18:00:00,107.96,103.88985,-4.070153198242181,4.070153198242181,217
2024-08-16 19:00:00,114.51,109.276566,-5.233434448242193,5.233434448242193,217
2024-08-16 20:00:00,119.99,109.246445,-10.743555297851557,10.743555297851557,217
2024-08-16 21:00:00,116.16,99.644844,-16.515155944824215,16.515155944824215,217
2024-08-16 22:00:00,107.05,78.097176,-28.952824401855466,28.952824401855466,217
2024-08-16 23:00:00,90.86,65.66055,-25.199447021484374,25.199447021484374,217
2024-08-17 00:00:00,90.6,67.821625,-22.77837524414062,22.77837524414062,218
2024-08-17 01:00:00,81.87,59.06049,-22.80951034545899,22.80951034545899,218
2024-08-17 02:00:00,71.04,56.030083,-15.009917297363288,15.009917297363288,218
2024-08-17 03:00:00,71.39,60.44463,-10.945370330810547,10.945370330810547,218
2024-08-17 04:00:00,75.52,56.08826,-19.43173934936523,19.43173934936523,218
2024-08-17 05:00:00,73.6,59.811077,-13.788922882080072,13.788922882080072,218
2024-08-17 06:00:00,84.01,64.689514,-19.320485839843755,19.320485839843755,218
2024-08-17 07:00:00,71.74,46.673134,-25.06686614990234,25.06686614990234,218
2024-08-17 08:00:00,68.01,46.16736,-21.842641601562505,21.842641601562505,218
2024-08-17 09:00:00,52.66,36.952217,-15.707782897949215,15.707782897949215,218
2024-08-17 10:00:00,43.31,23.529978,-19.780022201538088,19.780022201538088,218
2024-08-17 11:00:00,37.37,16.350204,-21.01979553222656,21.01979553222656,218
2024-08-17 12:00:00,34.72,10.504525,-24.21547481536865,24.21547481536865,218
2024-08-17 13:00:00,37.57,16.505363,-21.06463653564453,21.06463653564453,218
2024-08-17 14:00:00,47.81,28.569864,-19.240135726928713,19.240135726928713,218
2024-08-17 15:00:00,69.24,34.012093,-35.227907409667964,35.227907409667964,218
2024-08-17 16:00:00,71.51,47.17858,-24.331418762207036,24.331418762207036,218
2024-08-17 17:00:00,87.41,77.92385,-9.486148986816403,9.486148986816403,218
2024-08-17 18:00:00,103.92,83.84968,-20.07032196044922,20.07032196044922,218
2024-08-17 19:00:00,114.07,86.58721,-27.482788391113274,27.482788391113274,218
2024-08-17 20:00:00,113.2,87.91036,-25.28963775634766,25.28963775634766,218
2024-08-17 21:00:00,105.02,90.52916,-14.490840454101559,14.490840454101559,218
2024-08-17 22:00:00,87.77,79.256,-8.514003295898434,8.514003295898434,218
2024-08-17 23:00:00,78.23,58.668945,-19.561054687500004,19.561054687500004,218
2024-08-18 00:00:00,73.38,66.89354,-6.486460571289058,6.486460571289058,219
2024-08-18 01:00:00,65.67,62.25373,-3.4162692260742205,3.4162692260742205,219
2024-08-18 02:00:00,61.85,62.161816,0.31181564331054545,0.31181564331054545,219
2024-08-18 03:00:00,58.22,56.751007,-1.4689929199218739,1.4689929199218739,219
2024-08-18 04:00:00,61.69,55.625954,-6.0640463256835915,6.0640463256835915,219
2024-08-18 05:00:00,57.88,54.813408,-3.066592102050784,3.066592102050784,219
2024-08-18 06:00:00,62.07,58.917114,-3.1528857421875003,3.1528857421875003,219
2024-08-18 07:00:00,40.71,53.417206,12.707205810546874,12.707205810546874,219
2024-08-18 08:00:00,14.93,42.832985,27.902984924316407,27.902984924316407,219
2024-08-18 09:00:00,14.14,41.512814,27.372813568115234,27.372813568115234,219
2024-08-18 10:00:00,14.07,23.729454,9.659454040527343,9.659454040527343,219
2024-08-18 11:00:00,4.57,19.548277,14.978276901245117,14.978276901245117,219
2024-08-18 12:00:00,0.05,16.213718,16.16371841430664,16.16371841430664,219
2024-08-18 13:00:00,0.0,19.088364,19.088363647460938,19.088363647460938,219
2024-08-18 14:00:00,1.08,33.649677,32.56967727661133,32.56967727661133,219
2024-08-18 15:00:00,10.99,45.55648,34.56648040771484,34.56648040771484,219
2024-08-18 16:00:00,42.82,65.35083,22.530830078125,22.530830078125,219
2024-08-18 17:00:00,75.83,88.76621,12.936212463378908,12.936212463378908,219
2024-08-18 18:00:00,89.5,101.46613,11.966133117675781,11.966133117675781,219
2024-08-18 19:00:00,110.34,111.93646,1.5964624023437466,1.5964624023437466,219
2024-08-18 20:00:00,111.64,105.296844,-6.343155517578126,6.343155517578126,219
2024-08-18 21:00:00,99.69,99.40089,-0.2891134643554665,0.2891134643554665,219
2024-08-18 22:00:00,91.7,82.3938,-9.306201171875003,9.306201171875003,219
2024-08-18 23:00:00,76.6,78.99492,2.394918823242193,2.394918823242193,219
2024-08-19 00:00:00,72.51,64.47484,-8.035161743164068,8.035161743164068,220
2024-08-19 01:00:00,75.92,63.53205,-12.38794891357422,12.38794891357422,220
2024-08-19 02:00:00,75.65,59.4849,-16.16509857177735,16.16509857177735,220
2024-08-19 03:00:00,79.97,68.9736,-10.996397705078124,10.996397705078124,220
2024-08-19 04:00:00,72.4,77.79737,5.397370910644526,5.397370910644526,220
2024-08-19 05:00:00,104.76,87.024124,-17.735875854492193,17.735875854492193,220
2024-08-19 06:00:00,116.92,91.825554,-25.094446105957033,25.094446105957033,220
2024-08-19 07:00:00,112.58,78.90525,-33.67474945068359,33.67474945068359,220
2024-08-19 08:00:00,82.35,51.90972,-30.440278625488276,30.440278625488276,220
2024-08-19 09:00:00,74.28,46.85518,-27.42482116699219,27.42482116699219,220
2024-08-19 10:00:00,70.0,42.981632,-27.018367767333984,27.018367767333984,220
2024-08-19 11:00:00,69.0,37.957832,-31.04216766357422,31.04216766357422,220
2024-08-19 12:00:00,65.89,44.323544,-21.566456451416016,21.566456451416016,220
2024-08-19 13:00:00,66.32,53.8762,-12.443798370361321,12.443798370361321,220
2024-08-19 14:00:00,70.0,58.914616,-11.085384368896484,11.085384368896484,220
2024-08-19 15:00:00,79.44,64.684715,-14.755284729003904,14.755284729003904,220
2024-08-19 16:00:00,103.0,84.33419,-18.665809631347656,18.665809631347656,220
2024-08-19 17:00:00,116.26,102.48584,-13.774160156250005,13.774160156250005,220
2024-08-19 18:00:00,127.48,101.07093,-26.409069519042973,26.409069519042973,220
2024-08-19 19:00:00,116.74,116.140366,-0.5996343994140574,0.5996343994140574,220
2024-08-19 20:00:00,100.75,110.85436,10.104362487792969,10.104362487792969,220
2024-08-19 21:00:00,86.15,96.81026,10.660256958007807,10.660256958007807,220
2024-08-19 22:00:00,77.03,79.351654,2.321654052734374,2.321654052734374,220
2024-08-19 23:00:00,62.04,76.44031,14.4003076171875,14.4003076171875,220
2024-08-20 00:00:00,50.85,78.050156,27.200155639648436,27.200155639648436,221
2024-08-20 01:00:00,31.04,76.9553,45.91529937744141,45.91529937744141,221
2024-08-20 02:00:00,30.99,66.44016,35.45016265869141,35.45016265869141,221
2024-08-20 03:00:00,40.43,73.43331,33.003311462402344,33.003311462402344,221
2024-08-20 04:00:00,55.4,76.05126,20.65126190185547,20.65126190185547,221
2024-08-20 05:00:00,78.38,107.08692,28.706921691894536,28.706921691894536,221
2024-08-20 06:00:00,100.41,117.66884,17.258838500976566,17.258838500976566,221
2024-08-20 07:00:00,87.04,106.02993,18.989930114746087,18.989930114746087,221
2024-08-20 08:00:00,71.5,77.814766,6.314765930175781,6.314765930175781,221
2024-08-20 09:00:00,52.49,68.31536,15.825361022949217,15.825361022949217,221
2024-08-20 10:00:00,40.03,60.38126,20.35125991821289,20.35125991821289,221
2024-08-20 11:00:00,23.59,56.879406,33.28940597534179,33.28940597534179,221
2024-08-20 12:00:00,18.58,47.702442,29.122442169189455,29.122442169189455,221
2024-08-20 13:00:00,36.63,51.809036,15.17903625488281,15.17903625488281,221
2024-08-20 14:00:00,30.09,63.10016,33.01015869140625,33.01015869140625,221
2024-08-20 15:00:00,36.68,84.07684,47.39684326171875,47.39684326171875,221
2024-08-20 16:00:00,57.91,98.06329,40.15329345703125,40.15329345703125,221
2024-08-20 17:00:00,92.35,111.23984,18.88983764648438,18.88983764648438,221
2024-08-20 18:00:00,70.41,113.733696,43.32369598388672,43.32369598388672,221
2024-08-20 19:00:00,73.29,120.04649,46.75649353027343,46.75649353027343,221
2024-08-20 20:00:00,79.91,112.051765,32.141765441894535,32.141765441894535,221
2024-08-20 21:00:00,63.83,92.39375,28.563753051757814,28.563753051757814,221
2024-08-20 22:00:00,28.36,82.35783,53.99782623291016,53.99782623291016,221
2024-08-20 23:00:00,11.93,78.28055,66.35054809570312,66.35054809570312,221
2024-08-21 00:00:00,22.71,49.005695,26.295695343017577,26.295695343017577,222
2024-08-21 01:00:00,3.52,50.852295,47.332294921875,47.332294921875,222
2024-08-21 02:00:00,20.39,54.356693,33.966693267822265,33.966693267822265,222
2024-08-21 03:00:00,27.36,60.544643,33.18464340209961,33.18464340209961,222
2024-08-21 04:00:00,68.5,58.252995,-10.247005462646484,10.247005462646484,222
2024-08-21 05:00:00,88.56,79.11565,-9.444353637695315,9.444353637695315,222
2024-08-21 06:00:00,89.16,92.71125,3.5512503051757847,3.5512503051757847,222
2024-08-21 07:00:00,57.27,83.61556,26.34556243896484,26.34556243896484,222
2024-08-21 08:00:00,8.0,64.203285,56.203285217285156,56.203285217285156,222
2024-08-21 09:00:00,5.22,55.382175,50.16217544555664,50.16217544555664,222
2024-08-21 10:00:00,0.0,55.997334,55.99733352661133,55.99733352661133,222
2024-08-21 11:00:00,-0.01,51.955788,51.965787658691404,51.965787658691404,222
2024-08-21 12:00:00,-5.32,51.294308,56.614307708740235,56.614307708740235,222
2024-08-21 13:00:00,-4.28,54.392582,58.67258193969727,58.67258193969727,222
2024-08-21 14:00:00,2.01,56.74052,54.730520477294924,54.730520477294924,222
2024-08-21 15:00:00,16.09,67.7843,51.6943017578125,51.6943017578125,222
2024-08-21 16:00:00,73.78,66.91701,-6.862992553710939,6.862992553710939,222
2024-08-21 17:00:00,95.94,96.98567,1.0456719970703148,1.0456719970703148,222
2024-08-21 18:00:00,75.17,80.0181,4.848096923828123,4.848096923828123,222
2024-08-21 19:00:00,86.51,86.78833,0.2783300781249949,0.2783300781249949,222
2024-08-21 20:00:00,89.63,84.08591,-5.5440930175781205,5.5440930175781205,222
2024-08-21 21:00:00,82.47,69.67681,-12.79318878173828,12.79318878173828,222
2024-08-21 22:00:00,40.52,58.68163,18.1616291809082,18.1616291809082,222
2024-08-21 23:00:00,21.21,55.833153,34.62315277099609,34.62315277099609,222
2024-08-22 00:00:00,0.09,40.00403,39.9140283203125,39.9140283203125,223
2024-08-22 01:00:00,3.61,33.787407,30.17740692138672,30.17740692138672,223
2024-08-22 02:00:00,0.0,38.071182,38.07118225097656,38.07118225097656,223
2024-08-22 03:00:00,5.81,47.31815,41.50814956665039,41.50814956665039,223
2024-08-22 04:00:00,22.74,57.956547,35.21654678344727,35.21654678344727,223
2024-08-22 05:00:00,24.27,79.129196,54.85919616699219,54.85919616699219,223
2024-08-22 06:00:00,62.79,85.77918,22.989182434082032,22.989182434082032,223
2024-08-22 07:00:00,51.5,66.64833,15.148330688476562,15.148330688476562,223
2024-08-22 08:00:00,11.72,40.38272,28.662720947265626,28.662720947265626,223
2024-08-22 09:00:00,0.0,35.497887,35.497886657714844,35.497886657714844,223
2024-08-22 10:00:00,-0.01,36.691433,36.70143295288086,36.70143295288086,223
2024-08-22 11:00:00,-2.56,33.87309,36.433088836669924,36.433088836669924,223
2024-08-22 12:00:00,-1.37,31.18741,32.557410354614255,32.557410354614255,223
2024-08-22 13:00:00,-0.01,35.398293,35.408292541503904,35.408292541503904,223
2024-08-22 14:00:00,0.01,47.279385,47.26938461303711,47.26938461303711,223
2024-08-22 15:00:00,25.99,56.595047,30.605046997070314,30.605046997070314,223
2024-08-22 16:00:00,86.31,81.57978,-4.730219421386721,4.730219421386721,223
2024-08-22 17:00:00,117.49,95.922966,-21.567033996582026,21.567033996582026,223
2024-08-22 18:00:00,118.94,93.58082,-25.359181823730466,25.359181823730466,223
2024-08-22 19:00:00,112.96,98.05922,-14.900780639648431,14.900780639648431,223
2024-08-22 20:00:00,97.31,92.10254,-5.207460937500002,5.207460937500002,223
2024-08-22 21:00:00,81.51,84.79757,3.2875692749023386,3.2875692749023386,223
2024-08-22 22:00:00,55.4,62.987984,7.587983703613283,7.587983703613283,223
2024-08-22 23:00:00,42.05,61.57874,19.52873916625977,19.52873916625977,223
2024-08-23 00:00:00,37.42,32.605686,-4.814313812255861,4.814313812255861,224
2024-08-23 01:00:00,25.61,31.57436,5.964359893798829,5.964359893798829,224
2024-08-23 02:00:00,11.2,36.083088,24.88308792114258,24.88308792114258,224
2024-08-23 03:00:00,11.84,35.9515,24.111499938964844,24.111499938964844,224
2024-08-23 04:00:00,21.5,49.12585,27.625850677490234,27.625850677490234,224
2024-08-23 05:00:00,28.12,55.621513,27.501513366699218,27.501513366699218,224
2024-08-23 06:00:00,13.08,74.926,61.84600250244141,61.84600250244141,224
2024-08-23 07:00:00,0.06,66.578606,66.51860565185547,66.51860565185547,224
2024-08-23 08:00:00,0.07,44.63284,44.56283920288086,44.56283920288086,224
2024-08-23 09:00:00,0.0,17.161057,17.161056518554688,17.161056518554688,224
2024-08-23 10:00:00,-0.98,10.742973,11.72297332763672,11.72297332763672,224
2024-08-23 11:00:00,-5.75,2.7867537,8.53675365447998,8.53675365447998,224
2024-08-23 12:00:00,-8.98,1.2218966,10.201896648406983,10.201896648406983,224
2024-08-23 13:00:00,-4.33,10.027681,14.357681350708008,14.357681350708008,224
2024-08-23 14:00:00,0.0,14.412081,14.412080764770508,14.412080764770508,224
2024-08-23 15:00:00,7.58,39.0885,31.5085009765625,31.5085009765625,224
2024-08-23 16:00:00,57.67,76.02203,18.35203369140625,18.35203369140625,224
2024-08-23 17:00:00,105.49,103.622536,-1.8674642944335886,1.8674642944335886,224
2024-08-23 18:00:00,112.83,105.78569,-7.044309692382811,7.044309692382811,224
2024-08-23 19:00:00,123.9,95.55013,-28.349867248535162,28.349867248535162,224
2024-08-23 20:00:00,120.1,94.30526,-25.79474029541015,25.79474029541015,224
2024-08-23 21:00:00,102.53,87.37095,-15.159051208496095,15.159051208496095,224
2024-08-23 22:00:00,91.78,68.760254,-23.01974609375,23.01974609375,224
2024-08-23 23:00:00,58.11,48.63109,-9.478911743164062,9.478911743164062,224
2024-08-24 00:00:00,52.84,56.054665,3.214664611816403,3.214664611816403,225
2024-08-24 01:00:00,46.45,44.34618,-2.1038200378417997,2.1038200378417997,225
2024-08-24 02:00:00,48.58,35.72993,-12.850069122314451,12.850069122314451,225
2024-08-24 03:00:00,47.04,34.81041,-12.229590454101562,12.229590454101562,225
2024-08-24 04:00:00,46.02,39.77275,-6.247249145507816,6.247249145507816,225
2024-08-24 05:00:00,38.98,44.35941,5.379409332275394,5.379409332275394,225
2024-08-24 06:00:00,34.27,41.468193,7.198193054199216,7.198193054199216,225
2024-08-24 07:00:00,15.0,19.141233,4.141233444213867,4.141233444213867,225
2024-08-24 08:00:00,0.0,5.594671,5.59467077255249,5.59467077255249,225
2024-08-24 09:00:00,-6.75,1.327231,8.077231049537659,8.077231049537659,225
2024-08-24 10:00:00,-18.41,1.7372063,20.14720633983612,20.14720633983612,225
2024-08-24 11:00:00,-38.33,-4.6950974,33.63490255355835,33.63490255355835,225
2024-08-24 12:00:00,-41.39,-0.65222275,40.737777247428895,40.737777247428895,225
2024-08-24 13:00:00,-20.91,5.4094644,26.319464359283447,26.319464359283447,225
2024-08-24 14:00:00,-1.01,16.145344,17.15534378051758,17.15534378051758,225
2024-08-24 15:00:00,3.32,31.978653,28.658652954101562,28.658652954101562,225
2024-08-24 16:00:00,16.77,67.51718,50.74718139648438,50.74718139648438,225
2024-08-24 17:00:00,62.33,95.316696,32.98669616699219,32.98669616699219,225
2024-08-24 18:00:00,69.2,106.806015,37.606015014648435,37.606015014648435,225
2024-08-24 19:00:00,72.6,111.46638,38.86637725830079,38.86637725830079,225
2024-08-24 20:00:00,68.68,106.25281,37.57280761718749,37.57280761718749,225
2024-08-24 21:00:00,54.33,90.17337,35.84337036132813,35.84337036132813,225
2024-08-24 22:00:00,7.72,69.459854,61.739854125976564,61.739854125976564,225
2024-08-24 23:00:00,4.94,61.198605,56.25860458374024,56.25860458374024,225
2024-08-25 00:00:00,1.62,32.641895,31.021895294189452,31.021895294189452,226
2024-08-25 01:00:00,0.51,32.31807,31.80806945800781,31.80806945800781,226
2024-08-25 02:00:00,1.05,34.681293,33.63129348754883,33.63129348754883,226
2024-08-25 03:00:00,1.73,36.221912,34.491912384033206,34.491912384033206,226
2024-08-25 04:00:00,2.15,37.72359,35.57359085083008,35.57359085083008,226
2024-08-25 05:00:00,0.04,37.96087,37.92086883544922,37.92086883544922,226
2024-08-25 06:00:00,0.29,36.928894,36.63889404296875,36.63889404296875,226
2024-08-25 07:00:00,-1.29,27.937017,29.227017440795898,29.227017440795898,226
2024-08-25 08:00:00,-5.61,11.782029,17.392029151916503,17.392029151916503,226
2024-08-25 09:00:00,-7.16,1.5071355,8.667135510444641,8.667135510444641,226
2024-08-25 10:00:00,-5.02,-9.46823,-4.448230247497559,4.448230247497559,226
2024-08-25 11:00:00,-7.51,-14.323988,-6.81398796081543,6.81398796081543,226
2024-08-25 12:00:00,-16.7,-17.811415,-1.1114147186279304,1.1114147186279304,226
2024-08-25 13:00:00,-9.43,-14.43932,-5.009319610595703,5.009319610595703,226
2024-08-25 14:00:00,-0.6,-1.0313855,-0.43138554096221926,0.43138554096221926,226
2024-08-25 15:00:00,0.44,18.277958,17.837957916259764,17.837957916259764,226
2024-08-25 16:00:00,14.2,47.40659,33.20658950805664,33.20658950805664,226
2024-08-25 17:00:00,71.41,80.1996,8.789600219726566,8.789600219726566,226
2024-08-25 18:00:00,94.02,84.58532,-9.434680480957027,9.434680480957027,226
2024-08-25 19:00:00,109.91,84.941895,-24.968105468749997,24.968105468749997,226
2024-08-25 20:00:00,102.88,77.26812,-25.611880187988277,25.611880187988277,226
2024-08-25 21:00:00,93.53,72.621735,-20.908265380859376,20.908265380859376,226
2024-08-25 22:00:00,58.11,44.107727,-14.00227294921875,14.00227294921875,226
2024-08-25 23:00:00,54.03,30.913916,-23.116084365844728,23.116084365844728,226
2024-08-26 00:00:00,49.84,56.221478,6.3814775085449185,6.3814775085449185,227
2024-08-26 01:00:00,37.63,54.326717,16.696717376708982,16.696717376708982,227
2024-08-26 02:00:00,34.79,51.02697,16.23696990966797,16.23696990966797,227
2024-08-26 03:00:00,52.06,52.90647,0.846471252441404,0.846471252441404,227
2024-08-26 04:00:00,57.04,57.590363,0.5503625488281259,0.5503625488281259,227
2024-08-26 05:00:00,64.99,73.52895,8.538953552246099,8.538953552246099,227
2024-08-26 06:00:00,95.76,75.32156,-20.43843627929688,20.43843627929688,227
2024-08-26 07:00:00,83.06,73.39587,-9.664133605957034,9.664133605957034,227
2024-08-26 08:00:00,45.8,55.22717,9.427169036865237,9.427169036865237,227
2024-08-26 09:00:00,48.2,51.335617,3.1356170654296847,3.1356170654296847,227
2024-08-26 10:00:00,29.87,45.191956,15.321955566406249,15.321955566406249,227
2024-08-26 11:00:00,24.02,40.04537,16.02536819458008,16.02536819458008,227
2024-08-26 12:00:00,43.72,39.198208,-4.5217921447753895,4.5217921447753895,227
2024-08-26 13:00:00,54.3,45.086666,-9.213333892822263,9.213333892822263,227
2024-08-26 14:00:00,61.97,50.650482,-11.319517822265624,11.319517822265624,227
2024-08-26 15:00:00,85.34,56.481167,-28.858833160400394,28.858833160400394,227
2024-08-26 16:00:00,110.78,70.47443,-40.30557373046875,40.30557373046875,227
2024-08-26 17:00:00,120.0,115.367035,-4.632965087890625,4.632965087890625,227
2024-08-26 18:00:00,127.04,114.32571,-12.714293518066413,12.714293518066413,227
2024-08-26 19:00:00,114.97,116.85979,1.8897869873046886,1.8897869873046886,227
2024-08-26 20:00:00,111.24,106.86096,-4.379038085937495,4.379038085937495,227
2024-08-26 21:00:00,94.09,96.15768,2.0676766967773403,2.0676766967773403,227
2024-08-26 22:00:00,98.77,72.965225,-25.804774780273434,25.804774780273434,227
2024-08-26 23:00:00,84.15,51.894882,-32.25511779785157,32.25511779785157,227
2024-08-27 00:00:00,68.17,55.204693,-12.96530715942383,12.96530715942383,228
2024-08-27 01:00:00,57.11,55.47516,-1.6348413085937494,1.6348413085937494,228
2024-08-27 02:00:00,45.11,53.689392,8.57939208984375,8.57939208984375,228
2024-08-27 03:00:00,47.98,45.81202,-2.1679806518554656,2.1679806518554656,228
2024-08-27 04:00:00,63.02,60.746304,-2.2736964416503938,2.2736964416503938,228
2024-08-27 05:00:00,74.69,59.77626,-14.913739624023435,14.913739624023435,228
2024-08-27 06:00:00,89.75,86.76007,-2.98992919921875,2.98992919921875,228
2024-08-27 07:00:00,79.48,76.13624,-3.3437619018554727,3.3437619018554727,228
2024-08-27 08:00:00,54.22,54.57302,0.3530209350585949,0.3530209350585949,228
2024-08-27 09:00:00,30.59,51.679226,21.08922592163086,21.08922592163086,228
2024-08-27 10:00:00,8.03,43.029434,34.99943420410156,34.99943420410156,228
2024-08-27 11:00:00,4.79,37.634014,32.84401412963867,32.84401412963867,228
2024-08-27 12:00:00,5.4,44.116913,38.716912841796876,38.716912841796876,228
2024-08-27 13:00:00,28.09,49.916138,21.8261376953125,21.8261376953125,228
2024-08-27 14:00:00,56.0,50.284252,-5.715747833251953,5.715747833251953,228
2024-08-27 15:00:00,87.95,63.205147,-24.74485321044922,24.74485321044922,228
2024-08-27 16:00:00,114.0,94.03018,-19.969818115234375,19.969818115234375,228
2024-08-27 17:00:00,123.85,103.86704,-19.982957458496088,19.982957458496088,228
2024-08-27 18:00:00,125.14,117.096664,-8.043335571289063,8.043335571289063,228
2024-08-27 19:00:00,121.35,112.772,-8.57799682617187,8.57799682617187,228
2024-08-27 20:00:00,106.69,103.78621,-2.9037908935546852,2.9037908935546852,228
2024-08-27 21:00:00,94.2,88.093666,-6.106333923339847,6.106333923339847,228
2024-08-27 22:00:00,92.13,81.47598,-10.65401733398437,10.65401733398437,228
2024-08-27 23:00:00,92.39,73.06552,-19.324478759765626,19.324478759765626,228
2024-08-28 00:00:00,87.18,66.02535,-21.154647521972663,21.154647521972663,229
2024-08-28 01:00:00,85.96,52.089947,-33.87005325317382,33.87005325317382,229
2024-08-28 02:00:00,79.71,48.879246,-30.830754241943353,30.830754241943353,229
2024-08-28 03:00:00,86.05,54.55098,-31.499020385742185,31.499020385742185,229
2024-08-28 04:00:00,99.34,58.483055,-40.85694488525391,40.85694488525391,229
2024-08-28 05:00:00,124.28,73.10517,-51.17482879638672,51.17482879638672,229
2024-08-28 06:00:00,120.76,73.77111,-46.988889465332036,46.988889465332036,229
2024-08-28 07:00:00,105.89,76.38723,-29.502770080566407,29.502770080566407,229
2024-08-28 08:00:00,89.42,51.2971,-38.12289993286133,38.12289993286133,229
2024-08-28 09:00:00,71.72,45.76012,-25.959879608154296,25.959879608154296,229
2024-08-28 10:00:00,41.85,46.234528,4.384527587890624,4.384527587890624,229
2024-08-28 11:00:00,17.91,44.00247,26.09246810913086,26.09246810913086,229
2024-08-28 12:00:00,18.12,37.872646,19.75264633178711,19.75264633178711,229
2024-08-28 13:00:00,56.85,39.912537,-16.93746337890625,16.93746337890625,229
2024-08-28 14:00:00,82.0,58.398457,-23.601543426513672,23.601543426513672,229
2024-08-28 15:00:00,94.38,78.78404,-15.595957641601558,15.595957641601558,229
2024-08-28 16:00:00,108.26,97.845695,-10.414304504394536,10.414304504394536,229
2024-08-28 17:00:00,123.16,115.3188,-7.841198120117184,7.841198120117184,229
2024-08-28 18:00:00,125.78,122.16908,-3.6109173583984386,3.6109173583984386,229
2024-08-28 19:00:00,126.28,118.45127,-7.828728942871095,7.828728942871095,229
2024-08-28 20:00:00,113.9,110.87602,-3.023977661132818,3.023977661132818,229
2024-08-28 21:00:00,102.27,97.191376,-5.078624267578121,5.078624267578121,229
2024-08-28 22:00:00,95.04,90.39215,-4.647849121093756,4.647849121093756,229
2024-08-28 23:00:00,94.91,88.29514,-6.61485687255859,6.61485687255859,229
2024-08-29 00:00:00,89.29,82.228874,-7.0611257934570375,7.0611257934570375,230
2024-08-29 01:00:00,89.28,82.83502,-6.444978027343751,6.444978027343751,230
2024-08-29 02:00:00,90.05,75.16323,-14.886769104003903,14.886769104003903,230
2024-08-29 03:00:00,94.76,81.638054,-13.121946105957036,13.121946105957036,230
2024-08-29 04:00:00,102.81,89.47295,-13.337046203613284,13.337046203613284,230
2024-08-29 05:00:00,124.05,102.89321,-21.156788635253903,21.156788635253903,230
2024-08-29 06:00:00,126.24,105.38587,-20.854128112792964,20.854128112792964,230
2024-08-29 07:00:00,108.79,94.85814,-13.931860961914069,13.931860961914069,230
2024-08-29 08:00:00,92.35,74.671036,-17.678964233398432,17.678964233398432,230
2024-08-29 09:00:00,84.68,62.784275,-21.895724945068366,21.895724945068366,230
2024-08-29 10:00:00,66.98,55.262737,-11.717262725830082,11.717262725830082,230
2024-08-29 11:00:00,48.09,45.30795,-2.782050933837894,2.782050933837894,230
2024-08-29 12:00:00,55.06,46.13666,-8.923338470458987,8.923338470458987,230
2024-08-29 13:00:00,80.79,55.440926,-25.349074401855475,25.349074401855475,230
2024-08-29 14:00:00,91.01,69.80207,-21.207929382324224,21.207929382324224,230
2024-08-29 15:00:00,105.95,93.92456,-12.025439453125003,12.025439453125003,230
2024-08-29 16:00:00,117.89,105.13978,-12.75022186279297,12.75022186279297,230
2024-08-29 17:00:00,128.18,117.244194,-10.935805969238288,10.935805969238288,230
2024-08-29 18:00:00,131.99,115.50279,-16.48720764160157,16.48720764160157,230
2024-08-29 19:00:00,133.14,112.77726,-20.36274017333983,20.36274017333983,230
2024-08-29 20:00:00,124.04,104.07301,-19.966986694335944,19.966986694335944,230
2024-08-29 21:00:00,105.59,97.37631,-8.213687744140628,8.213687744140628,230
2024-08-29 22:00:00,101.67,78.346344,-23.323656005859377,23.323656005859377,230
2024-08-29 23:00:00,91.03,73.02778,-18.00222137451172,18.00222137451172,230
2024-08-30 00:00:00,91.18,82.53028,-8.649718933105476,8.649718933105476,231
2024-08-30 01:00:00,78.26,84.195076,5.935075988769526,5.935075988769526,231
2024-08-30 02:00:00,71.9,77.80354,5.903543090820307,5.903543090820307,231
2024-08-30 03:00:00,76.71,83.12916,6.4191580200195375,6.4191580200195375,231
2024-08-30 04:00:00,86.38,95.08685,8.706853027343755,8.706853027343755,231
2024-08-30 05:00:00,106.33,105.81242,-0.5175762939453108,0.5175762939453108,231
2024-08-30 06:00:00,123.92,107.72202,-16.197976989746095,16.197976989746095,231
2024-08-30 07:00:00,113.7,91.72099,-21.979006958007815,21.979006958007815,231
2024-08-30 08:00:00,98.33,80.84871,-17.481290893554686,17.481290893554686,231
2024-08-30 09:00:00,90.02,73.32948,-16.690516967773434,16.690516967773434,231
2024-08-30 10:00:00,86.64,63.689507,-22.950493469238282,22.950493469238282,231
2024-08-30 11:00:00,80.97,56.566116,-24.403883666992186,24.403883666992186,231
2024-08-30 12:00:00,79.9,49.22851,-30.67148818969727,30.67148818969727,231
2024-08-30 13:00:00,83.44,55.8379,-27.602101745605466,27.602101745605466,231
2024-08-30 14:00:00,87.65,70.129486,-17.52051391601563,17.52051391601563,231
2024-08-30 15:00:00,101.96,82.57358,-19.38642211914062,19.38642211914062,231
2024-08-30 16:00:00,110.74,99.08298,-11.65702270507812,11.65702270507812,231
2024-08-30 17:00:00,121.78,116.51769,-5.262307434082032,5.262307434082032,231
2024-08-30 18:00:00,105.31,119.8325,14.522496643066404,14.522496643066404,231
2024-08-30 19:00:00,103.67,118.08671,14.416708068847655,14.416708068847655,231
2024-08-30 20:00:00,97.24,105.59054,8.350538024902349,8.350538024902349,231
2024-08-30 21:00:00,95.77,90.5001,-5.26990081787109,5.26990081787109,231
2024-08-30 22:00:00,105.18,76.12038,-29.059623413085944,29.059623413085944,231
2024-08-30 23:00:00,88.83,74.69751,-14.132490234374998,14.132490234374998,231
2024-08-31 00:00:00,80.53,71.51162,-9.018380432128907,9.018380432128907,232
2024-08-31 01:00:00,68.04,70.692566,2.6525659179687437,2.6525659179687437,232
2024-08-31 02:00:00,55.77,67.95913,12.18912933349609,12.18912933349609,232
2024-08-31 03:00:00,59.27,67.30836,8.038357238769528,8.038357238769528,232
2024-08-31 04:00:00,67.22,58.378956,-8.841044158935546,8.841044158935546,232
2024-08-31 05:00:00,67.17,76.332954,9.16295440673828,9.16295440673828,232
2024-08-31 06:00:00,85.69,88.95427,3.2642694091796898,3.2642694091796898,232
2024-08-31 07:00:00,84.92,76.799934,-8.12006561279297,8.12006561279297,232
2024-08-31 08:00:00,60.13,55.092827,-5.037173156738284,5.037173156738284,232
2024-08-31 09:00:00,18.34,35.45399,17.113990936279297,17.113990936279297,232
2024-08-31 10:00:00,9.06,36.59024,27.530240478515623,27.530240478515623,232
2024-08-31 11:00:00,10.86,36.703987,25.843987121582032,25.843987121582032,232
2024-08-31 12:00:00,14.02,34.148857,20.12885711669922,20.12885711669922,232
2024-08-31 13:00:00,17.78,33.097027,15.31702682495117,15.31702682495117,232
2024-08-31 14:00:00,24.81,45.330433,20.520432891845704,20.520432891845704,232
2024-08-31 15:00:00,76.3,68.56039,-7.739613342285153,7.739613342285153,232
2024-08-31 16:00:00,108.59,84.42062,-24.16937622070313,24.16937622070313,232
2024-08-31 17:00:00,120.38,111.6117,-8.768298034667964,8.768298034667964,232
2024-08-31 18:00:00,123.32,93.93586,-29.384140319824212,29.384140319824212,232
2024-08-31 19:00:00,109.69,92.72442,-16.96558135986328,16.96558135986328,232
2024-08-31 20:00:00,101.58,81.12675,-20.453252868652342,20.453252868652342,232
2024-08-31 21:00:00,90.57,70.59877,-19.97122985839843,19.97122985839843,232
2024-08-31 22:00:00,94.02,79.65342,-14.36658050537109,14.36658050537109,232
2024-08-31 23:00:00,85.99,65.78864,-20.201357116699214,20.201357116699214,232
2024-09-01 00:00:00,80.37,67.657295,-12.712704772949223,12.712704772949223,233
2024-09-01 01:00:00,68.61,65.880325,-2.729674682617187,2.729674682617187,233
2024-09-01 02:00:00,56.17,63.50259,7.332590179443358,7.332590179443358,233
2024-09-01 03:00:00,53.86,68.0714,14.21140350341797,14.21140350341797,233
2024-09-01 04:00:00,56.44,72.83319,16.393190917968752,16.393190917968752,233
2024-09-01 05:00:00,57.05,63.69796,6.647959899902347,6.647959899902347,233
2024-09-01 06:00:00,60.63,49.65934,-10.970660095214846,10.970660095214846,233
2024-09-01 07:00:00,41.27,52.568737,11.298737030029294,11.298737030029294,233
2024-09-01 08:00:00,12.73,37.01848,24.288478393554687,24.288478393554687,233
2024-09-01 09:00:00,8.09,14.598535,6.50853458404541,6.50853458404541,233
2024-09-01 10:00:00,8.81,9.733828,0.9238275909423823,0.9238275909423823,233
2024-09-01 11:00:00,4.39,13.616219,9.22621856689453,9.22621856689453,233
2024-09-01 12:00:00,9.6,14.227187,4.6271871566772464,4.6271871566772464,233
2024-09-01 13:00:00,10.87,4.9887896,-5.881210441589355,5.881210441589355,233
2024-09-01 14:00:00,28.98,15.049859,-13.930140953063965,13.930140953063965,233
2024-09-01 15:00:00,81.37,53.915646,-27.45435440063477,27.45435440063477,233
2024-09-01 16:00:00,99.64,85.11676,-14.52323974609375,14.52323974609375,233
2024-09-01 17:00:00,123.6,100.06156,-23.538438415527338,23.538438415527338,233
2024-09-01 18:00:00,127.02,108.079636,-18.94036437988281,18.94036437988281,233
2024-09-01 19:00:00,111.31,100.14048,-11.169519958496096,11.169519958496096,233
2024-09-01 20:00:00,104.73,96.05437,-8.675632934570316,8.675632934570316,233
2024-09-01 21:00:00,91.5,81.946434,-9.553565979003906,9.553565979003906,233
2024-09-01 22:00:00,92.74,84.76423,-7.975771179199214,7.975771179199214,233
2024-09-01 23:00:00,95.13,75.61271,-19.51729095458984,19.51729095458984,233
2024-09-02 00:00:00,92.5,68.5318,-23.96820068359375,23.96820068359375,234
2024-09-02 01:00:00,92.59,64.82436,-27.76563629150391,27.76563629150391,234
2024-09-02 02:00:00,87.22,58.767624,-28.45237609863281,28.45237609863281,234
2024-09-02 03:00:00,93.79,73.93596,-19.85404113769532,19.85404113769532,234
2024-09-02 04:00:00,102.96,80.04039,-22.919609985351556,22.919609985351556,234
2024-09-02 05:00:00,121.88,99.89843,-21.981570129394527,21.981570129394527,234
2024-09-02 06:00:00,131.52,113.88177,-17.63823272705079,17.63823272705079,234
2024-09-02 07:00:00,122.64,96.877525,-25.762474670410157,25.762474670410157,234
2024-09-02 08:00:00,102.83,80.42786,-22.4021435546875,22.4021435546875,234
2024-09-02 09:00:00,90.98,76.342186,-14.63781402587891,14.63781402587891,234
2024-09-02 10:00:00,85.62,72.79952,-12.82047760009766,12.82047760009766,234
2024-09-02 11:00:00,82.25,66.11586,-16.134140014648438,16.134140014648438,234
2024-09-02 12:00:00,85.03,69.70707,-15.322930603027345,15.322930603027345,234
2024-09-02 13:00:00,91.9,68.99615,-22.903852844238287,22.903852844238287,234
2024-09-02 14:00:00,95.97,70.20814,-25.761862487792968,25.761862487792968,234
2024-09-02 15:00:00,104.9,91.17639,-13.723608398437506,13.723608398437506,234
2024-09-02 16:00:00,122.09,108.68497,-13.405032958984378,13.405032958984378,234
2024-09-02 17:00:00,130.0,138.62302,8.623016357421875,8.623016357421875,234
2024-09-02 18:00:00,138.0,136.85506,-1.1449432373046875,1.1449432373046875,234
2024-09-02 19:00:00,134.53,113.84705,-20.68294647216797,20.68294647216797,234
2024-09-02 20:00:00,116.54,101.04233,-15.497672119140631,15.497672119140631,234
2024-09-02 21:00:00,104.94,80.13932,-24.80067962646484,24.80067962646484,234
2024-09-02 22:00:00,99.72,80.290276,-19.42972442626953,19.42972442626953,234
2024-09-02 23:00:00,91.84,75.987946,-15.852054443359378,15.852054443359378,234
2024-09-03 00:00:00,90.75,80.385605,-10.364395141601562,10.364395141601562,235
2024-09-03 01:00:00,87.29,71.77161,-15.518393554687506,15.518393554687506,235
2024-09-03 02:00:00,87.07,70.93781,-16.132187194824212,16.132187194824212,235
2024-09-03 03:00:00,93.46,77.058945,-16.401055297851556,16.401055297851556,235
2024-09-03 04:00:00,106.19,80.27284,-25.917157592773435,25.917157592773435,235
2024-09-03 05:00:00,124.64,106.70736,-17.932640686035157,17.932640686035157,235
2024-09-03 06:00:00,133.95,118.315475,-15.634524536132801,15.634524536132801,235
2024-09-03 07:00:00,115.98,110.59643,-5.383572082519535,5.383572082519535,235
2024-09-03 08:00:00,98.88,84.211716,-14.668284301757808,14.668284301757808,235
2024-09-03 09:00:00,90.02,66.529495,-23.490504760742184,23.490504760742184,235
2024-09-03 10:00:00,85.0,60.0253,-24.974700927734375,24.974700927734375,235
2024-09-03 11:00:00,83.08,57.191013,-25.888986663818358,25.888986663818358,235
2024-09-03 12:00:00,84.68,58.880825,-25.799174957275397,25.799174957275397,235
2024-09-03 13:00:00,87.2,62.82801,-24.37198944091797,24.37198944091797,235
2024-09-03 14:00:00,93.82,73.60849,-20.211510009765618,20.211510009765618,235
2024-09-03 15:00:00,100.75,81.16398,-19.586021423339844,19.586021423339844,235
2024-09-03 16:00:00,109.03,109.64237,0.6123721313476551,0.6123721313476551,235
2024-09-03 17:00:00,135.05,118.75665,-16.29334716796876,16.29334716796876,235
2024-09-03 18:00:00,131.0,124.53136,-6.4686431884765625,6.4686431884765625,235
2024-09-03 19:00:00,130.01,112.07562,-17.93437744140624,17.93437744140624,235
2024-09-03 20:00:00,126.57,108.254486,-18.315513916015618,18.315513916015618,235
2024-09-03 21:00:00,115.19,83.54593,-31.644071044921873,31.644071044921873,235
2024-09-03 22:00:00,108.38,82.79841,-25.581591491699214,25.581591491699214,235
2024-09-03 23:00:00,95.71,74.118645,-21.591355285644525,21.591355285644525,235
2024-09-04 00:00:00,91.15,88.64537,-2.504629516601568,2.504629516601568,236
2024-09-04 01:00:00,84.39,81.82609,-2.5639120483398443,2.5639120483398443,236
2024-09-04 02:00:00,78.27,82.095695,3.8256954956054727,3.8256954956054727,236
2024-09-04 03:00:00,86.51,84.23239,-2.27760864257813,2.27760864257813,236
2024-09-04 04:00:00,104.73,102.76508,-1.9649166870117227,1.9649166870117227,236
2024-09-04 05:00:00,122.3,117.8001,-4.499897766113278,4.499897766113278,236
2024-09-04 06:00:00,127.42,118.1865,-9.233499450683595,9.233499450683595,236
2024-09-04 07:00:00,121.42,112.5691,-8.85090057373047,8.85090057373047,236
2024-09-04 08:00:00,107.21,87.28668,-19.923317871093744,19.923317871093744,236
2024-09-04 09:00:00,96.3,82.414665,-13.885334777832028,13.885334777832028,236
2024-09-04 10:00:00,92.41,78.56487,-13.845127258300778,13.845127258300778,236
2024-09-04 11:00:00,90.81,75.00997,-15.800028381347659,15.800028381347659,236
2024-09-04 12:00:00,89.82,73.02505,-16.7949526977539,16.7949526977539,236
2024-09-04 13:00:00,92.72,71.28041,-21.439589233398436,21.439589233398436,236
2024-09-04 14:00:00,95.01,82.39303,-12.616971740722661,12.616971740722661,236
2024-09-04 15:00:00,103.04,92.65114,-10.388861694335944,10.388861694335944,236
2024-09-04 16:00:00,133.75,104.5819,-29.16809844970703,29.16809844970703,236
2024-09-04 17:00:00,131.35,122.459175,-8.890824890136713,8.890824890136713,236
2024-09-04 18:00:00,122.81,125.43711,2.627110900878904,2.627110900878904,236
2024-09-04 19:00:00,124.44,118.92581,-5.514188232421873,5.514188232421873,236
2024-09-04 20:00:00,110.97,112.0124,1.0423977661132824,1.0423977661132824,236
2024-09-04 21:00:00,101.73,102.66845,0.9384494018554648,0.9384494018554648,236
2024-09-04 22:00:00,101.27,94.71647,-6.55353118896484,6.55353118896484,236
2024-09-04 23:00:00,94.6,90.025795,-4.574205017089838,4.574205017089838,236
2024-09-05 00:00:00,90.0,89.24721,-0.7527923583984375,0.7527923583984375,237
2024-09-05 01:00:00,87.11,83.13537,-3.9746316528320307,3.9746316528320307,237
2024-09-05 02:00:00,78.4,79.796844,1.3968444824218693,1.3968444824218693,237
2024-09-05 03:00:00,80.96,88.5507,7.5906973266601625,7.5906973266601625,237
2024-09-05 04:00:00,87.1,104.15816,17.058157348632818,17.058157348632818,237
2024-09-05 05:00:00,112.59,119.82138,7.231380615234372,7.231380615234372,237
2024-09-05 06:00:00,119.04,124.144714,5.104714355468744,5.104714355468744,237
2024-09-05 07:00:00,97.68,117.30981,19.629806823730462,19.629806823730462,237
2024-09-05 08:00:00,84.2,106.2768,22.07680206298828,22.07680206298828,237
2024-09-05 09:00:00,80.62,98.21537,17.59537017822265,17.59537017822265,237
2024-09-05 10:00:00,84.81,93.49235,8.682347717285154,8.682347717285154,237
2024-09-05 11:00:00,60.69,88.29084,27.600840148925784,27.600840148925784,237
2024-09-05 12:00:00,66.11,82.45057,16.340569152832032,16.340569152832032,237
2024-09-05 13:00:00,59.96,89.61821,29.658209838867187,29.658209838867187,237
2024-09-05 14:00:00,46.04,94.62385,48.58384796142578,48.58384796142578,237
2024-09-05 15:00:00,71.11,100.58499,29.474991455078126,29.474991455078126,237
2024-09-05 16:00:00,93.09,122.02296,28.932956848144528,28.932956848144528,237
2024-09-05 17:00:00,110.79,126.02923,15.239228210449212,15.239228210449212,237
2024-09-05 18:00:00,104.65,119.857,15.207002258300776,15.207002258300776,237
2024-09-05 19:00:00,93.69,120.197525,26.507525024414065,26.507525024414065,237
2024-09-05 20:00:00,85.8,113.81207,28.012072753906253,28.012072753906253,237
2024-09-05 21:00:00,76.78,104.12793,27.3479296875,27.3479296875,237
2024-09-05 22:00:00,69.48,95.84465,26.364650268554684,26.364650268554684,237
2024-09-05 23:00:00,62.51,90.679115,28.16911529541016,28.16911529541016,237
2024-09-06 00:00:00,53.0,81.53051,28.53050994873047,28.53050994873047,238
2024-09-06 01:00:00,50.12,74.5584,24.43840301513672,24.43840301513672,238
2024-09-06 02:00:00,59.18,69.68061,10.500610656738282,10.500610656738282,238
2024-09-06 03:00:00,70.51,72.51303,2.00303100585937,2.00303100585937,238
2024-09-06 04:00:00,87.83,81.02688,-6.8031216430664045,6.8031216430664045,238
2024-09-06 05:00:00,105.06,100.016495,-5.04350524902344,5.04350524902344,238
2024-09-06 06:00:00,112.85,100.78488,-12.06511840820312,12.06511840820312,238
2024-09-06 07:00:00,100.5,99.19609,-1.3039093017578125,1.3039093017578125,238
2024-09-06 08:00:00,85.23,79.47521,-5.754787902832035,5.754787902832035,238
2024-09-06 09:00:00,78.63,76.04481,-2.585192565917964,2.585192565917964,238
2024-09-06 10:00:00,63.37,71.98974,8.619738464355471,8.619738464355471,238
2024-09-06 11:00:00,46.22,56.897434,10.677434234619142,10.677434234619142,238
2024-09-06 12:00:00,31.2,64.40309,33.20309143066406,33.20309143066406,238
2024-09-06 13:00:00,46.14,56.440067,10.300067291259765,10.300067291259765,238
2024-09-06 14:00:00,76.29,60.733955,-15.556044616699225,15.556044616699225,238
2024-09-06 15:00:00,88.92,72.16689,-16.753106994628908,16.753106994628908,238
2024-09-06 16:00:00,94.99,100.83065,5.840650329589849,5.840650329589849,238
2024-09-06 17:00:00,104.41,106.470436,2.0604360961914097,2.0604360961914097,238
2024-09-06 18:00:00,113.83,104.78277,-9.04723175048828,9.04723175048828,238
2024-09-06 19:00:00,101.41,100.49334,-0.9166604614257778,0.9166604614257778,238
2024-09-06 20:00:00,96.34,91.37215,-4.967853393554691,4.967853393554691,238
2024-09-06 21:00:00,93.09,81.686386,-11.403613891601566,11.403613891601566,238
2024-09-06 22:00:00,97.59,74.41541,-23.174587097167972,23.174587097167972,238
2024-09-06 23:00:00,92.0,65.5767,-26.423301696777344,26.423301696777344,238
2024-09-07 00:00:00,73.37,66.31209,-7.057911987304692,7.057911987304692,239
2024-09-07 01:00:00,56.72,59.02556,2.3055584716796886,2.3055584716796886,239
2024-09-07 02:00:00,49.9,50.855637,0.9556365966796889,0.9556365966796889,239
2024-09-07 03:00:00,53.12,54.63892,1.5189198303222682,1.5189198303222682,239
2024-09-07 04:00:00,62.06,54.30466,-7.755339202880862,7.755339202880862,239
2024-09-07 05:00:00,70.11,74.230095,4.120094909667969,4.120094909667969,239
2024-09-07 06:00:00,91.02,81.317184,-9.702815551757809,9.702815551757809,239
2024-09-07 07:00:00,77.95,69.16171,-8.788287353515628,8.788287353515628,239
2024-09-07 08:00:00,51.52,50.28039,-1.2396083068847688,1.2396083068847688,239
2024-09-07 09:00:00,14.54,38.33978,23.799778900146485,23.799778900146485,239
2024-09-07 10:00:00,5.48,29.72505,24.24504997253418,24.24504997253418,239
2024-09-07 11:00:00,1.02,11.279566,10.259565811157227,10.259565811157227,239
2024-09-07 12:00:00,0.44,14.901971,14.461970863342286,14.461970863342286,239
2024-09-07 13:00:00,9.07,17.41138,8.341380767822265,8.341380767822265,239
2024-09-07 14:00:00,36.8,48.43703,11.637030792236331,11.637030792236331,239
2024-09-07 15:00:00,50.24,65.456245,15.21624542236328,15.21624542236328,239
2024-09-07 16:00:00,83.32,90.26491,6.944907836914069,6.944907836914069,239
2024-09-07 17:00:00,115.57,99.14235,-16.42765075683593,16.42765075683593,239
2024-09-07 18:00:00,103.95,103.619125,-0.33087463378906534,0.33087463378906534,239
2024-09-07 19:00:00,88.23,91.69074,3.4607424926757773,3.4607424926757773,239
2024-09-07 20:00:00,83.19,91.1545,7.964502868652346,7.964502868652346,239
2024-09-07 21:00:00,89.44,80.29827,-9.141728820800779,9.141728820800779,239
2024-09-07 22:00:00,91.01,87.66799,-3.3420083618164114,3.3420083618164114,239
2024-09-07 23:00:00,75.6,77.20627,1.6062683105468807,1.6062683105468807,239
2024-09-09 00:00:00,44.16,66.1231,21.963100280761722,21.963100280761722,241
2024-09-09 01:00:00,14.12,67.937126,53.81712615966797,53.81712615966797,241
2024-09-09 02:00:00,20.64,61.916885,41.27688537597656,41.27688537597656,241
2024-09-09 03:00:00,57.78,58.55876,0.7787615966796864,0.7787615966796864,241
2024-09-09 04:00:00,75.54,76.95661,1.416611633300775,1.416611633300775,241
2024-09-09 05:00:00,93.86,87.099625,-6.760375366210937,6.760375366210937,241
2024-09-09 06:00:00,106.35,96.91311,-9.4368911743164,9.4368911743164,241
2024-09-09 07:00:00,90.88,92.96409,2.084088439941411,2.084088439941411,241
2024-09-09 08:00:00,70.1,87.19609,17.096090698242193,17.096090698242193,241
2024-09-09 09:00:00,41.78,87.67807,45.898070068359374,45.898070068359374,241
2024-09-09 10:00:00,31.53,79.802826,48.272825927734374,48.272825927734374,241
2024-09-09 11:00:00,23.55,68.878746,45.32874603271485,45.32874603271485,241
2024-09-09 12:00:00,7.72,58.515068,50.79506805419922,50.79506805419922,241
2024-09-09 13:00:00,6.12,51.59656,45.47656143188477,45.47656143188477,241
2024-09-09 14:00:00,9.54,74.173965,64.63396545410157,64.63396545410157,241
2024-09-09 15:00:00,7.45,85.92926,78.47926025390625,78.47926025390625,241
2024-09-09 16:00:00,71.94,96.805664,24.865664062500002,24.865664062500002,241
2024-09-09 17:00:00,116.5,111.919624,-4.580375671386719,4.580375671386719,241
2024-09-09 18:00:00,113.3,112.65533,-0.6446731567382784,0.6446731567382784,241
2024-09-09 19:00:00,96.31,113.476746,17.166745605468748,17.166745605468748,241
2024-09-09 20:00:00,88.18,107.155334,18.975334472656243,18.975334472656243,241
2024-09-09 21:00:00,80.0,95.4816,15.481597900390625,15.481597900390625,241
2024-09-09 22:00:00,67.65,81.34054,13.690538024902338,13.690538024902338,241
2024-09-09 23:00:00,60.31,71.4568,11.14680236816406,11.14680236816406,241
2024-09-10 00:00:00,59.97,53.98073,-5.989271850585936,5.989271850585936,242
2024-09-10 01:00:00,24.82,40.431774,15.611774139404297,15.611774139404297,242
2024-09-10 02:00:00,16.26,43.71892,27.45892166137695,27.45892166137695,242
2024-09-10 03:00:00,16.71,54.925888,38.21588806152344,38.21588806152344,242
2024-09-10 04:00:00,39.57,67.19756,27.62756317138672,27.62756317138672,242
2024-09-10 05:00:00,69.29,95.77373,26.48372741699218,26.48372741699218,242
2024-09-10 06:00:00,85.83,102.26397,16.43396942138672,16.43396942138672,242
2024-09-10 07:00:00,68.22,94.73565,26.51564910888672,26.51564910888672,242
2024-09-10 08:00:00,55.17,80.13158,24.961576538085936,24.961576538085936,242
2024-09-10 09:00:00,15.29,46.92464,31.63464065551758,31.63464065551758,242
2024-09-10 10:00:00,6.41,34.91257,28.50257095336914,28.50257095336914,242
2024-09-10 11:00:00,3.75,31.390371,27.640371322631836,27.640371322631836,242
2024-09-10 12:00:00,6.31,32.019886,25.709886016845704,25.709886016845704,242
2024-09-10 13:00:00,3.04,36.925583,33.88558288574219,33.88558288574219,242
2024-09-10 14:00:00,4.59,44.15206,39.56206146240234,39.56206146240234,242
2024-09-10 15:00:00,28.41,45.651615,17.241615142822265,17.241615142822265,242
2024-09-10 16:00:00,53.1,82.11574,29.01573791503906,29.01573791503906,242
2024-09-10 17:00:00,86.45,117.162155,30.712155151367185,30.712155151367185,242
2024-09-10 18:00:00,85.23,123.12463,37.894633789062496,37.894633789062496,242
2024-09-10 19:00:00,58.35,107.274025,48.924024963378905,48.924024963378905,242
2024-09-10 20:00:00,77.8,103.22347,25.423472595214847,25.423472595214847,242
2024-09-10 21:00:00,64.35,90.56508,26.215078735351568,26.215078735351568,242
2024-09-10 22:00:00,15.24,81.15749,65.9174935913086,65.9174935913086,242
2024-09-10 23:00:00,0.0,77.816345,77.81634521484375,77.81634521484375,242
2024-09-12 00:00:00,71.42,35.93503,-35.48496810913086,35.48496810913086,244
2024-09-12 01:00:00,51.19,17.326527,-33.863473358154295,33.863473358154295,244
2024-09-12 02:00:00,32.61,17.094597,-15.51540313720703,15.51540313720703,244
2024-09-12 03:00:00,61.12,20.032549,-41.08745109558105,41.08745109558105,244
2024-09-12 04:00:00,85.03,40.34877,-44.68122985839844,44.68122985839844,244
2024-09-12 05:00:00,113.55,78.40238,-35.14761810302734,35.14761810302734,244
2024-09-12 06:00:00,120.75,103.423935,-17.326065063476562,17.326065063476562,244
2024-09-12 07:00:00,103.5,95.68043,-7.819572448730469,7.819572448730469,244
2024-09-12 08:00:00,84.51,72.88219,-11.627813110351568,11.627813110351568,244
2024-09-12 09:00:00,53.9,71.63314,17.733140563964845,17.733140563964845,244
2024-09-12 10:00:00,59.0,57.089813,-1.910186767578125,1.910186767578125,244
2024-09-12 11:00:00,48.08,41.716667,-6.3633328247070295,6.3633328247070295,244
2024-09-12 12:00:00,34.0,38.463978,4.463977813720703,4.463977813720703,244
2024-09-12 13:00:00,12.83,31.180727,18.350727005004885,18.350727005004885,244
2024-09-12 14:00:00,9.33,44.972466,35.64246551513672,35.64246551513672,244
2024-09-12 15:00:00,23.32,47.448944,24.128944091796875,24.128944091796875,244
2024-09-12 16:00:00,62.91,66.42421,3.514209594726566,3.514209594726566,244
2024-09-12 17:00:00,100.6,83.83359,-16.76641235351562,16.76641235351562,244
2024-09-12 18:00:00,101.46,100.76705,-0.69294830322265,0.69294830322265,244
2024-09-12 19:00:00,98.89,96.67453,-2.2154699707031256,2.2154699707031256,244
2024-09-12 20:00:00,93.53,92.75041,-0.7795880126953136,0.7795880126953136,244
2024-09-12 21:00:00,87.35,82.02701,-5.322991943359369,5.322991943359369,244
2024-09-12 22:00:00,76.05,64.74942,-11.300579833984372,11.300579833984372,244
2024-09-12 23:00:00,62.22,59.979176,-2.2408244323730457,2.2408244323730457,244
2024-09-13 00:00:00,43.48,59.89164,16.41163970947266,16.41163970947266,245
2024-09-13 01:00:00,7.17,55.44722,48.27721984863281,48.27721984863281,245
2024-09-13 02:00:00,1.42,42.888466,41.468465881347655,41.468465881347655,245
2024-09-13 03:00:00,41.0,48.575798,7.575798034667969,7.575798034667969,245
2024-09-13 04:00:00,76.5,72.9594,-3.5406036376953125,3.5406036376953125,245
2024-09-13 05:00:00,106.86,85.72811,-21.131888732910156,21.131888732910156,245
2024-09-13 06:00:00,118.58,102.72032,-15.85967834472656,15.85967834472656,245
2024-09-13 07:00:00,92.36,93.48791,1.1279074096679693,1.1279074096679693,245
2024-09-13 08:00:00,54.8,75.11488,20.314883422851565,20.314883422851565,245
2024-09-13 09:00:00,56.15,58.021168,1.8711677551269545,1.8711677551269545,245
2024-09-13 10:00:00,35.03,54.205486,19.17548629760742,19.17548629760742,245
2024-09-13 11:00:00,7.41,41.036064,33.62606414794922,33.62606414794922,245
2024-09-13 12:00:00,32.43,28.40753,-4.0224701690673825,4.0224701690673825,245
2024-09-13 13:00:00,4.45,17.210655,12.760655212402344,12.760655212402344,245
2024-09-13 14:00:00,29.95,33.993465,4.043465423583985,4.043465423583985,245
2024-09-13 15:00:00,40.69,32.505733,-8.184266510009763,8.184266510009763,245
2024-09-13 16:00:00,83.7,52.373898,-31.32610244750977,31.32610244750977,245
2024-09-13 17:00:00,100.02,93.49721,-6.5227923583984335,6.5227923583984335,245
2024-09-13 18:00:00,94.25,101.51138,7.261383056640625,7.261383056640625,245
2024-09-13 19:00:00,85.29,95.25671,9.966706237792962,9.966706237792962,245
2024-09-13 20:00:00,81.97,92.14408,10.174081115722657,10.174081115722657,245
2024-09-13 21:00:00,71.56,84.33884,12.778836669921873,12.778836669921873,245
2024-09-13 22:00:00,56.7,72.83153,16.131527709960935,16.131527709960935,245
2024-09-13 23:00:00,54.0,62.68703,8.687030792236328,8.687030792236328,245
2024-09-14 00:00:00,49.86,36.060078,-13.799922332763671,13.799922332763671,246
2024-09-14 01:00:00,45.98,33.975887,-12.004112701416012,12.004112701416012,246
2024-09-14 02:00:00,49.08,29.22703,-19.85297019958496,19.85297019958496,246
2024-09-14 03:00:00,44.85,36.129402,-8.72059783935547,8.72059783935547,246
2024-09-14 04:00:00,55.07,46.722633,-8.347366638183594,8.347366638183594,246
2024-09-14 05:00:00,65.0,66.539024,1.5390243530273438,1.5390243530273438,246
2024-09-14 06:00:00,68.86,73.1051,4.245102539062501,4.245102539062501,246
2024-09-14 07:00:00,62.19,53.660217,-8.529782714843748,8.529782714843748,246
2024-09-14 08:00:00,39.78,34.439747,-5.340253143310548,5.340253143310548,246
2024-09-14 09:00:00,8.23,35.0027,26.772700805664062,26.772700805664062,246
2024-09-14 10:00:00,1.8,9.171257,7.371257019042969,7.371257019042969,246
2024-09-14 11:00:00,0.79,4.4205346,3.630534610748291,3.630534610748291,246
2024-09-14 12:00:00,0.44,2.259423,1.819423017501831,1.819423017501831,246
2024-09-14 13:00:00,1.79,-2.6493216,-4.439321556091309,4.439321556091309,246
2024-09-14 14:00:00,11.88,7.2455964,-4.634403591156007,4.634403591156007,246
2024-09-14 15:00:00,26.27,19.703396,-6.56660415649414,6.56660415649414,246
2024-09-14 16:00:00,66.37,55.55057,-10.819428558349614,10.819428558349614,246
2024-09-14 17:00:00,89.55,69.58563,-19.964367675781247,19.964367675781247,246
2024-09-14 18:00:00,101.72,69.427956,-32.29204437255859,32.29204437255859,246
2024-09-14 19:00:00,74.45,81.13028,6.680279541015622,6.680279541015622,246
2024-09-14 20:00:00,87.99,77.52182,-10.46817993164062,10.46817993164062,246
2024-09-14 21:00:00,80.98,72.49346,-8.486538391113285,8.486538391113285,246
2024-09-14 22:00:00,61.7,54.378487,-7.321513366699222,7.321513366699222,246
2024-09-14 23:00:00,51.07,44.465252,-6.604748077392578,6.604748077392578,246
2024-09-15 00:00:00,37.17,44.161915,6.991914825439451,6.991914825439451,247
2024-09-15 01:00:00,29.22,37.153366,7.933366088867189,7.933366088867189,247
2024-09-15 02:00:00,28.7,23.0801,-5.619900894165038,5.619900894165038,247
2024-09-15 03:00:00,33.63,32.879086,-0.7509144592285182,0.7509144592285182,247
2024-09-15 04:00:00,37.77,38.96216,1.1921582031249969,1.1921582031249969,247
2024-09-15 05:00:00,43.65,38.52484,-5.125158691406249,5.125158691406249,247
2024-09-15 06:00:00,32.48,50.322678,17.84267761230469,17.84267761230469,247
2024-09-15 07:00:00,13.23,26.656542,13.42654182434082,13.42654182434082,247
2024-09-15 08:00:00,10.92,18.972694,8.052694396972656,8.052694396972656,247
2024-09-15 09:00:00,0.07,13.135012,13.065011672973633,13.065011672973633,247
2024-09-15 10:00:00,0.0,3.1455057,3.145505666732788,3.145505666732788,247
2024-09-15 11:00:00,-0.01,-22.932524,-22.92252372741699,22.92252372741699,247
2024-09-15 12:00:00,-0.36,-25.714293,-25.354292526245118,25.354292526245118,247
2024-09-15 13:00:00,0.0,-16.595638,-16.595638275146484,16.595638275146484,247
2024-09-15 14:00:00,0.16,3.102543,2.9425431156158446,2.9425431156158446,247
2024-09-15 15:00:00,7.02,10.93471,3.9147095489501957,3.9147095489501957,247
2024-09-15 16:00:00,37.61,64.58883,26.978829040527344,26.978829040527344,247
2024-09-15 17:00:00,49.85,79.09448,29.244482421875,29.244482421875,247
2024-09-15 18:00:00,65.08,81.187195,16.10719482421875,16.10719482421875,247
2024-09-15 19:00:00,64.39,77.86675,13.476752624511718,13.476752624511718,247
2024-09-15 20:00:00,60.74,82.01407,21.274068603515623,21.274068603515623,247
2024-09-15 21:00:00,54.91,75.32566,20.41566070556641,20.41566070556641,247
2024-09-15 22:00:00,30.0,54.964268,24.96426773071289,24.96426773071289,247
2024-09-15 23:00:00,13.03,51.74685,38.71684906005859,38.71684906005859,247
2024-09-18 00:00:00,49.39,67.417244,18.02724395751953,18.02724395751953,250
2024-09-18 01:00:00,12.84,57.350224,44.51022354125976,44.51022354125976,250
2024-09-18 02:00:00,13.64,55.896946,42.25694595336914,42.25694595336914,250
2024-09-18 03:00:00,45.58,52.32928,6.749280853271486,6.749280853271486,250
2024-09-18 04:00:00,70.94,50.5502,-20.389798583984373,20.389798583984373,250
2024-09-18 05:00:00,84.78,54.280556,-30.499444274902345,30.499444274902345,250
2024-09-18 06:00:00,98.45,69.39104,-29.058963012695315,29.058963012695315,250
2024-09-18 07:00:00,78.64,60.911224,-17.728775634765626,17.728775634765626,250
2024-09-18 08:00:00,71.63,43.445526,-28.18447387695312,28.18447387695312,250
2024-09-18 09:00:00,12.91,43.585144,30.67514404296875,30.67514404296875,250
2024-09-18 10:00:00,5.49,47.005943,41.51594329833984,41.51594329833984,250
2024-09-18 11:00:00,0.0,56.242813,56.24281311035156,56.24281311035156,250
2024-09-18 12:00:00,0.01,55.009636,54.99963592529297,54.99963592529297,250
2024-09-18 13:00:00,0.09,32.212738,32.12273803710937,32.12273803710937,250
2024-09-18 14:00:00,14.47,36.111946,21.641946105957032,21.641946105957032,250
2024-09-18 15:00:00,36.81,42.30527,5.495271148681638,5.495271148681638,250
2024-09-18 16:00:00,85.75,60.75027,-24.99972915649414,24.99972915649414,250
2024-09-18 17:00:00,120.01,73.21704,-46.792958984375005,46.792958984375005,250
2024-09-18 18:00:00,108.2,69.45297,-38.74702758789063,38.74702758789063,250
2024-09-18 19:00:00,64.42,67.5063,3.086301879882811,3.086301879882811,250
2024-09-18 20:00:00,44.01,71.99422,27.984216918945314,27.984216918945314,250
2024-09-18 21:00:00,44.33,63.426514,19.096513671875,19.096513671875,250
2024-09-18 22:00:00,60.08,55.886703,-4.193296508789061,4.193296508789061,250
2024-09-18 23:00:00,42.36,49.809593,7.449593200683594,7.449593200683594,250
2024-09-19 00:00:00,36.76,33.88349,-2.8765084838867168,2.8765084838867168,251
2024-09-19 01:00:00,18.94,17.717001,-1.2229990386962903,1.2229990386962903,251
2024-09-19 02:00:00,15.61,23.356115,7.746115341186524,7.746115341186524,251
2024-09-19 03:00:00,48.48,31.32995,-17.150049667358395,17.150049667358395,251
2024-09-19 04:00:00,64.26,47.49799,-16.76201034545899,16.76201034545899,251
2024-09-19 05:00:00,86.62,56.69514,-29.924859161376958,29.924859161376958,251
2024-09-19 06:00:00,95.57,76.92799,-18.64200622558593,18.64200622558593,251
2024-09-19 07:00:00,86.7,68.48343,-18.216571044921878,18.216571044921878,251
2024-09-19 08:00:00,74.81,44.114582,-30.695417938232424,30.695417938232424,251
2024-09-19 09:00:00,25.25,24.104548,-1.1454524993896484,1.1454524993896484,251
2024-09-19 10:00:00,4.97,29.439283,24.46928337097168,24.46928337097168,251
2024-09-19 11:00:00,0.02,28.599573,28.579573135375977,28.579573135375977,251
2024-09-19 12:00:00,0.0,32.559486,32.559486389160156,32.559486389160156,251
2024-09-19 13:00:00,0.02,39.233105,39.213104705810544,39.213104705810544,251
2024-09-19 14:00:00,20.4,34.405003,14.005002593994142,14.005002593994142,251
2024-09-19 15:00:00,65.43,29.075207,-36.35479324340821,36.35479324340821,251
2024-09-19 16:00:00,82.36,67.3623,-14.99770294189453,14.99770294189453,251
2024-09-19 17:00:00,112.34,92.485664,-19.854335632324222,19.854335632324222,251
2024-09-19 18:00:00,112.65,93.66656,-18.983442687988287,18.983442687988287,251
2024-09-19 19:00:00,88.99,74.53937,-14.450632324218745,14.450632324218745,251
2024-09-19 20:00:00,88.97,64.50625,-24.463751525878905,24.463751525878905,251
2024-09-19 21:00:00,78.87,56.827824,-22.04217636108399,22.04217636108399,251
2024-09-19 22:00:00,38.24,56.89592,18.655919799804686,18.655919799804686,251
2024-09-19 23:00:00,33.23,49.61504,16.385039825439456,16.385039825439456,251
2024-09-20 00:00:00,50.59,39.432438,-11.157562103271488,11.157562103271488,252
2024-09-20 01:00:00,43.32,32.677044,-10.642956085205078,10.642956085205078,252
2024-09-20 02:00:00,32.96,34.002506,1.0425062561035148,1.0425062561035148,252
2024-09-20 03:00:00,31.45,46.449337,14.999337005615235,14.999337005615235,252
2024-09-20 04:00:00,59.25,58.034527,-1.2154731750488281,1.2154731750488281,252
2024-09-20 05:00:00,85.5,65.94665,-19.55335235595703,19.55335235595703,252
2024-09-20 06:00:00,94.86,72.593376,-22.26662384033203,22.26662384033203,252
2024-09-20 07:00:00,88.92,69.74119,-19.178811950683595,19.178811950683595,252
2024-09-20 08:00:00,62.05,60.802116,-1.2478836059570284,1.2478836059570284,252
2024-09-20 09:00:00,24.69,29.23335,4.543350753784178,4.543350753784178,252
2024-09-20 10:00:00,9.84,9.348211,-0.4917887115478514,0.4917887115478514,252
2024-09-20 11:00:00,0.05,11.213465,11.163464736938476,11.163464736938476,252
2024-09-20 12:00:00,0.07,11.823422,11.7534224319458,11.7534224319458,252
2024-09-20 13:00:00,10.06,5.589872,-4.4701281166076665,4.4701281166076665,252
2024-09-20 14:00:00,43.68,18.120953,-25.559047393798828,25.559047393798828,252
2024-09-20 15:00:00,77.22,54.01338,-23.206621856689452,23.206621856689452,252
2024-09-20 16:00:00,103.07,78.54671,-24.52329284667968,24.52329284667968,252
2024-09-20 17:00:00,110.16,91.650536,-18.509464416503903,18.509464416503903,252
2024-09-20 18:00:00,108.52,96.44452,-12.075480957031246,12.075480957031246,252
2024-09-20 19:00:00,89.99,86.783394,-3.2066061401367136,3.2066061401367136,252
2024-09-20 20:00:00,86.76,75.95714,-10.802861938476568,10.802861938476568,252
2024-09-20 21:00:00,72.91,69.83681,-3.073192749023434,3.073192749023434,252
2024-09-20 22:00:00,44.05,40.237972,-3.812027740478513,3.812027740478513,252
2024-09-20 23:00:00,38.58,44.154793,5.574792785644533,5.574792785644533,252
2024-09-21 00:00:00,32.94,43.91711,10.977110443115237,10.977110443115237,253
2024-09-21 01:00:00,47.42,36.625465,-10.794534606933595,10.794534606933595,253
2024-09-21 02:00:00,24.26,35.63352,11.373518218994139,11.373518218994139,253
2024-09-21 03:00:00,22.44,35.92842,13.488421020507811,13.488421020507811,253
2024-09-21 04:00:00,49.03,51.8832,2.8532015991210926,2.8532015991210926,253
2024-09-21 05:00:00,26.28,53.41273,27.132731170654296,27.132731170654296,253
2024-09-21 06:00:00,32.18,58.681812,26.501812286376953,26.501812286376953,253
2024-09-21 07:00:00,52.01,46.57666,-5.433339843749998,5.433339843749998,253
2024-09-21 08:00:00,22.0,31.202106,9.202106475830078,9.202106475830078,253
2024-09-21 09:00:00,3.15,21.1395,17.989499664306642,17.989499664306642,253
2024-09-21 10:00:00,0.0,8.789032,8.789031982421875,8.789031982421875,253
2024-09-21 11:00:00,-3.36,-8.750271,-5.39027084350586,5.39027084350586,253
2024-09-21 12:00:00,-3.95,2.6960366,6.646036577224732,6.646036577224732,253
2024-09-21 13:00:00,1.09,10.936751,9.846751365661621,9.846751365661621,253
2024-09-21 14:00:00,20.22,32.04168,11.82167938232422,11.82167938232422,253
2024-09-21 15:00:00,33.13,42.544468,9.414467926025388,9.414467926025388,253
2024-09-21 16:00:00,64.87,74.283325,9.413325195312495,9.413325195312495,253
2024-09-21 17:00:00,79.94,88.01829,8.078287658691409,8.078287658691409,253
2024-09-21 18:00:00,83.91,81.247116,-2.662883911132809,2.662883911132809,253
2024-09-21 19:00:00,27.81,71.79348,43.98347991943359,43.98347991943359,253
2024-09-21 20:00:00,57.68,60.220028,2.5400279235839847,2.5400279235839847,253
2024-09-21 21:00:00,42.65,52.38511,9.735108947753908,9.735108947753908,253
2024-09-21 22:00:00,71.3,36.947983,-34.35201721191406,34.35201721191406,253
2024-09-21 23:00:00,55.2,33.990627,-21.209372711181643,21.209372711181643,253
2024-09-22 00:00:00,52.18,38.159054,-14.020946197509765,14.020946197509765,254
2024-09-22 01:00:00,29.35,30.41593,1.065929794311522,1.065929794311522,254
2024-09-22 02:00:00,21.7,30.8278,9.127800750732423,9.127800750732423,254
2024-09-22 03:00:00,25.75,26.031721,0.2817211151123047,0.2817211151123047,254
2024-09-22 04:00:00,34.58,31.600393,-2.9796067047119124,2.9796067047119124,254
2024-09-22 05:00:00,26.81,24.122452,-2.687548217773436,2.687548217773436,254
2024-09-22 06:00:00,52.6,20.4199,-32.18009910583496,32.18009910583496,254
2024-09-22 07:00:00,55.87,23.415024,-32.45497619628906,32.45497619628906,254
2024-09-22 08:00:00,26.36,15.701426,-10.658574447631835,10.658574447631835,254
2024-09-22 09:00:00,11.87,0.60839295,-11.261607046127319,11.261607046127319,254
2024-09-22 10:00:00,11.68,-2.4231546,-14.103154592514038,14.103154592514038,254
2024-09-22 11:00:00,0.1,-16.335308,-16.435308074951173,16.435308074951173,254
2024-09-22 12:00:00,0.01,-20.519129,-20.529128799438478,20.529128799438478,254
2024-09-22 13:00:00,9.66,-11.273946,-20.933945808410645,20.933945808410645,254
2024-09-22 14:00:00,26.45,9.542465,-16.907534790039062,16.907534790039062,254
2024-09-22 15:00:00,28.45,21.886683,-6.563317489624023,6.563317489624023,254
2024-09-22 16:00:00,70.0,56.896885,-13.10311508178711,13.10311508178711,254
2024-09-22 17:00:00,102.69,60.521088,-42.16891235351562,42.16891235351562,254
2024-09-22 18:00:00,110.22,58.94238,-51.277621002197264,51.277621002197264,254
2024-09-22 19:00:00,94.2,52.810963,-41.38903732299805,41.38903732299805,254
2024-09-22 20:00:00,94.22,53.501705,-40.718294830322264,40.718294830322264,254
2024-09-22 21:00:00,92.0,47.84181,-44.1581916809082,44.1581916809082,254
2024-09-22 22:00:00,41.78,41.62922,-0.1507809448242199,0.1507809448242199,254
2024-09-22 23:00:00,39.27,32.601723,-6.668277282714847,6.668277282714847,254
2024-09-23 00:00:00,36.33,39.65509,3.3250903320312517,3.3250903320312517,255
2024-09-23 01:00:00,29.78,25.3632,-4.416800765991212,4.416800765991212,255
2024-09-23 02:00:00,22.99,23.23933,0.24933029174804844,0.24933029174804844,255
2024-09-23 03:00:00,32.15,27.513468,-4.6365322113037095,4.6365322113037095,255
2024-09-23 04:00:00,37.19,37.80289,0.6128907775878929,0.6128907775878929,255
2024-09-23 05:00:00,87.58,55.741364,-31.838636474609373,31.838636474609373,255
2024-09-23 06:00:00,101.64,68.953735,-32.6862646484375,32.6862646484375,255
2024-09-23 07:00:00,94.92,71.20092,-23.719079895019533,23.719079895019533,255
2024-09-23 08:00:00,79.74,43.77088,-35.969118347167964,35.969118347167964,255
2024-09-23 09:00:00,66.54,30.109526,-36.430474319458014,36.430474319458014,255
2024-09-23 10:00:00,51.1,23.874144,-27.225856399536134,27.225856399536134,255
2024-09-23 11:00:00,50.24,25.88767,-24.35232948303223,24.35232948303223,255
2024-09-23 12:00:00,33.55,23.955545,-9.594454574584958,9.594454574584958,255
2024-09-23 13:00:00,19.02,23.215384,4.195383529663086,4.195383529663086,255
2024-09-23 14:00:00,25.84,34.66547,8.825470123291016,8.825470123291016,255
2024-09-23 15:00:00,42.93,35.777565,-7.1524349975585935,7.1524349975585935,255
2024-09-23 16:00:00,73.79,76.36913,2.5791329956054625,2.5791329956054625,255
2024-09-23 17:00:00,116.05,100.189735,-15.860264587402341,15.860264587402341,255
2024-09-23 18:00:00,99.05,104.90362,5.853617858886722,5.853617858886722,255
2024-09-23 19:00:00,45.74,93.49008,47.75008178710937,47.75008178710937,255
2024-09-23 20:00:00,41.93,95.49188,53.56188232421875,53.56188232421875,255
2024-09-23 21:00:00,46.59,82.54209,35.9520913696289,35.9520913696289,255
2024-09-23 22:00:00,59.96,50.58474,-9.375260314941407,9.375260314941407,255
2024-09-23 23:00:00,48.65,39.118603,-9.531397247314452,9.531397247314452,255
2024-09-24 00:00:00,36.66,41.8734,5.2134016418457065,5.2134016418457065,256
2024-09-24 01:00:00,26.25,38.929592,12.67959213256836,12.67959213256836,256
2024-09-24 02:00:00,17.43,37.90735,20.4773486328125,20.4773486328125,256
2024-09-24 03:00:00,36.58,39.60252,3.0225199890136736,3.0225199890136736,256
2024-09-24 04:00:00,53.28,44.643894,-8.63610580444336,8.63610580444336,256
2024-09-24 05:00:00,91.0,73.75158,-17.24842071533203,17.24842071533203,256
2024-09-24 06:00:00,97.01,82.9784,-14.031598815917974,14.031598815917974,256
2024-09-24 07:00:00,60.29,79.18422,18.894219360351563,18.894219360351563,256
2024-09-24 08:00:00,42.06,60.82681,18.766808929443357,18.766808929443357,256
2024-09-24 09:00:00,44.18,47.320255,3.140255279541016,3.140255279541016,256
2024-09-24 10:00:00,37.43,39.216278,1.7862780761718753,1.7862780761718753,256
2024-09-24 11:00:00,22.35,44.365208,22.01520767211914,22.01520767211914,256
2024-09-24 12:00:00,23.6,33.036495,9.436495208740233,9.436495208740233,256
2024-09-24 13:00:00,26.18,30.239355,4.059355087280274,4.059355087280274,256
2024-09-24 14:00:00,31.0,36.42265,5.422649383544922,5.422649383544922,256
2024-09-24 15:00:00,15.48,43.711765,28.23176528930664,28.23176528930664,256
2024-09-24 16:00:00,83.65,65.79769,-17.852308654785162,17.852308654785162,256
2024-09-24 17:00:00,124.76,103.46915,-21.29085327148438,21.29085327148438,256
2024-09-24 18:00:00,103.27,100.51482,-2.7551837158203085,2.7551837158203085,256
2024-09-24 19:00:00,80.64,69.318306,-11.32169403076172,11.32169403076172,256
2024-09-24 20:00:00,75.87,61.09473,-14.775269622802739,14.775269622802739,256
2024-09-24 21:00:00,61.71,59.823147,-1.8868531799316415,1.8868531799316415,256
2024-09-24 22:00:00,51.48,52.689186,1.2091860961914094,1.2091860961914094,256
2024-09-24 23:00:00,45.06,49.715714,4.65571350097656,4.65571350097656,256
2024-09-25 00:00:00,23.05,43.38187,20.33187026977539,20.33187026977539,257
2024-09-25 01:00:00,9.1,40.01969,30.919691467285155,30.919691467285155,257
2024-09-25 02:00:00,0.0,36.662437,36.662437438964844,36.662437438964844,257
2024-09-25 03:00:00,15.49,42.29234,26.80233932495117,26.80233932495117,257
2024-09-25 04:00:00,56.48,50.6154,-5.864601593017575,5.864601593017575,257
2024-09-25 05:00:00,84.24,75.31123,-8.928766479492182,8.928766479492182,257
2024-09-25 06:00:00,88.09,83.74024,-4.349757995605472,4.349757995605472,257
2024-09-25 07:00:00,70.76,59.066795,-11.693204650878911,11.693204650878911,257
2024-09-25 08:00:00,53.43,45.236027,-8.193973236083984,8.193973236083984,257
2024-09-25 09:00:00,44.08,44.610058,0.5300578308105486,0.5300578308105486,257
2024-09-25 10:00:00,40.0,35.38559,-4.614410400390625,4.614410400390625,257
2024-09-25 11:00:00,34.27,32.701683,-1.5683169555664094,1.5683169555664094,257
2024-09-25 12:00:00,36.23,22.445314,-13.784685592651364,13.784685592651364,257
2024-09-25 13:00:00,28.55,25.991198,-2.5588024139404304,2.5588024139404304,257
2024-09-25 14:00:00,31.83,32.57076,0.7407588195800798,0.7407588195800798,257
2024-09-25 15:00:00,34.23,34.510532,0.28053237915039375,0.28053237915039375,257
2024-09-25 16:00:00,41.91,77.08759,35.177593078613285,35.177593078613285,257
2024-09-25 17:00:00,60.8,109.82737,49.02736968994141,49.02736968994141,257
2024-09-25 18:00:00,45.9,96.086136,50.186135864257814,50.186135864257814,257
2024-09-25 19:00:00,38.2,76.44884,38.248837280273435,38.248837280273435,257
2024-09-25 20:00:00,42.48,68.44481,25.96480895996094,25.96480895996094,257
2024-09-25 21:00:00,40.0,62.80531,22.805309295654297,22.805309295654297,257
2024-09-25 22:00:00,20.3,51.425262,31.125262451171874,31.125262451171874,257
2024-09-25 23:00:00,6.99,47.69543,40.70543075561523,40.70543075561523,257
2024-09-26 00:00:00,10.29,28.180782,17.890782318115235,17.890782318115235,258
2024-09-26 01:00:00,4.92,26.849487,21.9294873046875,21.9294873046875,258
2024-09-26 02:00:00,3.32,24.988428,21.668428115844726,21.668428115844726,258
2024-09-26 03:00:00,7.33,27.97471,20.64471046447754,20.64471046447754,258
2024-09-26 04:00:00,33.83,46.00225,12.17225067138672,12.17225067138672,258
2024-09-26 05:00:00,58.27,69.1622,10.892200927734372,10.892200927734372,258
2024-09-26 06:00:00,65.0,73.93774,8.937736511230469,8.937736511230469,258
2024-09-26 07:00:00,53.52,58.57956,5.059559326171872,5.059559326171872,258
2024-09-26 08:00:00,29.21,49.214375,20.004374542236327,20.004374542236327,258
2024-09-26 09:00:00,31.62,42.304718,10.684718017578124,10.684718017578124,258
2024-09-26 10:00:00,17.0,30.166082,13.166082382202148,13.166082382202148,258
2024-09-26 11:00:00,11.13,23.822899,12.692898864746093,12.692898864746093,258
2024-09-26 12:00:00,7.55,22.665894,15.1158935546875,15.1158935546875,258
2024-09-26 13:00:00,0.08,25.857029,25.777028961181642,25.777028961181642,258
2024-09-26 14:00:00,9.1,29.438398,20.338398361206053,20.338398361206053,258
2024-09-26 15:00:00,13.82,33.172565,19.352565460205078,19.352565460205078,258
2024-09-26 16:00:00,48.13,49.807526,1.6775256347656224,1.6775256347656224,258
2024-09-26 17:00:00,55.23,83.26431,28.034312744140628,28.034312744140628,258
2024-09-26 18:00:00,59.69,73.193504,13.503504333496096,13.503504333496096,258
2024-09-26 19:00:00,45.02,54.43602,9.416019897460934,9.416019897460934,258
2024-09-26 20:00:00,45.2,55.60793,10.407929229736325,10.407929229736325,258
2024-09-26 21:00:00,36.3,51.03989,14.739890289306643,14.739890289306643,258
2024-09-26 22:00:00,0.37,36.411545,36.04154479980469,36.04154479980469,258
2024-09-26 23:00:00,-0.06,32.173386,32.23338562011719,32.23338562011719,258
2024-09-27 00:00:00,-1.23,28.351492,29.581491928100586,29.581491928100586,259
2024-09-27 01:00:00,-0.01,22.841108,22.851108322143556,22.851108322143556,259
2024-09-27 02:00:00,-6.18,23.53144,29.71144073486328,29.71144073486328,259
2024-09-27 03:00:00,0.0,26.024143,26.02414321899414,26.02414321899414,259
2024-09-27 04:00:00,5.14,34.648853,29.508853302001953,29.508853302001953,259
2024-09-27 05:00:00,32.0,56.95713,24.957130432128906,24.957130432128906,259
2024-09-27 06:00:00,41.34,59.550358,18.210357818603512,18.210357818603512,259
2024-09-27 07:00:00,10.08,53.833607,43.753606719970705,43.753606719970705,259
2024-09-27 08:00:00,0.07,35.6662,35.59619873046875,35.59619873046875,259
2024-09-27 09:00:00,0.0,32.16459,32.164588928222656,32.164588928222656,259
2024-09-27 10:00:00,-0.01,26.31123,26.32122970581055,26.32122970581055,259
2024-09-27 11:00:00,-0.15,21.305655,21.455654525756835,21.455654525756835,259
2024-09-27 12:00:00,-0.04,14.7243395,14.764339485168456,14.764339485168456,259
2024-09-27 13:00:00,-0.01,10.803835,10.813834915161133,10.813834915161133,259
2024-09-27 14:00:00,0.0,23.53306,23.53306007385254,23.53306007385254,259
2024-09-27 15:00:00,14.13,28.919353,14.789353485107421,14.789353485107421,259
2024-09-27 16:00:00,34.21,57.916702,23.70670227050781,23.70670227050781,259
2024-09-27 17:00:00,69.85,69.00789,-0.8421112060546818,0.8421112060546818,259
2024-09-27 18:00:00,65.31,68.47905,3.1690496826171852,3.1690496826171852,259
2024-09-27 19:00:00,38.43,56.43495,18.004951782226563,18.004951782226563,259
2024-09-27 20:00:00,31.56,56.36548,24.805478515625,24.805478515625,259
2024-09-27 21:00:00,26.46,44.589417,18.12941650390625,18.12941650390625,259
2024-09-27 22:00:00,1.77,27.047031,25.27703140258789,25.27703140258789,259
2024-09-27 23:00:00,3.03,25.180779,22.150778503417968,22.150778503417968,259
2024-09-29 00:00:00,45.72,8.630136,-37.08986446380615,37.08986446380615,261
2024-09-29 01:00:00,41.04,6.342257,-34.69774297714233,34.69774297714233,261
2024-09-29 02:00:00,21.15,5.729626,-15.420373821258544,15.420373821258544,261
2024-09-29 03:00:00,8.6,7.748987,-0.8510128021240231,0.8510128021240231,261
2024-09-29 04:00:00,22.76,6.2971983,-16.46280170440674,16.46280170440674,261
2024-09-29 05:00:00,28.43,9.272,-19.157999687194824,19.157999687194824,261
2024-09-29 06:00:00,30.5,16.72486,-13.775140762329102,13.775140762329102,261
2024-09-29 07:00:00,19.9,11.565941,-8.334059143066405,8.334059143066405,261
2024-09-29 08:00:00,1.33,10.5588,9.228799743652344,9.228799743652344,261
2024-09-29 09:00:00,0.0,3.9562507,3.9562506675720215,3.9562506675720215,261
2024-09-29 10:00:00,-0.01,-3.3935423,-3.383542289733887,3.383542289733887,261
2024-09-29 11:00:00,-0.5,-4.261502,-3.7615017890930176,3.7615017890930176,261
2024-09-29 12:00:00,-0.45,-12.16122,-11.711219596862794,11.711219596862794,261
2024-09-29 13:00:00,0.0,-9.257411,-9.257411003112793,9.257411003112793,261
2024-09-29 14:00:00,0.15,2.0939298,1.9439297676086427,1.9439297676086427,261
2024-09-29 15:00:00,0.08,7.3696423,7.28964225769043,7.28964225769043,261
2024-09-29 16:00:00,8.6,30.939753,22.33975257873535,22.33975257873535,261
2024-09-29 17:00:00,47.15,69.37449,22.224488830566408,22.224488830566408,261
2024-09-29 18:00:00,35.17,70.69072,35.520719604492186,35.520719604492186,261
2024-09-29 19:00:00,52.2,65.04936,12.849362182617185,12.849362182617185,261
2024-09-29 20:00:00,61.43,51.36546,-10.064540557861328,10.064540557861328,261
2024-09-29 21:00:00,37.26,48.8356,11.575601806640627,11.575601806640627,261
2024-09-29 22:00:00,7.5,39.38199,31.881988525390625,31.881988525390625,261
2024-09-29 23:00:00,0.04,27.617685,27.577685317993165,27.577685317993165,261
2024-10-01 00:00:00,0.05,44.212708,44.16270751953125,44.16270751953125,263
2024-10-01 01:00:00,0.02,42.385094,42.36509368896484,42.36509368896484,263
2024-10-01 02:00:00,0.09,34.46284,34.37284103393554,34.37284103393554,263
2024-10-01 03:00:00,0.08,25.808226,25.72822563171387,25.72822563171387,263
2024-10-01 04:00:00,48.48,30.806906,-17.673094253540036,17.673094253540036,263
2024-10-01 05:00:00,102.3,39.77825,-62.52174835205078,62.52174835205078,263
2024-10-01 06:00:00,114.72,42.453785,-72.26621505737305,72.26621505737305,263
2024-10-01 07:00:00,100.0,41.723705,-58.27629470825195,58.27629470825195,263
2024-10-01 08:00:00,76.18,29.659605,-46.52039497375489,46.52039497375489,263
2024-10-01 09:00:00,68.24,41.797478,-26.442522277832026,26.442522277832026,263
2024-10-01 10:00:00,58.48,29.01703,-29.462969284057614,29.462969284057614,263
2024-10-01 11:00:00,55.41,21.903423,-33.506576690673825,33.506576690673825,263
2024-10-01 12:00:00,56.28,21.5659,-34.7140991973877,34.7140991973877,263
2024-10-01 13:00:00,57.98,16.243422,-41.73657844543457,41.73657844543457,263
2024-10-01 14:00:00,55.9,22.534777,-33.36522331237793,33.36522331237793,263
2024-10-01 15:00:00,76.14,25.860775,-50.279225006103516,50.279225006103516,263
2024-10-01 16:00:00,103.57,38.553036,-65.01696426391601,65.01696426391601,263
2024-10-01 17:00:00,143.44,52.99096,-90.44904083251953,90.44904083251953,263
2024-10-01 18:00:00,120.64,53.92913,-66.71086944580078,66.71086944580078,263
2024-10-01 19:00:00,92.97,43.29214,-49.67785903930664,49.67785903930664,263
2024-10-01 20:00:00,91.37,38.08352,-53.28648101806641,53.28648101806641,263
2024-10-01 21:00:00,76.15,34.403946,-41.74605407714844,41.74605407714844,263
2024-10-01 22:00:00,85.19,43.960407,-41.22959274291992,41.22959274291992,263
2024-10-01 23:00:00,70.39,40.959934,-29.43006576538086,29.43006576538086,263
2024-10-02 00:00:00,71.74,41.237442,-30.502557983398432,30.502557983398432,264
2024-10-02 01:00:00,63.18,40.831352,-22.34864776611328,22.34864776611328,264
2024-10-02 02:00:00,61.19,43.155617,-18.03438323974609,18.03438323974609,264
2024-10-02 03:00:00,79.43,39.579556,-39.8504444885254,39.8504444885254,264
2024-10-02 04:00:00,98.66,50.27831,-48.38169113159179,48.38169113159179,264
2024-10-02 05:00:00,119.48,83.82474,-35.65526245117188,35.65526245117188,264
2024-10-02 06:00:00,124.24,90.22838,-34.01162170410156,34.01162170410156,264
2024-10-02 07:00:00,109.25,80.417915,-28.83208465576172,28.83208465576172,264
2024-10-02 08:00:00,90.22,61.852055,-28.367945404052733,28.367945404052733,264
2024-10-02 09:00:00,88.66,55.581932,-33.0780679321289,33.0780679321289,264
2024-10-02 10:00:00,87.26,55.321205,-31.93879486083985,31.93879486083985,264
2024-10-02 11:00:00,78.38,47.922367,-30.45763290405273,30.45763290405273,264
2024-10-02 12:00:00,76.43,47.60075,-28.829250030517585,28.829250030517585,264
2024-10-02 13:00:00,74.36,46.14156,-28.21844039916992,28.21844039916992,264
2024-10-02 14:00:00,72.33,50.67982,-21.6501789855957,21.6501789855957,264
2024-10-02 15:00:00,79.44,61.457798,-17.982201995849607,17.982201995849607,264
2024-10-02 16:00:00,110.75,79.398766,-31.351234436035156,31.351234436035156,264
2024-10-02 17:00:00,136.26,116.79573,-19.46426940917968,19.46426940917968,264
2024-10-02 18:00:00,117.25,96.866806,-20.383193969726562,20.383193969726562,264
2024-10-02 19:00:00,97.79,80.242546,-17.547453918457038,17.547453918457038,264
2024-10-02 20:00:00,93.55,79.20563,-14.344372558593747,14.344372558593747,264
2024-10-02 21:00:00,85.0,69.058556,-15.941444396972656,15.941444396972656,264
2024-10-02 22:00:00,59.36,67.02737,7.667366638183594,7.667366638183594,264
2024-10-02 23:00:00,40.0,57.97162,17.97161865234375,17.97161865234375,264
2024-10-05 00:00:00,81.4,50.845024,-30.554975891113287,30.554975891113287,267
2024-10-05 01:00:00,75.54,46.669468,-28.870532073974616,28.870532073974616,267
2024-10-05 02:00:00,75.72,47.080658,-28.639342041015624,28.639342041015624,267
2024-10-05 03:00:00,79.82,46.713665,-33.10633499145507,33.10633499145507,267
2024-10-05 04:00:00,86.2,50.607018,-35.59298248291016,35.59298248291016,267
2024-10-05 05:00:00,100.4,62.73951,-37.660490417480474,37.660490417480474,267
2024-10-05 06:00:00,109.38,75.62255,-33.75744903564453,33.75744903564453,267
2024-10-05 07:00:00,89.02,91.51787,2.4978680419921915,2.4978680419921915,267
2024-10-05 08:00:00,57.0,73.08905,16.08905029296875,16.08905029296875,267
2024-10-05 09:00:00,40.44,64.735565,24.295565185546877,24.295565185546877,267
2024-10-05 10:00:00,29.37,50.997242,21.627241973876952,21.627241973876952,267
2024-10-05 11:00:00,18.67,40.658554,21.988554077148436,21.988554077148436,267
2024-10-05 12:00:00,0.07,37.629337,37.559337310791015,37.559337310791015,267
2024-10-05 13:00:00,2.46,35.910774,33.45077423095703,33.45077423095703,267
2024-10-05 14:00:00,20.64,39.199635,18.559634552001953,18.559634552001953,267
2024-10-05 15:00:00,47.75,47.67952,-0.0704803466796875,0.0704803466796875,267
2024-10-05 16:00:00,54.04,65.63677,11.59677215576172,11.59677215576172,267
2024-10-05 17:00:00,85.23,76.797104,-8.432896118164066,8.432896118164066,267
2024-10-05 18:00:00,95.18,111.183395,16.00339538574218,16.00339538574218,267
2024-10-05 19:00:00,74.03,94.85717,20.827170104980468,20.827170104980468,267
2024-10-05 20:00:00,73.71,79.375565,5.665564575195319,5.665564575195319,267
2024-10-05 21:00:00,67.0,68.77359,1.773590087890625,1.773590087890625,267
2024-10-05 22:00:00,47.4,65.04552,17.64551696777344,17.64551696777344,267
2024-10-05 23:00:00,30.83,63.885258,33.05525772094727,33.05525772094727,267
2024-10-07 00:00:00,33.25,72.93639,39.68639373779297,39.68639373779297,269
2024-10-07 01:00:00,29.03,73.411194,44.38119384765625,44.38119384765625,269
2024-10-07 02:00:00,18.67,63.72257,45.05256851196289,45.05256851196289,269
2024-10-07 03:00:00,23.33,61.813007,38.48300735473633,38.48300735473633,269
2024-10-07 04:00:00,52.02,63.34611,11.326111297607419,11.326111297607419,269
2024-10-07 05:00:00,84.5,80.30908,-4.19091796875,4.19091796875,269
2024-10-07 06:00:00,108.32,80.307304,-28.012695617675774,28.012695617675774,269
2024-10-07 07:00:00,91.75,80.93479,-10.815208435058594,10.815208435058594,269
2024-10-07 08:00:00,65.98,72.77401,6.79400970458984,6.79400970458984,269
2024-10-07 09:00:00,60.21,74.9751,14.76509765625,14.76509765625,269
2024-10-07 10:00:00,55.39,80.45424,25.064238891601562,25.064238891601562,269
2024-10-07 11:00:00,43.29,69.3939,26.103898010253907,26.103898010253907,269
2024-10-07 12:00:00,55.0,62.282715,7.28271484375,7.28271484375,269
2024-10-07 13:00:00,29.98,50.980648,21.000648040771484,21.000648040771484,269
2024-10-07 14:00:00,30.25,54.290485,24.040485382080078,24.040485382080078,269
2024-10-07 15:00:00,50.24,62.734303,12.494302520751951,12.494302520751951,269
2024-10-07 16:00:00,71.55,66.248436,-5.301564025878903,5.301564025878903,269
2024-10-07 17:00:00,96.17,84.27075,-11.899248046875002,11.899248046875002,269
2024-10-07 18:00:00,85.01,87.86423,2.85422729492187,2.85422729492187,269
2024-10-07 19:00:00,67.73,88.560745,20.83074523925781,20.83074523925781,269
2024-10-07 20:00:00,65.8,88.36671,22.566706848144534,22.566706848144534,269
2024-10-07 21:00:00,61.39,80.00648,18.61647735595703,18.61647735595703,269
2024-10-07 22:00:00,33.1,72.99872,39.89871826171875,39.89871826171875,269
2024-10-07 23:00:00,24.35,68.64084,44.290838623046874,44.290838623046874,269
2024-10-08 00:00:00,19.57,42.23973,22.669730834960937,22.669730834960937,270
2024-10-08 01:00:00,7.0,40.06974,33.069740295410156,33.069740295410156,270
2024-10-08 02:00:00,4.9,40.98728,36.08728179931641,36.08728179931641,270
2024-10-08 03:00:00,21.54,40.97632,19.436318359375,19.436318359375,270
2024-10-08 04:00:00,39.58,51.35776,11.777761383056642,11.777761383056642,270
2024-10-08 05:00:00,72.68,69.925186,-2.7548138427734443,2.7548138427734443,270
2024-10-08 06:00:00,77.71,84.445175,6.735175170898444,6.735175170898444,270
2024-10-08 07:00:00,79.91,75.73042,-4.179577026367184,4.179577026367184,270
2024-10-08 08:00:00,54.51,63.87549,9.365488281250002,9.365488281250002,270
2024-10-08 09:00:00,28.8,62.90191,34.10190887451172,34.10190887451172,270
2024-10-08 10:00:00,8.59,67.42866,58.83865753173828,58.83865753173828,270
2024-10-08 11:00:00,0.97,59.358486,58.38848617553711,58.38848617553711,270
2024-10-08 12:00:00,0.01,64.34532,64.33532165527343,64.33532165527343,270
2024-10-08 13:00:00,0.0,46.968666,46.968666076660156,46.968666076660156,270
2024-10-08 14:00:00,0.51,49.126938,48.61693786621094,48.61693786621094,270
2024-10-08 15:00:00,5.0,53.65951,48.65951156616211,48.65951156616211,270
2024-10-08 16:00:00,57.09,67.80095,10.710949096679684,10.710949096679684,270
2024-10-08 17:00:00,79.9,93.649345,13.749345397949213,13.749345397949213,270
2024-10-08 18:00:00,67.39,87.8159,20.425902709960937,20.425902709960937,270
2024-10-08 19:00:00,32.11,72.15263,40.04263366699219,40.04263366699219,270
2024-10-08 20:00:00,37.62,67.54603,29.926028137207034,29.926028137207034,270
2024-10-08 21:00:00,33.1,65.080635,31.98063507080078,31.98063507080078,270
2024-10-08 22:00:00,19.86,49.519463,29.65946258544922,29.65946258544922,270
2024-10-08 23:00:00,3.6,55.265476,51.66547622680664,51.66547622680664,270
2024-10-11 00:00:00,71.96,28.973663,-42.98633666992187,42.98633666992187,273
2024-10-11 01:00:00,67.91,17.052572,-50.857427749633786,50.857427749633786,273
2024-10-11 02:00:00,66.44,20.513819,-45.92618125915527,45.92618125915527,273
2024-10-11 03:00:00,71.79,19.630512,-52.15948776245118,52.15948776245118,273
2024-10-11 04:00:00,99.95,31.596346,-68.35365409851075,68.35365409851075,273
2024-10-11 05:00:00,140.41,56.97863,-83.43136993408203,83.43136993408203,273
2024-10-11 06:00:00,155.49,66.48358,-89.00641845703126,89.00641845703126,273
2024-10-11 07:00:00,110.01,55.684036,-54.32596374511719,54.32596374511719,273
2024-10-11 08:00:00,90.0,42.678993,-47.321006774902344,47.321006774902344,273
2024-10-11 09:00:00,72.35,34.180546,-38.16945419311523,38.16945419311523,273
2024-10-11 10:00:00,61.65,30.991383,-30.658617401123045,30.658617401123045,273
2024-10-11 11:00:00,57.17,27.768242,-29.401758117675783,29.401758117675783,273
2024-10-11 12:00:00,59.56,23.097956,-36.46204429626465,36.46204429626465,273
2024-10-11 13:00:00,66.95,25.887161,-41.06283874511719,41.06283874511719,273
2024-10-11 14:00:00,70.0,49.200443,-20.799556732177734,20.799556732177734,273
2024-10-11 15:00:00,71.35,65.83825,-5.511750793457026,5.511750793457026,273
2024-10-11 16:00:00,91.07,80.015915,-11.054085083007806,11.054085083007806,273
2024-10-11 17:00:00,154.3,90.96428,-63.335720825195324,63.335720825195324,273
2024-10-11 18:00:00,109.01,76.972404,-32.037595520019536,32.037595520019536,273
2024-10-11 19:00:00,90.69,74.35624,-16.33376068115234,16.33376068115234,273
2024-10-11 20:00:00,81.37,83.27941,1.9094113159179642,1.9094113159179642,273
2024-10-11 21:00:00,80.57,67.25552,-13.314476318359368,13.314476318359368,273
2024-10-11 22:00:00,67.29,60.36013,-6.9298696899414125,6.9298696899414125,273
2024-10-11 23:00:00,57.57,51.74304,-5.826961822509766,5.826961822509766,273
2024-10-13 00:00:00,-0.07,45.224133,45.2941325378418,45.2941325378418,275
2024-10-13 01:00:00,-0.37,41.59629,41.966290588378904,41.966290588378904,275
2024-10-13 02:00:00,-0.51,39.696617,40.20661712646484,40.20661712646484,275
2024-10-13 03:00:00,-0.09,39.70522,39.79521926879883,39.79521926879883,275
2024-10-13 04:00:00,-0.05,46.30351,46.35350875854492,46.35350875854492,275
2024-10-13 05:00:00,0.78,44.46037,43.68036911010742,43.68036911010742,275
2024-10-13 06:00:00,11.5,51.727123,40.22712326049805,40.22712326049805,275
2024-10-13 07:00:00,4.81,54.61546,49.80545944213867,49.80545944213867,275
2024-10-13 08:00:00,4.87,36.090366,31.22036636352539,31.22036636352539,275
2024-10-13 09:00:00,5.17,29.291739,24.121738510131834,24.121738510131834,275
2024-10-13 10:00:00,4.49,22.115957,17.625957260131834,17.625957260131834,275
2024-10-13 11:00:00,0.08,17.278906,17.198905868530275,17.198905868530275,275
2024-10-13 12:00:00,-0.01,15.504569,15.514569053649902,15.514569053649902,275
2024-10-13 13:00:00,0.0,21.69528,21.695280075073242,21.695280075073242,275
2024-10-13 14:00:00,6.8,27.941534,21.141534042358398,21.141534042358398,275
2024-10-13 15:00:00,31.28,48.359737,17.079737396240233,17.079737396240233,275
2024-10-13 16:00:00,62.82,65.51948,2.699477844238281,2.699477844238281,275
2024-10-13 17:00:00,79.46,72.644356,-6.8156442260742125,6.8156442260742125,275
2024-10-13 18:00:00,63.26,82.463905,19.20390533447266,19.20390533447266,275
2024-10-13 19:00:00,56.71,70.90345,14.19345001220703,14.19345001220703,275
2024-10-13 20:00:00,49.88,59.085327,9.205327148437497,9.205327148437497,275
2024-10-13 21:00:00,49.61,54.639393,5.029392852783204,5.029392852783204,275
2024-10-13 22:00:00,50.49,36.98166,-13.508341064453127,13.508341064453127,275
2024-10-13 23:00:00,39.38,39.08778,-0.2922200012207057,0.2922200012207057,275
2024-10-14 00:00:00,37.41,40.89498,3.484981384277347,3.484981384277347,276
2024-10-14 01:00:00,36.68,38.705982,2.0259822082519534,2.0259822082519534,276
2024-10-14 02:00:00,41.38,36.538498,-4.841502075195315,4.841502075195315,276
2024-10-14 03:00:00,62.2,35.174812,-27.02518768310547,27.02518768310547,276
2024-10-14 04:00:00,98.65,45.16403,-53.485971832275396,53.485971832275396,276
2024-10-14 05:00:00,114.03,64.79443,-49.23556640625,49.23556640625,276
2024-10-14 06:00:00,137.7,74.67422,-63.025782775878895,63.025782775878895,276
2024-10-14 07:00:00,110.19,70.511795,-39.678204956054685,39.678204956054685,276
2024-10-14 08:00:00,99.55,50.690334,-48.85966567993164,48.85966567993164,276
2024-10-14 09:00:00,92.5,41.792625,-50.707374572753906,50.707374572753906,276
2024-10-14 10:00:00,85.7,38.701145,-46.99885482788086,46.99885482788086,276
2024-10-14 11:00:00,78.42,36.398426,-42.0215739440918,42.0215739440918,276
2024-10-14 12:00:00,74.16,33.345028,-40.81497207641601,40.81497207641601,276
2024-10-14 13:00:00,73.07,36.357227,-36.71277267456054,36.71277267456054,276
2024-10-14 14:00:00,71.2,36.85087,-34.34913177490235,34.34913177490235,276
2024-10-14 15:00:00,97.46,51.99666,-45.46334167480468,45.46334167480468,276
2024-10-14 16:00:00,121.04,77.001564,-44.0384359741211,44.0384359741211,276
2024-10-14 17:00:00,161.89,85.34915,-76.54084838867186,76.54084838867186,276
2024-10-14 18:00:00,158.0,84.22623,-73.77377319335938,73.77377319335938,276
2024-10-14 19:00:00,108.79,73.029106,-35.76089385986329,35.76089385986329,276
2024-10-14 20:00:00,99.66,64.76267,-34.89732757568359,34.89732757568359,276
2024-10-14 21:00:00,94.8,59.21507,-35.584931182861325,35.584931182861325,276
2024-10-14 22:00:00,76.09,59.813663,-16.276336517333988,16.276336517333988,276
2024-10-14 23:00:00,77.5,38.91215,-38.58784866333008,38.58784866333008,276
2024-10-15 00:00:00,60.49,41.32682,-19.163179626464846,19.163179626464846,277
2024-10-15 01:00:00,61.33,39.343407,-21.986593322753905,21.986593322753905,277
2024-10-15 02:00:00,51.57,44.978577,-6.59142333984375,6.59142333984375,277
2024-10-15 03:00:00,60.92,55.469543,-5.450456542968752,5.450456542968752,277
2024-10-15 04:00:00,63.87,81.48555,17.615549926757815,17.615549926757815,277
2024-10-15 05:00:00,91.36,96.88093,5.520928039550782,5.520928039550782,277
2024-10-15 06:00:00,122.28,109.649605,-12.63039520263672,12.63039520263672,277
2024-10-15 07:00:00,110.47,93.02272,-17.447279663085936,17.447279663085936,277
2024-10-15 08:00:00,92.74,77.79734,-14.942659606933589,14.942659606933589,277
2024-10-15 09:00:00,83.05,70.55391,-12.496090698242185,12.496090698242185,277
2024-10-15 10:00:00,78.47,67.161125,-11.30887481689453,11.30887481689453,277
2024-10-15 11:00:00,67.66,62.189644,-5.470356140136715,5.470356140136715,277
2024-10-15 12:00:00,41.51,55.431793,13.921793212890627,13.921793212890627,277
2024-10-15 13:00:00,41.37,55.073505,13.70350540161133,13.70350540161133,277
2024-10-15 14:00:00,62.63,55.672253,-6.957747344970706,6.957747344970706,277
2024-10-15 15:00:00,55.72,81.784035,26.064034729003907,26.064034729003907,277
2024-10-15 16:00:00,79.47,108.00534,28.535340576171876,28.535340576171876,277
2024-10-15 17:00:00,104.3,130.6447,26.34469909667969,26.34469909667969,277
2024-10-15 18:00:00,64.98,128.69598,63.715983886718746,63.715983886718746,277
2024-10-15 19:00:00,50.89,101.257774,50.36777435302734,50.36777435302734,277
2024-10-15 20:00:00,61.52,93.213646,31.69364593505859,31.69364593505859,277
2024-10-15 21:00:00,44.47,85.725334,41.25533416748047,41.25533416748047,277
2024-10-15 22:00:00,28.42,65.03691,36.616911010742186,36.616911010742186,277
2024-10-15 23:00:00,12.8,65.150116,52.35011596679688,52.35011596679688,277
2024-10-16 00:00:00,5.3,44.37461,39.07461090087891,39.07461090087891,278
2024-10-16 01:00:00,3.61,41.824295,38.21429504394531,38.21429504394531,278
2024-10-16 02:00:00,1.48,40.134277,38.65427734375,38.65427734375,278
2024-10-16 03:00:00,12.36,48.30225,35.942249908447266,35.942249908447266,278
2024-10-16 04:00:00,46.09,55.015995,8.925995025634762,8.925995025634762,278
2024-10-16 05:00:00,46.26,81.31389,35.05388854980469,35.05388854980469,278
2024-10-16 06:00:00,59.55,92.46726,32.91726226806641,32.91726226806641,278
2024-10-16 07:00:00,54.29,89.47978,35.18978210449219,35.18978210449219,278
2024-10-16 08:00:00,26.68,75.13645,48.45645172119141,48.45645172119141,278
2024-10-16 09:00:00,14.16,64.072845,49.91284545898438,49.91284545898438,278
2024-10-16 10:00:00,4.09,60.328377,56.23837677001953,56.23837677001953,278
2024-10-16 11:00:00,2.04,51.83789,49.797890625,49.797890625,278
2024-10-16 12:00:00,4.0,42.2714,38.271400451660156,38.271400451660156,278
2024-10-16 13:00:00,14.18,43.859505,29.67950469970703,29.67950469970703,278
2024-10-16 14:00:00,30.84,54.37032,23.53031936645508,23.53031936645508,278
2024-10-16 15:00:00,51.81,60.975075,9.165074768066404,9.165074768066404,278
2024-10-16 16:00:00,75.74,80.728546,4.98854614257813,4.98854614257813,278
2024-10-16 17:00:00,83.91,102.88729,18.977290954589847,18.977290954589847,278
2024-10-16 18:00:00,55.43,73.40386,17.97386199951172,17.97386199951172,278
2024-10-16 19:00:00,46.65,70.02198,23.371980285644533,23.371980285644533,278
2024-10-16 20:00:00,35.14,68.256485,33.11648498535156,33.11648498535156,278
2024-10-16 21:00:00,26.54,57.64805,31.108048400878907,31.108048400878907,278
2024-10-16 22:00:00,17.04,42.527733,25.487732849121095,25.487732849121095,278
2024-10-16 23:00:00,12.15,43.622604,31.47260437011719,31.47260437011719,278
2024-10-17 00:00:00,10.48,24.381134,13.901134033203125,13.901134033203125,279
2024-10-17 01:00:00,5.61,26.627123,21.01712287902832,21.01712287902832,279
2024-10-17 02:00:00,10.01,21.90965,11.899650802612305,11.899650802612305,279
2024-10-17 03:00:00,24.02,30.078487,6.058487396240235,6.058487396240235,279
2024-10-17 04:00:00,63.38,46.040966,-17.339033966064456,17.339033966064456,279
2024-10-17 05:00:00,84.34,52.589146,-31.750854339599613,31.750854339599613,279
2024-10-17 06:00:00,83.93,67.66923,-16.26077239990235,16.26077239990235,279
2024-10-17 07:00:00,82.27,58.479893,-23.790107269287105,23.790107269287105,279
2024-10-17 08:00:00,76.61,38.121822,-38.488177642822265,38.488177642822265,279
2024-10-17 09:00:00,70.76,38.87894,-31.881059417724614,31.881059417724614,279
2024-10-17 10:00:00,61.79,33.899834,-27.89016632080078,27.89016632080078,279
2024-10-17 11:00:00,60.92,31.046368,-29.87363235473633,29.87363235473633,279
2024-10-17 12:00:00,63.59,29.383837,-34.20616325378418,34.20616325378418,279
2024-10-17 13:00:00,65.97,35.46417,-30.505831451416014,30.505831451416014,279
2024-10-17 14:00:00,82.65,38.396,-44.25400009155274,44.25400009155274,279
2024-10-17 15:00:00,79.03,55.375473,-23.654526977539064,23.654526977539064,279
2024-10-17 16:00:00,78.77,74.13104,-4.638957519531246,4.638957519531246,279
2024-10-17 17:00:00,99.6,91.25194,-8.348062133789057,8.348062133789057,279
2024-10-17 18:00:00,82.27,80.23097,-2.0390277099609335,2.0390277099609335,279
2024-10-17 19:00:00,72.59,67.66688,-4.923122253417972,4.923122253417972,279
2024-10-17 20:00:00,71.08,60.12333,-10.956670837402342,10.956670837402342,279
2024-10-17 21:00:00,68.06,54.323227,-13.736773071289065,13.736773071289065,279
2024-10-17 22:00:00,50.1,42.15841,-7.941590881347658,7.941590881347658,279
2024-10-17 23:00:00,45.62,40.916447,-4.703553314208982,4.703553314208982,279
2024-10-18 00:00:00,38.06,31.147982,-6.9120183563232445,6.9120183563232445,280
2024-10-18 01:00:00,30.3,27.122978,-3.177021789550782,3.177021789550782,280
2024-10-18 02:00:00,20.4,34.368637,13.968637084960939,13.968637084960939,280
2024-10-18 03:00:00,49.03,36.413322,-12.616677551269532,12.616677551269532,280
2024-10-18 04:00:00,57.84,55.94625,-1.8937490844726597,1.8937490844726597,280
2024-10-18 05:00:00,75.0,74.50521,-0.49478912353515625,0.49478912353515625,280
2024-10-18 06:00:00,99.5,79.73101,-19.76898956298828,19.76898956298828,280
2024-10-18 07:00:00,79.72,80.4375,0.7175000000000011,0.7175000000000011,280
2024-10-18 08:00:00,78.56,72.54565,-6.0143533325195335,6.0143533325195335,280
2024-10-18 09:00:00,79.35,58.40886,-20.941140747070307,20.941140747070307,280
2024-10-18 10:00:00,76.1,52.901417,-23.19858322143554,23.19858322143554,280
2024-10-18 11:00:00,58.6,50.604336,-7.995664215087892,7.995664215087892,280
2024-10-18 12:00:00,42.86,47.063354,4.203354492187501,4.203354492187501,280
2024-10-18 13:00:00,49.52,44.004932,-5.51506759643555,5.51506759643555,280
2024-10-18 14:00:00,51.41,58.37909,6.969089355468753,6.969089355468753,280
2024-10-18 15:00:00,63.56,63.915558,0.3555578613281227,0.3555578613281227,280
2024-10-18 16:00:00,83.16,70.04736,-13.112636718749997,13.112636718749997,280
2024-10-18 17:00:00,138.94,85.67279,-53.26720947265625,53.26720947265625,280
2024-10-18 18:00:00,103.25,76.36072,-26.8892822265625,26.8892822265625,280
2024-10-18 19:00:00,93.89,60.107826,-33.782173767089844,33.782173767089844,280
2024-10-18 20:00:00,81.2,61.039974,-20.16002578735352,20.16002578735352,280
2024-10-18 21:00:00,71.08,57.759594,-13.320406036376951,13.320406036376951,280
2024-10-18 22:00:00,56.04,50.354626,-5.685374298095702,5.685374298095702,280
2024-10-18 23:00:00,20.64,46.294598,25.65459762573242,25.65459762573242,280
2024-10-19 00:00:00,24.83,25.53328,0.7032794189453142,0.7032794189453142,281
2024-10-19 01:00:00,35.26,27.046585,-8.213414916992186,8.213414916992186,281
2024-10-19 02:00:00,10.25,28.33421,18.084209442138672,18.084209442138672,281
2024-10-19 03:00:00,27.68,29.632149,1.9521487426757815,1.9521487426757815,281
2024-10-19 04:00:00,54.78,36.31707,-18.462929992675782,18.462929992675782,281
2024-10-19 05:00:00,34.37,40.423702,6.053702239990237,6.053702239990237,281
2024-10-19 06:00:00,41.88,53.37865,11.4986506652832,11.4986506652832,281
2024-10-19 07:00:00,44.67,42.49352,-2.1764811706542986,2.1764811706542986,281
2024-10-19 08:00:00,46.42,38.53143,-7.888570709228517,7.888570709228517,281
2024-10-19 09:00:00,35.0,34.88806,-0.1119384765625,0.1119384765625,281
2024-10-19 10:00:00,30.24,32.834717,2.5947167968750016,2.5947167968750016,281
2024-10-19 11:00:00,17.67,21.456669,3.786668853759764,3.786668853759764,281
2024-10-19 12:00:00,13.17,19.147415,5.977415161132813,5.977415161132813,281
2024-10-19 13:00:00,5.79,17.909105,12.119105300903321,12.119105300903321,281
2024-10-19 14:00:00,5.05,28.585604,23.535603713989257,23.535603713989257,281
2024-10-19 15:00:00,22.32,34.452892,12.132892303466797,12.132892303466797,281
2024-10-19 16:00:00,44.13,62.770573,18.640572662353513,18.640572662353513,281
2024-10-19 17:00:00,70.0,99.07392,29.07392120361328,29.07392120361328,281
2024-10-19 18:00:00,69.59,64.885666,-4.704334106445316,4.704334106445316,281
2024-10-19 19:00:00,58.81,53.23052,-5.579481658935549,5.579481658935549,281
2024-10-19 20:00:00,72.78,49.887604,-22.892396240234376,22.892396240234376,281
2024-10-19 21:00:00,73.33,47.391487,-25.938512878417967,25.938512878417967,281
2024-10-19 22:00:00,37.46,37.249027,-0.21097274780273523,0.21097274780273523,281
2024-10-19 23:00:00,27.55,34.830025,7.2800247192382805,7.2800247192382805,281
2024-10-20 00:00:00,25.77,20.35035,-5.419650573730468,5.419650573730468,282
2024-10-20 01:00:00,13.24,16.904465,3.6644647216796873,3.6644647216796873,282
2024-10-20 02:00:00,11.57,18.74378,7.173780136108398,7.173780136108398,282
2024-10-20 03:00:00,11.02,21.528143,10.508142929077149,10.508142929077149,282
2024-10-20 04:00:00,8.63,33.55654,24.92654144287109,24.92654144287109,282
2024-10-20 05:00:00,8.87,24.334663,15.464663391113282,15.464663391113282,282
2024-10-20 06:00:00,13.08,22.402185,9.322185440063476,9.322185440063476,282
2024-10-20 07:00:00,13.16,25.47599,12.315990295410156,12.315990295410156,282
2024-10-20 08:00:00,6.37,24.80627,18.436270599365233,18.436270599365233,282
2024-10-20 09:00:00,0.08,21.64571,21.56570999145508,21.56570999145508,282
2024-10-20 10:00:00,0.0,14.065282,14.065281867980957,14.065281867980957,282
2024-10-20 11:00:00,-0.98,12.697652,13.677651863098145,13.677651863098145,282
2024-10-20 12:00:00,-2.01,10.734433,12.7444331741333,12.7444331741333,282
2024-10-20 13:00:00,0.0,8.288491,8.288491249084473,8.288491249084473,282
2024-10-20 14:00:00,0.03,22.07202,22.042019577026366,22.042019577026366,282
2024-10-20 15:00:00,8.64,37.49561,28.855609283447265,28.855609283447265,282
2024-10-20 16:00:00,17.13,52.017555,34.88755523681641,34.88755523681641,282
2024-10-20 17:00:00,47.41,77.94741,30.537410583496097,30.537410583496097,282
2024-10-20 18:00:00,36.87,71.96476,35.09475982666016,35.09475982666016,282
2024-10-20 19:00:00,24.08,66.152336,42.07233612060547,42.07233612060547,282
2024-10-20 20:00:00,14.14,64.158104,50.01810394287109,50.01810394287109,282
2024-10-20 21:00:00,2.24,61.384686,59.14468551635742,59.14468551635742,282
2024-10-20 22:00:00,1.12,40.14017,39.02017105102539,39.02017105102539,282
2024-10-20 23:00:00,0.05,32.07972,32.029719543457034,32.029719543457034,282
2024-10-22 00:00:00,63.79,38.590107,-25.19989303588867,25.19989303588867,284
2024-10-22 01:00:00,68.98,38.259224,-30.720776062011723,30.720776062011723,284
2024-10-22 02:00:00,60.0,38.806118,-21.19388198852539,21.19388198852539,284
2024-10-22 03:00:00,70.0,39.365593,-30.63440704345703,30.63440704345703,284
2024-10-22 04:00:00,75.97,44.675163,-31.29483673095703,31.29483673095703,284
2024-10-22 05:00:00,102.17,84.10702,-18.062982482910158,18.062982482910158,284
2024-10-22 06:00:00,123.02,100.628914,-22.391086120605465,22.391086120605465,284
2024-10-22 07:00:00,112.71,94.2409,-18.469101867675775,18.469101867675775,284
2024-10-22 08:00:00,98.84,80.741516,-18.098483886718753,18.098483886718753,284
2024-10-22 09:00:00,90.03,62.408325,-27.6216748046875,27.6216748046875,284
2024-10-22 10:00:00,78.57,57.338554,-21.231445617675774,21.231445617675774,284
2024-10-22 11:00:00,70.88,57.352783,-13.527216796874995,13.527216796874995,284
2024-10-22 12:00:00,58.92,52.11976,-6.8002413940429705,6.8002413940429705,284
2024-10-22 13:00:00,53.54,49.12408,-4.415919342041015,4.415919342041015,284
2024-10-22 14:00:00,52.5,52.279667,-0.22033309936523438,0.22033309936523438,284
2024-10-22 15:00:00,74.99,68.539345,-6.450655212402339,6.450655212402339,284
2024-10-22 16:00:00,118.32,89.24253,-29.077469177246087,29.077469177246087,284
2024-10-22 17:00:00,158.91,122.70286,-36.20714202880859,36.20714202880859,284
2024-10-22 18:00:00,112.02,105.04536,-6.974643249511715,6.974643249511715,284
2024-10-22 19:00:00,100.0,79.53518,-20.464820861816406,20.464820861816406,284
2024-10-22 20:00:00,95.78,83.62714,-12.152863769531251,12.152863769531251,284
2024-10-22 21:00:00,88.35,77.768936,-10.581063842773432,10.581063842773432,284
2024-10-22 22:00:00,77.21,62.79548,-14.414521179199212,14.414521179199212,284
2024-10-22 23:00:00,79.25,55.635822,-23.614177703857422,23.614177703857422,284
2024-10-23 00:00:00,71.0,53.271667,-17.72833251953125,17.72833251953125,285
2024-10-23 01:00:00,64.32,55.236153,-9.083847351074212,9.083847351074212,285
2024-10-23 02:00:00,64.29,52.47932,-11.81067947387696,11.81067947387696,285
2024-10-23 03:00:00,65.0,55.81645,-9.183551788330078,9.183551788330078,285
2024-10-23 04:00:00,84.98,58.241844,-26.73815582275391,26.73815582275391,285
2024-10-23 05:00:00,102.1,83.085464,-19.014535522460932,19.014535522460932,285
2024-10-23 06:00:00,134.71,96.44182,-38.26818176269532,38.26818176269532,285
2024-10-23 07:00:00,110.06,90.25388,-19.806116638183596,19.806116638183596,285
2024-10-23 08:00:00,85.0,79.177986,-5.822013854980469,5.822013854980469,285
2024-10-23 09:00:00,69.54,70.323044,0.7830438232421812,0.7830438232421812,285
2024-10-23 10:00:00,64.08,62.976513,-1.1034870910644514,1.1034870910644514,285
2024-10-23 11:00:00,56.58,50.839733,-5.740266876220701,5.740266876220701,285
2024-10-23 12:00:00,56.08,47.627224,-8.452776031494139,8.452776031494139,285
2024-10-23 13:00:00,59.99,43.149796,-16.84020446777344,16.84020446777344,285
2024-10-23 14:00:00,63.4,52.059093,-11.340906524658202,11.340906524658202,285
2024-10-23 15:00:00,71.99,62.37083,-9.619169464111323,9.619169464111323,285
2024-10-23 16:00:00,103.41,94.830795,-8.579204711914059,8.579204711914059,285
2024-10-23 17:00:00,155.8,114.258675,-41.54132537841798,41.54132537841798,285
2024-10-23 18:00:00,114.63,104.10253,-10.527468566894527,10.527468566894527,285
2024-10-23 19:00:00,96.25,84.53334,-11.716659545898438,11.716659545898438,285
2024-10-23 20:00:00,99.87,82.29264,-17.57735931396485,17.57735931396485,285
2024-10-23 21:00:00,93.16,71.59388,-21.566120300292965,21.566120300292965,285
2024-10-23 22:00:00,51.61,61.529213,9.919212951660157,9.919212951660157,285
2024-10-23 23:00:00,62.03,55.987976,-6.042023925781251,6.042023925781251,285
2024-10-24 00:00:00,57.75,53.391636,-4.358364105224609,4.358364105224609,286
2024-10-24 01:00:00,39.33,48.524734,9.194734497070314,9.194734497070314,286
2024-10-24 02:00:00,43.11,50.042755,6.932755126953126,6.932755126953126,286
2024-10-24 03:00:00,53.01,50.394,-2.61599899291992,2.61599899291992,286
2024-10-24 04:00:00,70.57,66.902214,-3.6677859497070244,3.6677859497070244,286
2024-10-24 05:00:00,77.63,86.987686,9.357686157226567,9.357686157226567,286
2024-10-24 06:00:00,120.01,117.51251,-2.497487792968755,2.497487792968755,286
2024-10-24 07:00:00,98.15,99.75908,1.6090789794921818,1.6090789794921818,286
2024-10-24 08:00:00,69.17,76.36454,7.1945401000976545,7.1945401000976545,286
2024-10-24 09:00:00,60.0,57.287563,-2.7124366760253906,2.7124366760253906,286
2024-10-24 10:00:00,50.24,55.707527,5.467527160644529,5.467527160644529,286
2024-10-24 11:00:00,43.54,52.319813,8.779812774658204,8.779812774658204,286
2024-10-24 12:00:00,30.01,48.76803,18.758028259277342,18.758028259277342,286
2024-10-24 13:00:00,24.55,44.289467,19.739466857910156,19.739466857910156,286
2024-10-24 14:00:00,47.44,54.292404,6.85240417480469,6.85240417480469,286
2024-10-24 15:00:00,60.4,69.72805,9.328050231933595,9.328050231933595,286
2024-10-24 16:00:00,79.36,99.00694,19.646942749023438,19.646942749023438,286
2024-10-24 17:00:00,110.16,131.96544,21.80543884277344,21.80543884277344,286
2024-10-24 18:00:00,85.0,111.146194,26.146194458007812,26.146194458007812,286
2024-10-24 19:00:00,86.23,93.45366,7.2236590576171835,7.2236590576171835,286
2024-10-24 20:00:00,75.72,91.11563,15.395631103515626,15.395631103515626,286
2024-10-24 21:00:00,67.0,83.18572,16.18572235107422,16.18572235107422,286
2024-10-24 22:00:00,57.0,56.119377,-0.8806228637695312,0.8806228637695312,286
2024-10-24 23:00:00,40.09,53.75988,13.669880065917965,13.669880065917965,286
2024-10-25 00:00:00,41.04,51.754456,10.71445556640625,10.71445556640625,287
2024-10-25 01:00:00,42.3,42.327213,0.027213287353518467,0.027213287353518467,287
2024-10-25 02:00:00,18.7,42.416904,23.71690444946289,23.71690444946289,287
2024-10-25 03:00:00,35.78,50.798717,15.018717498779296,15.018717498779296,287
2024-10-25 04:00:00,46.02,61.252888,15.232887725830075,15.232887725830075,287
2024-10-25 05:00:00,55.05,77.013916,21.963916015625003,21.963916015625003,287
2024-10-25 06:00:00,67.72,105.761925,38.041924743652345,38.041924743652345,287
2024-10-25 07:00:00,79.64,94.603325,14.963324890136718,14.963324890136718,287
2024-10-25 08:00:00,70.0,62.421955,-7.578044891357422,7.578044891357422,287
2024-10-25 09:00:00,60.0,55.93663,-4.0633697509765625,4.0633697509765625,287
2024-10-25 10:00:00,55.83,52.192013,-3.637987213134764,3.637987213134764,287
2024-10-25 11:00:00,54.0,42.443584,-11.556415557861328,11.556415557861328,287
2024-10-25 12:00:00,50.0,38.555614,-11.444385528564453,11.444385528564453,287
2024-10-25 13:00:00,42.0,35.189865,-6.8101348876953125,6.8101348876953125,287
2024-10-25 14:00:00,40.0,49.758423,9.7584228515625,9.7584228515625,287
2024-10-25 15:00:00,53.9,61.823025,7.923024749755861,7.923024749755861,287
2024-10-25 16:00:00,70.57,82.541214,11.97121398925782,11.97121398925782,287
2024-10-25 17:00:00,102.17,106.41346,4.2434597778320295,4.2434597778320295,287
2024-10-25 18:00:00,103.06,92.201355,-10.858645019531252,10.858645019531252,287
2024-10-25 19:00:00,85.37,84.4934,-0.8765994262695358,0.8765994262695358,287
2024-10-25 20:00:00,79.03,76.14377,-2.886231689453126,2.886231689453126,287
2024-10-25 21:00:00,74.0,66.719635,-7.280364990234375,7.280364990234375,287
2024-10-25 22:00:00,67.82,56.323174,-11.496826477050774,11.496826477050774,287
2024-10-25 23:00:00,56.29,46.700214,-9.589785614013671,9.589785614013671,287
2024-10-26 00:00:00,50.0,28.837217,-21.162782669067383,21.162782669067383,288
2024-10-26 01:00:00,42.76,27.77106,-14.988939056396482,14.988939056396482,288
2024-10-26 02:00:00,37.01,25.127228,-11.882772216796873,11.882772216796873,288
2024-10-26 03:00:00,41.94,26.811953,-15.128047409057615,15.128047409057615,288
2024-10-26 04:00:00,50.1,32.22941,-17.870591735839845,17.870591735839845,288
2024-10-26 05:00:00,56.5,38.510086,-17.989913940429688,17.989913940429688,288
2024-10-26 06:00:00,57.82,45.521027,-12.298973388671875,12.298973388671875,288
2024-10-26 07:00:00,65.56,44.70424,-20.85576110839844,20.85576110839844,288
2024-10-26 08:00:00,56.08,36.085197,-19.99480255126953,19.99480255126953,288
2024-10-26 09:00:00,45.06,28.5353,-16.52470069885254,16.52470069885254,288
2024-10-26 10:00:00,48.22,29.216331,-19.003668518066405,19.003668518066405,288
2024-10-26 11:00:00,53.84,23.754587,-30.08541282653809,30.08541282653809,288
2024-10-26 12:00:00,45.97,20.591286,-25.378714294433593,25.378714294433593,288
2024-10-26 13:00:00,46.02,16.002779,-30.017220993041995,30.017220993041995,288
2024-10-26 14:00:00,57.93,23.823204,-34.106795959472656,34.106795959472656,288
2024-10-26 15:00:00,48.04,37.33446,-10.705538787841796,10.705538787841796,288
2024-10-26 16:00:00,61.35,51.95987,-9.390130615234376,9.390130615234376,288
2024-10-26 17:00:00,99.02,80.8873,-18.13270141601562,18.13270141601562,288
2024-10-26 18:00:00,83.3,77.532295,-5.767704772949216,5.767704772949216,288
2024-10-26 19:00:00,59.59,62.68334,3.0933381652831997,3.0933381652831997,288
2024-10-26 20:00:00,68.22,59.476345,-8.74365493774414,8.74365493774414,288
2024-10-26 21:00:00,75.0,60.640522,-14.359477996826172,14.359477996826172,288
2024-10-26 22:00:00,87.71,45.55744,-42.15255828857421,42.15255828857421,288
2024-10-26 23:00:00,83.31,39.77496,-43.53504043579102,43.53504043579102,288
2024-10-27 00:00:00,82.23,32.723454,-49.50654647827149,49.50654647827149,289
2024-10-27 01:00:00,80.43,23.400408,-57.02959220886231,57.02959220886231,289
2024-10-27 02:00:00,44.38,21.53658,-22.843420867919924,22.843420867919924,289
2024-10-27 03:00:00,59.91,24.2724,-35.63760009765625,35.63760009765625,289
2024-10-27 04:00:00,52.93,33.753315,-19.17668502807617,19.17668502807617,289
2024-10-27 05:00:00,71.02,37.625866,-33.3941340637207,33.3941340637207,289
2024-10-27 06:00:00,86.24,39.8868,-46.35320114135742,46.35320114135742,289
2024-10-27 07:00:00,81.3,36.184685,-45.11531524658203,45.11531524658203,289
2024-10-27 08:00:00,64.36,31.479351,-32.88064895629883,32.88064895629883,289
2024-10-27 09:00:00,54.72,21.022648,-33.69735214233398,33.69735214233398,289
2024-10-27 10:00:00,42.5,23.710403,-18.789596557617188,18.789596557617188,289
2024-10-27 11:00:00,39.99,24.308142,-15.681858291625979,15.681858291625979,289
2024-10-27 12:00:00,40.0,15.545753,-24.45424747467041,24.45424747467041,289
2024-10-27 13:00:00,55.19,15.552077,-39.637922706604,39.637922706604,289
2024-10-27 14:00:00,44.99,27.430832,-17.559168090820314,17.559168090820314,289
2024-10-27 15:00:00,63.97,36.355,-27.61500045776367,27.61500045776367,289
2024-10-27 16:00:00,81.25,47.88337,-33.36663055419922,33.36663055419922,289
2024-10-27 17:00:00,96.27,81.10908,-15.160922546386715,15.160922546386715,289
2024-10-27 18:00:00,128.7,67.85753,-60.84247131347655,60.84247131347655,289
2024-10-27 19:00:00,115.51,56.516857,-58.99314285278321,58.99314285278321,289
2024-10-27 20:00:00,107.36,57.215405,-50.14459548950195,50.14459548950195,289
2024-10-27 21:00:00,90.58,58.762386,-31.817613677978514,31.817613677978514,289
2024-10-27 22:00:00,102.99,50.95051,-52.039491882324214,52.039491882324214,289
2024-10-27 23:00:00,79.32,45.101734,-34.21826583862304,34.21826583862304,289
2024-10-28 00:00:00,50.31,71.79012,21.48012298583984,21.48012298583984,290
2024-10-28 01:00:00,49.0,70.83305,21.833053588867188,21.833053588867188,290
2024-10-28 02:00:00,43.1,58.006695,14.90669479370117,14.90669479370117,290
2024-10-28 03:00:00,43.92,67.70631,23.78630645751953,23.78630645751953,290
2024-10-28 04:00:00,49.2,78.41933,29.21932678222656,29.21932678222656,290
2024-10-28 05:00:00,65.78,98.632515,32.85251495361328,32.85251495361328,290
2024-10-28 06:00:00,86.74,100.58574,13.845739135742193,13.845739135742193,290
2024-10-28 07:00:00,98.94,97.81532,-1.1246771240234352,1.1246771240234352,290
2024-10-28 08:00:00,79.06,89.1769,10.116902770996091,10.116902770996091,290
2024-10-28 09:00:00,69.39,81.60713,12.217131958007812,12.217131958007812,290
2024-10-28 10:00:00,65.76,70.776695,5.016695251464839,5.016695251464839,290
2024-10-28 11:00:00,64.6,68.70506,4.105062866210943,4.105062866210943,290
2024-10-28 12:00:00,65.41,65.93269,0.5226934814453159,0.5226934814453159,290
2024-10-28 13:00:00,70.23,74.82128,4.591281433105465,4.591281433105465,290
2024-10-28 14:00:00,83.74,71.56487,-12.175127258300776,12.175127258300776,290
2024-10-28 15:00:00,91.33,83.24029,-8.08971221923828,8.08971221923828,290
2024-10-28 16:00:00,115.57,93.2954,-22.274597473144524,22.274597473144524,290
2024-10-28 17:00:00,150.0,110.38611,-39.6138916015625,39.6138916015625,290
2024-10-28 18:00:00,133.66,126.92729,-6.732708129882809,6.732708129882809,290
2024-10-28 19:00:00,115.73,111.76672,-3.963276367187504,3.963276367187504,290
2024-10-28 20:00:00,110.49,102.2605,-8.229501953124995,8.229501953124995,290
2024-10-28 21:00:00,98.61,87.32191,-11.288092956542968,11.288092956542968,290
2024-10-28 22:00:00,90.33,96.31976,5.989763183593752,5.989763183593752,290
2024-10-28 23:00:00,70.0,79.445946,9.445945739746094,9.445945739746094,290
2024-10-29 00:00:00,65.14,58.017548,-7.122452392578126,7.122452392578126,291
2024-10-29 01:00:00,56.21,58.552887,2.342886962890624,2.342886962890624,291
2024-10-29 02:00:00,49.28,48.43594,-0.8440602111816418,0.8440602111816418,291
2024-10-29 03:00:00,49.04,54.03735,4.997349700927735,4.997349700927735,291
2024-10-29 04:00:00,58.4,61.468384,3.0683837890625014,3.0683837890625014,291
2024-10-29 05:00:00,70.84,74.46387,3.6238671874999966,3.6238671874999966,291
2024-10-29 06:00:00,83.09,93.10638,10.016376647949215,10.016376647949215,291
2024-10-29 07:00:00,98.77,97.468376,-1.3016238403320273,1.3016238403320273,291
2024-10-29 08:00:00,109.88,76.6244,-33.255602722167964,33.255602722167964,291
2024-10-29 09:00:00,106.4,65.9548,-40.44519653320313,40.44519653320313,291
2024-10-29 10:00:00,97.39,61.885532,-35.50446762084961,35.50446762084961,291
2024-10-29 11:00:00,94.83,61.758713,-33.07128723144531,33.07128723144531,291
2024-10-29 12:00:00,86.61,58.44798,-28.162021026611328,28.162021026611328,291
2024-10-29 13:00:00,82.91,60.32394,-22.586059722900387,22.586059722900387,291
2024-10-29 14:00:00,71.1,74.4666,3.366598510742193,3.366598510742193,291
2024-10-29 15:00:00,73.61,83.3117,9.70169891357422,9.70169891357422,291
2024-10-29 16:00:00,96.75,110.36012,13.610122680664062,13.610122680664062,291
2024-10-29 17:00:00,160.11,135.84676,-24.2632440185547,24.2632440185547,291
2024-10-29 18:00:00,150.79,129.40651,-21.38349060058593,21.38349060058593,291
2024-10-29 19:00:00,108.55,113.526405,4.976405334472659,4.976405334472659,291
2024-10-29 20:00:00,90.0,105.415764,15.415763854980469,15.415763854980469,291
2024-10-29 21:00:00,83.22,92.08557,8.865571289062501,8.865571289062501,291
2024-10-29 22:00:00,68.7,80.26743,11.567433166503903,11.567433166503903,291
2024-10-29 23:00:00,66.0,67.14315,1.1431503295898438,1.1431503295898438,291
2024-10-30 00:00:00,55.0,62.127254,7.127254486083984,7.127254486083984,292
2024-10-30 01:00:00,52.99,60.18602,7.1960198974609355,7.1960198974609355,292
2024-10-30 02:00:00,44.6,53.14752,8.547518157958983,8.547518157958983,292
2024-10-30 03:00:00,40.0,54.58342,14.583419799804688,14.583419799804688,292
2024-10-30 04:00:00,52.5,61.732407,9.232406616210938,9.232406616210938,292
2024-10-30 05:00:00,68.68,79.352615,10.672615356445306,10.672615356445306,292
2024-10-30 06:00:00,76.04,91.073,15.032998046874994,15.032998046874994,292
2024-10-30 07:00:00,90.25,96.936714,6.686714172363281,6.686714172363281,292
2024-10-30 08:00:00,91.56,90.185425,-1.3745751953125023,1.3745751953125023,292
2024-10-30 09:00:00,69.7,89.29357,19.593571472167966,19.593571472167966,292
2024-10-30 10:00:00,69.57,85.1589,15.58889739990235,15.58889739990235,292
2024-10-30 11:00:00,73.05,80.191734,7.141734313964847,7.141734313964847,292
2024-10-30 12:00:00,73.52,73.950035,0.43003509521484773,0.43003509521484773,292
2024-10-30 13:00:00,69.57,71.826584,2.2565838623046943,2.2565838623046943,292
2024-10-30 14:00:00,72.65,68.422424,-4.227575683593756,4.227575683593756,292
2024-10-30 15:00:00,86.81,76.02437,-10.78563171386719,10.78563171386719,292
2024-10-30 16:00:00,102.3,98.248604,-4.051396179199216,4.051396179199216,292
2024-10-30 17:00:00,145.0,134.0671,-10.932907104492188,10.932907104492188,292
2024-10-30 18:00:00,143.36,137.9972,-5.362807617187514,5.362807617187514,292
2024-10-30 19:00:00,107.19,107.38666,0.19665771484375227,0.19665771484375227,292
2024-10-30 20:00:00,74.61,94.63785,20.027847900390626,20.027847900390626,292
2024-10-30 21:00:00,84.71,84.74463,0.03462890625000625,0.03462890625000625,292
2024-10-30 22:00:00,88.01,70.110306,-17.899694213867193,17.899694213867193,292
2024-10-30 23:00:00,80.0,63.215923,-16.784076690673828,16.784076690673828,292
2024-10-31 00:00:00,76.79,56.57911,-20.210890808105475,20.210890808105475,293
2024-10-31 01:00:00,75.0,55.37879,-19.62120819091797,19.62120819091797,293
2024-10-31 02:00:00,72.59,51.921955,-20.668044891357425,20.668044891357425,293
2024-10-31 03:00:00,70.99,49.383305,-21.60669540405273,21.60669540405273,293
2024-10-31 04:00:00,77.0,58.767475,-18.232524871826172,18.232524871826172,293
2024-10-31 05:00:00,88.39,73.62938,-14.760620727539063,14.760620727539063,293
2024-10-31 06:00:00,117.05,82.59457,-34.45543365478515,34.45543365478515,293
2024-10-31 07:00:00,121.58,90.5182,-31.061796264648436,31.061796264648436,293
2024-10-31 08:00:00,102.8,92.07231,-10.72768859863281,10.72768859863281,293
2024-10-31 09:00:00,93.2,69.53532,-23.664683532714847,23.664683532714847,293
2024-10-31 10:00:00,85.04,65.929085,-19.110915222167975,19.110915222167975,293
2024-10-31 11:00:00,88.91,68.61512,-20.294880065917965,20.294880065917965,293
2024-10-31 12:00:00,85.31,67.204315,-18.105684814453127,18.105684814453127,293
2024-10-31 13:00:00,85.51,63.74612,-21.763879547119146,21.763879547119146,293
2024-10-31 14:00:00,95.5,69.149826,-26.350173950195312,26.350173950195312,293
2024-10-31 15:00:00,113.0,80.525024,-32.4749755859375,32.4749755859375,293
2024-10-31 16:00:00,130.0,102.19141,-27.80859375,27.80859375,293
2024-10-31 17:00:00,134.14,136.21167,2.0716699218750136,2.0716699218750136,293
2024-10-31 18:00:00,124.95,135.04004,10.090039062499997,10.090039062499997,293
2024-10-31 19:00:00,111.31,103.801414,-7.5085855102539085,7.5085855102539085,293
2024-10-31 20:00:00,101.25,83.57538,-17.67462158203125,17.67462158203125,293
2024-10-31 21:00:00,104.64,81.67857,-22.961426391601563,22.961426391601563,293
2024-10-31 22:00:00,93.56,75.67458,-17.88541656494141,17.88541656494141,293
2024-10-31 23:00:00,86.48,68.18275,-18.297253112792973,18.297253112792973,293
2024-11-01 00:00:00,81.71,66.89677,-14.813233337402337,14.813233337402337,294
2024-11-01 01:00:00,75.0,64.628525,-10.371475219726562,10.371475219726562,294
2024-11-01 02:00:00,69.46,64.97499,-4.485009155273431,4.485009155273431,294
2024-11-01 03:00:00,66.94,64.08439,-2.8556112670898415,2.8556112670898415,294
2024-11-01 04:00:00,71.66,72.09423,0.43423065185547216,0.43423065185547216,294
2024-11-01 05:00:00,73.84,80.69445,6.854450378417965,6.854450378417965,294
2024-11-01 06:00:00,78.0,97.20065,19.200653076171875,19.200653076171875,294
2024-11-01 07:00:00,73.09,102.86587,29.77586761474609,29.77586761474609,294
2024-11-01 08:00:00,70.0,95.382835,25.382835388183594,25.382835388183594,294
2024-11-01 09:00:00,66.71,86.26445,19.554450073242194,19.554450073242194,294
2024-11-01 10:00:00,46.74,78.80219,32.06219268798828,32.06219268798828,294
2024-11-01 11:00:00,49.99,77.88683,27.896833190917967,27.896833190917967,294
2024-11-01 12:00:00,46.04,76.19024,30.15023895263672,30.15023895263672,294
2024-11-01 13:00:00,60.0,76.66623,16.666229248046875,16.666229248046875,294
2024-11-01 14:00:00,70.43,80.01326,9.583259887695306,9.583259887695306,294
2024-11-01 15:00:00,83.76,90.99184,7.231836547851557,7.231836547851557,294
2024-11-01 16:00:00,105.48,110.42381,4.9438128662109335,4.9438128662109335,294
2024-11-01 17:00:00,125.88,121.79071,-4.0892895507812455,4.0892895507812455,294
2024-11-01 18:00:00,120.01,115.58469,-4.42531372070313,4.42531372070313,294
2024-11-01 19:00:00,115.45,101.866745,-13.583255004882815,13.583255004882815,294
2024-11-01 20:00:00,106.37,90.226746,-16.143254394531255,16.143254394531255,294
2024-11-01 21:00:00,101.09,91.25971,-9.830287780761722,9.830287780761722,294
2024-11-01 22:00:00,93.92,80.60887,-13.311128540039064,13.311128540039064,294
2024-11-01 23:00:00,96.28,74.36787,-21.91213348388672,21.91213348388672,294
2024-11-03 00:00:00,91.36,85.16389,-6.196112976074218,6.196112976074218,296
2024-11-03 01:00:00,85.51,83.19131,-2.3186929321289114,2.3186929321289114,296
2024-11-03 02:00:00,85.0,63.051403,-21.948596954345703,21.948596954345703,296
2024-11-03 03:00:00,76.25,58.39466,-17.85533905029297,17.85533905029297,296
2024-11-03 04:00:00,75.12,51.301933,-23.818066711425786,23.818066711425786,296
2024-11-03 05:00:00,84.18,62.39953,-21.780471496582038,21.780471496582038,296
2024-11-03 06:00:00,87.14,72.84922,-14.290779724121094,14.290779724121094,296
2024-11-03 07:00:00,77.89,72.80842,-5.081581726074219,5.081581726074219,296
2024-11-03 08:00:00,58.13,87.11377,28.983769531249997,28.983769531249997,296
2024-11-03 09:00:00,51.29,60.388233,9.098233184814454,9.098233184814454,296
2024-11-03 10:00:00,47.86,53.87793,6.017929687500001,6.017929687500001,296
2024-11-03 11:00:00,52.63,41.737637,-10.892363433837893,10.892363433837893,296
2024-11-03 12:00:00,40.0,40.80418,0.8041801452636719,0.8041801452636719,296
2024-11-03 13:00:00,26.0,41.438206,15.43820571899414,15.43820571899414,296
2024-11-03 14:00:00,44.49,46.268574,1.7785737609863261,1.7785737609863261,296
2024-11-03 15:00:00,82.85,67.7671,-15.082902526855463,15.082902526855463,296
2024-11-03 16:00:00,99.91,86.92078,-12.989223632812497,12.989223632812497,296
2024-11-03 17:00:00,118.11,103.69029,-14.419707641601562,14.419707641601562,296
2024-11-03 18:00:00,114.01,106.024635,-7.985364685058599,7.985364685058599,296
2024-11-03 19:00:00,111.04,103.13592,-7.9040823364257875,7.9040823364257875,296
2024-11-03 20:00:00,102.54,100.332664,-2.2073355102539125,2.2073355102539125,296
2024-11-03 21:00:00,100.2,90.40931,-9.790690612792972,9.790690612792972,296
2024-11-03 22:00:00,95.24,93.068985,-2.1710150146484324,2.1710150146484324,296
2024-11-03 23:00:00,92.04,87.220024,-4.8199758911132875,4.8199758911132875,296
2024-11-04 00:00:00,89.96,82.68118,-7.278817138671869,7.278817138671869,297
2024-11-04 01:00:00,90.07,72.30077,-17.769226379394524,17.769226379394524,297
2024-11-04 02:00:00,83.82,70.399055,-13.420944519042962,13.420944519042962,297
2024-11-04 03:00:00,85.36,65.1615,-20.1985009765625,20.1985009765625,297
2024-11-04 04:00:00,89.89,74.2255,-15.664497985839844,15.664497985839844,297
2024-11-04 05:00:00,104.14,83.873405,-20.266594543457032,20.266594543457032,297
2024-11-04 06:00:00,121.54,93.64734,-27.892661132812506,27.892661132812506,297
2024-11-04 07:00:00,124.08,96.16403,-27.915968017578123,27.915968017578123,297
2024-11-04 08:00:00,118.04,85.31395,-32.72605041503907,32.72605041503907,297
2024-11-04 09:00:00,99.88,80.604614,-19.275385742187495,19.275385742187495,297
2024-11-04 10:00:00,93.32,77.276634,-16.0433657836914,16.0433657836914,297
2024-11-04 11:00:00,91.39,69.30874,-22.081261291503907,22.081261291503907,297
2024-11-04 12:00:00,90.1,63.509094,-26.590905761718744,26.590905761718744,297
2024-11-04 13:00:00,92.4,63.61821,-28.781790161132818,28.781790161132818,297
2024-11-04 14:00:00,109.64,76.91896,-32.72103942871094,32.72103942871094,297
2024-11-04 15:00:00,120.94,90.4071,-30.53290313720703,30.53290313720703,297
2024-11-04 16:00:00,135.24,114.49876,-20.741243591308603,20.741243591308603,297
2024-11-04 17:00:00,160.54,137.66035,-22.87964538574218,22.87964538574218,297
2024-11-04 18:00:00,151.52,128.1931,-23.326900024414073,23.326900024414073,297
2024-11-04 19:00:00,123.0,118.962036,-4.0379638671875,4.0379638671875,297
2024-11-04 20:00:00,113.78,111.47994,-2.3000576782226574,2.3000576782226574,297
2024-11-04 21:00:00,109.07,100.247314,-8.822685546874993,8.822685546874993,297
2024-11-04 22:00:00,99.43,94.41188,-5.018119506835944,5.018119506835944,297
2024-11-04 23:00:00,101.47,88.87017,-12.59982940673828,12.59982940673828,297
2024-11-05 00:00:00,94.0,85.333664,-8.666336059570312,8.666336059570312,298
2024-11-05 01:00:00,88.38,84.39864,-3.9813565063476517,3.9813565063476517,298
2024-11-05 02:00:00,80.34,86.74228,6.402279052734372,6.402279052734372,298
2024-11-05 03:00:00,83.31,84.71153,1.4015325927734352,1.4015325927734352,298
2024-11-05 04:00:00,84.5,92.95973,8.459732055664062,8.459732055664062,298
2024-11-05 05:00:00,110.17,108.47117,-1.6988314819335955,1.6988314819335955,298
2024-11-05 06:00:00,124.09,130.49385,6.403850708007809,6.403850708007809,298
2024-11-05 07:00:00,133.14,122.61854,-10.521462097167955,10.521462097167955,298
2024-11-05 08:00:00,118.23,116.97714,-1.252857666015629,1.252857666015629,298
2024-11-05 09:00:00,105.87,103.402695,-2.467305297851567,2.467305297851567,298
2024-11-05 10:00:00,95.28,100.242775,4.962774963378905,4.962774963378905,298
2024-11-05 11:00:00,94.92,91.925865,-2.994134826660158,2.994134826660158,298
2024-11-05 12:00:00,99.25,91.783226,-7.466773986816406,7.466773986816406,298
2024-11-05 13:00:00,109.5,93.50295,-15.997047424316406,15.997047424316406,298
2024-11-05 14:00:00,111.33,104.60522,-6.7247830200195295,6.7247830200195295,298
2024-11-05 15:00:00,115.54,125.929955,10.389954528808587,10.389954528808587,298
2024-11-05 16:00:00,132.5,135.55772,3.0577239990234375,3.0577239990234375,298
2024-11-05 17:00:00,193.0,144.78284,-48.2171630859375,48.2171630859375,298
2024-11-05 18:00:00,186.2,136.97809,-49.22191162109374,49.22191162109374,298
2024-11-05 19:00:00,154.45,117.59708,-36.852923583984364,36.852923583984364,298
2024-11-05 20:00:00,124.41,106.809006,-17.60099426269531,17.60099426269531,298
2024-11-05 21:00:00,117.77,107.01271,-10.757289428710934,10.757289428710934,298
2024-11-05 22:00:00,110.03,97.56508,-12.464921264648439,12.464921264648439,298
2024-11-05 23:00:00,104.61,100.1213,-4.488700256347656,4.488700256347656,298
2024-11-06 00:00:00,99.05,97.35295,-1.6970489501953097,1.6970489501953097,299
2024-11-06 01:00:00,94.95,86.81031,-8.139689636230472,8.139689636230472,299
2024-11-06 02:00:00,87.87,85.43643,-2.4335681152343795,2.4335681152343795,299
2024-11-06 03:00:00,87.62,89.55757,1.937571411132808,1.937571411132808,299
2024-11-06 04:00:00,100.63,90.81934,-9.810656433105464,9.810656433105464,299
2024-11-06 05:00:00,116.29,100.367905,-15.922095336914069,15.922095336914069,299
2024-11-06 06:00:00,125.01,122.33144,-2.6785562133789114,2.6785562133789114,299
2024-11-06 07:00:00,128.89,133.57791,4.687911376953139,4.687911376953139,299
2024-11-06 08:00:00,123.47,114.93268,-8.537321777343749,8.537321777343749,299
2024-11-06 09:00:00,118.27,106.55997,-11.710032958984371,11.710032958984371,299
2024-11-06 10:00:00,115.76,88.85705,-26.902951965332036,26.902951965332036,299
2024-11-06 11:00:00,111.0,85.222786,-25.77721405029297,25.77721405029297,299
2024-11-06 12:00:00,114.66,93.21565,-21.444347534179684,21.444347534179684,299
2024-11-06 13:00:00,103.22,104.31827,1.0982678222656261,1.0982678222656261,299
2024-11-06 14:00:00,104.78,108.787994,4.007994384765624,4.007994384765624,299
2024-11-06 15:00:00,105.8,118.21831,12.41830749511719,12.41830749511719,299
2024-11-06 16:00:00,128.03,133.94241,5.912413330078124,5.912413330078124,299
2024-11-06 17:00:00,171.89,175.12068,3.230681762695326,3.230681762695326,299
2024-11-06 18:00:00,167.02,171.09381,4.07381103515624,4.07381103515624,299
2024-11-06 19:00:00,135.18,137.03278,1.8527758789062432,1.8527758789062432,299
2024-11-06 20:00:00,123.55,114.08803,-9.461972045898435,9.461972045898435,299
2024-11-06 21:00:00,117.39,104.96487,-12.425133361816407,12.425133361816407,299
2024-11-06 22:00:00,110.79,87.599625,-23.190375366210944,23.190375366210944,299
2024-11-06 23:00:00,100.35,86.182045,-14.167955017089838,14.167955017089838,299
2024-11-07 00:00:00,94.8,96.3816,1.581599426269534,1.581599426269534,300
2024-11-07 01:00:00,94.01,91.82565,-2.18434692382813,2.18434692382813,300
2024-11-07 02:00:00,88.07,72.57,-15.500000305175774,15.500000305175774,300
2024-11-07 03:00:00,83.77,67.523125,-16.246875305175777,16.246875305175777,300
2024-11-07 04:00:00,90.96,90.277954,-0.6820458984374937,0.6820458984374937,300
2024-11-07 05:00:00,107.24,113.164406,5.924405822753911,5.924405822753911,300
2024-11-07 06:00:00,122.76,124.82358,2.06357788085937,2.06357788085937,300
2024-11-07 07:00:00,127.51,126.89346,-0.6165368652343801,0.6165368652343801,300
2024-11-07 08:00:00,120.04,121.35868,1.31868072509765,1.31868072509765,300
2024-11-07 09:00:00,105.6,117.04075,11.440748596191412,11.440748596191412,300
2024-11-07 10:00:00,101.61,116.56429,14.954292907714844,14.954292907714844,300
2024-11-07 11:00:00,106.18,112.44075,6.260750122070306,6.260750122070306,300
2024-11-07 12:00:00,90.0,113.76346,23.763458251953125,23.763458251953125,300
2024-11-07 13:00:00,92.0,107.86773,15.867729187011719,15.867729187011719,300
2024-11-07 14:00:00,106.87,106.772446,-0.09755432128906705,0.09755432128906705,300
2024-11-07 15:00:00,119.16,109.86705,-9.292949829101559,9.292949829101559,300
2024-11-07 16:00:00,122.98,132.12675,9.146754760742184,9.146754760742184,300
2024-11-07 17:00:00,151.49,170.60732,19.117315063476553,19.117315063476553,300
2024-11-07 18:00:00,144.66,169.30637,24.64636596679688,24.64636596679688,300
2024-11-07 19:00:00,130.99,128.92102,-2.068979492187509,2.068979492187509,300
2024-11-07 20:00:00,114.11,120.38809,6.278092041015626,6.278092041015626,300
2024-11-07 21:00:00,112.06,114.433,2.3729986572265602,2.3729986572265602,300
2024-11-07 22:00:00,100.23,103.364685,3.134685058593746,3.134685058593746,300
2024-11-07 23:00:00,100.01,95.46127,-4.54872680664063,4.54872680664063,300
2024-11-08 00:00:00,96.76,85.880745,-10.879255065917974,10.879255065917974,301
2024-11-08 01:00:00,91.48,78.538086,-12.941914062500004,12.941914062500004,301
2024-11-08 02:00:00,88.16,82.091835,-6.06816497802734,6.06816497802734,301
2024-11-08 03:00:00,89.5,85.62784,-3.872161865234375,3.872161865234375,301
2024-11-08 04:00:00,95.55,85.57345,-9.976551818847653,9.976551818847653,301
2024-11-08 05:00:00,109.8,103.54427,-6.255726623535153,6.255726623535153,301
2024-11-08 06:00:00,126.56,123.568726,-2.9912744140625023,2.9912744140625023,301
2024-11-08 07:00:00,130.37,123.04841,-7.321591491699223,7.321591491699223,301
2024-11-08 08:00:00,124.1,110.542305,-13.557695007324213,13.557695007324213,301
2024-11-08 09:00:00,117.34,98.17271,-19.167293395996097,19.167293395996097,301
2024-11-08 10:00:00,110.94,94.651535,-16.28846496582031,16.28846496582031,301
2024-11-08 11:00:00,105.59,93.29294,-12.297061767578128,12.297061767578128,301
2024-11-08 12:00:00,106.81,75.459114,-31.35088592529297,31.35088592529297,301
2024-11-08 13:00:00,112.53,79.02193,-33.50807312011719,33.50807312011719,301
2024-11-08 14:00:00,122.8,95.49084,-27.30916290283203,27.30916290283203,301
2024-11-08 15:00:00,127.74,112.1457,-15.594301452636714,15.594301452636714,301
2024-11-08 16:00:00,129.88,124.28598,-5.5940197753906205,5.5940197753906205,301
2024-11-08 17:00:00,133.58,144.58264,11.002641601562487,11.002641601562487,301
2024-11-08 18:00:00,127.86,138.46913,10.609131469726563,10.609131469726563,301
2024-11-08 19:00:00,116.39,126.04339,9.653388366699218,9.653388366699218,301
2024-11-08 20:00:00,110.07,119.640594,9.570594482421882,9.570594482421882,301
2024-11-08 21:00:00,113.0,109.04077,-3.959228515625,3.959228515625,301
2024-11-08 22:00:00,104.06,102.00175,-2.058252868652346,2.058252868652346,301
2024-11-08 23:00:00,105.1,106.98888,1.8888763427734432,1.8888763427734432,301
2024-11-09 00:00:00,99.96,102.66766,2.7076635742187563,2.7076635742187563,302
2024-11-09 01:00:00,98.0,90.74043,-7.2595672607421875,7.2595672607421875,302
2024-11-09 02:00:00,96.68,86.8499,-9.83010070800782,9.83010070800782,302
2024-11-09 03:00:00,98.41,87.180176,-11.229824218749997,11.229824218749997,302
2024-11-09 04:00:00,100.17,83.6838,-16.486200256347658,16.486200256347658,302
2024-11-09 05:00:00,104.31,95.737144,-8.572855529785159,8.572855529785159,302
2024-11-09 06:00:00,109.87,105.44836,-4.421643371582036,4.421643371582036,302
2024-11-09 07:00:00,114.1,114.182495,0.08249511718750568,0.08249511718750568,302
2024-11-09 08:00:00,114.6,103.3002,-11.29979858398437,11.29979858398437,302
2024-11-09 09:00:00,109.97,99.34989,-10.620108337402343,10.620108337402343,302
2024-11-09 10:00:00,106.4,99.686386,-6.713613891601568,6.713613891601568,302
2024-11-09 11:00:00,106.88,93.75618,-13.123820190429683,13.123820190429683,302
2024-11-09 12:00:00,108.0,92.015564,-15.98443603515625,15.98443603515625,302
2024-11-09 13:00:00,110.18,102.46289,-7.717109375000007,7.717109375000007,302
2024-11-09 14:00:00,112.45,108.53359,-3.916407775878909,3.916407775878909,302
2024-11-09 15:00:00,114.08,107.08871,-6.9912930297851545,6.9912930297851545,302
2024-11-09 16:00:00,130.04,126.82946,-3.2105398559570233,3.2105398559570233,302
2024-11-09 17:00:00,133.34,128.82375,-4.516254272460941,4.516254272460941,302
2024-11-09 18:00:00,134.86,119.75328,-15.106719360351576,15.106719360351576,302
2024-11-09 19:00:00,128.32,115.87818,-12.441818542480462,12.441818542480462,302
2024-11-09 20:00:00,117.96,107.15132,-10.808678588867181,10.808678588867181,302
2024-11-09 21:00:00,114.53,107.357635,-7.172364501953126,7.172364501953126,302
2024-11-09 22:00:00,110.1,102.645996,-7.454003906249994,7.454003906249994,302
2024-11-09 23:00:00,104.99,101.80784,-3.1821615600585886,3.1821615600585886,302
2024-11-10 00:00:00,102.28,104.05523,1.7752291870117176,1.7752291870117176,303
2024-11-10 01:00:00,97.69,96.089005,-1.6009954833984352,1.6009954833984352,303
2024-11-10 02:00:00,92.52,97.88349,5.363491516113285,5.363491516113285,303
2024-11-10 03:00:00,90.0,98.24742,8.247421264648438,8.247421264648438,303
2024-11-10 04:00:00,89.18,98.00267,8.82267028808593,8.82267028808593,303
2024-11-10 05:00:00,95.09,99.33892,4.248920593261715,4.248920593261715,303
2024-11-10 06:00:00,102.45,101.87043,-0.5795700073242216,0.5795700073242216,303
2024-11-10 07:00:00,97.95,107.88199,9.931988525390622,9.931988525390622,303
2024-11-10 08:00:00,110.49,108.83898,-1.6510183715820261,1.6510183715820261,303
2024-11-10 09:00:00,109.74,92.25678,-17.483217468261714,17.483217468261714,303
2024-11-10 10:00:00,110.13,95.04303,-15.086970214843745,15.086970214843745,303
2024-11-10 11:00:00,110.92,92.73271,-18.187288208007814,18.187288208007814,303
2024-11-10 12:00:00,106.3,85.09873,-21.20126800537109,21.20126800537109,303
2024-11-10 13:00:00,103.24,78.62946,-24.610536804199214,24.610536804199214,303
2024-11-10 14:00:00,89.2,91.844055,2.644055175781247,2.644055175781247,303
2024-11-10 15:00:00,97.14,96.8605,-0.2795034790039068,0.2795034790039068,303
2024-11-10 16:00:00,116.0,119.49911,3.4991073608398438,3.4991073608398438,303
2024-11-10 17:00:00,127.99,123.242455,-4.747545471191401,4.747545471191401,303
2024-11-10 18:00:00,128.02,126.462364,-1.5576358032226665,1.5576358032226665,303
2024-11-10 19:00:00,125.31,110.34841,-14.961588439941409,14.961588439941409,303
2024-11-10 20:00:00,115.28,102.9133,-12.366700439453126,12.366700439453126,303
2024-11-10 21:00:00,111.1,101.04677,-10.053231811523432,10.053231811523432,303
2024-11-10 22:00:00,108.02,89.63123,-18.388766784667965,18.388766784667965,303
2024-11-10 23:00:00,109.0,83.68001,-25.319992065429688,25.319992065429688,303
2024-11-11 00:00:00,101.71,88.51631,-13.193688354492181,13.193688354492181,304
2024-11-11 01:00:00,99.39,74.56669,-24.823311462402344,24.823311462402344,304
2024-11-11 02:00:00,85.38,56.699585,-28.680415039062495,28.680415039062495,304
2024-11-11 03:00:00,80.66,59.824898,-20.835102233886715,20.835102233886715,304
2024-11-11 04:00:00,80.2,66.24655,-13.953448486328128,13.953448486328128,304
2024-11-11 05:00:00,84.1,101.519684,17.41968383789063,17.41968383789063,304
2024-11-11 06:00:00,105.72,116.256935,10.536935119628907,10.536935119628907,304
2024-11-11 07:00:00,109.0,115.080864,6.080863952636719,6.080863952636719,304
2024-11-11 08:00:00,109.75,104.65928,-5.090721130371094,5.090721130371094,304
2024-11-11 09:00:00,100.16,101.73595,1.575946655273441,1.575946655273441,304
2024-11-11 10:00:00,97.2,103.47115,6.271153259277341,6.271153259277341,304
2024-11-11 11:00:00,107.61,94.75856,-12.851439819335937,12.851439819335937,304
2024-11-11 12:00:00,94.99,80.122406,-14.86759399414062,14.86759399414062,304
2024-11-11 13:00:00,89.86,82.066284,-7.793715820312499,7.793715820312499,304
2024-11-11 14:00:00,96.94,82.96338,-13.976621093749998,13.976621093749998,304
2024-11-11 15:00:00,95.25,105.05364,9.803642272949219,9.803642272949219,304
2024-11-11 16:00:00,108.14,105.17178,-2.9682165527343756,2.9682165527343756,304
2024-11-11 17:00:00,127.98,119.167046,-8.812954406738285,8.812954406738285,304
2024-11-11 18:00:00,120.06,123.62331,3.5633062744140602,3.5633062744140602,304
2024-11-11 19:00:00,109.69,113.35871,3.6687112426757835,3.6687112426757835,304
2024-11-11 20:00:00,96.73,100.64636,3.916362304687496,3.916362304687496,304
2024-11-11 21:00:00,88.92,97.8555,8.935499267578123,8.935499267578123,304
2024-11-11 22:00:00,98.84,91.69998,-7.140018310546878,7.140018310546878,304
2024-11-11 23:00:00,109.11,85.697296,-23.412703857421874,23.412703857421874,304
2024-11-12 00:00:00,97.07,97.36579,0.29579132080078807,0.29579132080078807,305
2024-11-12 01:00:00,89.14,92.00841,2.868407592773437,2.868407592773437,305
2024-11-12 02:00:00,49.09,83.52507,34.435070190429684,34.435070190429684,305
2024-11-12 03:00:00,31.24,81.48633,50.246328125000005,50.246328125000005,305
2024-11-12 04:00:00,65.26,90.32768,25.067682495117182,25.067682495117182,305
2024-11-12 05:00:00,100.59,104.58652,3.9965173339843716,3.9965173339843716,305
2024-11-12 06:00:00,111.94,119.28349,7.34349304199219,7.34349304199219,305
2024-11-12 07:00:00,114.39,119.97596,5.585959777832031,5.585959777832031,305
2024-11-12 08:00:00,118.28,116.47106,-1.8089382934570324,1.8089382934570324,305
2024-11-12 09:00:00,95.44,107.42882,11.98881774902344,11.98881774902344,305
2024-11-12 10:00:00,98.1,99.445045,1.345045471191412,1.345045471191412,305
2024-11-12 11:00:00,107.31,107.13273,-0.17727142333984602,0.17727142333984602,305
2024-11-12 12:00:00,100.37,99.62542,-0.7445803833007858,0.7445803833007858,305
2024-11-12 13:00:00,94.98,94.03606,-0.9439434814453165,0.9439434814453165,305
2024-11-12 14:00:00,101.64,95.41386,-6.226143493652344,6.226143493652344,305
2024-11-12 15:00:00,106.47,107.53096,1.0609600830078136,1.0609600830078136,305
2024-11-12 16:00:00,122.96,119.22883,-3.7311715698242125,3.7311715698242125,305
2024-11-12 17:00:00,150.04,129.33998,-20.70001892089843,20.70001892089843,305
2024-11-12 18:00:00,143.3,121.330215,-21.96978454589845,21.96978454589845,305
2024-11-12 19:00:00,128.86,116.18114,-12.678862915039076,12.678862915039076,305
2024-11-12 20:00:00,120.28,105.566216,-14.713784484863282,14.713784484863282,305
2024-11-12 21:00:00,119.92,95.81819,-24.10180847167969,24.10180847167969,305
2024-11-12 22:00:00,113.87,98.92698,-14.943020935058598,14.943020935058598,305
2024-11-12 23:00:00,100.13,104.37844,4.248440856933598,4.248440856933598,305
2024-11-13 00:00:00,99.47,98.1178,-1.3522021484374989,1.3522021484374989,306
2024-11-13 01:00:00,99.12,89.87702,-9.242978210449223,9.242978210449223,306
2024-11-13 02:00:00,95.33,51.876923,-43.45307739257812,43.45307739257812,306
2024-11-13 03:00:00,91.82,55.82581,-35.99419052124023,35.99419052124023,306
2024-11-13 04:00:00,94.9,76.705025,-18.194975280761724,18.194975280761724,306
2024-11-13 05:00:00,108.68,103.925705,-4.754295043945319,4.754295043945319,306
2024-11-13 06:00:00,136.71,115.24113,-21.46887298583985,21.46887298583985,306
2024-11-13 07:00:00,144.11,121.54529,-22.564711914062514,22.564711914062514,306
2024-11-13 08:00:00,142.15,119.57464,-22.575361633300787,22.575361633300787,306
2024-11-13 09:00:00,131.23,108.311775,-22.91822479248046,22.91822479248046,306
2024-11-13 10:00:00,127.0,108.84342,-18.156578063964844,18.156578063964844,306
2024-11-13 11:00:00,124.06,110.1397,-13.920298156738284,13.920298156738284,306
2024-11-13 12:00:00,105.94,101.60651,-4.333493652343748,4.333493652343748,306
2024-11-13 13:00:00,115.73,103.30984,-12.42016265869141,12.42016265869141,306
2024-11-13 14:00:00,139.01,105.2491,-33.76090026855468,33.76090026855468,306
2024-11-13 15:00:00,124.98,108.95255,-16.027447204589848,16.027447204589848,306
2024-11-13 16:00:00,162.52,133.0664,-29.45359375000001,29.45359375000001,306
2024-11-13 17:00:00,179.09,146.58733,-32.502673950195316,32.502673950195316,306
2024-11-13 18:00:00,162.47,137.34872,-25.121275634765624,25.121275634765624,306
2024-11-13 19:00:00,134.08,125.88088,-8.199117736816419,8.199117736816419,306
2024-11-13 20:00:00,119.8,117.20936,-2.590641784667966,2.590641784667966,306
2024-11-13 21:00:00,115.88,111.0713,-4.808703308105464,4.808703308105464,306
2024-11-13 22:00:00,107.79,104.486916,-3.3030844116211,3.3030844116211,306
2024-11-13 23:00:00,102.85,102.34098,-0.5090194702148381,0.5090194702148381,306
2024-11-15 00:00:00,107.31,105.50102,-1.8089776611328148,1.8089776611328148,308
2024-11-15 01:00:00,107.43,96.7169,-10.71309631347657,10.71309631347657,308
2024-11-15 02:00:00,104.05,91.43143,-12.618572998046872,12.618572998046872,308
2024-11-15 03:00:00,104.81,84.02526,-20.784739074707034,20.784739074707034,308
2024-11-15 04:00:00,109.55,84.03283,-25.51717071533203,25.51717071533203,308
2024-11-15 05:00:00,130.98,97.30142,-33.678577880859365,33.678577880859365,308
2024-11-15 06:00:00,148.04,129.42831,-18.611685791015617,18.611685791015617,308
2024-11-15 07:00:00,160.85,125.539215,-35.31078491210937,35.31078491210937,308
2024-11-15 08:00:00,145.06,126.249016,-18.810984191894534,18.810984191894534,308
2024-11-15 09:00:00,131.25,123.92518,-7.324821472167969,7.324821472167969,308
2024-11-15 10:00:00,125.6,112.94636,-12.653642272949213,12.653642272949213,308
2024-11-15 11:00:00,120.47,113.39228,-7.077719421386718,7.077719421386718,308
2024-11-15 12:00:00,119.54,112.422226,-7.117774047851569,7.117774047851569,308
2024-11-15 13:00:00,120.0,112.431656,-7.5683441162109375,7.5683441162109375,308
2024-11-15 14:00:00,119.55,118.8306,-0.7194030761718722,0.7194030761718722,308
2024-11-15 15:00:00,128.7,126.31004,-2.389956665039051,2.389956665039051,308
2024-11-15 16:00:00,139.68,125.792885,-13.88711517333985,13.88711517333985,308
2024-11-15 17:00:00,138.66,136.38896,-2.271038208007809,2.271038208007809,308
2024-11-15 18:00:00,134.05,141.43456,7.384555053710926,7.384555053710926,308
2024-11-15 19:00:00,121.81,128.41383,6.60383361816406,6.60383361816406,308
2024-11-15 20:00:00,118.27,116.721275,-1.5487246704101523,1.5487246704101523,308
2024-11-15 21:00:00,122.0,106.44417,-15.555831909179688,15.555831909179688,308
2024-11-15 22:00:00,111.71,106.74744,-4.962563476562494,4.962563476562494,308
2024-11-15 23:00:00,104.59,104.72095,0.1309472656249966,0.1309472656249966,308
2024-11-16 00:00:00,99.0,106.24819,7.248191833496094,7.248191833496094,309
2024-11-16 01:00:00,94.5,103.27171,8.771713256835938,8.771713256835938,309
2024-11-16 02:00:00,92.28,104.53812,12.258116455078124,12.258116455078124,309
2024-11-16 03:00:00,92.37,101.66428,9.294283752441402,9.294283752441402,309
2024-11-16 04:00:00,91.98,100.70193,8.72192718505859,8.72192718505859,309
2024-11-16 05:00:00,93.99,111.89998,17.909978637695318,17.909978637695318,309
2024-11-16 06:00:00,104.52,115.37764,10.857639770507816,10.857639770507816,309
2024-11-16 07:00:00,114.32,127.94731,13.627311401367194,13.627311401367194,309
2024-11-16 08:00:00,116.0,126.74014,10.740142822265625,10.740142822265625,309
2024-11-16 09:00:00,112.2,120.38264,8.182637023925778,8.182637023925778,309
2024-11-16 10:00:00,104.0,115.91589,11.9158935546875,11.9158935546875,309
2024-11-16 11:00:00,101.49,110.5748,9.08479858398438,9.08479858398438,309
2024-11-16 12:00:00,99.54,108.54466,9.004662475585931,9.004662475585931,309
2024-11-16 13:00:00,101.51,108.34398,6.833978881835932,6.833978881835932,309
2024-11-16 14:00:00,109.05,113.01912,3.9691192626953153,3.9691192626953153,309
2024-11-16 15:00:00,120.64,120.88622,0.24622283935546818,0.24622283935546818,309
2024-11-16 16:00:00,131.22,126.8244,-4.395598144531249,4.395598144531249,309
2024-11-16 17:00:00,134.0,127.43244,-6.567558288574219,6.567558288574219,309
2024-11-16 18:00:00,128.91,131.77567,2.8656652832031284,2.8656652832031284,309
2024-11-16 19:00:00,111.18,117.390175,6.210174865722649,6.210174865722649,309
2024-11-16 20:00:00,100.83,118.82196,17.99196044921875,17.99196044921875,309
2024-11-16 21:00:00,106.33,107.31842,0.9884204101562517,0.9884204101562517,309
2024-11-16 22:00:00,107.29,102.69569,-4.594313659667975,4.594313659667975,309
2024-11-16 23:00:00,90.25,104.27633,14.026329040527344,14.026329040527344,309
2024-11-17 00:00:00,82.16,84.81789,2.657886352539066,2.657886352539066,310
2024-11-17 01:00:00,79.81,82.48633,2.6763281249999977,2.6763281249999977,310
2024-11-17 02:00:00,67.92,83.881485,15.96148498535156,15.96148498535156,310
2024-11-17 03:00:00,54.17,79.5106,25.340597229003905,25.340597229003905,310
2024-11-17 04:00:00,50.05,87.85868,37.80868072509766,37.80868072509766,310
2024-11-17 05:00:00,56.34,90.20209,33.86208740234375,33.86208740234375,310
2024-11-17 06:00:00,71.3,95.15893,23.85892791748047,23.85892791748047,310
2024-11-17 07:00:00,81.35,100.61781,19.267813110351568,19.267813110351568,310
2024-11-17 08:00:00,95.63,103.80863,8.17863189697266,8.17863189697266,310
2024-11-17 09:00:00,87.79,111.00686,23.216858825683587,23.216858825683587,310
2024-11-17 10:00:00,89.09,102.85256,13.76256195068359,13.76256195068359,310
2024-11-17 11:00:00,92.68,99.156555,6.476555175781243,6.476555175781243,310
2024-11-17 12:00:00,87.79,90.290985,2.5009851074218687,2.5009851074218687,310
2024-11-17 13:00:00,74.29,95.262245,20.97224517822265,20.97224517822265,310
2024-11-17 14:00:00,94.51,103.96574,9.455736389160151,9.455736389160151,310
2024-11-17 15:00:00,97.03,110.18621,13.156210632324218,13.156210632324218,310
2024-11-17 16:00:00,119.04,126.65582,7.615822753906244,7.615822753906244,310
2024-11-17 17:00:00,135.43,131.45245,-3.977546386718757,3.977546386718757,310
2024-11-17 18:00:00,132.42,123.66639,-8.753610534667956,8.753610534667956,310
2024-11-17 19:00:00,107.32,113.573654,6.253654174804694,6.253654174804694,310
2024-11-17 20:00:00,103.7,100.67477,-3.025233459472659,3.025233459472659,310
2024-11-17 21:00:00,103.45,102.09268,-1.3573181152343778,1.3573181152343778,310
2024-11-17 22:00:00,106.47,96.88035,-9.589651794433593,9.589651794433593,310
2024-11-17 23:00:00,92.81,66.58134,-26.228663024902346,26.228663024902346,310
2024-11-18 00:00:00,85.31,62.571274,-22.738726196289065,22.738726196289065,311
2024-11-18 01:00:00,76.48,60.330036,-16.149963836669926,16.149963836669926,311
2024-11-18 02:00:00,61.78,58.311806,-3.468194274902345,3.468194274902345,311
2024-11-18 03:00:00,69.96,41.152542,-28.80745788574218,28.80745788574218,311
2024-11-18 04:00:00,85.52,53.11052,-32.40948059082031,32.40948059082031,311
2024-11-18 05:00:00,105.2,65.45769,-39.742312622070315,39.742312622070315,311
2024-11-18 06:00:00,126.75,83.31501,-43.43498992919922,43.43498992919922,311
2024-11-18 07:00:00,126.2,100.86054,-25.33945770263672,25.33945770263672,311
2024-11-18 08:00:00,122.92,103.38956,-19.530443115234377,19.530443115234377,311
2024-11-18 09:00:00,117.69,86.19944,-31.49055999755859,31.49055999755859,311
2024-11-18 10:00:00,107.55,85.87966,-21.670338439941403,21.670338439941403,311
2024-11-18 11:00:00,107.35,87.010445,-20.339555358886713,20.339555358886713,311
2024-11-18 12:00:00,109.4,89.09732,-20.30267944335938,20.30267944335938,311
2024-11-18 13:00:00,116.51,87.46609,-29.04391265869141,29.04391265869141,311
2024-11-18 14:00:00,130.98,107.76808,-23.211918334960927,23.211918334960927,311
2024-11-18 15:00:00,139.98,113.36255,-26.61745117187499,26.61745117187499,311
2024-11-18 16:00:00,154.69,136.8818,-17.808194580078123,17.808194580078123,311
2024-11-18 17:00:00,168.2,130.53194,-37.668063354492176,37.668063354492176,311
2024-11-18 18:00:00,158.23,126.040985,-32.189014892578115,32.189014892578115,311
2024-11-18 19:00:00,128.94,106.37551,-22.564488830566404,22.564488830566404,311
2024-11-18 20:00:00,117.62,85.11012,-32.50987731933594,32.50987731933594,311
2024-11-18 21:00:00,116.35,106.82335,-9.526651000976557,9.526651000976557,311
2024-11-18 22:00:00,106.59,101.89125,-4.698749389648441,4.698749389648441,311
2024-11-18 23:00:00,76.34,78.77585,2.4358483886718716,2.4358483886718716,311
2024-11-19 00:00:00,68.54,98.031746,29.491745910644525,29.491745910644525,312
2024-11-19 01:00:00,31.75,72.14971,40.39971160888672,40.39971160888672,312
2024-11-19 02:00:00,6.27,71.13957,64.86957214355469,64.86957214355469,312
2024-11-19 03:00:00,2.79,70.46993,67.67993255615234,67.67993255615234,312
2024-11-19 04:00:00,30.28,91.66949,61.38948699951172,61.38948699951172,312
2024-11-19 05:00:00,78.39,112.1016,33.711600646972656,33.711600646972656,312
2024-11-19 06:00:00,105.53,134.79013,29.260130615234374,29.260130615234374,312
2024-11-19 07:00:00,102.49,136.37108,33.88107849121094,33.88107849121094,312
2024-11-19 08:00:00,112.85,126.63376,13.78375854492188,13.78375854492188,312
2024-11-19 09:00:00,100.92,124.39898,23.478979187011717,23.478979187011717,312
2024-11-19 10:00:00,93.94,111.47329,17.533289489746096,17.533289489746096,312
2024-11-19 11:00:00,99.86,108.98374,9.123741760253907,9.123741760253907,312
2024-11-19 12:00:00,89.03,115.49182,26.4618212890625,26.4618212890625,312
2024-11-19 13:00:00,96.63,120.18007,23.550068969726567,23.550068969726567,312
2024-11-19 14:00:00,100.0,128.68022,28.680221557617188,28.680221557617188,312
2024-11-19 15:00:00,103.88,147.3057,43.42569458007813,43.42569458007813,312
2024-11-19 16:00:00,122.77,158.01634,35.24634216308594,35.24634216308594,312
2024-11-19 17:00:00,135.93,183.05661,47.12661010742187,47.12661010742187,312
2024-11-19 18:00:00,127.51,167.32008,39.81008361816406,39.81008361816406,312
2024-11-19 19:00:00,117.31,134.32549,17.015485229492185,17.015485229492185,312
2024-11-19 20:00:00,103.58,122.085686,18.50568572998047,18.50568572998047,312
2024-11-19 21:00:00,106.22,119.48193,13.261933593750001,13.261933593750001,312
2024-11-19 22:00:00,90.52,110.94836,20.428356628417973,20.428356628417973,312
2024-11-19 23:00:00,102.01,80.355774,-21.654226074218755,21.654226074218755,312
2024-11-20 00:00:00,88.78,63.185886,-25.59411361694336,25.59411361694336,313
2024-11-20 01:00:00,86.03,43.472122,-42.55787780761719,42.55787780761719,313
2024-11-20 02:00:00,81.5,39.21268,-42.28731918334961,42.28731918334961,313
2024-11-20 03:00:00,76.15,27.094414,-49.05558624267579,49.05558624267579,313
2024-11-20 04:00:00,83.79,40.689728,-43.10027221679688,43.10027221679688,313
2024-11-20 05:00:00,101.73,74.38977,-27.340229492187504,27.340229492187504,313
2024-11-20 06:00:00,122.21,96.91871,-25.291291198730462,25.291291198730462,313
2024-11-20 07:00:00,142.87,99.60488,-43.26511871337891,43.26511871337891,313
2024-11-20 08:00:00,139.53,104.90134,-34.628663330078126,34.628663330078126,313
2024-11-20 09:00:00,112.02,101.284966,-10.735034484863277,10.735034484863277,313
2024-11-20 10:00:00,107.0,97.33944,-9.660560607910156,9.660560607910156,313
2024-11-20 11:00:00,97.26,98.49638,1.2363836669921824,1.2363836669921824,313
2024-11-20 12:00:00,96.88,87.74622,-9.133776550292964,9.133776550292964,313
2024-11-20 13:00:00,104.26,92.68677,-11.573232421875005,11.573232421875005,313
2024-11-20 14:00:00,117.83,97.29448,-20.53552062988281,20.53552062988281,313
2024-11-20 15:00:00,129.7,106.899284,-22.80071563720702,22.80071563720702,313
2024-11-20 16:00:00,142.51,117.228195,-25.281804809570303,25.281804809570303,313
2024-11-20 17:00:00,143.18,138.01564,-5.164359741210944,5.164359741210944,313
2024-11-20 18:00:00,141.56,129.0427,-12.517305908203127,12.517305908203127,313
2024-11-20 19:00:00,135.98,105.31151,-30.668491821289052,30.668491821289052,313
2024-11-20 20:00:00,124.63,95.97557,-28.654429321289058,28.654429321289058,313
2024-11-20 21:00:00,117.5,95.159676,-22.34032440185547,22.34032440185547,313
2024-11-20 22:00:00,103.5,83.45339,-20.046607971191406,20.046607971191406,313
2024-11-20 23:00:00,93.96,85.80193,-8.158066711425775,8.158066711425775,313
2024-11-21 00:00:00,90.4,86.53662,-3.8633789062500057,3.8633789062500057,314
2024-11-21 01:00:00,86.8,83.34021,-3.459790039062497,3.459790039062497,314
2024-11-21 02:00:00,84.15,81.33825,-2.811750793457037,2.811750793457037,314
2024-11-21 03:00:00,84.23,63.620255,-20.60974548339844,20.60974548339844,314
2024-11-21 04:00:00,94.45,77.63464,-16.815356445312503,16.815356445312503,314
2024-11-21 05:00:00,111.46,101.0702,-10.389801940917962,10.389801940917962,314
2024-11-21 06:00:00,125.03,126.89263,1.8626315307617176,1.8626315307617176,314
2024-11-21 07:00:00,134.62,140.95668,6.336680297851558,6.336680297851558,314
2024-11-21 08:00:00,135.09,136.63605,1.5460473632812466,1.5460473632812466,314
2024-11-21 09:00:00,127.53,115.87205,-11.657952575683595,11.657952575683595,314
2024-11-21 10:00:00,115.62,105.729095,-9.89090454101563,9.89090454101563,314
2024-11-21 11:00:00,113.81,106.954796,-6.8552041625976585,6.8552041625976585,314
2024-11-21 12:00:00,121.0,98.50478,-22.495216369628906,22.495216369628906,314
2024-11-21 13:00:00,113.44,102.16659,-11.273412170410154,11.273412170410154,314
2024-11-21 14:00:00,115.8,117.88654,2.086543273925784,2.086543273925784,314
2024-11-21 15:00:00,119.09,121.13241,2.0424081420898403,2.0424081420898403,314
2024-11-21 16:00:00,130.93,149.68175,18.75174743652343,18.75174743652343,314
2024-11-21 17:00:00,139.02,148.91096,9.890964965820302,9.890964965820302,314
2024-11-21 18:00:00,133.76,140.28406,6.524057617187509,6.524057617187509,314
2024-11-21 19:00:00,122.11,138.6669,16.556900634765626,16.556900634765626,314
2024-11-21 20:00:00,116.92,121.158806,4.238805847167967,4.238805847167967,314
2024-11-21 21:00:00,111.53,109.756966,-1.7730343627929699,1.7730343627929699,314
2024-11-21 22:00:00,103.15,96.66807,-6.481932067871099,6.481932067871099,314
2024-11-21 23:00:00,104.55,84.99559,-19.55440979003906,19.55440979003906,314
2024-11-22 00:00:00,92.43,89.2173,-3.2126995849609443,3.2126995849609443,315
2024-11-22 01:00:00,85.78,80.862564,-4.917435913085939,4.917435913085939,315
2024-11-22 02:00:00,80.58,80.3368,-0.24320037841796704,0.24320037841796704,315
2024-11-22 03:00:00,77.13,80.63315,3.5031481933593795,3.5031481933593795,315
2024-11-22 04:00:00,87.6,100.370735,12.770735168457037,12.770735168457037,315
2024-11-22 05:00:00,100.09,122.37352,22.283519897460934,22.283519897460934,315
2024-11-22 06:00:00,129.57,121.91059,-7.659408874511712,7.659408874511712,315
2024-11-22 07:00:00,141.31,135.09329,-6.216707763671877,6.216707763671877,315
2024-11-22 08:00:00,136.32,134.13385,-2.186149902343743,2.186149902343743,315
2024-11-22 09:00:00,116.71,121.5102,4.8002005004882875,4.8002005004882875,315
2024-11-22 10:00:00,115.0,118.09437,3.0943679809570312,3.0943679809570312,315
2024-11-22 11:00:00,107.16,114.250084,7.090083923339847,7.090083923339847,315
2024-11-22 12:00:00,97.02,111.24181,14.221813659667973,14.221813659667973,315
2024-11-22 13:00:00,98.93,107.81339,8.88339263916015,8.88339263916015,315
2024-11-22 14:00:00,111.63,109.43022,-2.199778442382808,2.199778442382808,315
2024-11-22 15:00:00,116.99,115.16851,-1.8214895629882761,1.8214895629882761,315
2024-11-22 16:00:00,131.84,135.4212,3.5812036132812466,3.5812036132812466,315
2024-11-22 17:00:00,136.3,135.21408,-1.0859191894531364,1.0859191894531364,315
2024-11-22 18:00:00,132.56,131.21417,-1.3458276367187523,1.3458276367187523,315
2024-11-22 19:00:00,118.22,120.09017,1.8701718139648449,1.8701718139648449,315
2024-11-22 20:00:00,106.89,109.36766,2.477660522460937,2.477660522460937,315
2024-11-22 21:00:00,117.97,95.8392,-22.130797119140624,22.130797119140624,315
2024-11-22 22:00:00,115.61,80.759636,-34.85036407470703,34.85036407470703,315
2024-11-22 23:00:00,113.9,74.06139,-39.83860626220704,39.83860626220704,315
2024-11-23 00:00:00,98.5,90.130775,-8.369224548339844,8.369224548339844,316
2024-11-23 01:00:00,91.08,90.393456,-0.6865444946289045,0.6865444946289045,316
2024-11-23 02:00:00,83.17,73.05745,-10.11255065917969,10.11255065917969,316
2024-11-23 03:00:00,79.68,73.848755,-5.831245117187507,5.831245117187507,316
2024-11-23 04:00:00,84.78,82.513855,-2.266145019531251,2.266145019531251,316
2024-11-23 05:00:00,85.95,80.04708,-5.902919006347659,5.902919006347659,316
2024-11-23 06:00:00,93.0,113.77359,20.773590087890625,20.773590087890625,316
2024-11-23 07:00:00,99.25,130.99031,31.740310668945312,31.740310668945312,316
2024-11-23 08:00:00,85.62,135.22333,49.603327636718745,49.603327636718745,316
2024-11-23 09:00:00,67.04,104.08712,37.04712005615234,37.04712005615234,316
2024-11-23 10:00:00,40.0,101.16318,61.163177490234375,61.163177490234375,316
2024-11-23 11:00:00,42.5,96.65666,54.15666198730469,54.15666198730469,316
2024-11-23 12:00:00,36.95,83.95199,47.00198822021484,47.00198822021484,316
2024-11-23 13:00:00,30.52,86.59167,56.07166717529297,56.07166717529297,316
2024-11-23 14:00:00,36.94,105.32458,68.38457733154297,68.38457733154297,316
2024-11-23 15:00:00,58.9,117.68959,58.789590454101564,58.789590454101564,316
2024-11-23 16:00:00,81.98,131.78168,49.801677246093746,49.801677246093746,316
2024-11-23 17:00:00,91.28,137.70111,46.42111083984375,46.42111083984375,316
2024-11-23 18:00:00,83.14,133.5223,50.38229309082031,50.38229309082031,316
2024-11-23 19:00:00,71.99,107.73975,35.749753723144536,35.749753723144536,316
2024-11-23 20:00:00,58.84,101.94343,43.10342803955078,43.10342803955078,316
2024-11-23 21:00:00,49.27,110.24341,60.973408203125,60.973408203125,316
2024-11-23 22:00:00,26.38,104.74746,78.3674594116211,78.3674594116211,316
2024-11-23 23:00:00,13.81,103.20393,89.39393371582031,89.39393371582031,316
2024-11-26 00:00:00,81.73,78.50844,-3.2215618896484415,3.2215618896484415,319
2024-11-26 01:00:00,81.06,80.20516,-0.8548379516601585,0.8548379516601585,319
2024-11-26 02:00:00,73.04,77.078575,4.0385751342773375,4.0385751342773375,319
2024-11-26 03:00:00,74.62,78.32862,3.7086209106445267,3.7086209106445267,319
2024-11-26 04:00:00,84.24,83.297485,-0.9425146484374949,0.9425146484374949,319
2024-11-26 05:00:00,104.23,108.58857,4.358569641113277,4.358569641113277,319
2024-11-26 06:00:00,134.93,110.287,-24.642997436523444,24.642997436523444,319
2024-11-26 07:00:00,137.84,96.17565,-41.664348449707035,41.664348449707035,319
2024-11-26 08:00:00,127.26,99.18681,-28.073186645507818,28.073186645507818,319
2024-11-26 09:00:00,114.63,103.992584,-10.63741577148437,10.63741577148437,319
2024-11-26 10:00:00,106.44,99.38546,-7.054540100097654,7.054540100097654,319
2024-11-26 11:00:00,97.75,92.77026,-4.979736328125,4.979736328125,319
2024-11-26 12:00:00,103.11,94.91664,-8.193358764648437,8.193358764648437,319
2024-11-26 13:00:00,117.15,78.45003,-38.69997253417969,38.69997253417969,319
2024-11-26 14:00:00,120.58,93.994804,-26.58519561767578,26.58519561767578,319
2024-11-26 15:00:00,137.51,121.51427,-15.995733032226553,15.995733032226553,319
2024-11-26 16:00:00,148.85,145.19734,-3.652658081054682,3.652658081054682,319
2024-11-26 17:00:00,162.07,145.19246,-16.87754089355468,16.87754089355468,319
2024-11-26 18:00:00,154.84,126.34898,-28.491016235351566,28.491016235351566,319
2024-11-26 19:00:00,129.76,109.15066,-20.609342346191397,20.609342346191397,319
2024-11-26 20:00:00,120.35,100.25351,-20.09649047851562,20.09649047851562,319
2024-11-26 21:00:00,123.75,112.38489,-11.3651123046875,11.3651123046875,319
2024-11-26 22:00:00,114.36,102.13225,-12.227752075195312,12.227752075195312,319
2024-11-26 23:00:00,86.19,91.99297,5.802973327636721,5.802973327636721,319
2024-11-27 00:00:00,75.92,89.52366,13.603658752441405,13.603658752441405,320
2024-11-27 01:00:00,70.95,81.05295,10.102947998046872,10.102947998046872,320
2024-11-27 02:00:00,54.1,76.83164,22.731642150878905,22.731642150878905,320
2024-11-27 03:00:00,16.81,77.512665,60.70266479492187,60.70266479492187,320
2024-11-27 04:00:00,37.17,91.44427,54.27426727294922,54.27426727294922,320
2024-11-27 05:00:00,81.69,113.35654,31.666536865234377,31.666536865234377,320
2024-11-27 06:00:00,109.92,140.44316,30.523161010742186,30.523161010742186,320
2024-11-27 07:00:00,108.1,144.50612,36.40611877441407,36.40611877441407,320
2024-11-27 08:00:00,88.3,133.98683,45.686831665039065,45.686831665039065,320
2024-11-27 09:00:00,83.11,118.81256,35.70256103515625,35.70256103515625,320
2024-11-27 10:00:00,75.83,113.64643,37.81643096923828,37.81643096923828,320
2024-11-27 11:00:00,86.52,114.538864,28.01886413574219,28.01886413574219,320
2024-11-27 12:00:00,48.69,107.872696,59.182695922851565,59.182695922851565,320
2024-11-27 13:00:00,70.46,113.1638,42.703803100585944,42.703803100585944,320
2024-11-27 14:00:00,76.51,113.67676,37.166757812499995,37.166757812499995,320
2024-11-27 15:00:00,100.35,131.13734,30.787344360351568,30.787344360351568,320
2024-11-27 16:00:00,115.58,137.77722,22.1972216796875,22.1972216796875,320
2024-11-27 17:00:00,123.29,133.53021,10.240212402343744,10.240212402343744,320
2024-11-27 18:00:00,119.27,134.00378,14.733784179687504,14.733784179687504,320
2024-11-27 19:00:00,94.07,121.863304,27.7933041381836,27.7933041381836,320
2024-11-27 20:00:00,82.93,108.279236,25.349235839843743,25.349235839843743,320
2024-11-27 21:00:00,84.43,105.06091,20.630913085937493,20.630913085937493,320
2024-11-27 22:00:00,79.32,103.98739,24.66738861083985,24.66738861083985,320
2024-11-27 23:00:00,64.53,79.30938,14.779379577636718,14.779379577636718,320
2024-11-28 00:00:00,72.67,63.775555,-8.89444534301758,8.89444534301758,321
2024-11-28 01:00:00,70.2,57.972797,-12.227202606201175,12.227202606201175,321
2024-11-28 02:00:00,41.71,46.11009,4.400088348388671,4.400088348388671,321
2024-11-28 03:00:00,69.27,28.11889,-41.151109237670894,41.151109237670894,321
2024-11-28 04:00:00,68.9,42.57974,-26.320261383056646,26.320261383056646,321
2024-11-28 05:00:00,97.04,77.99527,-19.04473022460938,19.04473022460938,321
2024-11-28 06:00:00,124.99,112.51426,-12.475740661621089,12.475740661621089,321
2024-11-28 07:00:00,133.68,115.8482,-17.831802062988288,17.831802062988288,321
2024-11-28 08:00:00,130.57,92.21811,-38.35189086914062,38.35189086914062,321
2024-11-28 09:00:00,121.0,78.150566,-42.84943389892578,42.84943389892578,321
2024-11-28 10:00:00,108.95,78.64837,-30.301631164550784,30.301631164550784,321
2024-11-28 11:00:00,103.5,84.66356,-18.836441040039062,18.836441040039062,321
2024-11-28 12:00:00,103.19,65.9194,-37.27059692382812,37.27059692382812,321
2024-11-28 13:00:00,108.5,74.161064,-34.33893585205078,34.33893585205078,321
2024-11-28 14:00:00,119.81,83.75527,-36.05472808837891,36.05472808837891,321
2024-11-28 15:00:00,137.1,104.897705,-32.202294921874994,32.202294921874994,321
2024-11-28 16:00:00,150.4,114.07256,-36.32743682861329,36.32743682861329,321
2024-11-28 17:00:00,158.24,129.69533,-28.544672241210947,28.544672241210947,321
2024-11-28 18:00:00,154.12,118.60208,-35.51791870117188,35.51791870117188,321
2024-11-28 19:00:00,135.46,92.84922,-42.6107797241211,42.6107797241211,321
2024-11-28 20:00:00,125.87,73.38808,-52.48192321777344,52.48192321777344,321
2024-11-28 21:00:00,122.16,87.66272,-34.4972802734375,34.4972802734375,321
2024-11-28 22:00:00,112.6,76.53956,-36.06044158935546,36.06044158935546,321
2024-11-28 23:00:00,110.3,71.579315,-38.72068481445312,38.72068481445312,321
2024-11-29 00:00:00,107.01,90.013985,-16.996015319824224,16.996015319824224,322
2024-11-29 01:00:00,103.47,79.32554,-24.144461364746093,24.144461364746093,322
2024-11-29 02:00:00,94.04,49.959743,-44.08025650024415,44.08025650024415,322
2024-11-29 03:00:00,88.75,83.902824,-4.847175598144531,4.847175598144531,322
2024-11-29 04:00:00,94.08,78.15401,-15.925993041992186,15.925993041992186,322
2024-11-29 05:00:00,116.19,103.20917,-12.980832519531248,12.980832519531248,322
2024-11-29 06:00:00,127.21,135.13528,7.925284423828131,7.925284423828131,322
2024-11-29 07:00:00,143.36,139.72337,-3.636626586914076,3.636626586914076,322
2024-11-29 08:00:00,135.27,130.84055,-4.429454345703135,4.429454345703135,322
2024-11-29 09:00:00,121.06,121.82909,0.7690863037109352,0.7690863037109352,322
2024-11-29 10:00:00,109.32,119.06065,9.740653686523444,9.740653686523444,322
2024-11-29 11:00:00,104.51,103.37156,-1.1384408569335989,1.1384408569335989,322
2024-11-29 12:00:00,95.81,101.58874,5.7787374877929665,5.7787374877929665,322
2024-11-29 13:00:00,101.82,108.31489,6.494888000488288,6.494888000488288,322
2024-11-29 14:00:00,108.93,117.67667,8.746666259765618,8.746666259765618,322
2024-11-29 15:00:00,117.62,130.33336,12.713358764648433,12.713358764648433,322
2024-11-29 16:00:00,133.38,141.65332,8.273320312500005,8.273320312500005,322
2024-11-29 17:00:00,142.67,149.78114,7.111143188476575,7.111143188476575,322
2024-11-29 18:00:00,132.76,149.3831,16.623102416992197,16.623102416992197,322
2024-11-29 19:00:00,121.46,126.49384,5.0338430786132875,5.0338430786132875,322
2024-11-29 20:00:00,115.05,124.65488,9.604876708984378,9.604876708984378,322
2024-11-29 21:00:00,114.16,118.61827,4.458270874023441,4.458270874023441,322
2024-11-29 22:00:00,103.84,119.995186,16.155185852050778,16.155185852050778,322
2024-11-29 23:00:00,100.1,110.38968,10.28967895507813,10.28967895507813,322
2024-11-30 00:00:00,93.3,107.48196,14.181956481933597,14.181956481933597,323
2024-11-30 01:00:00,91.07,112.46469,21.394691162109382,21.394691162109382,323
2024-11-30 02:00:00,88.36,89.68762,1.3276220703125006,1.3276220703125006,323
2024-11-30 03:00:00,89.69,97.105675,7.415674743652346,7.415674743652346,323
2024-11-30 04:00:00,91.54,92.328705,0.7887048339843687,0.7887048339843687,323
2024-11-30 05:00:00,90.66,105.99731,15.337306823730472,15.337306823730472,323
2024-11-30 06:00:00,105.21,112.5319,7.3218984985351625,7.3218984985351625,323
2024-11-30 07:00:00,113.09,131.53244,18.44244018554687,18.44244018554687,323
2024-11-30 08:00:00,103.88,128.02463,24.14462768554688,24.14462768554688,323
2024-11-30 09:00:00,94.65,103.81862,9.168618774414057,9.168618774414057,323
2024-11-30 10:00:00,88.13,96.29356,8.16355621337891,8.16355621337891,323
2024-11-30 11:00:00,89.49,95.081,5.591001281738286,5.591001281738286,323
2024-11-30 12:00:00,92.0,67.42505,-24.574951171875,24.574951171875,323
2024-11-30 13:00:00,99.17,87.29517,-11.87482635498047,11.87482635498047,323
2024-11-30 14:00:00,111.88,94.96842,-16.91157806396484,16.91157806396484,323
2024-11-30 15:00:00,120.91,92.93307,-27.976932678222653,27.976932678222653,323
2024-11-30 16:00:00,136.67,120.14085,-16.52915374755858,16.52915374755858,323
2024-11-30 17:00:00,136.71,122.86216,-13.847840270996102,13.847840270996102,323
2024-11-30 18:00:00,131.96,118.05947,-13.900528869628914,13.900528869628914,323
2024-11-30 19:00:00,124.51,95.52801,-28.981992492675786,28.981992492675786,323
2024-11-30 20:00:00,115.08,98.171036,-16.908964233398436,16.908964233398436,323
2024-11-30 21:00:00,114.78,91.510086,-23.26991394042969,23.26991394042969,323
2024-11-30 22:00:00,106.67,95.67986,-10.990137023925783,10.990137023925783,323
2024-11-30 23:00:00,99.66,79.286156,-20.373844299316403,20.373844299316403,323
2024-12-01 00:00:00,90.01,64.394585,-25.615415344238286,25.615415344238286,324
2024-12-01 01:00:00,88.14,44.982224,-43.15777648925781,43.15777648925781,324
2024-12-01 02:00:00,85.7,46.69869,-39.001311492919925,39.001311492919925,324
2024-12-01 03:00:00,81.1,49.489014,-31.610986328124994,31.610986328124994,324
2024-12-01 04:00:00,74.68,47.68682,-26.993179016113288,26.993179016113288,324
2024-12-01 05:00:00,76.05,47.880295,-28.16970520019531,28.16970520019531,324
2024-12-01 06:00:00,86.77,81.23048,-5.539523620605465,5.539523620605465,324
2024-12-01 07:00:00,96.49,101.60636,5.116361389160161,5.116361389160161,324
2024-12-01 08:00:00,94.6,88.14238,-6.457620239257807,6.457620239257807,324
2024-12-01 09:00:00,89.3,78.74556,-10.554440307617185,10.554440307617185,324
2024-12-01 10:00:00,82.38,66.21073,-16.16926849365234,16.16926849365234,324
2024-12-01 11:00:00,85.25,73.23121,-12.018791198730469,12.018791198730469,324
2024-12-01 12:00:00,83.08,72.363144,-10.71685607910156,10.71685607910156,324
2024-12-01 13:00:00,75.77,81.95199,6.181988220214848,6.181988220214848,324
2024-12-01 14:00:00,85.47,96.42679,10.956788330078126,10.956788330078126,324
2024-12-01 15:00:00,94.98,104.2467,9.266696472167965,9.266696472167965,324
2024-12-01 16:00:00,116.91,129.9427,13.032703247070316,13.032703247070316,324
2024-12-01 17:00:00,124.76,132.47168,7.711679687499995,7.711679687499995,324
2024-12-01 18:00:00,115.93,126.441864,10.511864013671868,10.511864013671868,324
2024-12-01 19:00:00,97.6,121.11021,23.510206604003912,23.510206604003912,324
2024-12-01 20:00:00,88.84,112.573425,23.733425292968747,23.733425292968747,324
2024-12-01 21:00:00,98.17,113.96655,15.796552734374998,15.796552734374998,324
2024-12-01 22:00:00,85.0,103.83639,18.836387634277344,18.836387634277344,324
2024-12-01 23:00:00,76.45,86.04389,9.593891906738278,9.593891906738278,324
2024-12-02 00:00:00,67.84,87.352745,19.51274505615234,19.51274505615234,325
2024-12-02 01:00:00,63.08,83.27555,20.195550842285158,20.195550842285158,325
2024-12-02 02:00:00,45.53,87.008484,41.47848388671875,41.47848388671875,325
2024-12-02 03:00:00,38.37,83.29268,44.922678833007815,44.922678833007815,325
2024-12-02 04:00:00,57.28,87.99404,30.714041442871093,30.714041442871093,325
2024-12-02 05:00:00,96.56,107.082726,10.522725524902341,10.522725524902341,325
2024-12-02 06:00:00,129.01,113.91272,-15.097280273437491,15.097280273437491,325
2024-12-02 07:00:00,129.46,126.15105,-3.3089532470703205,3.3089532470703205,325
2024-12-02 08:00:00,125.63,116.54227,-9.08773315429687,9.08773315429687,325
2024-12-02 09:00:00,122.9,102.34369,-20.556311035156256,20.556311035156256,325
2024-12-02 10:00:00,117.25,91.03847,-26.211532592773438,26.211532592773438,325
2024-12-02 11:00:00,115.89,86.9844,-28.905602111816407,28.905602111816407,325
2024-12-02 12:00:00,118.71,87.8241,-30.885903320312494,30.885903320312494,325
2024-12-02 13:00:00,115.95,83.582,-32.36799926757813,32.36799926757813,325
2024-12-02 14:00:00,124.62,96.438934,-28.18106567382813,28.18106567382813,325
2024-12-02 15:00:00,125.9,108.94487,-16.955130004882818,16.955130004882818,325
2024-12-02 16:00:00,136.02,129.73611,-6.283885498046885,6.283885498046885,325
2024-12-02 17:00:00,149.61,129.39455,-20.21545349121095,20.21545349121095,325
2024-12-02 18:00:00,141.66,128.10641,-13.553585205078122,13.553585205078122,325
2024-12-02 19:00:00,125.6,113.18053,-12.419473266601557,12.419473266601557,325
2024-12-02 20:00:00,116.08,91.002266,-25.077734069824217,25.077734069824217,325
2024-12-02 21:00:00,115.07,97.43359,-17.636406249999993,17.636406249999993,325
2024-12-02 22:00:00,103.91,83.64773,-20.262272033691403,20.262272033691403,325
2024-12-02 23:00:00,111.74,73.002045,-38.73795532226562,38.73795532226562,325
2024-12-03 00:00:00,104.63,84.36921,-20.260790710449214,20.260790710449214,326
2024-12-03 01:00:00,98.42,75.38859,-23.031412048339845,23.031412048339845,326
2024-12-03 02:00:00,96.1,64.8717,-31.228303527832026,31.228303527832026,326
2024-12-03 03:00:00,104.47,54.59978,-49.870218963623046,49.870218963623046,326
2024-12-03 04:00:00,111.57,74.293495,-37.27650482177734,37.27650482177734,326
2024-12-03 05:00:00,125.34,96.436424,-28.90357574462891,28.90357574462891,326
2024-12-03 06:00:00,148.48,134.86249,-13.61751220703124,13.61751220703124,326
2024-12-03 07:00:00,158.84,134.9017,-23.93829711914063,23.93829711914063,326
2024-12-03 08:00:00,154.9,134.14067,-20.759329223632818,20.759329223632818,326
2024-12-03 09:00:00,146.06,123.000046,-23.059954223632815,23.059954223632815,326
2024-12-03 10:00:00,142.0,108.06286,-33.93714141845703,33.93714141845703,326
2024-12-03 11:00:00,140.89,108.05894,-32.83106292724608,32.83106292724608,326
2024-12-03 12:00:00,142.53,107.5985,-34.93149688720703,34.93149688720703,326
2024-12-03 13:00:00,146.15,101.119064,-45.03093566894532,45.03093566894532,326
2024-12-03 14:00:00,156.63,114.81786,-41.81213653564453,41.81213653564453,326
2024-12-03 15:00:00,165.36,120.67139,-44.688613281250014,44.688613281250014,326
2024-12-03 16:00:00,203.24,126.72967,-76.51033233642579,76.51033233642579,326
2024-12-03 17:00:00,197.88,137.4844,-60.39559448242187,60.39559448242187,326
2024-12-03 18:00:00,189.83,131.54175,-58.28825195312501,58.28825195312501,326
2024-12-03 19:00:00,158.46,119.492004,-38.96799560546876,38.96799560546876,326
2024-12-03 20:00:00,150.0,109.64427,-40.35572814941406,40.35572814941406,326
2024-12-03 21:00:00,142.08,107.478294,-34.60170562744142,34.60170562744142,326
2024-12-03 22:00:00,130.81,99.61206,-31.197939453125002,31.197939453125002,326
2024-12-03 23:00:00,121.12,93.75627,-27.363728637695317,27.363728637695317,326
2024-12-04 00:00:00,116.66,110.36098,-6.299022827148434,6.299022827148434,327
2024-12-04 01:00:00,112.79,101.24253,-11.5474691772461,11.5474691772461,327
2024-12-04 02:00:00,108.9,94.79315,-14.106848144531256,14.106848144531256,327
2024-12-04 03:00:00,106.98,100.532425,-6.4475750732421915,6.4475750732421915,327
2024-12-04 04:00:00,110.72,115.16293,4.442933349609376,4.442933349609376,327
2024-12-04 05:00:00,132.55,124.7519,-7.79810028076173,7.79810028076173,327
2024-12-04 06:00:00,149.23,154.6913,5.461299438476573,5.461299438476573,327
2024-12-04 07:00:00,200.49,155.61693,-44.87307189941407,44.87307189941407,327
2024-12-04 08:00:00,205.1,155.08102,-50.01897583007812,50.01897583007812,327
2024-12-04 09:00:00,149.94,151.93356,1.9935632324218773,1.9935632324218773,327
2024-12-04 10:00:00,148.85,141.11209,-7.737908935546869,7.737908935546869,327
2024-12-04 11:00:00,153.78,140.54045,-13.239548950195314,13.239548950195314,327
2024-12-04 12:00:00,137.7,133.74225,-3.9577514648437386,3.9577514648437386,327
2024-12-04 13:00:00,137.81,147.36983,9.55982727050781,9.55982727050781,327
2024-12-04 14:00:00,138.01,145.81825,7.808252563476572,7.808252563476572,327
2024-12-04 15:00:00,155.2,149.63707,-5.562930297851551,5.562930297851551,327
2024-12-04 16:00:00,219.09,186.06839,-33.02161010742188,33.02161010742188,327
2024-12-04 17:00:00,190.17,174.96068,-15.20932189941405,15.20932189941405,327
2024-12-04 18:00:00,171.45,168.03629,-3.4137145996093636,3.4137145996093636,327
2024-12-04 19:00:00,141.78,154.59886,12.818861694335936,12.818861694335936,327
2024-12-04 20:00:00,124.53,143.61777,19.087767333984374,19.087767333984374,327
2024-12-04 21:00:00,123.42,137.31285,13.892850952148436,13.892850952148436,327
2024-12-04 22:00:00,112.74,108.5379,-4.202097167968745,4.202097167968745,327
2024-12-04 23:00:00,114.77,103.56831,-11.201686401367184,11.201686401367184,327
2024-12-05 00:00:00,105.74,97.45313,-8.286867370605464,8.286867370605464,328
2024-12-05 01:00:00,102.66,96.21975,-6.440250549316403,6.440250549316403,328
2024-12-05 02:00:00,99.55,91.24548,-8.304516601562497,8.304516601562497,328
2024-12-05 03:00:00,90.72,73.892746,-16.82725402832031,16.82725402832031,328
2024-12-05 04:00:00,93.7,97.65329,3.953289794921872,3.953289794921872,328
2024-12-05 05:00:00,107.96,129.0614,21.101401367187506,21.101401367187506,328
2024-12-05 06:00:00,127.01,143.77783,16.767832031249995,16.767832031249995,328
2024-12-05 07:00:00,142.14,180.26959,38.129592285156264,38.129592285156264,328
2024-12-05 08:00:00,132.52,162.82468,30.304676513671865,30.304676513671865,328
2024-12-05 09:00:00,125.97,141.2676,15.297593383789064,15.297593383789064,328
2024-12-05 10:00:00,112.71,142.1678,29.45780090332032,29.45780090332032,328
2024-12-05 11:00:00,108.93,132.87123,23.941231079101556,23.941231079101556,328
2024-12-05 12:00:00,107.56,134.8371,27.277097167968748,27.277097167968748,328
2024-12-05 13:00:00,108.45,132.0553,23.605297851562497,23.605297851562497,328
2024-12-05 14:00:00,108.99,133.1438,24.153798828125005,24.153798828125005,328
2024-12-05 15:00:00,114.2,137.59561,23.395611572265622,23.395611572265622,328
2024-12-05 16:00:00,129.38,172.91997,43.53996765136719,43.53996765136719,328
2024-12-05 17:00:00,126.79,166.40837,39.61837097167968,39.61837097167968,328
2024-12-05 18:00:00,117.81,146.74673,28.936734619140623,28.936734619140623,328
2024-12-05 19:00:00,101.91,126.647095,24.737094726562503,24.737094726562503,328
2024-12-05 20:00:00,87.71,125.617485,37.907485046386725,37.907485046386725,328
2024-12-05 21:00:00,83.24,127.13248,43.89247680664063,43.89247680664063,328
2024-12-05 22:00:00,52.0,114.77339,62.77339172363281,62.77339172363281,328
2024-12-05 23:00:00,22.55,116.82173,94.27173156738282,94.27173156738282,328
2024-12-06 00:00:00,16.07,85.11988,69.04988067626954,69.04988067626954,329
2024-12-06 01:00:00,13.08,81.47876,68.398759765625,68.398759765625,329
2024-12-06 02:00:00,10.46,69.54883,59.088828125,59.088828125,329
2024-12-06 03:00:00,10.9,74.3167,63.41670379638672,63.41670379638672,329
2024-12-06 04:00:00,19.4,89.13858,69.73858032226562,69.73858032226562,329
2024-12-06 05:00:00,69.41,103.51566,34.10566314697266,34.10566314697266,329
2024-12-06 06:00:00,101.8,119.25949,17.459490966796878,17.459490966796878,329
2024-12-06 07:00:00,117.68,124.5359,6.855896301269524,6.855896301269524,329
2024-12-06 08:00:00,120.73,118.431564,-2.2984356689453165,2.2984356689453165,329
2024-12-06 09:00:00,111.07,121.31354,10.243537597656257,10.243537597656257,329
2024-12-06 10:00:00,105.67,105.59802,-0.0719775390625017,0.0719775390625017,329
2024-12-06 11:00:00,94.0,107.04267,13.042671203613281,13.042671203613281,329
2024-12-06 12:00:00,100.7,103.82553,3.125531005859372,3.125531005859372,329
2024-12-06 13:00:00,100.83,105.68229,4.852289123535158,4.852289123535158,329
2024-12-06 14:00:00,112.0,106.20196,-5.798042297363281,5.798042297363281,329
2024-12-06 15:00:00,129.22,105.749084,-23.47091552734375,23.47091552734375,329
2024-12-06 16:00:00,143.2,122.17758,-21.022418212890614,21.022418212890614,329
2024-12-06 17:00:00,146.85,127.88683,-18.963166809082026,18.963166809082026,329
2024-12-06 18:00:00,133.55,110.12506,-23.42493896484376,23.42493896484376,329
2024-12-06 19:00:00,117.88,106.14089,-11.739107971191402,11.739107971191402,329
2024-12-06 20:00:00,109.15,92.782005,-16.367994689941412,16.367994689941412,329
2024-12-06 21:00:00,97.39,94.25917,-3.130829467773438,3.130829467773438,329
2024-12-06 22:00:00,91.11,58.249233,-32.86076675415039,32.86076675415039,329
2024-12-06 23:00:00,73.45,42.141487,-31.30851287841797,31.30851287841797,329
2024-12-07 00:00:00,71.85,35.026882,-36.823117828369135,36.823117828369135,330
2024-12-07 01:00:00,65.27,33.715405,-31.55459548950195,31.55459548950195,330
2024-12-07 02:00:00,46.5,37.24721,-9.252788543701172,9.252788543701172,330
2024-12-07 03:00:00,34.37,35.672474,1.3024739074707057,1.3024739074707057,330
2024-12-07 04:00:00,28.2,39.093994,10.893994140625,10.893994140625,330
2024-12-07 05:00:00,28.85,61.81588,32.96587982177734,32.96587982177734,330
2024-12-07 06:00:00,39.31,80.59255,41.28255218505859,41.28255218505859,330
2024-12-07 07:00:00,43.22,87.33554,44.115540771484376,44.115540771484376,330
2024-12-07 08:00:00,42.36,82.35979,39.99978698730469,39.99978698730469,330
2024-12-07 09:00:00,26.0,77.39093,51.39093017578125,51.39093017578125,330
2024-12-07 10:00:00,21.66,70.06853,48.40852722167969,48.40852722167969,330
2024-12-07 11:00:00,39.72,74.66779,34.94779327392578,34.94779327392578,330
2024-12-07 12:00:00,25.21,70.91579,45.70578674316406,45.70578674316406,330
2024-12-07 13:00:00,17.81,69.3919,51.58189910888672,51.58189910888672,330
2024-12-07 14:00:00,21.91,80.47491,58.56490692138672,58.56490692138672,330
2024-12-07 15:00:00,32.16,98.03239,65.87238677978516,65.87238677978516,330
2024-12-07 16:00:00,41.9,108.054955,66.15495452880859,66.15495452880859,330
2024-12-07 17:00:00,56.34,110.59658,54.25658050537109,54.25658050537109,330
2024-12-07 18:00:00,62.97,103.01212,40.04212310791016,40.04212310791016,330
2024-12-07 19:00:00,71.85,87.48424,15.634237670898443,15.634237670898443,330
2024-12-07 20:00:00,45.51,87.04461,41.53460906982422,41.53460906982422,330
2024-12-07 21:00:00,41.9,87.579544,45.679544067382814,45.679544067382814,330
2024-12-07 22:00:00,35.0,63.841633,28.841632843017578,28.841632843017578,330
2024-12-07 23:00:00,18.64,52.593834,33.95383392333984,33.95383392333984,330
2024-12-08 00:00:00,13.9,41.117226,27.217225646972658,27.217225646972658,331
2024-12-08 01:00:00,17.14,38.38533,21.245330200195312,21.245330200195312,331
2024-12-08 02:00:00,8.23,31.967712,23.73771240234375,23.73771240234375,331
2024-12-08 03:00:00,5.85,32.270844,26.420843505859374,26.420843505859374,331
2024-12-08 04:00:00,8.08,36.50964,28.429639739990236,28.429639739990236,331
2024-12-08 05:00:00,11.54,36.893414,25.353413543701173,25.353413543701173,331
2024-12-08 06:00:00,11.35,36.399193,25.049192810058592,25.049192810058592,331
2024-12-08 07:00:00,19.55,41.883266,22.33326644897461,22.33326644897461,331
2024-12-08 08:00:00,33.99,40.5271,6.537099609374998,6.537099609374998,331
2024-12-08 09:00:00,34.66,40.16132,5.501319732666019,5.501319732666019,331
2024-12-08 10:00:00,34.15,44.42331,10.273309326171876,10.273309326171876,331
2024-12-08 11:00:00,47.33,42.121235,-5.20876510620117,5.20876510620117,331
2024-12-08 12:00:00,47.9,40.567726,-7.332273864746092,7.332273864746092,331
2024-12-08 13:00:00,28.32,43.597015,15.277015380859375,15.277015380859375,331
2024-12-08 14:00:00,38.77,42.568645,3.7986454772949187,3.7986454772949187,331
2024-12-08 15:00:00,32.61,53.11519,20.505188598632813,20.505188598632813,331
2024-12-08 16:00:00,55.4,63.29564,7.895639038085939,7.895639038085939,331
2024-12-08 17:00:00,74.97,68.599686,-6.370314331054686,6.370314331054686,331
2024-12-08 18:00:00,72.5,68.840744,-3.6592559814453125,3.6592559814453125,331
2024-12-08 19:00:00,71.68,65.12198,-6.558021240234382,6.558021240234382,331
2024-12-08 20:00:00,72.4,68.84744,-3.5525573730468807,3.5525573730468807,331
2024-12-08 21:00:00,68.5,63.273663,-5.226337432861328,5.226337432861328,331
2024-12-08 22:00:00,65.23,51.693317,-13.536682586669926,13.536682586669926,331
2024-12-08 23:00:00,55.0,45.75309,-9.246910095214844,9.246910095214844,331
2024-12-09 00:00:00,37.55,50.12334,12.573340606689456,12.573340606689456,332
2024-12-09 01:00:00,31.82,49.201576,17.381576232910156,17.381576232910156,332
2024-12-09 02:00:00,13.99,46.15816,32.168161163330076,32.168161163330076,332
2024-12-09 03:00:00,5.43,51.876873,46.44687301635742,46.44687301635742,332
2024-12-09 04:00:00,25.95,55.18883,29.238831329345704,29.238831329345704,332
2024-12-09 05:00:00,67.44,98.473564,31.03356414794922,31.03356414794922,332
2024-12-09 06:00:00,111.16,128.58644,17.426441040039066,17.426441040039066,332
2024-12-09 07:00:00,122.98,118.38254,-4.597462158203129,4.597462158203129,332
2024-12-09 08:00:00,120.6,109.51614,-11.08385620117187,11.08385620117187,332
2024-12-09 09:00:00,116.02,117.43772,1.4177212524414102,1.4177212524414102,332
2024-12-09 10:00:00,109.93,119.804825,9.874824829101556,9.874824829101556,332
2024-12-09 11:00:00,107.62,120.982,13.362002258300777,13.362002258300777,332
2024-12-09 12:00:00,86.53,118.8057,32.275702209472655,32.275702209472655,332
2024-12-09 13:00:00,83.89,112.33684,28.446837768554687,28.446837768554687,332
2024-12-09 14:00:00,107.5,125.148636,17.648635864257812,17.648635864257812,332
2024-12-09 15:00:00,112.66,116.68481,4.024806823730472,4.024806823730472,332
2024-12-09 16:00:00,125.34,137.76044,12.420437011718747,12.420437011718747,332
2024-12-09 17:00:00,132.06,142.2803,10.220303955078123,10.220303955078123,332
2024-12-09 18:00:00,130.0,141.96227,11.962265014648438,11.962265014648438,332
2024-12-09 19:00:00,120.66,122.43842,1.7784231567382847,1.7784231567382847,332
2024-12-09 20:00:00,105.04,116.438126,11.398125610351556,11.398125610351556,332
2024-12-09 21:00:00,103.07,110.475784,7.405784301757819,7.405784301757819,332
2024-12-09 22:00:00,94.93,99.46274,4.532738037109368,4.532738037109368,332
2024-12-09 23:00:00,97.22,105.82822,8.608216552734376,8.608216552734376,332
2024-12-10 00:00:00,91.3,71.377594,-19.922406005859372,19.922406005859372,333
2024-12-10 01:00:00,88.06,68.37096,-19.689043579101565,19.689043579101565,333
2024-12-10 02:00:00,85.0,59.609715,-25.39028549194336,25.39028549194336,333
2024-12-10 03:00:00,87.7,60.800728,-26.89927215576172,26.89927215576172,333
2024-12-10 04:00:00,89.93,80.164795,-9.765205078125007,9.765205078125007,333
2024-12-10 05:00:00,111.73,107.99932,-3.7306790161132852,3.7306790161132852,333
2024-12-10 06:00:00,130.65,123.74885,-6.901152038574224,6.901152038574224,333
2024-12-10 07:00:00,150.32,127.689186,-22.630813903808587,22.630813903808587,333
2024-12-10 08:00:00,142.18,124.55551,-17.624488525390632,17.624488525390632,333
2024-12-10 09:00:00,132.77,115.776115,-16.99388458251954,16.99388458251954,333
2024-12-10 10:00:00,119.0,107.05264,-11.947357177734375,11.947357177734375,333
2024-12-10 11:00:00,117.35,106.8508,-10.49920043945312,10.49920043945312,333
2024-12-10 12:00:00,115.21,114.79183,-0.41816802978515,0.41816802978515,333
2024-12-10 13:00:00,120.72,115.886314,-4.833685607910155,4.833685607910155,333
2024-12-10 14:00:00,131.0,111.03745,-19.962547302246094,19.962547302246094,333
2024-12-10 15:00:00,145.01,116.081726,-28.92827392578124,28.92827392578124,333
2024-12-10 16:00:00,160.6,132.99623,-27.603768920898432,27.603768920898432,333
2024-12-10 17:00:00,181.0,132.45952,-48.54048156738281,48.54048156738281,333
2024-12-10 18:00:00,178.28,130.1083,-48.171693115234376,48.171693115234376,333
2024-12-10 19:00:00,157.99,114.379974,-43.610025634765634,43.610025634765634,333
2024-12-10 20:00:00,140.51,105.982185,-34.52781463623046,34.52781463623046,333
2024-12-10 21:00:00,134.22,102.842094,-31.37790557861328,31.37790557861328,333
2024-12-10 22:00:00,121.37,94.23702,-27.13297760009766,27.13297760009766,333
2024-12-10 23:00:00,109.44,93.705925,-15.734075012207029,15.734075012207029,333
2024-12-11 00:00:00,105.7,89.710815,-15.989184570312503,15.989184570312503,334
2024-12-11 01:00:00,104.17,84.77486,-19.39514343261719,19.39514343261719,334
2024-12-11 02:00:00,102.62,78.63198,-23.98801910400391,23.98801910400391,334
2024-12-11 03:00:00,100.85,78.17349,-22.67650756835937,22.67650756835937,334
2024-12-11 04:00:00,114.16,83.56141,-30.598591003417965,30.598591003417965,334
2024-12-11 05:00:00,123.45,98.97875,-24.471247863769534,24.471247863769534,334
2024-12-11 06:00:00,155.64,117.89735,-37.742653503417955,37.742653503417955,334
2024-12-11 07:00:00,206.85,150.03873,-56.81127319335937,56.81127319335937,334
2024-12-11 08:00:00,218.42,132.38344,-86.03656188964842,86.03656188964842,334
2024-12-11 09:00:00,160.15,126.47481,-33.67519226074219,33.67519226074219,334
2024-12-11 10:00:00,147.83,112.49541,-35.334592895507825,35.334592895507825,334
2024-12-11 11:00:00,149.99,118.279526,-31.71047424316407,31.71047424316407,334
2024-12-11 12:00:00,138.65,120.77111,-17.878889465332037,17.878889465332037,334
2024-12-11 13:00:00,142.05,116.157524,-25.892475891113293,25.892475891113293,334
2024-12-11 14:00:00,185.04,130.73882,-54.301184692382805,54.301184692382805,334
2024-12-11 15:00:00,237.94,131.61484,-106.32516235351562,106.32516235351562,334
2024-12-11 16:00:00,274.0,143.09074,-130.9092559814453,130.9092559814453,334
2024-12-11 17:00:00,276.0,160.34492,-115.65507507324219,115.65507507324219,334
2024-12-11 18:00:00,255.0,156.20486,-98.79513549804688,98.79513549804688,334
2024-12-11 19:00:00,179.07,131.8503,-47.21970397949218,47.21970397949218,334
2024-12-11 20:00:00,165.2,118.95837,-46.24163360595702,46.24163360595702,334
2024-12-11 21:00:00,150.0,116.12119,-33.878807067871094,33.878807067871094,334
2024-12-11 22:00:00,136.1,104.581924,-31.518075561523432,31.518075561523432,334
2024-12-11 23:00:00,122.24,91.49983,-30.740167846679682,30.740167846679682,334
2024-12-13 00:00:00,122.9,106.58575,-16.314253234863287,16.314253234863287,336
2024-12-13 01:00:00,118.97,97.035706,-21.93429443359375,21.93429443359375,336
2024-12-13 02:00:00,114.95,87.83172,-27.118281555175784,27.118281555175784,336
2024-12-13 03:00:00,115.64,94.965805,-20.674194946289063,20.674194946289063,336
2024-12-13 04:00:00,123.96,104.38581,-19.574189147949212,19.574189147949212,336
2024-12-13 05:00:00,138.0,112.95719,-25.042808532714844,25.042808532714844,336
2024-12-13 06:00:00,185.37,150.07709,-35.292912597656255,35.292912597656255,336
2024-12-13 07:00:00,253.0,197.1816,-55.81840515136719,55.81840515136719,336
2024-12-13 08:00:00,245.74,199.3672,-46.37279724121095,46.37279724121095,336
2024-12-13 09:00:00,208.42,191.55028,-16.86972229003905,16.86972229003905,336
2024-12-13 10:00:00,173.78,178.95694,5.176939697265624,5.176939697265624,336
2024-12-13 11:00:00,165.6,183.47429,17.874288940429693,17.874288940429693,336
2024-12-13 12:00:00,165.0,180.76955,15.769546508789062,15.769546508789062,336
2024-12-13 13:00:00,184.5,162.64694,-21.853057861328125,21.853057861328125,336
2024-12-13 14:00:00,210.0,154.64967,-55.35032653808594,55.35032653808594,336
2024-12-13 15:00:00,241.91,175.35999,-66.5500146484375,66.5500146484375,336
2024-12-13 16:00:00,284.21,184.32861,-99.88138671874998,99.88138671874998,336
2024-12-13 17:00:00,260.0,202.43208,-57.56791687011719,57.56791687011719,336
2024-12-13 18:00:00,225.6,197.31924,-28.28075561523437,28.28075561523437,336
2024-12-13 19:00:00,175.0,178.5513,3.551300048828125,3.551300048828125,336
2024-12-13 20:00:00,146.22,157.50052,11.280518798828126,11.280518798828126,336
2024-12-13 21:00:00,135.09,151.96004,16.87003723144531,16.87003723144531,336
2024-12-13 22:00:00,116.52,133.58769,17.06769226074219,17.06769226074219,336
2024-12-13 23:00:00,116.94,127.541115,10.601114807128909,10.601114807128909,336
2024-12-14 00:00:00,111.36,95.859146,-15.500853881835937,15.500853881835937,337
2024-12-14 01:00:00,108.04,87.45985,-20.580153503417975,20.580153503417975,337
2024-12-14 02:00:00,99.02,96.0932,-2.926799316406246,2.926799316406246,337
2024-12-14 03:00:00,93.44,90.34415,-3.0958532714843727,3.0958532714843727,337
2024-12-14 04:00:00,91.55,95.113434,3.563433837890628,3.563433837890628,337
2024-12-14 05:00:00,94.09,119.5979,25.507900390624997,25.507900390624997,337
2024-12-14 06:00:00,103.76,165.9822,62.22219299316406,62.22219299316406,337
2024-12-14 07:00:00,114.77,178.47122,63.70122192382813,63.70122192382813,337
2024-12-14 08:00:00,125.69,177.12138,51.43138366699219,51.43138366699219,337
2024-12-14 09:00:00,122.0,171.11098,49.11097717285156,49.11097717285156,337
2024-12-14 10:00:00,110.43,146.89474,36.46474487304687,36.46474487304687,337
2024-12-14 11:00:00,109.73,147.06378,37.333781738281246,37.333781738281246,337
2024-12-14 12:00:00,107.95,149.73363,41.783627319335935,41.783627319335935,337
2024-12-14 13:00:00,104.07,160.83704,56.76703613281251,56.76703613281251,337
2024-12-14 14:00:00,104.58,173.13315,68.55314819335938,68.55314819335938,337
2024-12-14 15:00:00,112.29,183.08562,70.79561706542968,70.79561706542968,337
2024-12-14 16:00:00,125.06,182.50499,57.444989624023435,57.444989624023435,337
2024-12-14 17:00:00,124.62,182.074,57.45400512695312,57.45400512695312,337
2024-12-14 18:00:00,124.61,187.52005,62.910050048828126,62.910050048828126,337
2024-12-14 19:00:00,109.17,148.26852,39.09852416992187,39.09852416992187,337
2024-12-14 20:00:00,103.0,115.93954,12.939537048339844,12.939537048339844,337
2024-12-14 21:00:00,110.11,116.88065,6.770653381347657,6.770653381347657,337
2024-12-14 22:00:00,101.01,91.42841,-9.581586608886724,9.581586608886724,337
2024-12-14 23:00:00,86.56,85.284676,-1.275324401855471,1.275324401855471,337
2024-12-15 00:00:00,77.5,90.71087,13.210868835449219,13.210868835449219,338
2024-12-15 01:00:00,73.5,86.881996,13.381996154785156,13.381996154785156,338
2024-12-15 02:00:00,65.25,76.55794,11.307937622070312,11.307937622070312,338
2024-12-15 03:00:00,57.57,74.07537,16.50537078857422,16.50537078857422,338
2024-12-15 04:00:00,56.13,69.01436,12.88435852050781,12.88435852050781,338
2024-12-15 05:00:00,50.68,71.421745,20.74174530029297,20.74174530029297,338
2024-12-15 06:00:00,60.44,84.931755,24.49175506591797,24.49175506591797,338
2024-12-15 07:00:00,69.13,104.38427,35.25426971435547,35.25426971435547,338
2024-12-15 08:00:00,78.12,123.29025,45.17025268554687,45.17025268554687,338
2024-12-15 09:00:00,74.57,119.19807,44.62806671142579,44.62806671142579,338
2024-12-15 10:00:00,72.69,106.90637,34.2163720703125,34.2163720703125,338
2024-12-15 11:00:00,77.87,95.76843,17.898432617187495,17.898432617187495,338
2024-12-15 12:00:00,75.82,95.08106,19.261062316894538,19.261062316894538,338
2024-12-15 13:00:00,71.89,94.457016,22.567015991210937,22.567015991210937,338
2024-12-15 14:00:00,70.47,102.0501,31.58010223388672,31.58010223388672,338
2024-12-15 15:00:00,82.3,114.24004,31.94004364013672,31.94004364013672,338
2024-12-15 16:00:00,93.13,130.4432,37.31320678710938,37.31320678710938,338
2024-12-15 17:00:00,104.94,129.01591,24.07591491699219,24.07591491699219,338
2024-12-15 18:00:00,99.43,127.72218,28.292183227539056,28.292183227539056,338
2024-12-15 19:00:00,73.59,108.887955,35.29795471191406,35.29795471191406,338
2024-12-15 20:00:00,72.61,104.82819,32.21819366455078,32.21819366455078,338
2024-12-15 21:00:00,73.2,103.930954,30.730953979492185,30.730953979492185,338
2024-12-15 22:00:00,46.61,85.04907,38.439072265625,38.439072265625,338
2024-12-15 23:00:00,13.09,72.39141,59.301410827636715,59.301410827636715,338
2024-12-16 00:00:00,14.58,65.59911,51.01911346435547,51.01911346435547,339
2024-12-16 01:00:00,15.96,63.207962,47.24796203613281,47.24796203613281,339
2024-12-16 02:00:00,9.76,68.73,58.970003356933596,58.970003356933596,339
2024-12-16 03:00:00,9.64,71.89765,62.25765167236328,62.25765167236328,339
2024-12-16 04:00:00,15.15,82.7185,67.56849822998046,67.56849822998046,339
2024-12-16 05:00:00,31.28,98.90965,67.62965270996094,67.62965270996094,339
2024-12-16 06:00:00,92.57,110.422966,17.852966003417976,17.852966003417976,339
2024-12-16 07:00:00,102.45,114.776566,12.32656555175781,12.32656555175781,339
2024-12-16 08:00:00,109.71,112.31655,2.6065512084961,2.6065512084961,339
2024-12-16 09:00:00,105.47,103.688225,-1.7817752075195301,1.7817752075195301,339
2024-12-16 10:00:00,97.14,100.838486,3.698485717773437,3.698485717773437,339
2024-12-16 11:00:00,95.15,101.717995,6.567994689941401,6.567994689941401,339
2024-12-16 12:00:00,89.88,96.59571,6.715710754394536,6.715710754394536,339
2024-12-16 13:00:00,88.34,100.02681,11.686809692382809,11.686809692382809,339
2024-12-16 14:00:00,99.87,98.604515,-1.2654849243164108,1.2654849243164108,339
2024-12-16 15:00:00,106.11,114.07738,7.967377319335938,7.967377319335938,339
2024-12-16 16:00:00,109.35,124.31711,14.96710815429688,14.96710815429688,339
2024-12-16 17:00:00,118.02,138.91978,20.89978454589844,20.89978454589844,339
2024-12-16 18:00:00,117.25,129.62407,12.374069213867188,12.374069213867188,339
2024-12-16 19:00:00,106.64,105.85683,-0.7831732177734381,0.7831732177734381,339
2024-12-16 20:00:00,96.02,101.99596,5.9759564208984415,5.9759564208984415,339
2024-12-16 21:00:00,104.65,89.881905,-14.768095397949224,14.768095397949224,339
2024-12-16 22:00:00,88.52,73.811844,-14.708156127929684,14.708156127929684,339
2024-12-16 23:00:00,52.45,68.06712,15.617123413085935,15.617123413085935,339
2024-12-17 00:00:00,56.82,56.251617,-0.5683825683593753,0.5683825683593753,340
2024-12-17 01:00:00,52.13,60.25638,8.126378173828122,8.126378173828122,340
2024-12-17 02:00:00,41.47,52.932816,11.462815551757814,11.462815551757814,340
2024-12-17 03:00:00,54.91,62.65522,7.745220031738285,7.745220031738285,340
2024-12-17 04:00:00,63.75,62.408493,-1.3415069580078125,1.3415069580078125,340
2024-12-17 05:00:00,89.92,83.01712,-6.902879638671877,6.902879638671877,340
2024-12-17 06:00:00,109.93,110.90772,0.9777224731445244,0.9777224731445244,340
2024-12-17 07:00:00,117.76,110.92992,-6.830083618164068,6.830083618164068,340
2024-12-17 08:00:00,119.08,107.75888,-11.321119384765623,11.321119384765623,340
2024-12-17 09:00:00,109.46,107.080154,-2.3798455810546812,2.3798455810546812,340
2024-12-17 10:00:00,102.64,105.36603,2.7260278320312494,2.7260278320312494,340
2024-12-17 11:00:00,102.91,100.05985,-2.8501473999023403,2.8501473999023403,340
2024-12-17 12:00:00,106.43,97.80388,-8.62612121582032,8.62612121582032,340
2024-12-17 13:00:00,109.93,94.79618,-15.13381927490235,15.13381927490235,340
2024-12-17 14:00:00,113.61,105.07056,-8.539443359375,8.539443359375,340
2024-12-17 15:00:00,111.9,107.49933,-4.400671386718756,4.400671386718756,340
2024-12-17 16:00:00,124.88,118.92581,-5.9541882324218705,5.9541882324218705,340
2024-12-17 17:00:00,123.8,127.31471,3.5147125244140653,3.5147125244140653,340
2024-12-17 18:00:00,110.45,127.35787,16.90787200927734,16.90787200927734,340
2024-12-17 19:00:00,101.87,116.2451,14.375101928710933,14.375101928710933,340
2024-12-17 20:00:00,94.8,110.839355,16.039355468750003,16.039355468750003,340
2024-12-17 21:00:00,90.57,100.45632,9.8863217163086,9.8863217163086,340
2024-12-17 22:00:00,73.83,90.790085,16.96008483886719,16.96008483886719,340
2024-12-17 23:00:00,66.97,69.98083,3.01082733154297,3.01082733154297,340
2024-12-18 00:00:00,50.51,62.123257,11.613256683349611,11.613256683349611,341
2024-12-18 01:00:00,29.12,51.755653,22.635653381347655,22.635653381347655,341
2024-12-18 02:00:00,18.53,56.761486,38.231486053466796,38.231486053466796,341
2024-12-18 03:00:00,7.01,48.87211,41.86210845947266,41.86210845947266,341
2024-12-18 04:00:00,11.98,53.423645,41.443645019531246,41.443645019531246,341
2024-12-18 05:00:00,49.91,86.61845,36.70844635009766,36.70844635009766,341
2024-12-18 06:00:00,67.43,99.64651,32.21650726318359,32.21650726318359,341
2024-12-18 07:00:00,81.13,113.92587,32.79587280273438,32.79587280273438,341
2024-12-18 08:00:00,80.43,113.173454,32.74345428466796,32.74345428466796,341
2024-12-18 09:00:00,70.2,96.2669,26.066899108886716,26.066899108886716,341
2024-12-18 10:00:00,69.29,100.88371,31.59371276855468,31.59371276855468,341
2024-12-18 11:00:00,69.77,98.12424,28.35423706054688,28.35423706054688,341
2024-12-18 12:00:00,68.69,99.74274,31.052736816406252,31.052736816406252,341
2024-12-18 13:00:00,71.56,98.1552,26.595197143554685,26.595197143554685,341
2024-12-18 14:00:00,71.14,104.87188,33.73187957763672,33.73187957763672,341
2024-12-18 15:00:00,68.38,109.622246,41.24224578857422,41.24224578857422,341
2024-12-18 16:00:00,79.49,129.77217,50.28217102050782,50.28217102050782,341
2024-12-18 17:00:00,80.91,129.78929,48.87929138183594,48.87929138183594,341
2024-12-18 18:00:00,79.35,121.876335,42.526335144042974,42.526335144042974,341
2024-12-18 19:00:00,72.26,111.41559,39.155588378906245,39.155588378906245,341
2024-12-18 20:00:00,61.71,104.461105,42.75110534667969,42.75110534667969,341
2024-12-18 21:00:00,52.22,101.69234,49.472337036132814,49.472337036132814,341
2024-12-18 22:00:00,31.69,87.53024,55.84024291992188,55.84024291992188,341
2024-12-18 23:00:00,19.8,79.32599,59.52598876953125,59.52598876953125,341
2024-12-19 00:00:00,20.28,61.06505,40.785048217773436,40.785048217773436,342
2024-12-19 01:00:00,9.93,46.43882,36.50881988525391,36.50881988525391,342
2024-12-19 02:00:00,5.98,47.113735,41.133735198974605,41.133735198974605,342
2024-12-19 03:00:00,3.95,33.088985,29.138985443115235,29.138985443115235,342
2024-12-19 04:00:00,6.39,41.12761,34.73760925292969,34.73760925292969,342
2024-12-19 05:00:00,12.5,60.75081,48.25080871582031,48.25080871582031,342
2024-12-19 06:00:00,63.54,85.026665,21.48666473388672,21.48666473388672,342
2024-12-19 07:00:00,79.71,97.167404,17.457404174804694,17.457404174804694,342
2024-12-19 08:00:00,89.38,96.63186,7.251858825683598,7.251858825683598,342
2024-12-19 09:00:00,79.46,85.536316,6.076315917968756,6.076315917968756,342
2024-12-19 10:00:00,76.96,80.7345,3.7744970703125063,3.7744970703125063,342
2024-12-19 11:00:00,74.16,80.9552,6.795200195312503,6.795200195312503,342
2024-12-19 12:00:00,70.4,81.579315,11.17931518554687,11.17931518554687,342
2024-12-19 13:00:00,60.38,82.418236,22.03823577880859,22.03823577880859,342
2024-12-19 14:00:00,61.2,83.721405,22.521405029296872,22.521405029296872,342
2024-12-19 15:00:00,83.17,88.69753,5.527532653808592,5.527532653808592,342
2024-12-19 16:00:00,100.79,95.09438,-5.6956167602539125,5.6956167602539125,342
2024-12-19 17:00:00,105.26,95.83188,-9.42812133789063,9.42812133789063,342
2024-12-19 18:00:00,94.02,92.63146,-1.3885379028320273,1.3885379028320273,342
2024-12-19 19:00:00,82.89,88.60646,5.716460571289062,5.716460571289062,342
2024-12-19 20:00:00,77.71,83.66981,5.9598074340820375,5.9598074340820375,342
2024-12-19 21:00:00,75.92,79.634895,3.7148953247070295,3.7148953247070295,342
2024-12-19 22:00:00,60.84,69.07048,8.230480346679684,8.230480346679684,342
2024-12-19 23:00:00,51.55,53.891052,2.341052246093753,2.341052246093753,342
2024-12-20 00:00:00,34.79,30.554548,-4.2354517364501945,4.2354517364501945,343
2024-12-20 01:00:00,25.97,28.54001,2.570010452270509,2.570010452270509,343
2024-12-20 02:00:00,20.15,22.089018,1.9390178680419936,1.9390178680419936,343
2024-12-20 03:00:00,25.89,27.16688,1.2768796539306635,1.2768796539306635,343
2024-12-20 04:00:00,50.79,30.205008,-20.584992446899413,20.584992446899413,343
2024-12-20 05:00:00,73.76,46.28454,-27.475461730957036,27.475461730957036,343
2024-12-20 06:00:00,109.0,74.0232,-34.97679901123047,34.97679901123047,343
2024-12-20 07:00:00,124.91,86.143875,-38.766124877929684,38.766124877929684,343
2024-12-20 08:00:00,118.09,91.31668,-26.77331909179688,26.77331909179688,343
2024-12-20 09:00:00,108.92,86.40038,-22.519617004394533,22.519617004394533,343
2024-12-20 10:00:00,99.27,82.43849,-16.831508178710934,16.831508178710934,343
2024-12-20 11:00:00,89.37,76.01162,-13.35838043212891,13.35838043212891,343
2024-12-20 12:00:00,85.81,75.63707,-10.172930297851565,10.172930297851565,343
2024-12-20 13:00:00,90.63,67.71833,-22.911669616699214,22.911669616699214,343
2024-12-20 14:00:00,101.19,75.21553,-25.974469604492185,25.974469604492185,343
2024-12-20 15:00:00,106.78,85.44314,-21.336861877441407,21.336861877441407,343
2024-12-20 16:00:00,111.01,92.754005,-18.2559945678711,18.2559945678711,343
2024-12-20 17:00:00,103.37,93.52381,-9.846188659667973,9.846188659667973,343
2024-12-20 18:00:00,101.1,87.62621,-13.473786926269526,13.473786926269526,343
2024-12-20 19:00:00,92.13,80.92065,-11.209353332519527,11.209353332519527,343
2024-12-20 20:00:00,74.21,78.58777,4.377768554687506,4.377768554687506,343
2024-12-20 21:00:00,70.67,72.187744,1.5177441406249983,1.5177441406249983,343
2024-12-20 22:00:00,58.5,47.156727,-11.343273162841797,11.343273162841797,343
2024-12-20 23:00:00,31.08,43.446537,12.366537017822267,12.366537017822267,343
2024-12-21 00:00:00,25.28,39.960354,14.680353851318358,14.680353851318358,344
2024-12-21 01:00:00,23.92,37.928448,14.00844772338867,14.00844772338867,344
2024-12-21 02:00:00,19.41,34.17466,14.764659729003906,14.764659729003906,344
2024-12-21 03:00:00,18.11,30.672728,12.562727584838868,12.562727584838868,344
2024-12-21 04:00:00,24.0,43.74363,19.743629455566406,19.743629455566406,344
2024-12-21 05:00:00,32.02,54.10769,22.08768890380859,22.08768890380859,344
2024-12-21 06:00:00,33.27,62.479065,29.209064941406247,29.209064941406247,344
2024-12-21 07:00:00,37.69,81.15398,43.46397644042969,43.46397644042969,344
2024-12-21 08:00:00,43.55,76.18423,32.6342269897461,32.6342269897461,344
2024-12-21 09:00:00,43.65,67.37351,23.723512268066408,23.723512268066408,344
2024-12-21 10:00:00,37.01,65.38823,28.37822937011719,28.37822937011719,344
2024-12-21 11:00:00,36.09,60.065994,23.97599426269531,23.97599426269531,344
2024-12-21 12:00:00,35.78,62.199642,26.419642181396483,26.419642181396483,344
2024-12-21 13:00:00,35.07,66.86366,31.793662719726562,31.793662719726562,344
2024-12-21 14:00:00,38.98,69.77434,30.79433776855469,30.79433776855469,344
2024-12-21 15:00:00,39.46,68.52133,29.061331787109374,29.061331787109374,344
2024-12-21 16:00:00,46.35,79.64319,33.2931884765625,33.2931884765625,344
2024-12-21 17:00:00,50.19,71.513626,21.323626098632815,21.323626098632815,344
2024-12-21 18:00:00,44.29,72.29252,28.002518615722657,28.002518615722657,344
2024-12-21 19:00:00,31.85,66.95617,35.10616912841797,35.10616912841797,344
2024-12-21 20:00:00,18.61,66.89488,48.28488220214844,48.28488220214844,344
2024-12-21 21:00:00,16.2,65.57876,49.37875823974609,49.37875823974609,344
2024-12-21 22:00:00,12.04,41.69514,29.655140838623048,29.655140838623048,344
2024-12-21 23:00:00,9.88,32.375134,22.495133514404294,22.495133514404294,344
2024-12-22 00:00:00,7.92,14.60358,6.683580474853516,6.683580474853516,345
2024-12-22 01:00:00,8.42,15.1462345,6.726234512329102,6.726234512329102,345
2024-12-22 02:00:00,6.27,16.266682,9.996681671142579,9.996681671142579,345
2024-12-22 03:00:00,4.41,18.144243,13.734243240356445,13.734243240356445,345
2024-12-22 04:00:00,5.1,15.653001,10.553000831604004,10.553000831604004,345
2024-12-22 05:00:00,5.82,18.251345,12.431344680786133,12.431344680786133,345
2024-12-22 06:00:00,10.5,23.17255,12.672550201416016,12.672550201416016,345
2024-12-22 07:00:00,15.29,26.0241,10.734099349975587,10.734099349975587,345
2024-12-22 08:00:00,23.99,33.824112,9.834111938476564,9.834111938476564,345
2024-12-22 09:00:00,20.0,33.209717,13.209716796875,13.209716796875,345
2024-12-22 10:00:00,16.01,36.79024,20.780241241455077,20.780241241455077,345
2024-12-22 11:00:00,18.67,29.911894,11.24189384460449,11.24189384460449,345
2024-12-22 12:00:00,15.38,28.297117,12.917117233276366,12.917117233276366,345
2024-12-22 13:00:00,10.96,33.66786,22.707858123779296,22.707858123779296,345
2024-12-22 14:00:00,13.55,33.88977,20.3397705078125,20.3397705078125,345
2024-12-22 15:00:00,18.6,41.111164,22.511164093017577,22.511164093017577,345
2024-12-22 16:00:00,55.0,56.206154,1.2061538696289062,1.2061538696289062,345
2024-12-22 17:00:00,77.44,60.271545,-17.168454589843748,17.168454589843748,345
2024-12-22 18:00:00,72.5,64.052666,-8.447334289550781,8.447334289550781,345
2024-12-22 19:00:00,58.91,45.022655,-13.88734451293945,13.88734451293945,345
2024-12-22 20:00:00,46.4,39.457428,-6.942572021484374,6.942572021484374,345
2024-12-22 21:00:00,42.03,37.81119,-4.2188084411621105,4.2188084411621105,345
2024-12-22 22:00:00,30.54,31.7856,1.2456006622314462,1.2456006622314462,345
2024-12-22 23:00:00,17.27,24.388773,7.1187729644775395,7.1187729644775395,345
2024-12-23 00:00:00,11.48,23.742216,12.262216110229492,12.262216110229492,346
2024-12-23 01:00:00,10.19,21.462597,11.272596893310547,11.272596893310547,346
2024-12-23 02:00:00,7.33,18.901455,11.57145492553711,11.57145492553711,346
2024-12-23 03:00:00,6.0,19.148052,13.148052215576172,13.148052215576172,346
2024-12-23 04:00:00,7.07,29.66761,22.59761016845703,22.59761016845703,346
2024-12-23 05:00:00,25.95,82.49978,56.54977874755859,56.54977874755859,346
2024-12-23 06:00:00,61.2,86.48362,25.283619689941403,25.283619689941403,346
2024-12-23 07:00:00,72.47,84.59001,12.120011596679689,12.120011596679689,346
2024-12-23 08:00:00,70.93,79.76482,8.83481628417968,8.83481628417968,346
2024-12-23 09:00:00,61.79,70.67458,8.884583435058595,8.884583435058595,346
2024-12-23 10:00:00,60.27,63.902115,3.6321148681640594,3.6321148681640594,346
2024-12-23 11:00:00,61.57,64.856476,3.2864758300781247,3.2864758300781247,346
2024-12-23 12:00:00,62.31,62.44973,0.13972991943359148,0.13972991943359148,346
2024-12-23 13:00:00,69.0,62.24682,-6.753181457519531,6.753181457519531,346
2024-12-23 14:00:00,80.01,67.078384,-12.931615600585943,12.931615600585943,346
2024-12-23 15:00:00,98.44,74.45669,-23.983312072753904,23.983312072753904,346
2024-12-23 16:00:00,110.92,96.51876,-14.401239318847658,14.401239318847658,346
2024-12-23 17:00:00,114.72,101.92877,-12.791228027343749,12.791228027343749,346
2024-12-23 18:00:00,124.89,98.355896,-26.53410400390625,26.53410400390625,346
2024-12-23 19:00:00,118.97,83.59139,-35.378607482910155,35.378607482910155,346
2024-12-23 20:00:00,109.28,68.52984,-40.75016143798828,40.75016143798828,346
2024-12-23 21:00:00,105.82,58.491524,-47.32847625732421,47.32847625732421,346
2024-12-23 22:00:00,105.49,49.054962,-56.43503784179687,56.43503784179687,346
2024-12-23 23:00:00,86.03,24.818907,-61.211093215942384,61.211093215942384,346
2024-12-24 00:00:00,82.84,43.968586,-38.871414031982425,38.871414031982425,347
2024-12-24 01:00:00,81.89,41.985596,-39.904404296875,39.904404296875,347
2024-12-24 02:00:00,78.0,35.31472,-42.685279846191406,42.685279846191406,347
2024-12-24 03:00:00,78.78,35.02564,-43.754361419677736,43.754361419677736,347
2024-12-24 04:00:00,80.6,42.797176,-37.80282363891601,37.80282363891601,347
2024-12-24 05:00:00,85.07,66.383194,-18.68680603027343,18.68680603027343,347
2024-12-24 06:00:00,100.83,67.52746,-33.30254180908203,33.30254180908203,347
2024-12-24 07:00:00,115.09,81.87938,-33.210620727539066,33.210620727539066,347
2024-12-24 08:00:00,120.95,77.56765,-43.38235015869141,43.38235015869141,347
2024-12-24 09:00:00,120.0,63.288177,-56.711822509765625,56.711822509765625,347
2024-12-24 10:00:00,118.16,58.53386,-59.62614074707031,59.62614074707031,347
2024-12-24 11:00:00,117.49,58.15541,-59.33458923339843,59.33458923339843,347
2024-12-24 12:00:00,115.38,57.909725,-57.47027481079101,57.47027481079101,347
2024-12-24 13:00:00,117.98,70.124626,-47.855373840332035,47.855373840332035,347
2024-12-24 14:00:00,119.5,81.67823,-37.82176971435547,37.82176971435547,347
2024-12-24 15:00:00,120.21,91.879524,-28.330475769042962,28.330475769042962,347
2024-12-24 16:00:00,118.0,104.02657,-13.973426818847656,13.973426818847656,347
2024-12-24 17:00:00,110.98,110.13702,-0.8429837036132852,0.8429837036132852,347
2024-12-24 18:00:00,105.66,116.456955,10.796954956054691,10.796954956054691,347
2024-12-24 19:00:00,102.56,111.70207,9.142072143554685,9.142072143554685,347
2024-12-24 20:00:00,94.63,101.21078,6.580777282714848,6.580777282714848,347
2024-12-24 21:00:00,99.04,91.32481,-7.7151937866211,7.7151937866211,347
2024-12-24 22:00:00,90.0,88.60051,-1.3994903564453125,1.3994903564453125,347
2024-12-24 23:00:00,91.37,75.45303,-15.91696655273438,15.91696655273438,347
2024-12-25 00:00:00,86.44,72.259605,-14.180394592285154,14.180394592285154,348
2024-12-25 01:00:00,85.07,68.8956,-16.174400634765618,16.174400634765618,348
2024-12-25 02:00:00,80.81,60.845398,-19.964602050781252,19.964602050781252,348
2024-12-25 03:00:00,75.99,60.06593,-15.924070587158198,15.924070587158198,348
2024-12-25 04:00:00,80.81,61.99365,-18.816351470947268,18.816351470947268,348
2024-12-25 05:00:00,83.01,75.38891,-7.621091613769536,7.621091613769536,348
2024-12-25 06:00:00,84.94,88.73022,3.790216979980471,3.790216979980471,348
2024-12-25 07:00:00,90.21,91.17269,0.96269134521485,0.96269134521485,348
2024-12-25 08:00:00,99.24,96.83182,-2.40818237304687,2.40818237304687,348
2024-12-25 09:00:00,93.56,98.73905,5.179051818847654,5.179051818847654,348
2024-12-25 10:00:00,92.55,100.70467,8.154673767089847,8.154673767089847,348
2024-12-25 11:00:00,94.41,98.27927,3.8692663574218784,3.8692663574218784,348
2024-12-25 12:00:00,91.01,90.04186,-0.9681375122070364,0.9681375122070364,348
2024-12-25 13:00:00,85.08,89.56664,4.4866427612304705,4.4866427612304705,348
2024-12-25 14:00:00,92.55,92.92508,0.37507934570312784,0.37507934570312784,348
2024-12-25 15:00:00,108.27,99.12393,-9.146068115234371,9.146068115234371,348
2024-12-25 16:00:00,120.5,104.72202,-15.777976989746094,15.777976989746094,348
2024-12-25 17:00:00,119.07,95.492035,-23.577965087890618,23.577965087890618,348
2024-12-25 18:00:00,117.98,100.29417,-17.685833435058598,17.685833435058598,348
2024-12-25 19:00:00,118.29,96.50148,-21.788519897460944,21.788519897460944,348
2024-12-25 20:00:00,113.01,94.181595,-18.828405151367193,18.828405151367193,348
2024-12-25 21:00:00,114.07,91.12832,-22.9416812133789,22.9416812133789,348
2024-12-25 22:00:00,104.63,83.28443,-21.345568542480464,21.345568542480464,348
2024-12-25 23:00:00,102.17,77.90763,-24.262369079589845,24.262369079589845,348
2024-12-26 00:00:00,95.06,82.67669,-12.383310852050784,12.383310852050784,349
2024-12-26 01:00:00,94.61,80.57804,-14.031958923339843,14.031958923339843,349
2024-12-26 02:00:00,89.64,70.00372,-19.63627685546875,19.63627685546875,349
2024-12-26 03:00:00,90.87,62.551796,-28.31820404052735,28.31820404052735,349
2024-12-26 04:00:00,95.1,71.92826,-23.171739196777338,23.171739196777338,349
2024-12-26 05:00:00,99.0,80.194916,-18.805084228515625,18.805084228515625,349
2024-12-26 06:00:00,112.64,89.262085,-23.3779150390625,23.3779150390625,349
2024-12-26 07:00:00,119.44,92.24256,-27.197438659667966,27.197438659667966,349
2024-12-26 08:00:00,118.23,103.61345,-14.616550903320316,14.616550903320316,349
2024-12-26 09:00:00,113.25,101.58936,-11.660636901855469,11.660636901855469,349
2024-12-26 10:00:00,106.01,97.96347,-8.04652954101563,8.04652954101563,349
2024-12-26 11:00:00,107.71,99.22258,-8.487420043945306,8.487420043945306,349
2024-12-26 12:00:00,103.9,96.00565,-7.894346618652349,7.894346618652349,349
2024-12-26 13:00:00,109.64,95.51129,-14.12870849609375,14.12870849609375,349
2024-12-26 14:00:00,120.75,101.63161,-19.118392944335938,19.118392944335938,349
2024-12-26 15:00:00,123.26,108.80067,-14.459333190917974,14.459333190917974,349
2024-12-26 16:00:00,137.9,112.34143,-25.558569335937506,25.558569335937506,349
2024-12-26 17:00:00,138.05,110.97549,-27.074513244628918,27.074513244628918,349
2024-12-26 18:00:00,135.71,111.84891,-23.861092529296883,23.861092529296883,349
2024-12-26 19:00:00,129.13,109.01326,-20.116740112304683,20.116740112304683,349
2024-12-26 20:00:00,120.85,104.00613,-16.8438735961914,16.8438735961914,349
2024-12-26 21:00:00,123.5,101.773674,-21.72632598876953,21.72632598876953,349
2024-12-26 22:00:00,116.98,97.71515,-19.264851074218754,19.264851074218754,349
2024-12-26 23:00:00,106.79,97.136696,-9.6533041381836,9.6533041381836,349
2024-12-27 00:00:00,101.52,91.35489,-10.165111083984371,10.165111083984371,350
2024-12-27 01:00:00,101.03,91.764885,-9.265115051269532,9.265115051269532,350
2024-12-27 02:00:00,99.74,86.728584,-13.011415710449214,13.011415710449214,350
2024-12-27 03:00:00,99.58,88.15399,-11.426008300781248,11.426008300781248,350
2024-12-27 04:00:00,106.2,96.07476,-10.125239562988284,10.125239562988284,350
2024-12-27 05:00:00,115.7,105.09308,-10.606921386718753,10.606921386718753,350
2024-12-27 06:00:00,124.29,110.736015,-13.553984680175788,13.553984680175788,350
2024-12-27 07:00:00,131.85,111.30786,-20.542138671874994,20.542138671874994,350
2024-12-27 08:00:00,130.15,112.25684,-17.893156433105474,17.893156433105474,350
2024-12-27 09:00:00,120.1,108.75252,-11.347482299804682,11.347482299804682,350
2024-12-27 10:00:00,107.94,105.00429,-2.9357122802734352,2.9357122802734352,350
2024-12-27 11:00:00,107.81,105.63981,-2.170191345214846,2.170191345214846,350
2024-12-27 12:00:00,107.94,100.9519,-6.988103332519529,6.988103332519529,350
2024-12-27 13:00:00,110.3,101.41454,-8.885456848144528,8.885456848144528,350
2024-12-27 14:00:00,114.15,106.97994,-7.170057678222662,7.170057678222662,350
2024-12-27 15:00:00,129.98,110.94991,-19.030086975097646,19.030086975097646,350
2024-12-27 16:00:00,149.78,133.0987,-16.68130615234375,16.68130615234375,350
2024-12-27 17:00:00,158.4,136.25546,-22.14453735351563,22.14453735351563,350
2024-12-27 18:00:00,146.43,130.829,-15.601005249023444,15.601005249023444,350
2024-12-27 19:00:00,133.14,121.46733,-11.672669067382799,11.672669067382799,350
2024-12-27 20:00:00,125.42,110.92859,-14.491411132812502,14.491411132812502,350
2024-12-27 21:00:00,126.76,111.68028,-15.079717407226568,15.079717407226568,350
2024-12-27 22:00:00,114.0,110.74392,-3.2560806274414062,3.2560806274414062,350
2024-12-27 23:00:00,126.4,104.391106,-22.008894348144537,22.008894348144537,350
2024-12-29 00:00:00,114.09,105.64579,-8.444209899902347,8.444209899902347,352
2024-12-29 01:00:00,107.71,95.32242,-12.387581787109369,12.387581787109369,352
2024-12-29 02:00:00,101.7,85.8364,-15.863597106933597,15.863597106933597,352
2024-12-29 03:00:00,97.73,78.685234,-19.044765930175785,19.044765930175785,352
2024-12-29 04:00:00,98.61,77.294334,-21.315665588378906,21.315665588378906,352
2024-12-29 05:00:00,98.16,78.74048,-19.419521484374997,19.419521484374997,352
2024-12-29 06:00:00,102.53,82.09673,-20.433266906738282,20.433266906738282,352
2024-12-29 07:00:00,110.71,107.243065,-3.4669351196289,3.4669351196289,352
2024-12-29 08:00:00,115.83,112.01723,-3.812772827148436,3.812772827148436,352
2024-12-29 09:00:00,115.58,114.210724,-1.3692761230468733,1.3692761230468733,352
2024-12-29 10:00:00,109.94,107.351166,-2.5888342285156227,2.5888342285156227,352
2024-12-29 11:00:00,109.4,98.72778,-10.672216796875006,10.672216796875006,352
2024-12-29 12:00:00,108.88,80.6118,-28.268198852539058,28.268198852539058,352
2024-12-29 13:00:00,109.81,92.857086,-16.952913818359377,16.952913818359377,352
2024-12-29 14:00:00,113.87,100.324394,-13.545605773925786,13.545605773925786,352
2024-12-29 15:00:00,125.13,111.37048,-13.759516601562495,13.759516601562495,352
2024-12-29 16:00:00,133.01,125.85806,-7.151937255859366,7.151937255859366,352
2024-12-29 17:00:00,134.4,148.93158,14.531579589843744,14.531579589843744,352
2024-12-29 18:00:00,133.72,133.41533,-0.30467102050781136,0.30467102050781136,352
2024-12-29 19:00:00,123.92,120.97649,-2.943513793945314,2.943513793945314,352
2024-12-29 20:00:00,118.59,120.25413,1.6641275024414028,1.6641275024414028,352
2024-12-29 21:00:00,119.1,109.50208,-9.597917175292963,9.597917175292963,352
2024-12-29 22:00:00,103.18,100.16862,-3.0113827514648506,3.0113827514648506,352
2024-12-29 23:00:00,105.48,105.728874,0.24887420654296477,0.24887420654296477,352
2024-12-30 00:00:00,100.81,106.5064,5.6964010620117165,5.6964010620117165,353
2024-12-30 01:00:00,98.45,104.43516,5.985157775878903,5.985157775878903,353
2024-12-30 02:00:00,89.19,101.40718,12.217180786132815,12.217180786132815,353
2024-12-30 03:00:00,82.97,97.454254,14.484254150390626,14.484254150390626,353
2024-12-30 04:00:00,90.58,105.05535,14.47535125732422,14.47535125732422,353
2024-12-30 05:00:00,98.82,112.31585,13.495849304199226,13.495849304199226,353
2024-12-30 06:00:00,110.78,131.76158,20.981581420898436,20.981581420898436,353
2024-12-30 07:00:00,126.7,135.02806,8.328060913085935,8.328060913085935,353
2024-12-30 08:00:00,128.01,134.30055,6.290552368164072,6.290552368164072,353
2024-12-30 09:00:00,122.09,137.82138,15.731380615234372,15.731380615234372,353
2024-12-30 10:00:00,119.04,129.7298,10.689797363281244,10.689797363281244,353
2024-12-30 11:00:00,121.42,123.508026,2.0880261230468733,2.0880261230468733,353
2024-12-30 12:00:00,116.02,119.4459,3.4258999633789102,3.4258999633789102,353
2024-12-30 13:00:00,119.5,119.33393,-0.16606903076171875,0.16606903076171875,353
2024-12-30 14:00:00,120.0,128.86992,8.869918823242188,8.869918823242188,353
2024-12-30 15:00:00,128.08,138.30733,10.2273272705078,10.2273272705078,353
2024-12-30 16:00:00,133.19,149.7031,16.513094482421877,16.513094482421877,353
2024-12-30 17:00:00,140.12,152.78038,12.660380249023433,12.660380249023433,353
2024-12-30 18:00:00,144.3,148.71814,4.418139648437489,4.418139648437489,353
2024-12-30 19:00:00,139.39,127.66446,-11.725540771484361,11.725540771484361,353
2024-12-30 20:00:00,130.74,117.36185,-13.378153076171884,13.378153076171884,353
2024-12-30 21:00:00,128.95,113.17569,-15.774310302734364,15.774310302734364,353
2024-12-30 22:00:00,126.45,105.86748,-20.582522583007815,20.582522583007815,353
2024-12-30 23:00:00,113.58,100.442604,-13.137395935058592,13.137395935058592,353
